ISO-10303-21;
HEADER;
FILE_DESCRIPTION (( 'STEP AP214' ),
    '1' );
FILE_NAME ('CAA-11.0592-18-3050-R.STEP',
    '2025-01-14T21:40:17',
    ( '' ),
    ( '' ),
    'SwSTEP 2.0',
    'SolidWorks 2021',
    '' );
FILE_SCHEMA (( 'AUTOMOTIVE_DESIGN' ));
ENDSEC;

DATA;
#1 = LINE ( 'NONE', #1468, #101 ) ;
#2 = DIRECTION ( 'NONE',  ( 1.000000000000000000, -0.000000000000000000, -1.548860246407863336E-16 ) ) ;
#3 = DIRECTION ( 'NONE',  ( 1.000000000000000000, -5.071777603269936908E-16, 0.000000000000000000 ) ) ;
#4 = CARTESIAN_POINT ( 'NONE',  ( 2.199999999999999734, 0.5500000000000000444, -0.5499999999999994893 ) ) ;
#5 = EDGE_CURVE ( 'NONE', #1378, #1585, #483, .T. ) ;
#6 = CARTESIAN_POINT ( 'NONE',  ( 5.700000000000000178, 0.5500000000000000444, 0.5500000000000000444 ) ) ;
#7 = FILL_AREA_STYLE ('',( #834 ) ) ;
#8 = EDGE_CURVE ( 'NONE', #1276, #1491, #1391, .T. ) ;
#9 = CARTESIAN_POINT ( 'NONE',  ( -3.250000000000000000, 1.199999999999999734, 1.557245270445223111E-15 ) ) ;
#10 = EDGE_LOOP ( 'NONE', ( #366, #1115, #264, #1178 ) ) ;
#11 = STYLED_ITEM ( 'NONE', ( #779 ), #908 ) ;
#12 = SHAPE_DEFINITION_REPRESENTATION ( #955, #126 ) ;
#13 = ORIENTED_EDGE ( 'NONE', *, *, #624, .F. ) ;
#14 = VERTEX_POINT ( 'NONE', #841 ) ;
#15 = DIRECTION ( 'NONE',  ( 0.000000000000000000, 1.000000000000000000, 0.000000000000000000 ) ) ;
#16 = DIRECTION ( 'NONE',  ( 5.071777603269936908E-16, 1.000000000000000000, -0.000000000000000000 ) ) ;
#17 = VECTOR ( 'NONE', #817, 1000.000000000000000 ) ;
#18 = VECTOR ( 'NONE', #1332, 1000.000000000000000 ) ;
#19 = AXIS2_PLACEMENT_3D ( 'NONE', #1038, #692, #1287 ) ;
#20 = CARTESIAN_POINT ( 'NONE',  ( 2.749999999999999556, 0.5499999999999984901, 0.4000000000000000222 ) ) ;
#21 = CARTESIAN_POINT ( 'NONE',  ( -3.250000000000000000, 1.199999999999999734, 1.800000000000001377 ) ) ;
#22 = CARTESIAN_POINT ( 'NONE',  ( -2.349999999999999645, 0.5500000000000000444, 0.4000000000000000222 ) ) ;
#23 = LINE ( 'NONE', #259, #1176 ) ;
#24 = ORIENTED_EDGE ( 'NONE', *, *, #1377, .T. ) ;
#25 = CARTESIAN_POINT ( 'NONE',  ( -3.250000000000000000, 1.199999999999999734, -1.800000000000001377 ) ) ;
#26 = ORIENTED_EDGE ( 'NONE', *, *, #378, .F. ) ;
#27 = CARTESIAN_POINT ( 'NONE',  ( -5.700000000000000178, 0.000000000000000000, 2.250000000000000000 ) ) ;
#28 = CARTESIAN_POINT ( 'NONE',  ( -3.449999999999999289, 0.8000000000000000444, 2.250000000000000888 ) ) ;
#29 = FACE_OUTER_BOUND ( 'NONE', #1452, .T. ) ;
#30 = CARTESIAN_POINT ( 'NONE',  ( 3.250000000000000000, 1.199999999999999734, 1.557245270445223308E-15 ) ) ;
#31 = FACE_OUTER_BOUND ( 'NONE', #1544, .T. ) ;
#32 = ORIENTED_EDGE ( 'NONE', *, *, #38, .F. ) ;
#33 = DIRECTION ( 'NONE',  ( 0.000000000000000000, 0.000000000000000000, -1.000000000000000000 ) ) ;
#34 = CARTESIAN_POINT ( 'NONE',  ( 3.250000000000000000, 3.900000000000000799, -1.800000000000001377 ) ) ;
#35 = FILL_AREA_STYLE_COLOUR ( '', #977 ) ;
#36 = FACE_OUTER_BOUND ( 'NONE', #1581, .T. ) ;
#37 = AXIS2_PLACEMENT_3D ( 'NONE', #30, #882, #1379 ) ;
#38 = EDGE_CURVE ( 'NONE', #678, #664, #1331, .T. ) ;
#39 = MECHANICAL_DESIGN_GEOMETRIC_PRESENTATION_REPRESENTATION (  '', ( #797 ), #285 ) ;
#40 = VERTEX_POINT ( 'NONE', #1210 ) ;
#41 = DIRECTION ( 'NONE',  ( 0.000000000000000000, -1.000000000000000000, 0.000000000000000000 ) ) ;
#42 = VECTOR ( 'NONE', #994, 1000.000000000000000 ) ;
#43 = AXIS2_PLACEMENT_3D ( 'NONE', #365, #963, #986 ) ;
#44 = CARTESIAN_POINT ( 'NONE',  ( 0.000000000000000000, 0.5500000000000000444, 0.000000000000000000 ) ) ;
#45 = AXIS2_PLACEMENT_3D ( 'NONE', #489, #621, #754 ) ;
#46 = DIRECTION ( 'NONE',  ( 0.000000000000000000, -1.000000000000000000, -0.000000000000000000 ) ) ;
#47 = VERTEX_POINT ( 'NONE', #111 ) ;
#48 = DIRECTION ( 'NONE',  ( 1.000000000000000000, 0.000000000000000000, 1.548860246407863336E-16 ) ) ;
#49 = DIRECTION ( 'NONE',  ( 0.000000000000000000, -1.000000000000000000, 0.000000000000000000 ) ) ;
#50 = VERTEX_POINT ( 'NONE', #471 ) ;
#51 = CARTESIAN_POINT ( 'NONE',  ( -2.349999999999999645, 0.5500000000000000444, -0.4000000000000000222 ) ) ;
#52 = ORIENTED_EDGE ( 'NONE', *, *, #109, .F. ) ;
#53 = CARTESIAN_POINT ( 'NONE',  ( -5.700000000000000178, 0.5500000000000000444, 0.5500000000000000444 ) ) ;
#54 = SURFACE_STYLE_USAGE ( .BOTH. , #421 ) ;
#55 = ADVANCED_FACE ( 'NONE', ( #738 ), #274, .F. ) ;
#56 = ORIENTED_EDGE ( 'NONE', *, *, #988, .F. ) ;
#57 = VECTOR ( 'NONE', #911, 1000.000000000000000 ) ;
#58 = VECTOR ( 'NONE', #739, 1000.000000000000000 ) ;
#59 = DIRECTION ( 'NONE',  ( 0.000000000000000000, 0.000000000000000000, -1.000000000000000000 ) ) ;
#60 = VECTOR ( 'NONE', #1231, 1000.000000000000000 ) ;
#61 = EDGE_CURVE ( 'NONE', #703, #1408, #185, .T. ) ;
#62 = DIRECTION ( 'NONE',  ( -0.000000000000000000, -1.000000000000000000, -0.000000000000000000 ) ) ;
#63 = ORIENTED_EDGE ( 'NONE', *, *, #637, .T. ) ;
#64 = PLANE ( 'NONE',  #225 ) ;
#65 = UNCERTAINTY_MEASURE_WITH_UNIT (LENGTH_MEASURE( 1.000000000000000082E-05 ), #437, 'distance_accuracy_value', 'NONE');
#66 = EDGE_CURVE ( 'NONE', #1312, #1493, #625, .T. ) ;
#67 = ORIENTED_EDGE ( 'NONE', *, *, #1252, .T. ) ;
#68 = DIRECTION ( 'NONE',  ( 0.000000000000000000, 1.000000000000000000, 0.000000000000000000 ) ) ;
#69 = ADVANCED_FACE ( 'NONE', ( #628 ), #172, .F. ) ;
#70 = DIRECTION ( 'NONE',  ( -0.000000000000000000, -1.000000000000000000, -0.000000000000000000 ) ) ;
#71 = CARTESIAN_POINT ( 'NONE',  ( -6.349999999999999645, 0.3999999999999995781, 0.4000000000000000222 ) ) ;
#72 = CARTESIAN_POINT ( 'NONE',  ( -6.349999999999999645, -3.683256213195106868E-16, 0.4000000000000000222 ) ) ;
#73 = VERTEX_POINT ( 'NONE', #1273 ) ;
#74 = ORIENTED_EDGE ( 'NONE', *, *, #447, .F. ) ;
#75 = FACE_OUTER_BOUND ( 'NONE', #1034, .T. ) ;
#76 = CARTESIAN_POINT ( 'NONE',  ( -5.700000000000000178, 0.5500000000000000444, -0.5500000000000000444 ) ) ;
#77 = EDGE_CURVE ( 'NONE', #1491, #336, #1020, .T. ) ;
#78 =( GEOMETRIC_REPRESENTATION_CONTEXT ( 3 ) GLOBAL_UNCERTAINTY_ASSIGNED_CONTEXT ( ( #1291 ) ) GLOBAL_UNIT_ASSIGNED_CONTEXT ( ( #913, #1535, #184 ) ) REPRESENTATION_CONTEXT ( 'NONE', 'WORKASPACE' ) );
#79 = UNCERTAINTY_MEASURE_WITH_UNIT (LENGTH_MEASURE( 1.000000000000000082E-05 ), #408, 'distance_accuracy_value', 'NONE');
#80 = DIRECTION ( 'NONE',  ( -4.336808689942023258E-15, 1.000000000000000000, 0.000000000000000000 ) ) ;
#81 = VECTOR ( 'NONE', #1460, 1000.000000000000000 ) ;
#82 = CIRCLE ( 'NONE', #307, 1.400000000000001465 ) ;
#83 = CARTESIAN_POINT ( 'NONE',  ( -3.250000000000000000, 4.299999999999999822, 1.400000000000003020 ) ) ;
#84 = EDGE_LOOP ( 'NONE', ( #198, #441, #1133, #1161 ) ) ;
#85 = DIRECTION ( 'NONE',  ( 0.000000000000000000, -0.000000000000000000, -1.000000000000000000 ) ) ;
#86 = ADVANCED_FACE ( 'NONE', ( #1257 ), #416, .T. ) ;
#87 = EDGE_LOOP ( 'NONE', ( #1565, #1045, #1539, #1267 ) ) ;
#88 = DIRECTION ( 'NONE',  ( 0.000000000000000000, 0.000000000000000000, 1.000000000000000000 ) ) ;
#89 = ORIENTED_EDGE ( 'NONE', *, *, #1221, .T. ) ;
#90 = ORIENTED_EDGE ( 'NONE', *, *, #1153, .T. ) ;
#91 = ORIENTED_EDGE ( 'NONE', *, *, #731, .T. ) ;
#92 = CARTESIAN_POINT ( 'NONE',  ( -3.449999999999999289, 1.050000000000000044, 2.250000000000000888 ) ) ;
#93 = CARTESIAN_POINT ( 'NONE',  ( 2.799999999999999378, 0.3999999999999984679, 0.4000000000000000222 ) ) ;
#94 = ADVANCED_FACE ( 'NONE', ( #1136 ), #1400, .T. ) ;
#95 = VERTEX_POINT ( 'NONE', #293 ) ;
#96 = CARTESIAN_POINT ( 'NONE',  ( -3.250000000000000000, 1.199999999999999734, 1.800000000000001377 ) ) ;
#97 = AXIS2_PLACEMENT_3D ( 'NONE', #1561, #1299, #672 ) ;
#98 = AXIS2_PLACEMENT_3D ( 'NONE', #904, #1128, #907 ) ;
#99 = VECTOR ( 'NONE', #444, 1000.000000000000000 ) ;
#100 = ORIENTED_EDGE ( 'NONE', *, *, #1134, .T. ) ;
#101 = VECTOR ( 'NONE', #596, 1000.000000000000000 ) ;
#102 = ORIENTED_EDGE ( 'NONE', *, *, #1180, .F. ) ;
#103 = CARTESIAN_POINT ( 'NONE',  ( -3.449999999999999734, 1.050000000000000044, 1.950000000000001510 ) ) ;
#104 = PLANE ( 'NONE',  #1415 ) ;
#105 = ORIENTED_EDGE ( 'NONE', *, *, #849, .F. ) ;
#106 = CARTESIAN_POINT ( 'NONE',  ( 6.349999999999999645, -2.930068428866655556E-15, 0.4000000000000000222 ) ) ;
#107 = ORIENTED_EDGE ( 'NONE', *, *, #139, .T. ) ;
#108 = DIRECTION ( 'NONE',  ( -0.000000000000000000, -0.000000000000000000, 1.000000000000000000 ) ) ;
#109 = EDGE_CURVE ( 'NONE', #552, #454, #392, .T. ) ;
#110 = CARTESIAN_POINT ( 'NONE',  ( -2.799999999999999378, -3.851859888774471706E-31, -0.4000000000000000222 ) ) ;
#111 = CARTESIAN_POINT ( 'NONE',  ( 5.700000000000000178, 0.8000000000000000444, -2.250000000000000000 ) ) ;
#112 = LINE ( 'NONE', #589, #1072 ) ;
#113 = CARTESIAN_POINT ( 'NONE',  ( -3.250000000000000000, 3.899999999999999911, 1.800000000000001377 ) ) ;
#114 = EDGE_CURVE ( 'NONE', #73, #552, #512, .T. ) ;
#115 = DIRECTION ( 'NONE',  ( 1.000000000000000000, 1.037536961463409257E-16, -0.000000000000000000 ) ) ;
#116 = CARTESIAN_POINT ( 'NONE',  ( 2.349999999999999645, 0.5499999999999987121, -0.4000000000000000222 ) ) ;
#117 = EDGE_LOOP ( 'NONE', ( #766, #997, #127, #457 ) ) ;
#118 = DIRECTION ( 'NONE',  ( 0.000000000000000000, 0.000000000000000000, 1.000000000000000000 ) ) ;
#119 = VERTEX_POINT ( 'NONE', #879 ) ;
#120 = DIRECTION ( 'NONE',  ( -0.000000000000000000, -0.000000000000000000, -1.000000000000000000 ) ) ;
#121 = CARTESIAN_POINT ( 'NONE',  ( -2.749999999999999556, 0.5500000000000000444, 0.4000000000000000222 ) ) ;
#122 = EDGE_CURVE ( 'NONE', #1146, #384, #653, .T. ) ;
#123 = CARTESIAN_POINT ( 'NONE',  ( -5.700000000000000178, 0.5500000000000000444, 0.5500000000000000444 ) ) ;
#124 = EDGE_CURVE ( 'NONE', #1039, #369, #1469, .T. ) ;
#125 = CARTESIAN_POINT ( 'NONE',  ( 2.799999999999999378, -1.129587379705827811E-15, -0.4000000000000000222 ) ) ;
#126 = ADVANCED_BREP_SHAPE_REPRESENTATION ( 'CAA-11.0592-18-3050-R', ( #908, #358, #1421, #1436, #206 ), #1177 ) ;
#127 = ORIENTED_EDGE ( 'NONE', *, *, #122, .F. ) ;
#128 = DIRECTION ( 'NONE',  ( 1.000000000000000000, 0.000000000000000000, -0.000000000000000000 ) ) ;
#129 = VECTOR ( 'NONE', #1229, 1000.000000000000000 ) ;
#130 = VECTOR ( 'NONE', #747, 1000.000000000000000 ) ;
#131 = VECTOR ( 'NONE', #688, 1000.000000000000000 ) ;
#132 = LINE ( 'NONE', #587, #288 ) ;
#133 = CARTESIAN_POINT ( 'NONE',  ( -3.449999999999999734, 0.8000000000000000444, 1.165517335421917267E-15 ) ) ;
#134 = DIRECTION ( 'NONE',  ( -0.000000000000000000, -1.000000000000000000, -0.000000000000000000 ) ) ;
#135 = COLOUR_RGB ( '',0.7921568627450980005, 0.8196078431372548767, 0.9333333333333333481 ) ;
#136 = VECTOR ( 'NONE', #1187, 1000.000000000000000 ) ;
#137 = EDGE_LOOP ( 'NONE', ( #1185, #1407, #503, #24 ) ) ;
#138 = DIRECTION ( 'NONE',  ( -1.000000000000000000, 0.000000000000000000, 0.000000000000000000 ) ) ;
#139 = EDGE_CURVE ( 'NONE', #1314, #845, #422, .T. ) ;
#140 = ORIENTED_EDGE ( 'NONE', *, *, #526, .F. ) ;
#141 = LINE ( 'NONE', #113, #1302 ) ;
#142 = EDGE_LOOP ( 'NONE', ( #245, #839, #1022, #1570, #1060, #151, #32, #1574, #676, #1321, #647, #728 ) ) ;
#143 = EDGE_LOOP ( 'NONE', ( #1543, #1112, #930, #208 ) ) ;
#144 = DIRECTION ( 'NONE',  ( -1.000000000000000000, 0.000000000000000000, 6.285229985423214289E-17 ) ) ;
#145 = EDGE_CURVE ( 'NONE', #155, #901, #844, .T. ) ;
#146 = CARTESIAN_POINT ( 'NONE',  ( -2.199999999999999734, 0.000000000000000000, -0.5499999999999994893 ) ) ;
#147 = CARTESIAN_POINT ( 'NONE',  ( 2.749999999999999112, 0.4499999999999986788, 0.4000000000000000222 ) ) ;
#148 = ORIENTED_EDGE ( 'NONE', *, *, #1113, .T. ) ;
#149 = ORIENTED_EDGE ( 'NONE', *, *, #282, .T. ) ;
#150 = DIRECTION ( 'NONE',  ( -1.000000000000000000, 5.650067659431501425E-16, -0.000000000000000000 ) ) ;
#151 = ORIENTED_EDGE ( 'NONE', *, *, #1405, .F. ) ;
#152 =( NAMED_UNIT ( * ) SI_UNIT ( $, .STERADIAN. ) SOLID_ANGLE_UNIT ( ) );
#153 = ADVANCED_FACE ( 'NONE', ( #1280 ), #761, .F. ) ;
#154 = AXIS2_PLACEMENT_3D ( 'NONE', #1346, #720, #497 ) ;
#155 = VERTEX_POINT ( 'NONE', #34 ) ;
#156 = DIRECTION ( 'NONE',  ( -0.000000000000000000, -1.000000000000000000, -0.000000000000000000 ) ) ;
#157 = AXIS2_PLACEMENT_3D ( 'NONE', #1406, #300, #790 ) ;
#158 = VECTOR ( 'NONE', #569, 1000.000000000000000 ) ;
#159 = ORIENTED_EDGE ( 'NONE', *, *, #145, .F. ) ;
#160 = LINE ( 'NONE', #305, #409 ) ;
#161 = VECTOR ( 'NONE', #1110, 1000.000000000000000 ) ;
#162 =( GEOMETRIC_REPRESENTATION_CONTEXT ( 3 ) GLOBAL_UNCERTAINTY_ASSIGNED_CONTEXT ( ( #65 ) ) GLOBAL_UNIT_ASSIGNED_CONTEXT ( ( #437, #557, #826 ) ) REPRESENTATION_CONTEXT ( 'NONE', 'WORKASPACE' ) );
#163 = DIRECTION ( 'NONE',  ( -0.000000000000000000, -1.000000000000000000, -0.000000000000000000 ) ) ;
#164 = PLANE ( 'NONE',  #1552 ) ;
#165 = DIRECTION ( 'NONE',  ( 1.000000000000000000, 0.000000000000000000, -0.000000000000000000 ) ) ;
#166 = ORIENTED_EDGE ( 'NONE', *, *, #210, .T. ) ;
#167 = CARTESIAN_POINT ( 'NONE',  ( 3.449999999999999734, 1.050000000000000044, -2.981555974335137194E-16 ) ) ;
#168 = EDGE_CURVE ( 'NONE', #1408, #1194, #1003, .T. ) ;
#169 = VERTEX_POINT ( 'NONE', #278 ) ;
#170 = CARTESIAN_POINT ( 'NONE',  ( 2.799999999999999378, 0.4499999999999986788, 0.4000000000000000222 ) ) ;
#171 = ADVANCED_FACE ( 'NONE', ( #769 ), #164, .F. ) ;
#172 = PLANE ( 'NONE',  #431 ) ;
#173 = CARTESIAN_POINT ( 'NONE',  ( -2.799999999999999378, 0.4500000000000000111, -0.4000000000000000222 ) ) ;
#174 = CYLINDRICAL_SURFACE ( 'NONE', #525, 0.4499999999999999001 ) ;
#175 = EDGE_CURVE ( 'NONE', #14, #1188, #1053, .T. ) ;
#176 = CARTESIAN_POINT ( 'NONE',  ( 0.000000000000000000, 0.5500000000000000444, 0.000000000000000000 ) ) ;
#177 = ORIENTED_EDGE ( 'NONE', *, *, #325, .T. ) ;
#178 = EDGE_LOOP ( 'NONE', ( #1515, #837, #102, #488 ) ) ;
#179 = DIRECTION ( 'NONE',  ( 0.000000000000000000, 0.000000000000000000, 1.000000000000000000 ) ) ;
#180 = CIRCLE ( 'NONE', #843, 0.05000000000000012768 ) ;
#181 = DIRECTION ( 'NONE',  ( -1.000000000000000000, 0.000000000000000000, 0.000000000000000000 ) ) ;
#182 = EDGE_LOOP ( 'NONE', ( #107, #759, #936, #612 ) ) ;
#183 = FACE_OUTER_BOUND ( 'NONE', #828, .T. ) ;
#184 =( NAMED_UNIT ( * ) SI_UNIT ( $, .STERADIAN. ) SOLID_ANGLE_UNIT ( ) );
#185 = CIRCLE ( 'NONE', #284, 2.250000000000000444 ) ;
#186 = TOROIDAL_SURFACE ( 'NONE', #387, 1.950000000000001510, 0.1499999999999999944 ) ;
#187 = ADVANCED_FACE ( 'NONE', ( #1557 ), #439, .F. ) ;
#188 = DIRECTION ( 'NONE',  ( 0.000000000000000000, -1.000000000000000000, 0.000000000000000000 ) ) ;
#189 = ORIENTED_EDGE ( 'NONE', *, *, #1250, .T. ) ;
#190 = ORIENTED_EDGE ( 'NONE', *, *, #1162, .T. ) ;
#191 = DIRECTION ( 'NONE',  ( 1.000000000000000000, 0.000000000000000000, 0.000000000000000000 ) ) ;
#192 = LINE ( 'NONE', #686, #17 ) ;
#193 = ADVANCED_FACE ( 'NONE', ( #946 ), #1320, .F. ) ;
#194 = ORIENTED_EDGE ( 'NONE', *, *, #804, .F. ) ;
#195 = CARTESIAN_POINT ( 'NONE',  ( 2.350000000000000089, 0.4499999999999988454, 0.4000000000000000222 ) ) ;
#196 = PLANE ( 'NONE',  #97 ) ;
#197 = DIRECTION ( 'NONE',  ( -0.000000000000000000, -1.000000000000000000, -0.000000000000000000 ) ) ;
#198 = ORIENTED_EDGE ( 'NONE', *, *, #61, .T. ) ;
#199 = ORIENTED_EDGE ( 'NONE', *, *, #231, .F. ) ;
#200 = DIRECTION ( 'NONE',  ( -0.000000000000000000, -1.000000000000000000, -0.000000000000000000 ) ) ;
#201 = DIRECTION ( 'NONE',  ( 0.000000000000000000, 0.000000000000000000, 1.000000000000000000 ) ) ;
#202 = VECTOR ( 'NONE', #1516, 1000.000000000000000 ) ;
#203 = CARTESIAN_POINT ( 'NONE',  ( 5.700000000000000178, 0.000000000000000000, 2.250000000000000000 ) ) ;
#204 = CIRCLE ( 'NONE', #412, 0.4499999999999999001 ) ;
#205 = CIRCLE ( 'NONE', #848, 0.3999999999999999667 ) ;
#206 = AXIS2_PLACEMENT_3D ( 'NONE', #969, #243, #989 ) ;
#207 = EDGE_LOOP ( 'NONE', ( #702, #490, #1091, #924 ) ) ;
#208 = ORIENTED_EDGE ( 'NONE', *, *, #227, .T. ) ;
#209 = LINE ( 'NONE', #1029, #383 ) ;
#210 = EDGE_CURVE ( 'NONE', #1578, #119, #192, .T. ) ;
#211 = CARTESIAN_POINT ( 'NONE',  ( 3.250000000000000000, 4.299999999999999822, 1.400000000000003020 ) ) ;
#212 = ORIENTED_EDGE ( 'NONE', *, *, #1528, .F. ) ;
#213 = ORIENTED_EDGE ( 'NONE', *, *, #669, .T. ) ;
#214 = ORIENTED_EDGE ( 'NONE', *, *, #784, .T. ) ;
#215 = CARTESIAN_POINT ( 'NONE',  ( -3.250000000000000000, 3.900000000000000799, -1.800000000000001377 ) ) ;
#216 = DIRECTION ( 'NONE',  ( -1.548860246407863336E-16, 0.000000000000000000, -1.000000000000000000 ) ) ;
#217 = EDGE_CURVE ( 'NONE', #40, #95, #668, .T. ) ;
#218 = EDGE_LOOP ( 'NONE', ( #806, #273, #966, #599 ) ) ;
#219 = ORIENTED_EDGE ( 'NONE', *, *, #1270, .T. ) ;
#220 = ORIENTED_EDGE ( 'NONE', *, *, #1353, .F. ) ;
#221 = FACE_OUTER_BOUND ( 'NONE', #1175, .T. ) ;
#222 = ORIENTED_EDGE ( 'NONE', *, *, #717, .F. ) ;
#223 = FACE_OUTER_BOUND ( 'NONE', #1498, .T. ) ;
#224 = CARTESIAN_POINT ( 'NONE',  ( -3.449999999999999734, 1.050000000000000044, -1.950000000000001510 ) ) ;
#225 = AXIS2_PLACEMENT_3D ( 'NONE', #667, #41, #85 ) ;
#226 = ORIENTED_EDGE ( 'NONE', *, *, #835, .T. ) ;
#227 = EDGE_CURVE ( 'NONE', #947, #454, #1444, .T. ) ;
#228 = CIRCLE ( 'NONE', #1437, 0.05000000000000012768 ) ;
#229 = LINE ( 'NONE', #106, #309 ) ;
#230 = ORIENTED_EDGE ( 'NONE', *, *, #1074, .T. ) ;
#231 = EDGE_CURVE ( 'NONE', #798, #671, #1183, .T. ) ;
#232 = AXIS2_PLACEMENT_3D ( 'NONE', #240, #964, #857 ) ;
#233 = VECTOR ( 'NONE', #863, 1000.000000000000000 ) ;
#234 = CARTESIAN_POINT ( 'NONE',  ( 2.749999999999999556, 0.5499999999999984901, 0.4000000000000000222 ) ) ;
#235 = AXIS2_PLACEMENT_3D ( 'NONE', #1484, #1355, #1081 ) ;
#236 = CARTESIAN_POINT ( 'NONE',  ( 5.700000000000000178, 0.000000000000000000, -0.5500000000000000444 ) ) ;
#237 = FACE_OUTER_BOUND ( 'NONE', #289, .T. ) ;
#238 = CARTESIAN_POINT ( 'NONE',  ( 2.349999999999999645, 0.5499999999999987121, 0.4000000000000000222 ) ) ;
#239 = DIRECTION ( 'NONE',  ( -0.000000000000000000, -1.000000000000000000, -0.000000000000000000 ) ) ;
#240 = CARTESIAN_POINT ( 'NONE',  ( -2.749999999999999556, 0.5500000000000000444, 0.4000000000000000222 ) ) ;
#241 = CARTESIAN_POINT ( 'NONE',  ( -3.450000000000000178, 0.8000000000000000444, -2.249999999999999556 ) ) ;
#242 = ORIENTED_EDGE ( 'NONE', *, *, #701, .T. ) ;
#243 = DIRECTION ( 'NONE',  ( 0.000000000000000000, 0.000000000000000000, 1.000000000000000000 ) ) ;
#244 = DIRECTION ( 'NONE',  ( -1.000000000000000000, 0.000000000000000000, 0.000000000000000000 ) ) ;
#245 = ORIENTED_EDGE ( 'NONE', *, *, #139, .F. ) ;
#246 = CARTESIAN_POINT ( 'NONE',  ( 3.250000000000000000, 1.200000000000000178, 1.950000000000002842 ) ) ;
#247 = DIRECTION ( 'NONE',  ( 1.000000000000000000, -0.000000000000000000, 0.000000000000000000 ) ) ;
#248 = FACE_OUTER_BOUND ( 'NONE', #650, .T. ) ;
#249 = EDGE_LOOP ( 'NONE', ( #1206, #544, #1233, #140 ) ) ;
#250 = CARTESIAN_POINT ( 'NONE',  ( 6.349999999999999645, 0.3999999999999967470, -0.4000000000000000222 ) ) ;
#251 = LINE ( 'NONE', #748, #606 ) ;
#252 = VERTEX_POINT ( 'NONE', #211 ) ;
#253 = CARTESIAN_POINT ( 'NONE',  ( 6.349999999999999645, 0.3999999999999967470, 0.4000000000000000222 ) ) ;
#254 = CARTESIAN_POINT ( 'NONE',  ( -3.450000000000000178, 1.050000000000000044, -2.249999999999999556 ) ) ;
#255 =( NAMED_UNIT ( * ) PLANE_ANGLE_UNIT ( ) SI_UNIT ( $, .RADIAN. ) );
#256 = LINE ( 'NONE', #865, #1028 ) ;
#257 = CIRCLE ( 'NONE', #871, 1.800000000000001377 ) ;
#258 = CLOSED_SHELL ( 'NONE', ( #187, #524, #715, #69, #789, #933, #1563, #308, #193, #94, #1262, #1279, #951, #440 ) ) ;
#259 = CARTESIAN_POINT ( 'NONE',  ( 2.749999999999999556, 0.5499999999999984901, 0.4000000000000000222 ) ) ;
#260 = VERTEX_POINT ( 'NONE', #1300 ) ;
#261 = FACE_OUTER_BOUND ( 'NONE', #836, .T. ) ;
#262 = PRESENTATION_LAYER_ASSIGNMENT (  '', '', ( #1503 ) ) ;
#263 =( GEOMETRIC_REPRESENTATION_CONTEXT ( 3 ) GLOBAL_UNCERTAINTY_ASSIGNED_CONTEXT ( ( #1149 ) ) GLOBAL_UNIT_ASSIGNED_CONTEXT ( ( #461, #255, #1223 ) ) REPRESENTATION_CONTEXT ( 'NONE', 'WORKASPACE' ) );
#264 = ORIENTED_EDGE ( 'NONE', *, *, #1488, .F. ) ;
#265 = ORIENTED_EDGE ( 'NONE', *, *, #784, .F. ) ;
#266 = DIRECTION ( 'NONE',  ( -1.000000000000000000, 5.421010862427526114E-16, 0.000000000000000000 ) ) ;
#267 = FILL_AREA_STYLE_COLOUR ( '', #135 ) ;
#268 = ORIENTED_EDGE ( 'NONE', *, *, #433, .F. ) ;
#269 = DIRECTION ( 'NONE',  ( 0.000000000000000000, 1.000000000000000000, -0.000000000000000000 ) ) ;
#270 = VERTEX_POINT ( 'NONE', #340 ) ;
#271 = CARTESIAN_POINT ( 'NONE',  ( 2.799999999999999378, 0.3999999999999987454, -0.4000000000000000222 ) ) ;
#272 = PLANE ( 'NONE',  #896 ) ;
#273 = ORIENTED_EDGE ( 'NONE', *, *, #669, .F. ) ;
#274 = PLANE ( 'NONE',  #793 ) ;
#275 = DIRECTION ( 'NONE',  ( -1.000000000000000000, 0.000000000000000000, 0.000000000000000000 ) ) ;
#276 = VERTEX_POINT ( 'NONE', #832 ) ;
#277 = LINE ( 'NONE', #1432, #632 ) ;
#278 = CARTESIAN_POINT ( 'NONE',  ( -2.799999999999999378, 0.3999999999999997446, 0.4000000000000000222 ) ) ;
#279 = EDGE_CURVE ( 'NONE', #384, #47, #446, .T. ) ;
#280 = FACE_OUTER_BOUND ( 'NONE', #778, .T. ) ;
#281 = VECTOR ( 'NONE', #1016, 1000.000000000000000 ) ;
#282 = EDGE_CURVE ( 'NONE', #1489, #419, #1313, .T. ) ;
#283 = CYLINDRICAL_SURFACE ( 'NONE', #571, 0.4499999999999999001 ) ;
#284 = AXIS2_PLACEMENT_3D ( 'NONE', #750, #757, #385 ) ;
#285 =( GEOMETRIC_REPRESENTATION_CONTEXT ( 3 ) GLOBAL_UNCERTAINTY_ASSIGNED_CONTEXT ( ( #1052 ) ) GLOBAL_UNIT_ASSIGNED_CONTEXT ( ( #1208, #617, #376 ) ) REPRESENTATION_CONTEXT ( 'NONE', 'WORKASPACE' ) );
#286 = ORIENTED_EDGE ( 'NONE', *, *, #279, .F. ) ;
#287 = LINE ( 'NONE', #297, #329 ) ;
#288 = VECTOR ( 'NONE', #608, 1000.000000000000000 ) ;
#289 = EDGE_LOOP ( 'NONE', ( #1426, #339, #538, #213 ) ) ;
#290 = EDGE_CURVE ( 'NONE', #1506, #1274, #711, .T. ) ;
#291 = ORIENTED_EDGE ( 'NONE', *, *, #717, .T. ) ;
#292 = DIRECTION ( 'NONE',  ( -1.037536961463409257E-16, 1.000000000000000000, 0.000000000000000000 ) ) ;
#293 = CARTESIAN_POINT ( 'NONE',  ( -2.799999999999999378, -3.851859888774471706E-31, 0.4000000000000000222 ) ) ;
#294 = ORIENTED_EDGE ( 'NONE', *, *, #317, .T. ) ;
#295 = VERTEX_POINT ( 'NONE', #1166 ) ;
#296 = EDGE_CURVE ( 'NONE', #611, #252, #205, .T. ) ;
#297 = CARTESIAN_POINT ( 'NONE',  ( 3.250000000000000000, 3.899999999999999911, -1.800000000000001377 ) ) ;
#298 = EDGE_CURVE ( 'NONE', #40, #615, #939, .T. ) ;
#299 = PRODUCT_DEFINITION_CONTEXT ( 'detailed design', #975, 'design' ) ;
#300 = DIRECTION ( 'NONE',  ( 1.000000000000000000, -0.000000000000000000, 0.000000000000000000 ) ) ;
#301 = ORIENTED_EDGE ( 'NONE', *, *, #773, .T. ) ;
#302 = AXIS2_PLACEMENT_3D ( 'NONE', #1556, #201, #680 ) ;
#303 = ORIENTED_EDGE ( 'NONE', *, *, #1059, .T. ) ;
#304 = FACE_BOUND ( 'NONE', #334, .T. ) ;
#305 = CARTESIAN_POINT ( 'NONE',  ( -5.700000000000000178, 0.5500000000000000444, 0.5500000000000000444 ) ) ;
#306 = CIRCLE ( 'NONE', #451, 0.1500000000000001887 ) ;
#307 = AXIS2_PLACEMENT_3D ( 'NONE', #460, #1213, #732 ) ;
#308 = ADVANCED_FACE ( 'NONE', ( #1043 ), #436, .F. ) ;
#309 = VECTOR ( 'NONE', #1586, 1000.000000000000000 ) ;
#310 = EDGE_LOOP ( 'NONE', ( #737, #1168, #1092, #1228 ) ) ;
#311 = VERTEX_POINT ( 'NONE', #1423 ) ;
#312 = DIRECTION ( 'NONE',  ( 1.548860246407863336E-16, 0.000000000000000000, -1.000000000000000000 ) ) ;
#313 = SURFACE_SIDE_STYLE ('',( #1541 ) ) ;
#314 = LINE ( 'NONE', #1293, #1505 ) ;
#315 = EDGE_LOOP ( 'NONE', ( #1001, #1341, #199, #1140 ) ) ;
#316 = CARTESIAN_POINT ( 'NONE',  ( -3.250000000000000000, 1.199999999999999734, 1.557245270445223111E-15 ) ) ;
#317 = EDGE_CURVE ( 'NONE', #718, #853, #314, .T. ) ;
#318 = ORIENTED_EDGE ( 'NONE', *, *, #563, .T. ) ;
#319 = DIRECTION ( 'NONE',  ( 1.000000000000000000, 0.000000000000000000, 1.239088197126290324E-16 ) ) ;
#320 = PLANE ( 'NONE',  #1024 ) ;
#321 = DIRECTION ( 'NONE',  ( 4.336808689942018525E-15, 1.000000000000000000, -0.000000000000000000 ) ) ;
#322 = EDGE_CURVE ( 'NONE', #1491, #1093, #673, .T. ) ;
#323 = ORIENTED_EDGE ( 'NONE', *, *, #878, .F. ) ;
#324 = ORIENTED_EDGE ( 'NONE', *, *, #175, .F. ) ;
#325 = EDGE_CURVE ( 'NONE', #1190, #678, #1102, .T. ) ;
#326 = EDGE_LOOP ( 'NONE', ( #954, #755, #583, #639 ) ) ;
#327 = DIRECTION ( 'NONE',  ( -0.000000000000000000, -1.000000000000000000, -0.000000000000000000 ) ) ;
#328 = DIRECTION ( 'NONE',  ( -0.000000000000000000, -1.000000000000000000, -0.000000000000000000 ) ) ;
#329 = VECTOR ( 'NONE', #414, 1000.000000000000000 ) ;
#330 = ORIENTED_EDGE ( 'NONE', *, *, #1193, .T. ) ;
#331 = VECTOR ( 'NONE', #1409, 1000.000000000000000 ) ;
#332 = CARTESIAN_POINT ( 'NONE',  ( 3.250000000000000000, 3.900000000000000799, 1.400000000000003020 ) ) ;
#333 = AXIS2_PLACEMENT_3D ( 'NONE', #1494, #1478, #138 ) ;
#334 = EDGE_LOOP ( 'NONE', ( #242, #189, #993, #291 ) ) ;
#335 = EDGE_LOOP ( 'NONE', ( #410, #1416, #553, #148 ) ) ;
#336 = VERTEX_POINT ( 'NONE', #125 ) ;
#337 = DIRECTION ( 'NONE',  ( 1.000000000000000000, -5.650067659431501425E-16, 0.000000000000000000 ) ) ;
#338 = EDGE_CURVE ( 'NONE', #276, #664, #864, .T. ) ;
#339 = ORIENTED_EDGE ( 'NONE', *, *, #1010, .T. ) ;
#340 = CARTESIAN_POINT ( 'NONE',  ( 3.250000000000000000, 1.199999999999999734, -1.800000000000001377 ) ) ;
#341 = ORIENTED_EDGE ( 'NONE', *, *, #887, .F. ) ;
#342 = ORIENTED_EDGE ( 'NONE', *, *, #914, .T. ) ;
#343 = CARTESIAN_POINT ( 'NONE',  ( -6.349999999999999645, 0.3999999999999995781, -0.4000000000000000222 ) ) ;
#344 = CARTESIAN_POINT ( 'NONE',  ( 2.799999999999999378, 0.3999999999999987454, 0.4000000000000000222 ) ) ;
#345 = EDGE_CURVE ( 'NONE', #455, #1314, #469, .T. ) ;
#346 = CYLINDRICAL_SURFACE ( 'NONE', #43, 0.05000000000000012768 ) ;
#347 = CARTESIAN_POINT ( 'NONE',  ( -2.199999999999999734, 0.000000000000000000, 0.5500000000000004885 ) ) ;
#348 = EDGE_CURVE ( 'NONE', #389, #1495, #1483, .T. ) ;
#349 = FACE_OUTER_BOUND ( 'NONE', #350, .T. ) ;
#350 = EDGE_LOOP ( 'NONE', ( #219, #1069, #265, #749 ) ) ;
#351 = DIRECTION ( 'NONE',  ( 0.000000000000000000, 0.000000000000000000, 1.000000000000000000 ) ) ;
#352 = VERTEX_POINT ( 'NONE', #1073 ) ;
#353 = CARTESIAN_POINT ( 'NONE',  ( -2.799999999999999378, -3.851859888774471706E-31, 0.4000000000000000222 ) ) ;
#354 = DIRECTION ( 'NONE',  ( -1.000000000000000000, 5.071777603269936908E-16, 0.000000000000000000 ) ) ;
#355 = DIRECTION ( 'NONE',  ( 4.336808689942023258E-15, -1.000000000000000000, 0.000000000000000000 ) ) ;
#356 = AXIS2_PLACEMENT_3D ( 'NONE', #536, #292, #1031 ) ;
#357 = DIRECTION ( 'NONE',  ( -0.000000000000000000, -0.000000000000000000, 1.000000000000000000 ) ) ;
#358 = MANIFOLD_SOLID_BREP ( 'Cut-Extrude1', #258 ) ;
#359 = AXIS2_PLACEMENT_3D ( 'NONE', #948, #15, #1471 ) ;
#360 = ORIENTED_EDGE ( 'NONE', *, *, #1450, .F. ) ;
#361 = VECTOR ( 'NONE', #380, 1000.000000000000000 ) ;
#362 = ORIENTED_EDGE ( 'NONE', *, *, #950, .F. ) ;
#363 = DIRECTION ( 'NONE',  ( -0.000000000000000000, -1.000000000000000000, -0.000000000000000000 ) ) ;
#364 = DIRECTION ( 'NONE',  ( 0.000000000000000000, 0.000000000000000000, 1.000000000000000000 ) ) ;
#365 = CARTESIAN_POINT ( 'NONE',  ( 2.799999999999999378, 0.4499999999999986788, 0.4000000000000000222 ) ) ;
#366 = ORIENTED_EDGE ( 'NONE', *, *, #109, .T. ) ;
#367 = DIRECTION ( 'NONE',  ( -0.000000000000000000, -0.000000000000000000, -1.000000000000000000 ) ) ;
#368 = EDGE_CURVE ( 'NONE', #1431, #352, #1363, .T. ) ;
#369 = VERTEX_POINT ( 'NONE', #21 ) ;
#370 = DIRECTION ( 'NONE',  ( 0.000000000000000000, 0.000000000000000000, -1.000000000000000000 ) ) ;
#371 = LINE ( 'NONE', #862, #129 ) ;
#372 = CARTESIAN_POINT ( 'NONE',  ( -2.749999999999999112, 0.4500000000000000111, 0.4000000000000000222 ) ) ;
#373 = SURFACE_SIDE_STYLE ('',( #1451 ) ) ;
#374 = ORIENTED_EDGE ( 'NONE', *, *, #791, .F. ) ;
#375 = LINE ( 'NONE', #381, #874 ) ;
#376 =( NAMED_UNIT ( * ) SI_UNIT ( $, .STERADIAN. ) SOLID_ANGLE_UNIT ( ) );
#377 = DIRECTION ( 'NONE',  ( -0.000000000000000000, -0.000000000000000000, -1.000000000000000000 ) ) ;
#378 = EDGE_CURVE ( 'NONE', #14, #40, #493, .T. ) ;
#379 = ORIENTED_EDGE ( 'NONE', *, *, #279, .T. ) ;
#380 = DIRECTION ( 'NONE',  ( 1.000000000000000000, 0.000000000000000000, 0.000000000000000000 ) ) ;
#381 = CARTESIAN_POINT ( 'NONE',  ( 2.749999999999999556, 0.5499999999999984901, -0.4000000000000000222 ) ) ;
#382 = VECTOR ( 'NONE', #579, 1000.000000000000000 ) ;
#383 = VECTOR ( 'NONE', #787, 1000.000000000000000 ) ;
#384 = VERTEX_POINT ( 'NONE', #953 ) ;
#385 = DIRECTION ( 'NONE',  ( 0.000000000000000000, 0.000000000000000000, 1.000000000000000000 ) ) ;
#386 = DIRECTION ( 'NONE',  ( -1.000000000000000000, 4.336808689942018525E-15, 0.000000000000000000 ) ) ;
#387 = AXIS2_PLACEMENT_3D ( 'NONE', #1369, #598, #852 ) ;
#388 = CIRCLE ( 'NONE', #1129, 1.800000000000001377 ) ;
#389 = VERTEX_POINT ( 'NONE', #1325 ) ;
#390 = EDGE_CURVE ( 'NONE', #971, #1489, #1205, .T. ) ;
#391 = LINE ( 'NONE', #1126, #434 ) ;
#392 = LINE ( 'NONE', #271, #411 ) ;
#393 = DIRECTION ( 'NONE',  ( 1.000000000000000000, 0.000000000000000000, 0.000000000000000000 ) ) ;
#394 = CARTESIAN_POINT ( 'NONE',  ( -2.799999999999999378, 0.4500000000000000111, 0.4000000000000000222 ) ) ;
#395 = CARTESIAN_POINT ( 'NONE',  ( -2.349999999999999645, 0.4500000000000000666, 0.4000000000000000222 ) ) ;
#396 = ORIENTED_EDGE ( 'NONE', *, *, #8, .T. ) ;
#397 = DIRECTION ( 'NONE',  ( 0.000000000000000000, 0.000000000000000000, -1.000000000000000000 ) ) ;
#398 = ADVANCED_FACE ( 'NONE', ( #1192 ), #1080, .F. ) ;
#399 = DIRECTION ( 'NONE',  ( 0.000000000000000000, 0.000000000000000000, -1.000000000000000000 ) ) ;
#400 = CARTESIAN_POINT ( 'NONE',  ( -3.250000000000000000, 1.200000000000000178, 1.950000000000001510 ) ) ;
#401 = EDGE_CURVE ( 'NONE', #889, #774, #486, .T. ) ;
#402 = ORIENTED_EDGE ( 'NONE', *, *, #1532, .F. ) ;
#403 = CARTESIAN_POINT ( 'NONE',  ( -2.799999999999999378, 0.4500000000000000111, 0.4000000000000000222 ) ) ;
#404 = VERTEX_POINT ( 'NONE', #1347 ) ;
#405 = CARTESIAN_POINT ( 'NONE',  ( -3.449999999999999289, 1.050000000000000044, 2.250000000000000888 ) ) ;
#406 = CARTESIAN_POINT ( 'NONE',  ( -5.700000000000000178, 0.000000000000000000, 0.5500000000000000444 ) ) ;
#407 = ADVANCED_FACE ( 'NONE', ( #248 ), #475, .T. ) ;
#408 =( LENGTH_UNIT ( ) NAMED_UNIT ( * ) SI_UNIT ( .MILLI., .METRE. ) );
#409 = VECTOR ( 'NONE', #1141, 1000.000000000000000 ) ;
#410 = ORIENTED_EDGE ( 'NONE', *, *, #38, .T. ) ;
#411 = VECTOR ( 'NONE', #150, 1000.000000000000000 ) ;
#412 = AXIS2_PLACEMENT_3D ( 'NONE', #840, #727, #1217 ) ;
#413 = ORIENTED_EDGE ( 'NONE', *, *, #1461, .F. ) ;
#414 = DIRECTION ( 'NONE',  ( 1.000000000000000000, -0.000000000000000000, -0.000000000000000000 ) ) ;
#415 = VECTOR ( 'NONE', #163, 1000.000000000000000 ) ;
#416 = PLANE ( 'NONE',  #98 ) ;
#417 = ORIENTED_EDGE ( 'NONE', *, *, #1583, .F. ) ;
#418 = EDGE_CURVE ( 'NONE', #798, #1274, #391, .T. ) ;
#419 = VERTEX_POINT ( 'NONE', #768 ) ;
#420 = ORIENTED_EDGE ( 'NONE', *, *, #1059, .F. ) ;
#421 = SURFACE_SIDE_STYLE ('',( #892 ) ) ;
#422 = LINE ( 'NONE', #406, #1550 ) ;
#423 = EDGE_LOOP ( 'NONE', ( #159, #1370, #1399, #534 ) ) ;
#424 = CARTESIAN_POINT ( 'NONE',  ( -5.700000000000000178, 0.8000000000000000444, 2.250000000000000000 ) ) ;
#425 = VERTEX_POINT ( 'NONE', #1373 ) ;
#426 = LINE ( 'NONE', #815, #331 ) ;
#427 = DIRECTION ( 'NONE',  ( 0.000000000000000000, 1.000000000000000000, 0.000000000000000000 ) ) ;
#428 = ORIENTED_EDGE ( 'NONE', *, *, #124, .F. ) ;
#429 = VECTOR ( 'NONE', #1510, 1000.000000000000000 ) ;
#430 = CARTESIAN_POINT ( 'NONE',  ( -3.250000000000000000, 1.050000000000000044, 1.950000000000001510 ) ) ;
#431 = AXIS2_PLACEMENT_3D ( 'NONE', #1143, #59, #1514 ) ;
#432 = CIRCLE ( 'NONE', #1523, 1.800000000000001377 ) ;
#433 = EDGE_CURVE ( 'NONE', #155, #270, #760, .T. ) ;
#434 = VECTOR ( 'NONE', #1382, 1000.000000000000000 ) ;
#435 = COLOUR_RGB ( '',0.7921568627450980005, 0.8196078431372548767, 0.9333333333333333481 ) ;
#436 = PLANE ( 'NONE',  #1573 ) ;
#437 =( LENGTH_UNIT ( ) NAMED_UNIT ( * ) SI_UNIT ( .MILLI., .METRE. ) );
#438 = EDGE_CURVE ( 'NONE', #1097, #894, #1308, .T. ) ;
#439 = PLANE ( 'NONE',  #682 ) ;
#440 = ADVANCED_FACE ( 'NONE', ( #1248 ), #518, .T. ) ;
#441 = ORIENTED_EDGE ( 'NONE', *, *, #905, .T. ) ;
#442 = FACE_OUTER_BOUND ( 'NONE', #1254, .T. ) ;
#443 = EDGE_LOOP ( 'NONE', ( #520, #866, #572, #342 ) ) ;
#444 = DIRECTION ( 'NONE',  ( -0.000000000000000000, -0.000000000000000000, -1.000000000000000000 ) ) ;
#445 = DIRECTION ( 'NONE',  ( -0.000000000000000000, -1.000000000000000000, -0.000000000000000000 ) ) ;
#446 = LINE ( 'NONE', #916, #684 ) ;
#447 = EDGE_CURVE ( 'NONE', #1276, #1495, #1368, .T. ) ;
#448 = ORIENTED_EDGE ( 'NONE', *, *, #322, .T. ) ;
#449 = CARTESIAN_POINT ( 'NONE',  ( -2.799999999999999378, 0.4000000000000000777, -0.4000000000000000222 ) ) ;
#450 = VECTOR ( 'NONE', #938, 1000.000000000000000 ) ;
#451 = AXIS2_PLACEMENT_3D ( 'NONE', #1179, #885, #399 ) ;
#452 = CARTESIAN_POINT ( 'NONE',  ( 5.700000000000000178, 0.5500000000000000444, -0.5500000000000000444 ) ) ;
#453 = AXIS2_PLACEMENT_3D ( 'NONE', #1486, #1083, #393 ) ;
#454 = VERTEX_POINT ( 'NONE', #1242 ) ;
#455 = VERTEX_POINT ( 'NONE', #146 ) ;
#456 = EDGE_CURVE ( 'NONE', #1009, #1097, #1527, .T. ) ;
#457 = ORIENTED_EDGE ( 'NONE', *, *, #1103, .T. ) ;
#458 = DIRECTION ( 'NONE',  ( 1.000000000000000000, 0.000000000000000000, 1.548860246407863336E-16 ) ) ;
#459 = DIRECTION ( 'NONE',  ( -0.000000000000000000, -1.000000000000000000, -0.000000000000000000 ) ) ;
#460 = CARTESIAN_POINT ( 'NONE',  ( 3.250000000000000000, 4.299999999999999822, 1.557245270445223308E-15 ) ) ;
#461 =( LENGTH_UNIT ( ) NAMED_UNIT ( * ) SI_UNIT ( .MILLI., .METRE. ) );
#462 = FACE_OUTER_BOUND ( 'NONE', #651, .T. ) ;
#463 = EDGE_LOOP ( 'NONE', ( #1559, #566, #220, #744 ) ) ;
#464 = DIRECTION ( 'NONE',  ( 1.000000000000000000, 0.000000000000000000, 0.000000000000000000 ) ) ;
#465 = PRODUCT_DEFINITION ( 'UNKNOWN', '', #551, #299 ) ;
#466 = PLANE ( 'NONE',  #1521 ) ;
#467 = EDGE_CURVE ( 'NONE', #454, #644, #1156, .T. ) ;
#468 = DIRECTION ( 'NONE',  ( 1.000000000000000000, 0.000000000000000000, -0.000000000000000000 ) ) ;
#469 = LINE ( 'NONE', #347, #42 ) ;
#470 = DIRECTION ( 'NONE',  ( -1.000000000000000000, 0.000000000000000000, 0.000000000000000000 ) ) ;
#471 = CARTESIAN_POINT ( 'NONE',  ( 3.450000000000000178, 1.050000000000000044, -2.250000000000000000 ) ) ;
#472 = LINE ( 'NONE', #1447, #58 ) ;
#473 = CARTESIAN_POINT ( 'NONE',  ( -5.700000000000000178, 0.8000000000000000444, 2.250000000000000000 ) ) ;
#474 = DIRECTION ( 'NONE',  ( -1.000000000000000000, 0.000000000000000000, 0.000000000000000000 ) ) ;
#475 = CYLINDRICAL_SURFACE ( 'NONE', #481, 2.250000000000000444 ) ;
#476 = EDGE_CURVE ( 'NONE', #1194, #119, #1, .T. ) ;
#477 = AXIS2_PLACEMENT_3D ( 'NONE', #167, #269, #758 ) ;
#478 = ORIENTED_EDGE ( 'NONE', *, *, #1010, .F. ) ;
#479 = DIRECTION ( 'NONE',  ( 1.000000000000000000, 0.000000000000000000, 0.000000000000000000 ) ) ;
#480 = ORIENTED_EDGE ( 'NONE', *, *, #1318, .T. ) ;
#481 = AXIS2_PLACEMENT_3D ( 'NONE', #978, #733, #620 ) ;
#482 = LINE ( 'NONE', #981, #1307 ) ;
#483 = LINE ( 'NONE', #121, #131 ) ;
#484 = LINE ( 'NONE', #985, #893 ) ;
#485 = DIRECTION ( 'NONE',  ( -5.421010862427527100E-16, -1.000000000000000000, 0.000000000000000000 ) ) ;
#486 = LINE ( 'NONE', #722, #1047 ) ;
#487 = CARTESIAN_POINT ( 'NONE',  ( 3.250000000000000000, 4.299999999999999822, 1.400000000000001465 ) ) ;
#488 = ORIENTED_EDGE ( 'NONE', *, *, #1528, .T. ) ;
#489 = CARTESIAN_POINT ( 'NONE',  ( -3.250000000000000000, 1.199999999999999734, 1.950000000000001510 ) ) ;
#490 = ORIENTED_EDGE ( 'NONE', *, *, #1546, .F. ) ;
#491 = FACE_OUTER_BOUND ( 'NONE', #218, .T. ) ;
#492 = ORIENTED_EDGE ( 'NONE', *, *, #546, .F. ) ;
#493 = LINE ( 'NONE', #1492, #922 ) ;
#494 = PLANE ( 'NONE',  #1417 ) ;
#495 = FACE_OUTER_BOUND ( 'NONE', #1157, .T. ) ;
#496 = EDGE_CURVE ( 'NONE', #774, #1189, #1094, .T. ) ;
#497 = DIRECTION ( 'NONE',  ( 0.000000000000000000, 0.000000000000000000, 1.000000000000000000 ) ) ;
#498 = EDGE_CURVE ( 'NONE', #1585, #1189, #1438, .T. ) ;
#499 = ORIENTED_EDGE ( 'NONE', *, *, #835, .F. ) ;
#500 = CARTESIAN_POINT ( 'NONE',  ( 6.349999999999999645, 0.3999999999999967470, -0.4000000000000000222 ) ) ;
#501 = AXIS2_PLACEMENT_3D ( 'NONE', #1458, #590, #364 ) ;
#502 = VECTOR ( 'NONE', #1245, 1000.000000000000000 ) ;
#503 = ORIENTED_EDGE ( 'NONE', *, *, #1477, .F. ) ;
#504 = DIRECTION ( 'NONE',  ( -1.000000000000000000, 0.000000000000000000, 0.000000000000000000 ) ) ;
#505 = COLOUR_RGB ( '',0.2509803921568627416, 0.2509803921568627416, 0.2509803921568627416 ) ;
#506 = VECTOR ( 'NONE', #115, 1000.000000000000000 ) ;
#507 = EDGE_CURVE ( 'NONE', #671, #889, #1065, .T. ) ;
#508 = CIRCLE ( 'NONE', #638, 0.05000000000000012768 ) ;
#509 = VERTEX_POINT ( 'NONE', #241 ) ;
#510 = CARTESIAN_POINT ( 'NONE',  ( -5.700000000000000178, 0.000000000000000000, -2.250000000000000000 ) ) ;
#511 = DIRECTION ( 'NONE',  ( 0.000000000000000000, -0.000000000000000000, -1.000000000000000000 ) ) ;
#512 = LINE ( 'NONE', #500, #1304 ) ;
#513 = ORIENTED_EDGE ( 'NONE', *, *, #851, .T. ) ;
#514 = LINE ( 'NONE', #1131, #281 ) ;
#515 = EDGE_CURVE ( 'NONE', #50, #703, #980, .T. ) ;
#516 = ORIENTED_EDGE ( 'NONE', *, *, #950, .T. ) ;
#517 = CARTESIAN_POINT ( 'NONE',  ( 0.000000000000000000, 3.899999999999999911, -1.400000000000001465 ) ) ;
#518 = PLANE ( 'NONE',  #1258 ) ;
#519 = CARTESIAN_POINT ( 'NONE',  ( 3.449999999999999734, 1.050000000000000044, -2.250000000000000000 ) ) ;
#520 = ORIENTED_EDGE ( 'NONE', *, *, #791, .T. ) ;
#521 = DIRECTION ( 'NONE',  ( -0.000000000000000000, -0.000000000000000000, -1.000000000000000000 ) ) ;
#522 = ORIENTED_EDGE ( 'NONE', *, *, #1450, .T. ) ;
#523 = FACE_OUTER_BOUND ( 'NONE', #423, .T. ) ;
#524 = ADVANCED_FACE ( 'NONE', ( #349 ), #858, .F. ) ;
#525 = AXIS2_PLACEMENT_3D ( 'NONE', #170, #649, #652 ) ;
#526 = EDGE_CURVE ( 'NONE', #270, #714, #256, .T. ) ;
#527 = SURFACE_SIDE_STYLE ('',( #1120 ) ) ;
#528 = AXIS2_PLACEMENT_3D ( 'NONE', #1164, #200, #1285 ) ;
#529 = AXIS2_PLACEMENT_3D ( 'NONE', #1289, #535, #1037 ) ;
#530 = ORIENTED_EDGE ( 'NONE', *, *, #1396, .T. ) ;
#531 = VECTOR ( 'NONE', #1160, 1000.000000000000000 ) ;
#532 = CARTESIAN_POINT ( 'NONE',  ( -5.700000000000000178, 0.8000000000000000444, 2.250000000000000000 ) ) ;
#533 = ADVANCED_FACE ( 'NONE', ( #1340 ), #594, .T. ) ;
#534 = ORIENTED_EDGE ( 'NONE', *, *, #1221, .F. ) ;
#535 = DIRECTION ( 'NONE',  ( -0.000000000000000000, -1.000000000000000000, -0.000000000000000000 ) ) ;
#536 = CARTESIAN_POINT ( 'NONE',  ( -2.799999999999999378, -3.851859888774471706E-31, 0.4000000000000000222 ) ) ;
#537 = DIRECTION ( 'NONE',  ( -1.000000000000000000, 0.000000000000000000, 0.000000000000000000 ) ) ;
#538 = ORIENTED_EDGE ( 'NONE', *, *, #1033, .F. ) ;
#539 = CARTESIAN_POINT ( 'NONE',  ( -3.449999999999999734, 1.050000000000000044, 1.165517335421917267E-15 ) ) ;
#540 = LINE ( 'NONE', #1071, #1068 ) ;
#541 = DIRECTION ( 'NONE',  ( -0.000000000000000000, -0.000000000000000000, -1.000000000000000000 ) ) ;
#542 = ORIENTED_EDGE ( 'NONE', *, *, #549, .T. ) ;
#543 = VECTOR ( 'NONE', #1023, 1000.000000000000000 ) ;
#544 = ORIENTED_EDGE ( 'NONE', *, *, #368, .F. ) ;
#545 = CYLINDRICAL_SURFACE ( 'NONE', #1027, 1.800000000000001377 ) ;
#546 = EDGE_CURVE ( 'NONE', #1305, #389, #375, .T. ) ;
#547 = DIRECTION ( 'NONE',  ( 1.000000000000000000, 0.000000000000000000, -0.000000000000000000 ) ) ;
#548 = AXIS2_PLACEMENT_3D ( 'NONE', #983, #1075, #464 ) ;
#549 = EDGE_CURVE ( 'NONE', #155, #611, #388, .T. ) ;
#550 = AXIS2_PLACEMENT_3D ( 'NONE', #623, #1225, #1508 ) ;
#551 = PRODUCT_DEFINITION_FORMATION_WITH_SPECIFIED_SOURCE ( 'ANY', '', #1449, .NOT_KNOWN. ) ;
#552 = VERTEX_POINT ( 'NONE', #250 ) ;
#553 = ORIENTED_EDGE ( 'NONE', *, *, #1209, .F. ) ;
#554 = DIRECTION ( 'NONE',  ( -1.239088197126290324E-16, 0.000000000000000000, 1.000000000000000000 ) ) ;
#555 = LINE ( 'NONE', #449, #1125 ) ;
#556 = UNCERTAINTY_MEASURE_WITH_UNIT (LENGTH_MEASURE( 1.000000000000000082E-05 ), #1324, 'distance_accuracy_value', 'NONE');
#557 =( NAMED_UNIT ( * ) PLANE_ANGLE_UNIT ( ) SI_UNIT ( $, .RADIAN. ) );
#558 = CARTESIAN_POINT ( 'NONE',  ( 5.700000000000000178, 0.8000000000000000444, 2.250000000000000000 ) ) ;
#559 = ORIENTED_EDGE ( 'NONE', *, *, #231, .T. ) ;
#560 = LINE ( 'NONE', #830, #158 ) ;
#561 = CARTESIAN_POINT ( 'NONE',  ( 6.349999999999999645, 0.3999999999999967470, 0.4000000000000000222 ) ) ;
#562 = DIRECTION ( 'NONE',  ( 0.000000000000000000, 0.000000000000000000, -1.000000000000000000 ) ) ;
#563 = EDGE_CURVE ( 'NONE', #1015, #714, #734, .T. ) ;
#564 = DIRECTION ( 'NONE',  ( 4.336808689942016158E-15, -1.000000000000000000, 0.000000000000000000 ) ) ;
#565 = EDGE_LOOP ( 'NONE', ( #578, #212, #1402, #1067 ) ) ;
#566 = ORIENTED_EDGE ( 'NONE', *, *, #762, .F. ) ;
#567 = ADVANCED_FACE ( 'NONE', ( #873 ), #1553, .F. ) ;
#568 = ORIENTED_EDGE ( 'NONE', *, *, #1569, .T. ) ;
#569 = DIRECTION ( 'NONE',  ( -0.000000000000000000, -1.000000000000000000, -0.000000000000000000 ) ) ;
#570 = DIRECTION ( 'NONE',  ( -1.257045997084642858E-16, 0.000000000000000000, -1.000000000000000000 ) ) ;
#571 = AXIS2_PLACEMENT_3D ( 'NONE', #883, #521, #504 ) ;
#572 = ORIENTED_EDGE ( 'NONE', *, *, #1180, .T. ) ;
#573 = AXIS2_PLACEMENT_3D ( 'NONE', #539, #1545, #1169 ) ;
#574 = DIRECTION ( 'NONE',  ( 0.000000000000000000, 0.000000000000000000, -1.000000000000000000 ) ) ;
#575 = VECTOR ( 'NONE', #541, 1000.000000000000000 ) ;
#576 = DIRECTION ( 'NONE',  ( -1.000000000000000000, 5.421010862427526114E-16, 0.000000000000000000 ) ) ;
#577 = ADVANCED_FACE ( 'NONE', ( #987 ), #1105, .F. ) ;
#578 = ORIENTED_EDGE ( 'NONE', *, *, #1306, .T. ) ;
#579 = DIRECTION ( 'NONE',  ( -0.000000000000000000, -0.000000000000000000, -1.000000000000000000 ) ) ;
#580 = ORIENTED_EDGE ( 'NONE', *, *, #1512, .T. ) ;
#581 = CARTESIAN_POINT ( 'NONE',  ( -3.250000000000000000, 3.899999999999999911, -1.400000000000001465 ) ) ;
#582 = SURFACE_STYLE_USAGE ( .BOTH. , #373 ) ;
#583 = ORIENTED_EDGE ( 'NONE', *, *, #665, .F. ) ;
#584 = CARTESIAN_POINT ( 'NONE',  ( -6.349999999999999645, -3.683256213195106868E-16, -0.4000000000000000222 ) ) ;
#585 = ORIENTED_EDGE ( 'NONE', *, *, #648, .T. ) ;
#586 = LINE ( 'NONE', #1466, #130 ) ;
#587 = CARTESIAN_POINT ( 'NONE',  ( 5.700000000000000178, 0.5500000000000000444, 0.5500000000000000444 ) ) ;
#588 = VERTEX_POINT ( 'NONE', #1367 ) ;
#589 = CARTESIAN_POINT ( 'NONE',  ( 2.799999999999999378, -1.129587379705827811E-15, -0.4000000000000000222 ) ) ;
#590 = DIRECTION ( 'NONE',  ( 0.000000000000000000, 1.000000000000000000, 0.000000000000000000 ) ) ;
#591 = FACE_OUTER_BOUND ( 'NONE', #753, .T. ) ;
#592 = LINE ( 'NONE', #1364, #99 ) ;
#593 = ORIENTED_EDGE ( 'NONE', *, *, #665, .T. ) ;
#594 = PLANE ( 'NONE',  #333 ) ;
#595 = ORIENTED_EDGE ( 'NONE', *, *, #1132, .F. ) ;
#596 = DIRECTION ( 'NONE',  ( 1.000000000000000000, 0.000000000000000000, -1.257045997084642858E-16 ) ) ;
#597 = PRODUCT_CONTEXT ( 'NONE', #1533, 'mechanical' ) ;
#598 = DIRECTION ( 'NONE',  ( 0.000000000000000000, 1.000000000000000000, 0.000000000000000000 ) ) ;
#599 = ORIENTED_EDGE ( 'NONE', *, *, #1193, .F. ) ;
#600 = CARTESIAN_POINT ( 'NONE',  ( -5.700000000000000178, 0.5500000000000000444, -0.5500000000000000444 ) ) ;
#601 = PLANE ( 'NONE',  #870 ) ;
#602 = LINE ( 'NONE', #1079, #233 ) ;
#603 = VECTOR ( 'NONE', #876, 1000.000000000000000 ) ;
#604 = ADVANCED_FACE ( 'NONE', ( #462 ), #713, .F. ) ;
#605 = CARTESIAN_POINT ( 'NONE',  ( -3.250000000000000000, 19.32240644631605875, -1.800000000000001377 ) ) ;
#606 = VECTOR ( 'NONE', #1234, 1000.000000000000000 ) ;
#607 = VECTOR ( 'NONE', #120, 1000.000000000000000 ) ;
#608 = DIRECTION ( 'NONE',  ( -1.000000000000000000, 0.000000000000000000, 1.239088197126290570E-16 ) ) ;
#609 = VERTEX_POINT ( 'NONE', #1111 ) ;
#610 = FACE_OUTER_BOUND ( 'NONE', #207, .T. ) ;
#611 = VERTEX_POINT ( 'NONE', #1327 ) ;
#612 = ORIENTED_EDGE ( 'NONE', *, *, #1343, .T. ) ;
#613 = EDGE_CURVE ( 'NONE', #947, #805, #508, .T. ) ;
#614 = CARTESIAN_POINT ( 'NONE',  ( 3.250000000000000000, 3.900000000000000799, 1.557245270445223308E-15 ) ) ;
#615 = VERTEX_POINT ( 'NONE', #584 ) ;
#616 = CARTESIAN_POINT ( 'NONE',  ( 2.350000000000000089, 0.4499999999999988454, 0.4000000000000000222 ) ) ;
#617 =( NAMED_UNIT ( * ) PLANE_ANGLE_UNIT ( ) SI_UNIT ( $, .RADIAN. ) );
#618 = DIRECTION ( 'NONE',  ( 0.000000000000000000, 1.000000000000000000, 0.000000000000000000 ) ) ;
#619 = DIRECTION ( 'NONE',  ( -4.336808689942018525E-15, -1.000000000000000000, 0.000000000000000000 ) ) ;
#620 = DIRECTION ( 'NONE',  ( 0.000000000000000000, 0.000000000000000000, -1.000000000000000000 ) ) ;
#621 = DIRECTION ( 'NONE',  ( 1.000000000000000000, -0.000000000000000000, 0.000000000000000000 ) ) ;
#622 = ADVANCED_FACE ( 'NONE', ( #29 ), #494, .T. ) ;
#623 = CARTESIAN_POINT ( 'NONE',  ( -3.250000000000000000, 4.299999999999999822, 1.557245270445223111E-15 ) ) ;
#624 = EDGE_CURVE ( 'NONE', #1093, #73, #229, .T. ) ;
#625 = LINE ( 'NONE', #1123, #771 ) ;
#626 = FACE_OUTER_BOUND ( 'NONE', #137, .T. ) ;
#627 = EDGE_LOOP ( 'NONE', ( #1163, #330, #909, #89 ) ) ;
#628 = FACE_OUTER_BOUND ( 'NONE', #117, .T. ) ;
#629 = VECTOR ( 'NONE', #1057, 1000.000000000000000 ) ;
#630 = AXIS2_PLACEMENT_3D ( 'NONE', #176, #46, #1013 ) ;
#631 = VECTOR ( 'NONE', #1376, 1000.000000000000000 ) ;
#632 = VECTOR ( 'NONE', #327, 1000.000000000000000 ) ;
#633 = SURFACE_STYLE_USAGE ( .BOTH. , #527 ) ;
#634 = ORIENTED_EDGE ( 'NONE', *, *, #1074, .F. ) ;
#635 = CARTESIAN_POINT ( 'NONE',  ( -5.700000000000000178, 0.8000000000000000444, 2.250000000000000000 ) ) ;
#636 = DIRECTION ( 'NONE',  ( -1.000000000000000000, -0.000000000000000000, -0.000000000000000000 ) ) ;
#637 = EDGE_CURVE ( 'NONE', #276, #1366, #967, .T. ) ;
#638 = AXIS2_PLACEMENT_3D ( 'NONE', #1240, #1118, #479 ) ;
#639 = ORIENTED_EDGE ( 'NONE', *, *, #507, .T. ) ;
#640 = DIRECTION ( 'NONE',  ( -0.000000000000000000, -1.000000000000000000, -0.000000000000000000 ) ) ;
#641 = CARTESIAN_POINT ( 'NONE',  ( -3.250000000000000000, 3.899999999999999911, 1.400000000000003020 ) ) ;
#642 = CARTESIAN_POINT ( 'NONE',  ( 2.349999999999999645, 0.5499999999999987121, 0.4000000000000000222 ) ) ;
#643 = DIRECTION ( 'NONE',  ( 6.285229985423214289E-17, -0.000000000000000000, 1.000000000000000000 ) ) ;
#644 = VERTEX_POINT ( 'NONE', #850 ) ;
#645 = LINE ( 'NONE', #1236, #502 ) ;
#646 = CARTESIAN_POINT ( 'NONE',  ( -2.749999999999999556, 0.5500000000000000444, -0.4000000000000000222 ) ) ;
#647 = ORIENTED_EDGE ( 'NONE', *, *, #390, .F. ) ;
#648 = EDGE_CURVE ( 'NONE', #169, #425, #1215, .T. ) ;
#649 = DIRECTION ( 'NONE',  ( -0.000000000000000000, -0.000000000000000000, -1.000000000000000000 ) ) ;
#650 = EDGE_LOOP ( 'NONE', ( #1418, #1297, #811, #166 ) ) ;
#651 = EDGE_LOOP ( 'NONE', ( #593, #881, #1184, #1109, #1309, #891, #1167, #559 ) ) ;
#652 = DIRECTION ( 'NONE',  ( -1.000000000000000000, 0.000000000000000000, 0.000000000000000000 ) ) ;
#653 = LINE ( 'NONE', #532, #1524 ) ;
#654 = AXIS2_PLACEMENT_3D ( 'NONE', #1041, #570, #1576 ) ;
#655 = ORIENTED_EDGE ( 'NONE', *, *, #1326, .T. ) ;
#656 = CARTESIAN_POINT ( 'NONE',  ( 6.349999999999999645, -2.930068428866655556E-15, 0.4000000000000000222 ) ) ;
#657 = AXIS2_PLACEMENT_3D ( 'NONE', #519, #643, #1021 ) ;
#658 = ORIENTED_EDGE ( 'NONE', *, *, #5, .F. ) ;
#659 = DIRECTION ( 'NONE',  ( -1.000000000000000000, 0.000000000000000000, 0.000000000000000000 ) ) ;
#660 = FACE_OUTER_BOUND ( 'NONE', #142, .T. ) ;
#661 = VECTOR ( 'NONE', #321, 1000.000000000000000 ) ;
#662 = DIRECTION ( 'NONE',  ( 0.000000000000000000, -0.000000000000000000, -1.000000000000000000 ) ) ;
#663 = ADVANCED_FACE ( 'NONE', ( #491 ), #992, .T. ) ;
#664 = VERTEX_POINT ( 'NONE', #1212 ) ;
#665 = EDGE_CURVE ( 'NONE', #671, #1378, #842, .T. ) ;
#666 = PLANE ( 'NONE',  #573 ) ;
#667 = CARTESIAN_POINT ( 'NONE',  ( 0.000000000000000000, 0.000000000000000000, 0.000000000000000000 ) ) ;
#668 = LINE ( 'NONE', #1414, #776 ) ;
#669 = EDGE_CURVE ( 'NONE', #611, #894, #141, .T. ) ;
#670 = ADVANCED_FACE ( 'NONE', ( #261 ), #601, .F. ) ;
#671 = VERTEX_POINT ( 'NONE', #1500 ) ;
#672 = DIRECTION ( 'NONE',  ( 1.000000000000000000, 1.374340782023878732E-16, 0.000000000000000000 ) ) ;
#673 = LINE ( 'NONE', #1172, #81 ) ;
#674 = CARTESIAN_POINT ( 'NONE',  ( -2.749999999999999112, 0.4500000000000000111, 0.4000000000000000222 ) ) ;
#675 = ORIENTED_EDGE ( 'NONE', *, *, #348, .T. ) ;
#676 = ORIENTED_EDGE ( 'NONE', *, *, #1162, .F. ) ;
#677 = CIRCLE ( 'NONE', #1195, 1.950000000000001510 ) ;
#678 = VERTEX_POINT ( 'NONE', #1481 ) ;
#679 = CARTESIAN_POINT ( 'NONE',  ( 3.250000000000000000, 1.199999999999999734, 1.800000000000002931 ) ) ;
#680 = DIRECTION ( 'NONE',  ( 1.000000000000000000, 0.000000000000000000, 0.000000000000000000 ) ) ;
#681 = VECTOR ( 'NONE', #1265, 1000.000000000000000 ) ;
#682 = AXIS2_PLACEMENT_3D ( 'NONE', #558, #1434, #1562 ) ;
#683 = VECTOR ( 'NONE', #960, 1000.000000000000000 ) ;
#684 = VECTOR ( 'NONE', #803, 1000.000000000000000 ) ;
#685 = CIRCLE ( 'NONE', #1203, 0.1499999999999999667 ) ;
#686 = CARTESIAN_POINT ( 'NONE',  ( 3.449999999999999734, 1.050000000000000044, 2.250000000000000000 ) ) ;
#687 = ORIENTED_EDGE ( 'NONE', *, *, #476, .F. ) ;
#688 = DIRECTION ( 'NONE',  ( 4.336808689942016158E-15, -1.000000000000000000, 0.000000000000000000 ) ) ;
#689 = CARTESIAN_POINT ( 'NONE',  ( -2.199999999999999734, 0.5500000000000000444, 0.5500000000000004885 ) ) ;
#690 = CARTESIAN_POINT ( 'NONE',  ( -5.700000000000000178, 0.000000000000000000, 2.250000000000000000 ) ) ;
#691 = ADVANCED_FACE ( 'NONE', ( #961 ), #1237, .F. ) ;
#692 = DIRECTION ( 'NONE',  ( 0.000000000000000000, 0.000000000000000000, 1.000000000000000000 ) ) ;
#693 = ADVANCED_FACE ( 'NONE', ( #610 ), #1435, .T. ) ;
#694 = ORIENTED_EDGE ( 'NONE', *, *, #1078, .F. ) ;
#695 = VERTEX_POINT ( 'NONE', #4 ) ;
#696 = CARTESIAN_POINT ( 'NONE',  ( 5.700000000000000178, 0.5500000000000000444, 0.5500000000000000444 ) ) ;
#697 = CARTESIAN_POINT ( 'NONE',  ( -3.450000000000000178, 1.050000000000000044, -2.249999999999999556 ) ) ;
#698 =( NAMED_UNIT ( * ) SI_UNIT ( $, .STERADIAN. ) SOLID_ANGLE_UNIT ( ) );
#699 = PRODUCT_RELATED_PRODUCT_CATEGORY ( 'part', '', ( #1449 ) ) ;
#700 = CARTESIAN_POINT ( 'NONE',  ( 2.199999999999999734, 0.000000000000000000, 0.5500000000000004885 ) ) ;
#701 = EDGE_CURVE ( 'NONE', #588, #1039, #1333, .T. ) ;
#702 = ORIENTED_EDGE ( 'NONE', *, *, #145, .T. ) ;
#703 = VERTEX_POINT ( 'NONE', #254 ) ;
#704 = FACE_OUTER_BOUND ( 'NONE', #1216, .T. ) ;
#705 = ORIENTED_EDGE ( 'NONE', *, *, #77, .F. ) ;
#706 = CARTESIAN_POINT ( 'NONE',  ( -3.250000000000000000, 19.32240644631605875, 1.557245270445223111E-15 ) ) ;
#707 = DIRECTION ( 'NONE',  ( -0.000000000000000000, -1.000000000000000000, -0.000000000000000000 ) ) ;
#708 = MECHANICAL_DESIGN_GEOMETRIC_PRESENTATION_REPRESENTATION (  '', ( #11 ), #78 ) ;
#709 = DIRECTION ( 'NONE',  ( 0.000000000000000000, 0.000000000000000000, -1.000000000000000000 ) ) ;
#710 = DIRECTION ( 'NONE',  ( 0.000000000000000000, -1.000000000000000000, 0.000000000000000000 ) ) ;
#711 = CIRCLE ( 'NONE', #19, 0.4499999999999999001 ) ;
#712 = EDGE_LOOP ( 'NONE', ( #303, #705, #869, #861 ) ) ;
#713 = PLANE ( 'NONE',  #235 ) ;
#714 = VERTEX_POINT ( 'NONE', #25 ) ;
#715 = ADVANCED_FACE ( 'NONE', ( #31 ), #1371, .F. ) ;
#716 = CARTESIAN_POINT ( 'NONE',  ( 2.350000000000000089, 0.4499999999999988454, -0.4000000000000000222 ) ) ;
#717 = EDGE_CURVE ( 'NONE', #352, #588, #677, .T. ) ;
#718 = VERTEX_POINT ( 'NONE', #1077 ) ;
#719 = PLANE ( 'NONE',  #945 ) ;
#720 = DIRECTION ( 'NONE',  ( -1.000000000000000000, 0.000000000000000000, 0.000000000000000000 ) ) ;
#721 = CARTESIAN_POINT ( 'NONE',  ( -2.199999999999999734, 0.5500000000000000444, -0.5499999999999994893 ) ) ;
#722 = CARTESIAN_POINT ( 'NONE',  ( -2.749999999999999556, 0.5500000000000000444, -0.4000000000000000222 ) ) ;
#723 = ORIENTED_EDGE ( 'NONE', *, *, #648, .F. ) ;
#724 = DIRECTION ( 'NONE',  ( -0.000000000000000000, -1.000000000000000000, -0.000000000000000000 ) ) ;
#725 = EDGE_LOOP ( 'NONE', ( #67, #1107, #1056, #1260 ) ) ;
#726 = EDGE_CURVE ( 'NONE', #756, #389, #730, .T. ) ;
#727 = DIRECTION ( 'NONE',  ( 0.000000000000000000, 0.000000000000000000, 1.000000000000000000 ) ) ;
#728 = ORIENTED_EDGE ( 'NONE', *, *, #898, .F. ) ;
#729 = CARTESIAN_POINT ( 'NONE',  ( -2.199999999999999734, 0.5500000000000000444, 0.5500000000000004885 ) ) ;
#730 = LINE ( 'NONE', #740, #382 ) ;
#731 = EDGE_CURVE ( 'NONE', #311, #845, #1472, .T. ) ;
#732 = DIRECTION ( 'NONE',  ( 0.000000000000000000, 0.000000000000000000, 1.000000000000000000 ) ) ;
#733 = DIRECTION ( 'NONE',  ( -0.000000000000000000, -1.000000000000000000, -0.000000000000000000 ) ) ;
#734 = LINE ( 'NONE', #605, #1336 ) ;
#735 = ORIENTED_EDGE ( 'NONE', *, *, #456, .F. ) ;
#736 = CARTESIAN_POINT ( 'NONE',  ( -2.199999999999999734, 0.5500000000000000444, -0.5499999999999994893 ) ) ;
#737 = ORIENTED_EDGE ( 'NONE', *, *, #1549, .T. ) ;
#738 = FACE_OUTER_BOUND ( 'NONE', #1454, .T. ) ;
#739 = DIRECTION ( 'NONE',  ( 0.000000000000000000, 0.000000000000000000, -1.000000000000000000 ) ) ;
#740 = CARTESIAN_POINT ( 'NONE',  ( 2.349999999999999645, 0.5499999999999987121, 0.4000000000000000222 ) ) ;
#741 = ADVANCED_FACE ( 'NONE', ( #1582 ), #466, .F. ) ;
#742 = VECTOR ( 'NONE', #640, 1000.000000000000000 ) ;
#743 = VECTOR ( 'NONE', #70, 1000.000000000000000 ) ;
#744 = ORIENTED_EDGE ( 'NONE', *, *, #624, .T. ) ;
#745 = DIRECTION ( 'NONE',  ( -0.000000000000000000, -1.000000000000000000, -0.000000000000000000 ) ) ;
#746 = VECTOR ( 'NONE', #1457, 1000.000000000000000 ) ;
#747 = DIRECTION ( 'NONE',  ( -0.000000000000000000, -0.000000000000000000, 1.000000000000000000 ) ) ;
#748 = CARTESIAN_POINT ( 'NONE',  ( 2.799999999999999378, 0.3999999999999987454, 0.4000000000000000222 ) ) ;
#749 = ORIENTED_EDGE ( 'NONE', *, *, #1078, .T. ) ;
#750 = CARTESIAN_POINT ( 'NONE',  ( -3.449999999999999734, 1.050000000000000044, 1.165517335421917267E-15 ) ) ;
#751 = DIRECTION ( 'NONE',  ( 1.000000000000000000, 0.000000000000000000, -0.000000000000000000 ) ) ;
#752 = EDGE_LOOP ( 'NONE', ( #580, #1017, #1114, #63 ) ) ;
#753 = EDGE_LOOP ( 'NONE', ( #1082, #1283, #413, #788 ) ) ;
#754 = DIRECTION ( 'NONE',  ( 0.000000000000000000, 0.000000000000000000, -1.000000000000000000 ) ) ;
#755 = ORIENTED_EDGE ( 'NONE', *, *, #1134, .F. ) ;
#756 = VERTEX_POINT ( 'NONE', #238 ) ;
#757 = DIRECTION ( 'NONE',  ( 0.000000000000000000, 1.000000000000000000, 0.000000000000000000 ) ) ;
#758 = DIRECTION ( 'NONE',  ( 0.000000000000000000, 0.000000000000000000, -1.000000000000000000 ) ) ;
#759 = ORIENTED_EDGE ( 'NONE', *, *, #731, .F. ) ;
#760 = LINE ( 'NONE', #1116, #415 ) ;
#761 = PLANE ( 'NONE',  #1334 ) ;
#762 = EDGE_CURVE ( 'NONE', #1315, #552, #484, .T. ) ;
#763 = FILL_AREA_STYLE ('',( #267 ) ) ;
#764 = ORIENTED_EDGE ( 'NONE', *, *, #168, .F. ) ;
#765 = LINE ( 'NONE', #53, #202 ) ;
#766 = ORIENTED_EDGE ( 'NONE', *, *, #390, .T. ) ;
#767 = CARTESIAN_POINT ( 'NONE',  ( -5.700000000000000178, 0.000000000000000000, -0.5499999999999997113 ) ) ;
#768 = CARTESIAN_POINT ( 'NONE',  ( 5.700000000000000178, 0.000000000000000000, 0.5500000000000000444 ) ) ;
#769 = FACE_OUTER_BOUND ( 'NONE', #1199, .T. ) ;
#770 = PRESENTATION_LAYER_ASSIGNMENT (  '', '', ( #11 ) ) ;
#771 = VECTOR ( 'NONE', #48, 1000.000000000000000 ) ;
#772 = VECTOR ( 'NONE', #458, 1000.000000000000000 ) ;
#773 = EDGE_CURVE ( 'NONE', #718, #1146, #371, .T. ) ;
#774 = VERTEX_POINT ( 'NONE', #646 ) ;
#775 = DIRECTION ( 'NONE',  ( 0.000000000000000000, -0.000000000000000000, -1.000000000000000000 ) ) ;
#776 = VECTOR ( 'NONE', #1058, 1000.000000000000000 ) ;
#777 = CIRCLE ( 'NONE', #923, 0.3999999999999999667 ) ;
#778 = EDGE_LOOP ( 'NONE', ( #226, #934, #1284, #480 ) ) ;
#779 = PRESENTATION_STYLE_ASSIGNMENT (( #54 ) ) ;
#780 = ORIENTED_EDGE ( 'NONE', *, *, #1411, .F. ) ;
#781 = LINE ( 'NONE', #1035, #57 ) ;
#782 = ORIENTED_EDGE ( 'NONE', *, *, #1103, .F. ) ;
#783 = CARTESIAN_POINT ( 'NONE',  ( -3.250000000000000000, 19.32240644631605875, 1.800000000000001377 ) ) ;
#784 = EDGE_CURVE ( 'NONE', #47, #718, #1380, .T. ) ;
#785 = ORIENTED_EDGE ( 'NONE', *, *, #1479, .T. ) ;
#786 = DIRECTION ( 'NONE',  ( -1.000000000000000000, 0.000000000000000000, 1.239088197126290570E-16 ) ) ;
#787 = DIRECTION ( 'NONE',  ( -0.000000000000000000, -1.000000000000000000, -0.000000000000000000 ) ) ;
#788 = ORIENTED_EDGE ( 'NONE', *, *, #1196, .T. ) ;
#789 = ADVANCED_FACE ( 'NONE', ( #36 ), #1246, .F. ) ;
#790 = DIRECTION ( 'NONE',  ( 0.000000000000000000, 0.000000000000000000, -1.000000000000000000 ) ) ;
#791 = EDGE_CURVE ( 'NONE', #311, #1312, #765, .T. ) ;
#792 = VECTOR ( 'NONE', #808, 1000.000000000000000 ) ;
#793 = AXIS2_PLACEMENT_3D ( 'NONE', #133, #618, #1499 ) ;
#794 = VECTOR ( 'NONE', #919, 1000.000000000000000 ) ;
#795 = ORIENTED_EDGE ( 'NONE', *, *, #802, .T. ) ;
#796 = CARTESIAN_POINT ( 'NONE',  ( 5.700000000000000178, 0.000000000000000000, 0.5500000000000000444 ) ) ;
#797 = STYLED_ITEM ( 'NONE', ( #958 ), #1436 ) ;
#798 = VERTEX_POINT ( 'NONE', #395 ) ;
#799 = FACE_OUTER_BOUND ( 'NONE', #84, .T. ) ;
#800 = PLANE ( 'NONE',  #356 ) ;
#801 = PRESENTATION_LAYER_ASSIGNMENT (  '', '', ( #979 ) ) ;
#802 = EDGE_CURVE ( 'NONE', #805, #404, #514, .T. ) ;
#803 = DIRECTION ( 'NONE',  ( 0.000000000000000000, 0.000000000000000000, -1.000000000000000000 ) ) ;
#804 = EDGE_CURVE ( 'NONE', #1585, #169, #180, .T. ) ;
#805 = VERTEX_POINT ( 'NONE', #147 ) ;
#806 = ORIENTED_EDGE ( 'NONE', *, *, #438, .T. ) ;
#807 = DIRECTION ( 'NONE',  ( 1.000000000000000000, -0.000000000000000000, 0.000000000000000000 ) ) ;
#808 = DIRECTION ( 'NONE',  ( -0.000000000000000000, -1.000000000000000000, -0.000000000000000000 ) ) ;
#809 = DIRECTION ( 'NONE',  ( -1.000000000000000000, 0.000000000000000000, 0.000000000000000000 ) ) ;
#810 = LINE ( 'NONE', #487, #1502 ) ;
#811 = ORIENTED_EDGE ( 'NONE', *, *, #823, .F. ) ;
#812 = ADVANCED_FACE ( 'NONE', ( #626 ), #283, .T. ) ;
#813 = DIRECTION ( 'NONE',  ( -0.000000000000000000, -1.000000000000000000, -0.000000000000000000 ) ) ;
#814 = ORIENTED_EDGE ( 'NONE', *, *, #1583, .T. ) ;
#815 = CARTESIAN_POINT ( 'NONE',  ( 5.700000000000000178, 0.5500000000000000444, -0.5500000000000000444 ) ) ;
#816 = LINE ( 'NONE', #697, #629 ) ;
#817 = DIRECTION ( 'NONE',  ( -0.000000000000000000, -1.000000000000000000, -0.000000000000000000 ) ) ;
#818 = CIRCLE ( 'NONE', #1390, 2.250000000000000444 ) ;
#819 = EDGE_CURVE ( 'NONE', #1530, #1190, #1253, .T. ) ;
#820 = VECTOR ( 'NONE', #786, 1000.000000000000000 ) ;
#821 = ORIENTED_EDGE ( 'NONE', *, *, #433, .T. ) ;
#822 = PLANE ( 'NONE',  #1497 ) ;
#823 = EDGE_CURVE ( 'NONE', #1578, #50, #973, .T. ) ;
#824 = TOROIDAL_SURFACE ( 'NONE', #359, 1.400000000000001465, 0.4000000000000000222 ) ;
#825 = VECTOR ( 'NONE', #564, 1000.000000000000000 ) ;
#826 =( NAMED_UNIT ( * ) SI_UNIT ( $, .STERADIAN. ) SOLID_ANGLE_UNIT ( ) );
#827 = DIRECTION ( 'NONE',  ( -0.000000000000000000, -0.000000000000000000, -1.000000000000000000 ) ) ;
#828 = EDGE_LOOP ( 'NONE', ( #522, #764, #1587, #1138 ) ) ;
#829 = ORIENTED_EDGE ( 'NONE', *, *, #498, .F. ) ;
#830 = CARTESIAN_POINT ( 'NONE',  ( 3.450000000000000178, 1.050000000000000044, -2.250000000000000000 ) ) ;
#831 = FACE_OUTER_BOUND ( 'NONE', #463, .T. ) ;
#832 = CARTESIAN_POINT ( 'NONE',  ( 5.700000000000000178, 0.5500000000000000444, -0.5500000000000000444 ) ) ;
#833 = CARTESIAN_POINT ( 'NONE',  ( -5.700000000000000178, 0.5500000000000000444, -0.5500000000000000444 ) ) ;
#834 = FILL_AREA_STYLE_COLOUR ( '', #505 ) ;
#835 = EDGE_CURVE ( 'NONE', #260, #509, #1124, .T. ) ;
#836 = EDGE_LOOP ( 'NONE', ( #821, #1066, #982, #513 ) ) ;
#837 = ORIENTED_EDGE ( 'NONE', *, *, #1343, .F. ) ;
#838 = DIRECTION ( 'NONE',  ( 1.000000000000000000, 0.000000000000000000, -0.000000000000000000 ) ) ;
#839 = ORIENTED_EDGE ( 'NONE', *, *, #345, .F. ) ;
#840 = CARTESIAN_POINT ( 'NONE',  ( -2.799999999999999378, 0.4500000000000000111, 0.4000000000000000222 ) ) ;
#841 = CARTESIAN_POINT ( 'NONE',  ( -6.349999999999999645, 0.3999999999999995781, 0.4000000000000000222 ) ) ;
#842 = LINE ( 'NONE', #867, #940 ) ;
#843 = AXIS2_PLACEMENT_3D ( 'NONE', #403, #890, #275 ) ;
#844 = CIRCLE ( 'NONE', #157, 0.3999999999999999667 ) ;
#845 = VERTEX_POINT ( 'NONE', #1264 ) ;
#846 = VECTOR ( 'NONE', #827, 1000.000000000000000 ) ;
#847 = CARTESIAN_POINT ( 'NONE',  ( 5.700000000000000178, 0.5500000000000000444, -0.5500000000000000444 ) ) ;
#848 = AXIS2_PLACEMENT_3D ( 'NONE', #332, #537, #88 ) ;
#849 = EDGE_CURVE ( 'NONE', #119, #260, #818, .T. ) ;
#850 = CARTESIAN_POINT ( 'NONE',  ( 2.749999999999999112, 0.4499999999999986788, -0.4000000000000000222 ) ) ;
#851 = EDGE_CURVE ( 'NONE', #1015, #155, #287, .T. ) ;
#852 = DIRECTION ( 'NONE',  ( 0.000000000000000000, 0.000000000000000000, 1.000000000000000000 ) ) ;
#853 = VERTEX_POINT ( 'NONE', #510 ) ;
#854 = CARTESIAN_POINT ( 'NONE',  ( 6.349999999999999645, 0.3999999999999967470, 0.4000000000000000222 ) ) ;
#855 = CARTESIAN_POINT ( 'NONE',  ( -2.349999999999999645, 0.5500000000000000444, 0.4000000000000000222 ) ) ;
#856 = LINE ( 'NONE', #1354, #1048 ) ;
#857 = DIRECTION ( 'NONE',  ( -4.336808689942016158E-15, 1.000000000000000000, 0.000000000000000000 ) ) ;
#858 = PLANE ( 'NONE',  #1365 ) ;
#859 = CARTESIAN_POINT ( 'NONE',  ( 5.700000000000000178, 0.000000000000000000, 2.250000000000000000 ) ) ;
#860 = ADVANCED_FACE ( 'NONE', ( #523 ), #1271, .T. ) ;
#861 = ORIENTED_EDGE ( 'NONE', *, *, #447, .T. ) ;
#862 = CARTESIAN_POINT ( 'NONE',  ( -5.700000000000000178, 0.8000000000000000444, 2.250000000000000000 ) ) ;
#863 = DIRECTION ( 'NONE',  ( 0.000000000000000000, 0.000000000000000000, -1.000000000000000000 ) ) ;
#864 = LINE ( 'NONE', #847, #60 ) ;
#865 = CARTESIAN_POINT ( 'NONE',  ( -3.250000000000000000, 1.199999999999999734, -1.800000000000001377 ) ) ;
#866 = ORIENTED_EDGE ( 'NONE', *, *, #66, .T. ) ;
#867 = CARTESIAN_POINT ( 'NONE',  ( -2.749999999999999556, 0.5500000000000000444, 0.4000000000000000222 ) ) ;
#868 = ADVANCED_FACE ( 'NONE', ( #1410 ), #800, .F. ) ;
#869 = ORIENTED_EDGE ( 'NONE', *, *, #8, .F. ) ;
#870 = AXIS2_PLACEMENT_3D ( 'NONE', #998, #1490, #751 ) ;
#871 = AXIS2_PLACEMENT_3D ( 'NONE', #316, #68, #179 ) ;
#872 = VECTOR ( 'NONE', #2, 1000.000000000000000 ) ;
#873 = FACE_OUTER_BOUND ( 'NONE', #725, .T. ) ;
#874 = VECTOR ( 'NONE', #266, 1000.000000000000000 ) ;
#875 = ORIENTED_EDGE ( 'NONE', *, *, #1196, .F. ) ;
#876 = DIRECTION ( 'NONE',  ( -1.000000000000000000, 0.000000000000000000, -0.000000000000000000 ) ) ;
#877 = VERTEX_POINT ( 'NONE', #767 ) ;
#878 = EDGE_CURVE ( 'NONE', #894, #369, #1522, .T. ) ;
#879 = CARTESIAN_POINT ( 'NONE',  ( 3.449999999999999734, 0.8000000000000000444, 2.250000000000000000 ) ) ;
#880 = CARTESIAN_POINT ( 'NONE',  ( -3.250000000000000000, 1.050000000000000044, -1.950000000000001510 ) ) ;
#881 = ORIENTED_EDGE ( 'NONE', *, *, #5, .T. ) ;
#882 = DIRECTION ( 'NONE',  ( 0.000000000000000000, 1.000000000000000000, 0.000000000000000000 ) ) ;
#883 = CARTESIAN_POINT ( 'NONE',  ( -2.799999999999999378, 0.4500000000000000111, 0.4000000000000000222 ) ) ;
#884 = CARTESIAN_POINT ( 'NONE',  ( -3.250000000000000000, 3.900000000000000799, 1.800000000000001377 ) ) ;
#885 = DIRECTION ( 'NONE',  ( 1.000000000000000000, 0.000000000000000000, -0.000000000000000000 ) ) ;
#886 = DIRECTION ( 'NONE',  ( -0.000000000000000000, 1.000000000000000000, -0.000000000000000000 ) ) ;
#887 = EDGE_CURVE ( 'NONE', #1274, #889, #1159, .T. ) ;
#888 = FACE_OUTER_BOUND ( 'NONE', #912, .T. ) ;
#889 = VERTEX_POINT ( 'NONE', #902 ) ;
#890 = DIRECTION ( 'NONE',  ( -0.000000000000000000, -0.000000000000000000, -1.000000000000000000 ) ) ;
#891 = ORIENTED_EDGE ( 'NONE', *, *, #217, .T. ) ;
#892 = SURFACE_STYLE_FILL_AREA ( #1381 ) ;
#893 = VECTOR ( 'NONE', #1108, 1000.000000000000000 ) ;
#894 = VERTEX_POINT ( 'NONE', #884 ) ;
#895 = ADVANCED_FACE ( 'NONE', ( #1511 ), #174, .T. ) ;
#896 = AXIS2_PLACEMENT_3D ( 'NONE', #1386, #1266, #165 ) ;
#897 = DIRECTION ( 'NONE',  ( -0.000000000000000000, -0.000000000000000000, -1.000000000000000000 ) ) ;
#898 = EDGE_CURVE ( 'NONE', #845, #971, #1147, .T. ) ;
#899 = VECTOR ( 'NONE', #1214, 1000.000000000000000 ) ;
#900 = MECHANICAL_DESIGN_GEOMETRIC_PRESENTATION_REPRESENTATION (  '', ( #1337 ), #162 ) ;
#901 = VERTEX_POINT ( 'NONE', #1011 ) ;
#902 = CARTESIAN_POINT ( 'NONE',  ( -2.349999999999999645, 0.5500000000000000444, -0.4000000000000000222 ) ) ;
#903 = EDGE_LOOP ( 'NONE', ( #1085, #723, #194, #1269 ) ) ;
#904 = CARTESIAN_POINT ( 'NONE',  ( 0.000000000000000000, 4.299999999999999822, 0.000000000000000000 ) ) ;
#905 = EDGE_CURVE ( 'NONE', #1408, #1578, #1517, .T. ) ;
#906 = ORIENTED_EDGE ( 'NONE', *, *, #898, .T. ) ;
#907 = DIRECTION ( 'NONE',  ( 0.000000000000000000, -0.000000000000000000, 1.000000000000000000 ) ) ;
#908 = MANIFOLD_SOLID_BREP ( 'Fillet2', #1174 ) ;
#909 = ORIENTED_EDGE ( 'NONE', *, *, #1546, .T. ) ;
#910 = LINE ( 'NONE', #796, #820 ) ;
#911 = DIRECTION ( 'NONE',  ( -1.000000000000000000, -1.374340782023878732E-16, 0.000000000000000000 ) ) ;
#912 = EDGE_LOOP ( 'NONE', ( #420, #1145, #492, #1244, #1403, #52, #1054, #1372 ) ) ;
#913 =( LENGTH_UNIT ( ) NAMED_UNIT ( * ) SI_UNIT ( .MILLI., .METRE. ) );
#914 = EDGE_CURVE ( 'NONE', #609, #311, #160, .T. ) ;
#915 = FILL_AREA_STYLE_COLOUR ( '', #435 ) ;
#916 = CARTESIAN_POINT ( 'NONE',  ( 5.700000000000000178, 0.8000000000000000444, 2.250000000000000000 ) ) ;
#917 = AXIS2_PLACEMENT_3D ( 'NONE', #1387, #49, #775 ) ;
#918 = VECTOR ( 'NONE', #108, 1000.000000000000000 ) ;
#919 = DIRECTION ( 'NONE',  ( 4.336808689942025625E-15, 1.000000000000000000, -0.000000000000000000 ) ) ;
#920 =( GEOMETRIC_REPRESENTATION_CONTEXT ( 3 ) GLOBAL_UNCERTAINTY_ASSIGNED_CONTEXT ( ( #79 ) ) GLOBAL_UNIT_ASSIGNED_CONTEXT ( ( #408, #1509, #152 ) ) REPRESENTATION_CONTEXT ( 'NONE', 'WORKASPACE' ) );
#921 = CYLINDRICAL_SURFACE ( 'NONE', #1152, 1.800000000000001377 ) ;
#922 = VECTOR ( 'NONE', #710, 1000.000000000000000 ) ;
#923 = AXIS2_PLACEMENT_3D ( 'NONE', #581, #474, #976 ) ;
#924 = ORIENTED_EDGE ( 'NONE', *, *, #549, .F. ) ;
#925 = FACE_OUTER_BOUND ( 'NONE', #182, .T. ) ;
#926 = CARTESIAN_POINT ( 'NONE',  ( 5.700000000000000178, 0.5500000000000000444, 0.5500000000000000444 ) ) ;
#927 = AXIS2_PLACEMENT_3D ( 'NONE', #9, #1224, #1232 ) ;
#928 = DIRECTION ( 'NONE',  ( -1.000000000000000000, 0.000000000000000000, 1.548860246407863336E-16 ) ) ;
#929 = DIRECTION ( 'NONE',  ( -0.000000000000000000, -0.000000000000000000, -1.000000000000000000 ) ) ;
#930 = ORIENTED_EDGE ( 'NONE', *, *, #613, .F. ) ;
#931 = DIRECTION ( 'NONE',  ( 0.000000000000000000, 0.000000000000000000, 1.000000000000000000 ) ) ;
#932 = CARTESIAN_POINT ( 'NONE',  ( -2.349999999999999645, 0.5500000000000000444, 0.4000000000000000222 ) ) ;
#933 = ADVANCED_FACE ( 'NONE', ( #660 ), #64, .T. ) ;
#934 = ORIENTED_EDGE ( 'NONE', *, *, #965, .F. ) ;
#935 = ADVANCED_FACE ( 'NONE', ( #831 ), #822, .F. ) ;
#936 = ORIENTED_EDGE ( 'NONE', *, *, #914, .F. ) ;
#937 = DIRECTION ( 'NONE',  ( -1.000000000000000000, -0.000000000000000000, -0.000000000000000000 ) ) ;
#938 = DIRECTION ( 'NONE',  ( 1.000000000000000000, -0.000000000000000000, 0.000000000000000000 ) ) ;
#939 = LINE ( 'NONE', #72, #575 ) ;
#940 = VECTOR ( 'NONE', #1359, 1000.000000000000000 ) ;
#941 = ORIENTED_EDGE ( 'NONE', *, *, #1142, .T. ) ;
#942 = CARTESIAN_POINT ( 'NONE',  ( 2.749999999999999556, 0.5499999999999984901, -0.4000000000000000222 ) ) ;
#943 = FACE_OUTER_BOUND ( 'NONE', #565, .T. ) ;
#944 = CLOSED_SHELL ( 'NONE', ( #153, #398, #1422, #1051, #1019, #868, #812, #691, #604, #533 ) ) ;
#945 = AXIS2_PLACEMENT_3D ( 'NONE', #1211, #1070, #1351 ) ;
#946 = FACE_OUTER_BOUND ( 'NONE', #990, .T. ) ;
#947 = VERTEX_POINT ( 'NONE', #1547 ) ;
#948 = CARTESIAN_POINT ( 'NONE',  ( -3.250000000000000000, 3.900000000000000799, 1.557245270445223111E-15 ) ) ;
#949 = DIRECTION ( 'NONE',  ( -1.000000000000000000, -1.374340782023878732E-16, 0.000000000000000000 ) ) ;
#950 = EDGE_CURVE ( 'NONE', #425, #1188, #555, .T. ) ;
#951 = ADVANCED_FACE ( 'NONE', ( #943 ), #1448, .F. ) ;
#952 = DIRECTION ( 'NONE',  ( 1.000000000000000000, 0.000000000000000000, -1.239088197126290324E-16 ) ) ;
#953 = CARTESIAN_POINT ( 'NONE',  ( 5.700000000000000178, 0.8000000000000000444, 2.250000000000000000 ) ) ;
#954 = ORIENTED_EDGE ( 'NONE', *, *, #401, .T. ) ;
#955 = PRODUCT_DEFINITION_SHAPE ( 'NONE', 'NONE',  #465 ) ;
#956 = CARTESIAN_POINT ( 'NONE',  ( 2.799999999999999378, 0.4499999999999986788, 0.4000000000000000222 ) ) ;
#957 = ORIENTED_EDGE ( 'NONE', *, *, #613, .T. ) ;
#958 = PRESENTATION_STYLE_ASSIGNMENT (( #1455 ) ) ;
#959 = ORIENTED_EDGE ( 'NONE', *, *, #175, .T. ) ;
#960 = DIRECTION ( 'NONE',  ( -0.000000000000000000, -1.000000000000000000, -0.000000000000000000 ) ) ;
#961 = FACE_OUTER_BOUND ( 'NONE', #315, .T. ) ;
#962 = ADVANCED_FACE ( 'NONE', ( #1443 ), #320, .F. ) ;
#963 = DIRECTION ( 'NONE',  ( -0.000000000000000000, -0.000000000000000000, -1.000000000000000000 ) ) ;
#964 = DIRECTION ( 'NONE',  ( 1.000000000000000000, 4.336808689942016158E-15, -0.000000000000000000 ) ) ;
#965 = EDGE_CURVE ( 'NONE', #703, #509, #816, .T. ) ;
#966 = ORIENTED_EDGE ( 'NONE', *, *, #296, .T. ) ;
#967 = LINE ( 'NONE', #1463, #1130 ) ;
#968 = ORIENTED_EDGE ( 'NONE', *, *, #496, .F. ) ;
#969 = CARTESIAN_POINT ( 'NONE',  ( 0.000000000000000000, 0.000000000000000000, 0.000000000000000000 ) ) ;
#970 = FACE_OUTER_BOUND ( 'NONE', #249, .T. ) ;
#971 = VERTEX_POINT ( 'NONE', #690 ) ;
#972 = DIRECTION ( 'NONE',  ( 0.000000000000000000, 0.000000000000000000, -1.000000000000000000 ) ) ;
#973 = CIRCLE ( 'NONE', #477, 2.250000000000000444 ) ;
#974 = CLOSED_SHELL ( 'NONE', ( #895, #741, #935, #962, #1572, #1501, #1558, #171, #622, #1424 ) ) ;
#975 = APPLICATION_CONTEXT ( 'automotive_design' ) ;
#976 = DIRECTION ( 'NONE',  ( 0.000000000000000000, 0.000000000000000000, 1.000000000000000000 ) ) ;
#977 = COLOUR_RGB ( '',0.7921568627450980005, 0.8196078431372548767, 0.9333333333333333481 ) ;
#978 = CARTESIAN_POINT ( 'NONE',  ( 3.449999999999999734, 1.050000000000000044, 2.981555974335137194E-16 ) ) ;
#979 = STYLED_ITEM ( 'NONE', ( #1476 ), #358 ) ;
#980 = LINE ( 'NONE', #1348, #1004 ) ;
#981 = CARTESIAN_POINT ( 'NONE',  ( 2.749999999999999112, 0.4499999999999986788, 0.4000000000000000222 ) ) ;
#982 = ORIENTED_EDGE ( 'NONE', *, *, #563, .F. ) ;
#983 = CARTESIAN_POINT ( 'NONE',  ( 2.799999999999999378, 0.4499999999999986788, 0.4000000000000000222 ) ) ;
#984 = LINE ( 'NONE', #253, #746 ) ;
#985 = CARTESIAN_POINT ( 'NONE',  ( 6.349999999999999645, 0.3999999999999967470, 0.4000000000000000222 ) ) ;
#986 = DIRECTION ( 'NONE',  ( -1.000000000000000000, 0.000000000000000000, 0.000000000000000000 ) ) ;
#987 = FACE_OUTER_BOUND ( 'NONE', #1564, .T. ) ;
#988 = EDGE_CURVE ( 'NONE', #1312, #877, #1186, .T. ) ;
#989 = DIRECTION ( 'NONE',  ( 1.000000000000000000, 0.000000000000000000, 0.000000000000000000 ) ) ;
#990 = EDGE_LOOP ( 'NONE', ( #177, #1319, #402, #1007 ) ) ;
#991 = DIRECTION ( 'NONE',  ( 0.000000000000000000, -1.000000000000000000, 0.000000000000000000 ) ) ;
#992 = CYLINDRICAL_SURFACE ( 'NONE', #154, 0.3999999999999999667 ) ;
#993 = ORIENTED_EDGE ( 'NONE', *, *, #368, .T. ) ;
#994 = DIRECTION ( 'NONE',  ( -0.000000000000000000, -0.000000000000000000, 1.000000000000000000 ) ) ;
#995 = EDGE_LOOP ( 'NONE', ( #1358, #341, #1122, #1555, #780, #362, #1388, #968 ) ) ;
#996 = CARTESIAN_POINT ( 'NONE',  ( -5.700000000000000178, 0.8000000000000000444, -2.250000000000000000 ) ) ;
#997 = ORIENTED_EDGE ( 'NONE', *, *, #1272, .F. ) ;
#998 = CARTESIAN_POINT ( 'NONE',  ( -3.250000000000000000, 19.32240644631605875, -1.800000000000001377 ) ) ;
#999 = CIRCLE ( 'NONE', #302, 0.4499999999999999001 ) ;
#1000 = CIRCLE ( 'NONE', #528, 1.950000000000001510 ) ;
#1001 = ORIENTED_EDGE ( 'NONE', *, *, #887, .T. ) ;
#1002 = VECTOR ( 'NONE', #991, 1000.000000000000000 ) ;
#1003 = LINE ( 'NONE', #1507, #631 ) ;
#1004 = VECTOR ( 'NONE', #144, 1000.000000000000000 ) ;
#1005 = AXIS2_PLACEMENT_3D ( 'NONE', #641, #1135, #33 ) ;
#1006 = FILL_AREA_STYLE ('',( #35 ) ) ;
#1007 = ORIENTED_EDGE ( 'NONE', *, *, #819, .T. ) ;
#1008 = CARTESIAN_POINT ( 'NONE',  ( 3.449999999999999734, 0.8000000000000000444, -2.250000000000000000 ) ) ;
#1009 = VERTEX_POINT ( 'NONE', #1317 ) ;
#1010 = EDGE_CURVE ( 'NONE', #369, #1241, #1323, .T. ) ;
#1011 = CARTESIAN_POINT ( 'NONE',  ( 3.250000000000000000, 4.299999999999999822, -1.399999999999999911 ) ) ;
#1012 = DIRECTION ( 'NONE',  ( 0.000000000000000000, 0.000000000000000000, -1.000000000000000000 ) ) ;
#1013 = DIRECTION ( 'NONE',  ( 0.000000000000000000, 0.000000000000000000, -1.000000000000000000 ) ) ;
#1014 = FACE_OUTER_BOUND ( 'NONE', #903, .T. ) ;
#1015 = VERTEX_POINT ( 'NONE', #215 ) ;
#1016 = DIRECTION ( 'NONE',  ( 4.336808689942025625E-15, 1.000000000000000000, -0.000000000000000000 ) ) ;
#1017 = ORIENTED_EDGE ( 'NONE', *, *, #1532, .T. ) ;
#1018 = CARTESIAN_POINT ( 'NONE',  ( -5.700000000000000178, 0.000000000000000000, 2.250000000000000000 ) ) ;
#1019 = ADVANCED_FACE ( 'NONE', ( #221 ), #1165, .F. ) ;
#1020 = LINE ( 'NONE', #1151, #681 ) ;
#1021 = DIRECTION ( 'NONE',  ( 1.000000000000000000, 0.000000000000000000, -6.285229985423214289E-17 ) ) ;
#1022 = ORIENTED_EDGE ( 'NONE', *, *, #1306, .F. ) ;
#1023 = DIRECTION ( 'NONE',  ( 4.336808689942018525E-15, 1.000000000000000000, -0.000000000000000000 ) ) ;
#1024 = AXIS2_PLACEMENT_3D ( 'NONE', #344, #1170, #337 ) ;
#1025 = ADVANCED_FACE ( 'NONE', ( #1191 ), #1433, .F. ) ;
#1026 = VECTOR ( 'NONE', #659, 1000.000000000000000 ) ;
#1027 = AXIS2_PLACEMENT_3D ( 'NONE', #706, #363, #1200 ) ;
#1028 = VECTOR ( 'NONE', #470, 1000.000000000000000 ) ;
#1029 = CARTESIAN_POINT ( 'NONE',  ( 5.700000000000000178, 0.8000000000000000444, -2.250000000000000000 ) ) ;
#1030 = EDGE_LOOP ( 'NONE', ( #530, #13, #1117, #1046 ) ) ;
#1031 = DIRECTION ( 'NONE',  ( -1.000000000000000000, -1.037536961463409257E-16, 0.000000000000000000 ) ) ;
#1032 = DIRECTION ( 'NONE',  ( 1.000000000000000000, 0.000000000000000000, 0.000000000000000000 ) ) ;
#1033 = EDGE_CURVE ( 'NONE', #611, #1241, #540, .T. ) ;
#1034 = EDGE_LOOP ( 'NONE', ( #318, #90, #323, #230 ) ) ;
#1035 = CARTESIAN_POINT ( 'NONE',  ( -2.799999999999999378, 0.4000000000000000777, 0.4000000000000000222 ) ) ;
#1036 = ORIENTED_EDGE ( 'NONE', *, *, #701, .F. ) ;
#1037 = DIRECTION ( 'NONE',  ( 0.000000000000000000, 0.000000000000000000, -1.000000000000000000 ) ) ;
#1038 = CARTESIAN_POINT ( 'NONE',  ( -2.799999999999999378, 0.4500000000000000111, -0.4000000000000000222 ) ) ;
#1039 = VERTEX_POINT ( 'NONE', #430 ) ;
#1040 = PLANE ( 'NONE',  #1360 ) ;
#1041 = CARTESIAN_POINT ( 'NONE',  ( -3.449999999999999289, 1.050000000000000044, 2.250000000000000888 ) ) ;
#1042 = EDGE_CURVE ( 'NONE', #1366, #419, #1420, .T. ) ;
#1043 = FACE_OUTER_BOUND ( 'NONE', #335, .T. ) ;
#1044 = AXIS2_PLACEMENT_3D ( 'NONE', #473, #247, #972 ) ;
#1045 = ORIENTED_EDGE ( 'NONE', *, *, #210, .F. ) ;
#1046 = ORIENTED_EDGE ( 'NONE', *, *, #77, .T. ) ;
#1047 = VECTOR ( 'NONE', #1090, 1000.000000000000000 ) ;
#1048 = VECTOR ( 'NONE', #355, 1000.000000000000000 ) ;
#1049 = FACE_OUTER_BOUND ( 'NONE', #178, .T. ) ;
#1050 = DIRECTION ( 'NONE',  ( -0.000000000000000000, 0.000000000000000000, -1.000000000000000000 ) ) ;
#1051 = ADVANCED_FACE ( 'NONE', ( #1290 ), #196, .F. ) ;
#1052 = UNCERTAINTY_MEASURE_WITH_UNIT (LENGTH_MEASURE( 1.000000000000000082E-05 ), #1208, 'distance_accuracy_value', 'NONE');
#1053 = LINE ( 'NONE', #1551, #846 ) ;
#1054 = ORIENTED_EDGE ( 'NONE', *, *, #114, .F. ) ;
#1055 = LINE ( 'NONE', #1425, #1198 ) ;
#1056 = ORIENTED_EDGE ( 'NONE', *, *, #124, .T. ) ;
#1057 = DIRECTION ( 'NONE',  ( -0.000000000000000000, -1.000000000000000000, -0.000000000000000000 ) ) ;
#1058 = DIRECTION ( 'NONE',  ( 1.000000000000000000, 1.037536961463409257E-16, -0.000000000000000000 ) ) ;
#1059 = EDGE_CURVE ( 'NONE', #1495, #336, #999, .T. ) ;
#1060 = ORIENTED_EDGE ( 'NONE', *, *, #1270, .F. ) ;
#1061 = ORIENTED_EDGE ( 'NONE', *, *, #1033, .T. ) ;
#1062 = DIRECTION ( 'NONE',  ( -1.000000000000000000, 0.000000000000000000, 0.000000000000000000 ) ) ;
#1063 = FILL_AREA_STYLE ('',( #915 ) ) ;
#1064 = DIRECTION ( 'NONE',  ( 0.000000000000000000, 0.000000000000000000, 1.000000000000000000 ) ) ;
#1065 = LINE ( 'NONE', #22, #1474 ) ;
#1066 = ORIENTED_EDGE ( 'NONE', *, *, #526, .T. ) ;
#1067 = ORIENTED_EDGE ( 'NONE', *, *, #988, .T. ) ;
#1068 = VECTOR ( 'NONE', #328, 1000.000000000000000 ) ;
#1069 = ORIENTED_EDGE ( 'NONE', *, *, #317, .F. ) ;
#1070 = DIRECTION ( 'NONE',  ( 0.000000000000000000, 0.000000000000000000, -1.000000000000000000 ) ) ;
#1071 = CARTESIAN_POINT ( 'NONE',  ( 3.250000000000000000, 19.32240644631605875, 1.800000000000002931 ) ) ;
#1072 = VECTOR ( 'NONE', #3, 1000.000000000000000 ) ;
#1073 = CARTESIAN_POINT ( 'NONE',  ( 3.250000000000000000, 1.050000000000000044, -1.949999999999999956 ) ) ;
#1074 = EDGE_CURVE ( 'NONE', #894, #1015, #432, .T. ) ;
#1075 = DIRECTION ( 'NONE',  ( 0.000000000000000000, 0.000000000000000000, 1.000000000000000000 ) ) ;
#1076 = DIRECTION ( 'NONE',  ( 1.000000000000000000, 0.000000000000000000, 0.000000000000000000 ) ) ;
#1077 = CARTESIAN_POINT ( 'NONE',  ( -5.700000000000000178, 0.8000000000000000444, -2.250000000000000000 ) ) ;
#1078 = EDGE_CURVE ( 'NONE', #47, #295, #209, .T. ) ;
#1079 = CARTESIAN_POINT ( 'NONE',  ( 2.199999999999999734, 0.5500000000000000444, 0.5500000000000004885 ) ) ;
#1080 = PLANE ( 'NONE',  #232 ) ;
#1081 = DIRECTION ( 'NONE',  ( -1.000000000000000000, 0.000000000000000000, 0.000000000000000000 ) ) ;
#1082 = ORIENTED_EDGE ( 'NONE', *, *, #546, .T. ) ;
#1083 = DIRECTION ( 'NONE',  ( -0.000000000000000000, -0.000000000000000000, -1.000000000000000000 ) ) ;
#1084 = CARTESIAN_POINT ( 'NONE',  ( 3.250000000000000000, 1.199999999999999734, -1.949999999999999956 ) ) ;
#1085 = ORIENTED_EDGE ( 'NONE', *, *, #1088, .T. ) ;
#1086 = FACE_OUTER_BOUND ( 'NONE', #1154, .T. ) ;
#1087 = CARTESIAN_POINT ( 'NONE',  ( -2.799999999999999378, 0.3999999999999997446, 0.4000000000000000222 ) ) ;
#1088 = EDGE_CURVE ( 'NONE', #1189, #425, #228, .T. ) ;
#1089 = DIRECTION ( 'NONE',  ( 1.000000000000000000, -5.421010862427527100E-16, 0.000000000000000000 ) ) ;
#1090 = DIRECTION ( 'NONE',  ( -1.000000000000000000, -0.000000000000000000, -0.000000000000000000 ) ) ;
#1091 = ORIENTED_EDGE ( 'NONE', *, *, #296, .F. ) ;
#1092 = ORIENTED_EDGE ( 'NONE', *, *, #217, .F. ) ;
#1093 = VERTEX_POINT ( 'NONE', #656 ) ;
#1094 = LINE ( 'NONE', #1303, #825 ) ;
#1095 = APPLICATION_PROTOCOL_DEFINITION ( 'draft international standard', 'automotive_design', 1998, #975 ) ;
#1096 = DIRECTION ( 'NONE',  ( 0.000000000000000000, 0.000000000000000000, 1.000000000000000000 ) ) ;
#1097 = VERTEX_POINT ( 'NONE', #83 ) ;
#1098 = CARTESIAN_POINT ( 'NONE',  ( -2.199999999999999734, 0.000000000000000000, 0.5500000000000004885 ) ) ;
#1099 = CARTESIAN_POINT ( 'NONE',  ( 2.799999999999999378, -1.129587379705827811E-15, 0.4000000000000000222 ) ) ;
#1100 = AXIS2_PLACEMENT_3D ( 'NONE', #517, #191, #397 ) ;
#1101 = LINE ( 'NONE', #1339, #506 ) ;
#1102 = LINE ( 'NONE', #700, #1441 ) ;
#1103 = EDGE_CURVE ( 'NONE', #1146, #971, #1268, .T. ) ;
#1104 = MECHANICAL_DESIGN_GEOMETRIC_PRESENTATION_REPRESENTATION (  '', ( #979 ), #263 ) ;
#1105 = CYLINDRICAL_SURFACE ( 'NONE', #45, 0.1499999999999999667 ) ;
#1106 = DIRECTION ( 'NONE',  ( -1.000000000000000000, 4.336808689942026413E-15, 0.000000000000000000 ) ) ;
#1107 = ORIENTED_EDGE ( 'NONE', *, *, #1250, .F. ) ;
#1108 = DIRECTION ( 'NONE',  ( -0.000000000000000000, -0.000000000000000000, -1.000000000000000000 ) ) ;
#1109 = ORIENTED_EDGE ( 'NONE', *, *, #1132, .T. ) ;
#1110 = DIRECTION ( 'NONE',  ( 1.000000000000000000, -0.000000000000000000, -0.000000000000000000 ) ) ;
#1111 = CARTESIAN_POINT ( 'NONE',  ( -2.199999999999999734, 0.5500000000000000444, 0.5500000000000004885 ) ) ;
#1112 = ORIENTED_EDGE ( 'NONE', *, *, #1479, .F. ) ;
#1113 = EDGE_CURVE ( 'NONE', #695, #678, #1055, .T. ) ;
#1114 = ORIENTED_EDGE ( 'NONE', *, *, #1209, .T. ) ;
#1115 = ORIENTED_EDGE ( 'NONE', *, *, #227, .F. ) ;
#1116 = CARTESIAN_POINT ( 'NONE',  ( 3.250000000000000000, 19.32240644631605875, -1.800000000000001377 ) ) ;
#1117 = ORIENTED_EDGE ( 'NONE', *, *, #322, .F. ) ;
#1118 = DIRECTION ( 'NONE',  ( -0.000000000000000000, -0.000000000000000000, -1.000000000000000000 ) ) ;
#1119 = ORIENTED_EDGE ( 'NONE', *, *, #1353, .T. ) ;
#1120 = SURFACE_STYLE_FILL_AREA ( #1006 ) ;
#1121 = ADVANCED_FACE ( 'NONE', ( #442 ), #921, .T. ) ;
#1122 = ORIENTED_EDGE ( 'NONE', *, *, #290, .F. ) ;
#1123 = CARTESIAN_POINT ( 'NONE',  ( -5.700000000000000178, 0.5500000000000000444, -0.5500000000000000444 ) ) ;
#1124 = LINE ( 'NONE', #1008, #429 ) ;
#1125 = VECTOR ( 'NONE', #949, 1000.000000000000000 ) ;
#1126 = CARTESIAN_POINT ( 'NONE',  ( -2.349999999999999645, 0.4500000000000000666, 0.4000000000000000222 ) ) ;
#1127 = DIRECTION ( 'NONE',  ( 1.000000000000000000, -0.000000000000000000, 0.000000000000000000 ) ) ;
#1128 = DIRECTION ( 'NONE',  ( 0.000000000000000000, 1.000000000000000000, 0.000000000000000000 ) ) ;
#1129 = AXIS2_PLACEMENT_3D ( 'NONE', #614, #724, #118 ) ;
#1130 = VECTOR ( 'NONE', #357, 1000.000000000000000 ) ;
#1131 = CARTESIAN_POINT ( 'NONE',  ( 2.749999999999999556, 0.5499999999999984901, 0.4000000000000000222 ) ) ;
#1132 = EDGE_CURVE ( 'NONE', #169, #14, #781, .T. ) ;
#1133 = ORIENTED_EDGE ( 'NONE', *, *, #823, .T. ) ;
#1134 = EDGE_CURVE ( 'NONE', #1378, #774, #645, .T. ) ;
#1135 = DIRECTION ( 'NONE',  ( 1.000000000000000000, 0.000000000000000000, 0.000000000000000000 ) ) ;
#1136 = FACE_OUTER_BOUND ( 'NONE', #752, .T. ) ;
#1137 = PRESENTATION_STYLE_ASSIGNMENT (( #633 ) ) ;
#1138 = ORIENTED_EDGE ( 'NONE', *, *, #965, .T. ) ;
#1139 = CARTESIAN_POINT ( 'NONE',  ( -5.700000000000000178, 0.8000000000000000444, -2.250000000000000000 ) ) ;
#1140 = ORIENTED_EDGE ( 'NONE', *, *, #418, .T. ) ;
#1141 = DIRECTION ( 'NONE',  ( -1.000000000000000000, -0.000000000000000000, -1.239088197126290570E-16 ) ) ;
#1142 = EDGE_CURVE ( 'NONE', #1241, #270, #1230, .T. ) ;
#1143 = CARTESIAN_POINT ( 'NONE',  ( -5.700000000000000178, 0.8000000000000000444, 2.250000000000000000 ) ) ;
#1144 = DIRECTION ( 'NONE',  ( -1.000000000000000000, 0.000000000000000000, 0.000000000000000000 ) ) ;
#1145 = ORIENTED_EDGE ( 'NONE', *, *, #348, .F. ) ;
#1146 = VERTEX_POINT ( 'NONE', #635 ) ;
#1147 = LINE ( 'NONE', #1018, #1329 ) ;
#1148 = VECTOR ( 'NONE', #459, 1000.000000000000000 ) ;
#1149 = UNCERTAINTY_MEASURE_WITH_UNIT (LENGTH_MEASURE( 1.000000000000000082E-05 ), #461, 'distance_accuracy_value', 'NONE');
#1150 = EDGE_CURVE ( 'NONE', #644, #1305, #1531, .T. ) ;
#1151 = CARTESIAN_POINT ( 'NONE',  ( 2.799999999999999378, -1.129587379705827811E-15, 0.4000000000000000222 ) ) ;
#1152 = AXIS2_PLACEMENT_3D ( 'NONE', #1398, #813, #1296 ) ;
#1153 = EDGE_CURVE ( 'NONE', #714, #369, #257, .T. ) ;
#1154 = EDGE_LOOP ( 'NONE', ( #568, #634, #1397, #735 ) ) ;
#1155 = CARTESIAN_POINT ( 'NONE',  ( -2.199999999999999734, 0.5500000000000000444, 0.5500000000000004885 ) ) ;
#1156 = CIRCLE ( 'NONE', #453, 0.05000000000000012768 ) ;
#1157 = EDGE_LOOP ( 'NONE', ( #1342, #222, #1534, #1350 ) ) ;
#1158 = PLANE ( 'NONE',  #1281 ) ;
#1159 = LINE ( 'NONE', #51, #543 ) ;
#1160 = DIRECTION ( 'NONE',  ( -0.000000000000000000, -0.000000000000000000, -1.000000000000000000 ) ) ;
#1161 = ORIENTED_EDGE ( 'NONE', *, *, #515, .T. ) ;
#1162 = EDGE_CURVE ( 'NONE', #419, #1190, #910, .T. ) ;
#1163 = ORIENTED_EDGE ( 'NONE', *, *, #456, .T. ) ;
#1164 = CARTESIAN_POINT ( 'NONE',  ( -3.250000000000000000, 1.050000000000000044, 1.557245270445223111E-15 ) ) ;
#1165 = PLANE ( 'NONE',  #1357 ) ;
#1166 = CARTESIAN_POINT ( 'NONE',  ( 5.700000000000000178, 0.000000000000000000, -2.250000000000000000 ) ) ;
#1167 = ORIENTED_EDGE ( 'NONE', *, *, #1477, .T. ) ;
#1168 = ORIENTED_EDGE ( 'NONE', *, *, #1377, .F. ) ;
#1169 = DIRECTION ( 'NONE',  ( 0.000000000000000000, -0.000000000000000000, 1.000000000000000000 ) ) ;
#1170 = DIRECTION ( 'NONE',  ( -5.650067659431501425E-16, -1.000000000000000000, 0.000000000000000000 ) ) ;
#1171 = SURFACE_STYLE_USAGE ( .BOTH. , #313 ) ;
#1172 = CARTESIAN_POINT ( 'NONE',  ( 2.799999999999999378, -1.129587379705827811E-15, 0.4000000000000000222 ) ) ;
#1173 = VECTOR ( 'NONE', #636, 1000.000000000000000 ) ;
#1174 = CLOSED_SHELL ( 'NONE', ( #1288, #1025, #407, #1430, #1294, #55, #1295, #1385, #1121, #670, #86, #860, #1374, #693, #663, #1440, #1464, #577, #567 ) ) ;
#1175 = EDGE_LOOP ( 'NONE', ( #1560, #1470, #26, #959 ) ) ;
#1176 = VECTOR ( 'NONE', #576, 1000.000000000000000 ) ;
#1177 =( GEOMETRIC_REPRESENTATION_CONTEXT ( 3 ) GLOBAL_UNCERTAINTY_ASSIGNED_CONTEXT ( ( #556 ) ) GLOBAL_UNIT_ASSIGNED_CONTEXT ( ( #1324, #1292, #698 ) ) REPRESENTATION_CONTEXT ( 'NONE', 'WORKASPACE' ) );
#1178 = ORIENTED_EDGE ( 'NONE', *, *, #762, .T. ) ;
#1179 = CARTESIAN_POINT ( 'NONE',  ( -3.250000000000000000, 1.199999999999999734, -1.950000000000001510 ) ) ;
#1180 = EDGE_CURVE ( 'NONE', #1493, #609, #1275, .T. ) ;
#1181 = CARTESIAN_POINT ( 'NONE',  ( -3.250000000000000000, 3.900000000000000799, 1.557245270445223111E-15 ) ) ;
#1182 = EDGE_CURVE ( 'NONE', #853, #877, #586, .T. ) ;
#1183 = LINE ( 'NONE', #932, #661 ) ;
#1184 = ORIENTED_EDGE ( 'NONE', *, *, #804, .T. ) ;
#1185 = ORIENTED_EDGE ( 'NONE', *, *, #290, .T. ) ;
#1186 = LINE ( 'NONE', #833, #1148 ) ;
#1187 = DIRECTION ( 'NONE',  ( -0.000000000000000000, -0.000000000000000000, -1.000000000000000000 ) ) ;
#1188 = VERTEX_POINT ( 'NONE', #1401 ) ;
#1189 = VERTEX_POINT ( 'NONE', #1519 ) ;
#1190 = VERTEX_POINT ( 'NONE', #1429 ) ;
#1191 = FACE_OUTER_BOUND ( 'NONE', #87, .T. ) ;
#1192 = FACE_OUTER_BOUND ( 'NONE', #1247, .T. ) ;
#1193 = EDGE_CURVE ( 'NONE', #1097, #252, #810, .T. ) ;
#1194 = VERTEX_POINT ( 'NONE', #28 ) ;
#1195 = AXIS2_PLACEMENT_3D ( 'NONE', #1220, #707, #1201 ) ;
#1196 = EDGE_CURVE ( 'NONE', #404, #1305, #592, .T. ) ;
#1197 = AXIS2_PLACEMENT_3D ( 'NONE', #400, #1536, #1249 ) ;
#1198 = VECTOR ( 'NONE', #62, 1000.000000000000000 ) ;
#1199 = EDGE_LOOP ( 'NONE', ( #675, #74, #417, #1239 ) ) ;
#1200 = DIRECTION ( 'NONE',  ( 0.000000000000000000, 0.000000000000000000, -1.000000000000000000 ) ) ;
#1201 = DIRECTION ( 'NONE',  ( 0.000000000000000000, 0.000000000000000000, 1.000000000000000000 ) ) ;
#1202 = VECTOR ( 'NONE', #562, 1000.000000000000000 ) ;
#1203 = AXIS2_PLACEMENT_3D ( 'NONE', #1084, #468, #709 ) ;
#1204 = VECTOR ( 'NONE', #377, 1000.000000000000000 ) ;
#1205 = LINE ( 'NONE', #27, #361 ) ;
#1206 = ORIENTED_EDGE ( 'NONE', *, *, #1518, .T. ) ;
#1207 = DIRECTION ( 'NONE',  ( 0.000000000000000000, 0.000000000000000000, 1.000000000000000000 ) ) ;
#1208 =( LENGTH_UNIT ( ) NAMED_UNIT ( * ) SI_UNIT ( .MILLI., .METRE. ) );
#1209 = EDGE_CURVE ( 'NONE', #695, #276, #426, .T. ) ;
#1210 = CARTESIAN_POINT ( 'NONE',  ( -6.349999999999999645, -3.683256213195106868E-16, 0.4000000000000000222 ) ) ;
#1211 = CARTESIAN_POINT ( 'NONE',  ( -3.250000000000000000, 19.32240644631605875, 1.800000000000001377 ) ) ;
#1212 = CARTESIAN_POINT ( 'NONE',  ( 5.700000000000000178, 0.000000000000000000, -0.5500000000000000444 ) ) ;
#1213 = DIRECTION ( 'NONE',  ( 0.000000000000000000, 1.000000000000000000, 0.000000000000000000 ) ) ;
#1214 = DIRECTION ( 'NONE',  ( 4.336808689942023258E-15, -1.000000000000000000, 0.000000000000000000 ) ) ;
#1215 = LINE ( 'NONE', #1087, #1204 ) ;
#1216 = EDGE_LOOP ( 'NONE', ( #1328, #875, #1462, #785 ) ) ;
#1217 = DIRECTION ( 'NONE',  ( -1.000000000000000000, 0.000000000000000000, 0.000000000000000000 ) ) ;
#1218 = ORIENTED_EDGE ( 'NONE', *, *, #1488, .T. ) ;
#1219 = LINE ( 'NONE', #1345, #772 ) ;
#1220 = CARTESIAN_POINT ( 'NONE',  ( 3.250000000000000000, 1.050000000000000044, 1.557245270445223308E-15 ) ) ;
#1221 = EDGE_CURVE ( 'NONE', #901, #1009, #1383, .T. ) ;
#1222 = LINE ( 'NONE', #721, #1554 ) ;
#1223 =( NAMED_UNIT ( * ) SI_UNIT ( $, .STERADIAN. ) SOLID_ANGLE_UNIT ( ) );
#1224 = DIRECTION ( 'NONE',  ( 0.000000000000000000, 1.000000000000000000, 0.000000000000000000 ) ) ;
#1225 = DIRECTION ( 'NONE',  ( 0.000000000000000000, 1.000000000000000000, 0.000000000000000000 ) ) ;
#1226 = DIRECTION ( 'NONE',  ( -4.336808689942026413E-15, -1.000000000000000000, 0.000000000000000000 ) ) ;
#1227 = AXIS2_PLACEMENT_3D ( 'NONE', #76, #312, #1428 ) ;
#1228 = ORIENTED_EDGE ( 'NONE', *, *, #298, .T. ) ;
#1229 = DIRECTION ( 'NONE',  ( -0.000000000000000000, -0.000000000000000000, 1.000000000000000000 ) ) ;
#1230 = CIRCLE ( 'NONE', #37, 1.800000000000001377 ) ;
#1231 = DIRECTION ( 'NONE',  ( -0.000000000000000000, -1.000000000000000000, -0.000000000000000000 ) ) ;
#1232 = DIRECTION ( 'NONE',  ( 0.000000000000000000, 0.000000000000000000, 1.000000000000000000 ) ) ;
#1233 = ORIENTED_EDGE ( 'NONE', *, *, #1252, .F. ) ;
#1234 = DIRECTION ( 'NONE',  ( -1.000000000000000000, 5.650067659431501425E-16, -0.000000000000000000 ) ) ;
#1235 = ORIENTED_EDGE ( 'NONE', *, *, #1512, .F. ) ;
#1236 = CARTESIAN_POINT ( 'NONE',  ( -2.749999999999999556, 0.5500000000000000444, 0.4000000000000000222 ) ) ;
#1237 = PLANE ( 'NONE',  #1255 ) ;
#1238 = DIRECTION ( 'NONE',  ( 0.000000000000000000, -1.000000000000000000, 0.000000000000000000 ) ) ;
#1239 = ORIENTED_EDGE ( 'NONE', *, *, #726, .T. ) ;
#1240 = CARTESIAN_POINT ( 'NONE',  ( 2.799999999999999378, 0.4499999999999986788, 0.4000000000000000222 ) ) ;
#1241 = VERTEX_POINT ( 'NONE', #679 ) ;
#1242 = CARTESIAN_POINT ( 'NONE',  ( 2.799999999999999378, 0.3999999999999984679, -0.4000000000000000222 ) ) ;
#1243 = SURFACE_SIDE_STYLE ('',( #1251 ) ) ;
#1244 = ORIENTED_EDGE ( 'NONE', *, *, #1150, .F. ) ;
#1245 = DIRECTION ( 'NONE',  ( -0.000000000000000000, -0.000000000000000000, -1.000000000000000000 ) ) ;
#1246 = PLANE ( 'NONE',  #917 ) ;
#1247 = EDGE_LOOP ( 'NONE', ( #1520, #829, #658, #100 ) ) ;
#1248 = FACE_OUTER_BOUND ( 'NONE', #443, .T. ) ;
#1249 = DIRECTION ( 'NONE',  ( 0.000000000000000000, 0.000000000000000000, -1.000000000000000000 ) ) ;
#1250 = EDGE_CURVE ( 'NONE', #1039, #1431, #1000, .T. ) ;
#1251 = SURFACE_STYLE_FILL_AREA ( #763 ) ;
#1252 = EDGE_CURVE ( 'NONE', #714, #1431, #306, .T. ) ;
#1253 = LINE ( 'NONE', #1261, #1412 ) ;
#1254 = EDGE_LOOP ( 'NONE', ( #1061, #941, #268, #542 ) ) ;
#1255 = AXIS2_PLACEMENT_3D ( 'NONE', #855, #386, #619 ) ;
#1256 = CIRCLE ( 'NONE', #1439, 0.1499999999999999667 ) ;
#1257 = FACE_OUTER_BOUND ( 'NONE', #627, .T. ) ;
#1258 = AXIS2_PLACEMENT_3D ( 'NONE', #44, #1238, #511 ) ;
#1259 = PRESENTATION_LAYER_ASSIGNMENT (  '', '', ( #1337 ) ) ;
#1260 = ORIENTED_EDGE ( 'NONE', *, *, #1153, .F. ) ;
#1261 = CARTESIAN_POINT ( 'NONE',  ( 2.199999999999999734, 0.5500000000000000444, 0.5500000000000004885 ) ) ;
#1262 = ADVANCED_FACE ( 'NONE', ( #925 ), #1040, .F. ) ;
#1263 = EDGE_LOOP ( 'NONE', ( #516, #324, #595, #585 ) ) ;
#1264 = CARTESIAN_POINT ( 'NONE',  ( -5.700000000000000178, 0.000000000000000000, 0.5500000000000000444 ) ) ;
#1265 = DIRECTION ( 'NONE',  ( -0.000000000000000000, -0.000000000000000000, -1.000000000000000000 ) ) ;
#1266 = DIRECTION ( 'NONE',  ( 0.000000000000000000, 0.000000000000000000, 1.000000000000000000 ) ) ;
#1267 = ORIENTED_EDGE ( 'NONE', *, *, #168, .T. ) ;
#1268 = LINE ( 'NONE', #424, #743 ) ;
#1269 = ORIENTED_EDGE ( 'NONE', *, *, #498, .T. ) ;
#1270 = EDGE_CURVE ( 'NONE', #295, #853, #1419, .T. ) ;
#1271 = CYLINDRICAL_SURFACE ( 'NONE', #1100, 0.3999999999999999667 ) ;
#1272 = EDGE_CURVE ( 'NONE', #384, #1489, #277, .T. ) ;
#1273 = CARTESIAN_POINT ( 'NONE',  ( 6.349999999999999645, -2.930068428866655556E-15, -0.4000000000000000222 ) ) ;
#1274 = VERTEX_POINT ( 'NONE', #1310 ) ;
#1275 = LINE ( 'NONE', #1155, #918 ) ;
#1276 = VERTEX_POINT ( 'NONE', #195 ) ;
#1277 = CARTESIAN_POINT ( 'NONE',  ( -5.700000000000000178, 0.000000000000000000, -2.250000000000000000 ) ) ;
#1278 = DIRECTION ( 'NONE',  ( 1.000000000000000000, 0.000000000000000000, -1.257045997084642858E-16 ) ) ;
#1279 = ADVANCED_FACE ( 'NONE', ( #1049 ), #1158, .F. ) ;
#1280 = FACE_OUTER_BOUND ( 'NONE', #326, .T. ) ;
#1281 = AXIS2_PLACEMENT_3D ( 'NONE', #689, #807, #1012 ) ;
#1282 = CIRCLE ( 'NONE', #1335, 2.250000000000000888 ) ;
#1283 = ORIENTED_EDGE ( 'NONE', *, *, #726, .F. ) ;
#1284 = ORIENTED_EDGE ( 'NONE', *, *, #515, .F. ) ;
#1285 = DIRECTION ( 'NONE',  ( 0.000000000000000000, 0.000000000000000000, 1.000000000000000000 ) ) ;
#1286 = DIRECTION ( 'NONE',  ( -0.000000000000000000, -0.000000000000000000, 1.000000000000000000 ) ) ;
#1287 = DIRECTION ( 'NONE',  ( -1.000000000000000000, 0.000000000000000000, 0.000000000000000000 ) ) ;
#1288 = ADVANCED_FACE ( 'NONE', ( #183 ), #1513, .T. ) ;
#1289 = CARTESIAN_POINT ( 'NONE',  ( -3.449999999999999289, 1.050000000000000044, 0.000000000000000000 ) ) ;
#1290 = FACE_OUTER_BOUND ( 'NONE', #1263, .T. ) ;
#1291 = UNCERTAINTY_MEASURE_WITH_UNIT (LENGTH_MEASURE( 1.000000000000000082E-05 ), #913, 'distance_accuracy_value', 'NONE');
#1292 =( NAMED_UNIT ( * ) PLANE_ANGLE_UNIT ( ) SI_UNIT ( $, .RADIAN. ) );
#1293 = CARTESIAN_POINT ( 'NONE',  ( -5.700000000000000178, 0.8000000000000000444, -2.250000000000000000 ) ) ;
#1294 = ADVANCED_FACE ( 'NONE', ( #304, #799 ), #666, .T. ) ;
#1295 = ADVANCED_FACE ( 'NONE', ( #75 ), #545, .T. ) ;
#1296 = DIRECTION ( 'NONE',  ( 0.000000000000000000, 0.000000000000000000, -1.000000000000000000 ) ) ;
#1297 = ORIENTED_EDGE ( 'NONE', *, *, #1318, .F. ) ;
#1298 = CARTESIAN_POINT ( 'NONE',  ( -3.250000000000000000, 4.299999999999999822, -1.400000000000001465 ) ) ;
#1299 = DIRECTION ( 'NONE',  ( 1.374340782023878732E-16, -1.000000000000000000, 0.000000000000000000 ) ) ;
#1300 = CARTESIAN_POINT ( 'NONE',  ( 3.450000000000000178, 0.8000000000000000444, -2.250000000000000000 ) ) ;
#1301 = COLOUR_RGB ( '',0.7921568627450980005, 0.8196078431372548767, 0.9333333333333333481 ) ;
#1302 = VECTOR ( 'NONE', #1352, 1000.000000000000000 ) ;
#1303 = CARTESIAN_POINT ( 'NONE',  ( -2.749999999999999556, 0.5500000000000000444, -0.4000000000000000222 ) ) ;
#1304 = VECTOR ( 'NONE', #886, 1000.000000000000000 ) ;
#1305 = VERTEX_POINT ( 'NONE', #942 ) ;
#1306 = EDGE_CURVE ( 'NONE', #877, #455, #1219, .T. ) ;
#1307 = VECTOR ( 'NONE', #1480, 1000.000000000000000 ) ;
#1308 = CIRCLE ( 'NONE', #1005, 0.3999999999999999667 ) ;
#1309 = ORIENTED_EDGE ( 'NONE', *, *, #378, .T. ) ;
#1310 = CARTESIAN_POINT ( 'NONE',  ( -2.349999999999999645, 0.4500000000000000666, -0.4000000000000000222 ) ) ;
#1311 = DIRECTION ( 'NONE',  ( 0.000000000000000000, 0.000000000000000000, 1.000000000000000000 ) ) ;
#1312 = VERTEX_POINT ( 'NONE', #600 ) ;
#1313 = LINE ( 'NONE', #203, #1202 ) ;
#1314 = VERTEX_POINT ( 'NONE', #1098 ) ;
#1315 = VERTEX_POINT ( 'NONE', #854 ) ;
#1316 = LINE ( 'NONE', #729, #683 ) ;
#1317 = CARTESIAN_POINT ( 'NONE',  ( -3.250000000000000000, 4.299999999999999822, -1.400000000000001465 ) ) ;
#1318 = EDGE_CURVE ( 'NONE', #50, #260, #560, .T. ) ;
#1319 = ORIENTED_EDGE ( 'NONE', *, *, #1113, .F. ) ;
#1320 = PLANE ( 'NONE',  #1525 ) ;
#1321 = ORIENTED_EDGE ( 'NONE', *, *, #282, .F. ) ;
#1322 = ORIENTED_EDGE ( 'NONE', *, *, #338, .T. ) ;
#1323 = LINE ( 'NONE', #96, #450 ) ;
#1324 =( LENGTH_UNIT ( ) NAMED_UNIT ( * ) SI_UNIT ( .MILLI., .METRE. ) );
#1325 = CARTESIAN_POINT ( 'NONE',  ( 2.349999999999999645, 0.5499999999999987121, -0.4000000000000000222 ) ) ;
#1326 = EDGE_CURVE ( 'NONE', #588, #1241, #1256, .T. ) ;
#1327 = CARTESIAN_POINT ( 'NONE',  ( 3.250000000000000000, 3.900000000000000799, 1.800000000000002931 ) ) ;
#1328 = ORIENTED_EDGE ( 'NONE', *, *, #1150, .T. ) ;
#1329 = VECTOR ( 'NONE', #1286, 1000.000000000000000 ) ;
#1330 = PLANE ( 'NONE',  #1526 ) ;
#1331 = LINE ( 'NONE', #236, #872 ) ;
#1332 = DIRECTION ( 'NONE',  ( -0.000000000000000000, -0.000000000000000000, -1.000000000000000000 ) ) ;
#1333 = LINE ( 'NONE', #103, #603 ) ;
#1334 = AXIS2_PLACEMENT_3D ( 'NONE', #1384, #188, #662 ) ;
#1335 = AXIS2_PLACEMENT_3D ( 'NONE', #1356, #1580, #1096 ) ;
#1336 = VECTOR ( 'NONE', #745, 1000.000000000000000 ) ;
#1337 = STYLED_ITEM ( 'NONE', ( #1413 ), #126 ) ;
#1338 = ORIENTED_EDGE ( 'NONE', *, *, #773, .F. ) ;
#1339 = CARTESIAN_POINT ( 'NONE',  ( -2.799999999999999378, -3.851859888774471706E-31, -0.4000000000000000222 ) ) ;
#1340 = FACE_OUTER_BOUND ( 'NONE', #995, .T. ) ;
#1341 = ORIENTED_EDGE ( 'NONE', *, *, #507, .F. ) ;
#1342 = ORIENTED_EDGE ( 'NONE', *, *, #1326, .F. ) ;
#1343 = EDGE_CURVE ( 'NONE', #609, #1314, #1316, .T. ) ;
#1344 = CYLINDRICAL_SURFACE ( 'NONE', #1392, 0.1499999999999999667 ) ;
#1345 = CARTESIAN_POINT ( 'NONE',  ( -5.700000000000000178, 0.000000000000000000, -0.5500000000000000444 ) ) ;
#1346 = CARTESIAN_POINT ( 'NONE',  ( 0.000000000000000000, 3.899999999999999911, 1.400000000000001465 ) ) ;
#1347 = CARTESIAN_POINT ( 'NONE',  ( 2.749999999999999556, 0.5499999999999984901, 0.4000000000000000222 ) ) ;
#1348 = CARTESIAN_POINT ( 'NONE',  ( 3.449999999999999734, 1.050000000000000044, -2.250000000000000000 ) ) ;
#1349 = CARTESIAN_POINT ( 'NONE',  ( 2.799999999999999378, -1.129587379705827811E-15, 0.4000000000000000222 ) ) ;
#1350 = ORIENTED_EDGE ( 'NONE', *, *, #1142, .F. ) ;
#1351 = DIRECTION ( 'NONE',  ( -1.000000000000000000, 0.000000000000000000, -0.000000000000000000 ) ) ;
#1352 = DIRECTION ( 'NONE',  ( -1.000000000000000000, -0.000000000000000000, -0.000000000000000000 ) ) ;
#1353 = EDGE_CURVE ( 'NONE', #1093, #1315, #984, .T. ) ;
#1354 = CARTESIAN_POINT ( 'NONE',  ( 2.349999999999999645, 0.5499999999999987121, 0.4000000000000000222 ) ) ;
#1355 = DIRECTION ( 'NONE',  ( -0.000000000000000000, 0.000000000000000000, -1.000000000000000000 ) ) ;
#1356 = CARTESIAN_POINT ( 'NONE',  ( -3.449999999999999289, 0.8000000000000000444, 0.000000000000000000 ) ) ;
#1357 = AXIS2_PLACEMENT_3D ( 'NONE', #71, #547, #1050 ) ;
#1358 = ORIENTED_EDGE ( 'NONE', *, *, #401, .F. ) ;
#1359 = DIRECTION ( 'NONE',  ( -1.000000000000000000, -0.000000000000000000, -0.000000000000000000 ) ) ;
#1360 = AXIS2_PLACEMENT_3D ( 'NONE', #1427, #554, #319 ) ;
#1361 = ORIENTED_EDGE ( 'NONE', *, *, #1042, .F. ) ;
#1362 = AXIS2_PLACEMENT_3D ( 'NONE', #394, #897, #1144 ) ;
#1363 = LINE ( 'NONE', #224, #161 ) ;
#1364 = CARTESIAN_POINT ( 'NONE',  ( 2.749999999999999556, 0.5499999999999984901, 0.4000000000000000222 ) ) ;
#1365 = AXIS2_PLACEMENT_3D ( 'NONE', #996, #1207, #128 ) ;
#1366 = VERTEX_POINT ( 'NONE', #696 ) ;
#1367 = CARTESIAN_POINT ( 'NONE',  ( 3.250000000000000000, 1.050000000000000044, 1.950000000000001510 ) ) ;
#1368 = LINE ( 'NONE', #616, #607 ) ;
#1369 = CARTESIAN_POINT ( 'NONE',  ( 3.250000000000000000, 1.199999999999999734, 1.557245270445223308E-15 ) ) ;
#1370 = ORIENTED_EDGE ( 'NONE', *, *, #851, .F. ) ;
#1371 = PLANE ( 'NONE',  #1044 ) ;
#1372 = ORIENTED_EDGE ( 'NONE', *, *, #1396, .F. ) ;
#1373 = CARTESIAN_POINT ( 'NONE',  ( -2.799999999999999378, 0.3999999999999997446, -0.4000000000000000222 ) ) ;
#1374 = ADVANCED_FACE ( 'NONE', ( #1086 ), #824, .T. ) ;
#1375 = ORIENTED_EDGE ( 'NONE', *, *, #1405, .T. ) ;
#1376 = DIRECTION ( 'NONE',  ( -0.000000000000000000, -1.000000000000000000, -0.000000000000000000 ) ) ;
#1377 = EDGE_CURVE ( 'NONE', #95, #1506, #1566, .T. ) ;
#1378 = VERTEX_POINT ( 'NONE', #1575 ) ;
#1379 = DIRECTION ( 'NONE',  ( 0.000000000000000000, 0.000000000000000000, 1.000000000000000000 ) ) ;
#1380 = LINE ( 'NONE', #1139, #1173 ) ;
#1381 = FILL_AREA_STYLE ('',( #1540 ) ) ;
#1382 = DIRECTION ( 'NONE',  ( -0.000000000000000000, -0.000000000000000000, -1.000000000000000000 ) ) ;
#1383 = LINE ( 'NONE', #1298, #1026 ) ;
#1384 = CARTESIAN_POINT ( 'NONE',  ( -2.749999999999999556, 0.5500000000000000444, 0.4000000000000000222 ) ) ;
#1385 = ADVANCED_FACE ( 'NONE', ( #237 ), #719, .F. ) ;
#1386 = CARTESIAN_POINT ( 'NONE',  ( 2.799999999999999378, 0.4499999999999986788, -0.4000000000000000222 ) ) ;
#1387 = CARTESIAN_POINT ( 'NONE',  ( 0.000000000000000000, 0.8000000000000000444, 0.000000000000000000 ) ) ;
#1388 = ORIENTED_EDGE ( 'NONE', *, *, #1088, .F. ) ;
#1389 = DIRECTION ( 'NONE',  ( 0.000000000000000000, 0.000000000000000000, 1.000000000000000000 ) ) ;
#1390 = AXIS2_PLACEMENT_3D ( 'NONE', #1404, #427, #1389 ) ;
#1391 = CIRCLE ( 'NONE', #548, 0.4499999999999999001 ) ;
#1392 = AXIS2_PLACEMENT_3D ( 'NONE', #1496, #244, #351 ) ;
#1393 = DIRECTION ( 'NONE',  ( -1.000000000000000000, -0.000000000000000000, -1.239088197126290570E-16 ) ) ;
#1394 = AXIS2_PLACEMENT_3D ( 'NONE', #20, #485, #1089 ) ;
#1395 = PLANE ( 'NONE',  #657 ) ;
#1396 = EDGE_CURVE ( 'NONE', #336, #73, #112, .T. ) ;
#1397 = ORIENTED_EDGE ( 'NONE', *, *, #438, .F. ) ;
#1398 = CARTESIAN_POINT ( 'NONE',  ( 3.250000000000000000, 19.32240644631605875, 1.557245270445223308E-15 ) ) ;
#1399 = ORIENTED_EDGE ( 'NONE', *, *, #1569, .F. ) ;
#1400 = PLANE ( 'NONE',  #630 ) ;
#1401 = CARTESIAN_POINT ( 'NONE',  ( -6.349999999999999645, 0.3999999999999995781, -0.4000000000000000222 ) ) ;
#1402 = ORIENTED_EDGE ( 'NONE', *, *, #66, .F. ) ;
#1403 = ORIENTED_EDGE ( 'NONE', *, *, #467, .F. ) ;
#1404 = CARTESIAN_POINT ( 'NONE',  ( 3.449999999999999734, 0.8000000000000000444, 2.981555974335137194E-16 ) ) ;
#1405 = EDGE_CURVE ( 'NONE', #664, #295, #472, .T. ) ;
#1406 = CARTESIAN_POINT ( 'NONE',  ( 3.250000000000000000, 3.899999999999999911, -1.400000000000001465 ) ) ;
#1407 = ORIENTED_EDGE ( 'NONE', *, *, #418, .F. ) ;
#1408 = VERTEX_POINT ( 'NONE', #92 ) ;
#1409 = DIRECTION ( 'NONE',  ( 1.000000000000000000, -0.000000000000000000, -1.548860246407863336E-16 ) ) ;
#1410 = FACE_OUTER_BOUND ( 'NONE', #310, .T. ) ;
#1411 = EDGE_CURVE ( 'NONE', #1188, #615, #1442, .T. ) ;
#1412 = VECTOR ( 'NONE', #156, 1000.000000000000000 ) ;
#1413 = PRESENTATION_STYLE_ASSIGNMENT (( #1171 ) ) ;
#1414 = CARTESIAN_POINT ( 'NONE',  ( -2.799999999999999378, -3.851859888774471706E-31, 0.4000000000000000222 ) ) ;
#1415 = AXIS2_PLACEMENT_3D ( 'NONE', #6, #1577, #952 ) ;
#1416 = ORIENTED_EDGE ( 'NONE', *, *, #338, .F. ) ;
#1417 = AXIS2_PLACEMENT_3D ( 'NONE', #956, #1453, #838 ) ;
#1418 = ORIENTED_EDGE ( 'NONE', *, *, #849, .T. ) ;
#1419 = LINE ( 'NONE', #1277, #1568 ) ;
#1420 = LINE ( 'NONE', #926, #792 ) ;
#1421 = MANIFOLD_SOLID_BREP ( 'Boss-Extrude4[1]', #944 ) ;
#1422 = ADVANCED_FACE ( 'NONE', ( #1014 ), #1529, .F. ) ;
#1423 = CARTESIAN_POINT ( 'NONE',  ( -5.700000000000000178, 0.5500000000000000444, 0.5500000000000000444 ) ) ;
#1424 = ADVANCED_FACE ( 'NONE', ( #888 ), #272, .F. ) ;
#1425 = CARTESIAN_POINT ( 'NONE',  ( 2.199999999999999734, 0.5500000000000000444, -0.5499999999999994893 ) ) ;
#1426 = ORIENTED_EDGE ( 'NONE', *, *, #878, .T. ) ;
#1427 = CARTESIAN_POINT ( 'NONE',  ( -5.700000000000000178, 0.5500000000000000444, 0.5500000000000000444 ) ) ;
#1428 = DIRECTION ( 'NONE',  ( -1.000000000000000000, 0.000000000000000000, -1.548860246407863336E-16 ) ) ;
#1429 = CARTESIAN_POINT ( 'NONE',  ( 2.199999999999999734, 0.000000000000000000, 0.5500000000000004885 ) ) ;
#1430 = ADVANCED_FACE ( 'NONE', ( #280 ), #1395, .F. ) ;
#1431 = VERTEX_POINT ( 'NONE', #880 ) ;
#1432 = CARTESIAN_POINT ( 'NONE',  ( 5.700000000000000178, 0.8000000000000000444, 2.250000000000000000 ) ) ;
#1433 = PLANE ( 'NONE',  #654 ) ;
#1434 = DIRECTION ( 'NONE',  ( -1.000000000000000000, 0.000000000000000000, 0.000000000000000000 ) ) ;
#1435 = TOROIDAL_SURFACE ( 'NONE', #501, 1.400000000000001465, 0.4000000000000000222 ) ;
#1436 = MANIFOLD_SOLID_BREP ( 'Boss-Extrude4[2]', #974 ) ;
#1437 = AXIS2_PLACEMENT_3D ( 'NONE', #173, #929, #181 ) ;
#1438 = LINE ( 'NONE', #674, #136 ) ;
#1439 = AXIS2_PLACEMENT_3D ( 'NONE', #246, #1076, #370 ) ;
#1440 = ADVANCED_FACE ( 'NONE', ( #495 ), #186, .F. ) ;
#1441 = VECTOR ( 'NONE', #574, 1000.000000000000000 ) ;
#1442 = LINE ( 'NONE', #343, #1002 ) ;
#1443 = FACE_OUTER_BOUND ( 'NONE', #10, .T. ) ;
#1444 = LINE ( 'NONE', #93, #531 ) ;
#1445 = ORIENTED_EDGE ( 'NONE', *, *, #122, .T. ) ;
#1446 = ORIENTED_EDGE ( 'NONE', *, *, #1042, .T. ) ;
#1447 = CARTESIAN_POINT ( 'NONE',  ( 5.700000000000000178, 0.000000000000000000, 2.250000000000000000 ) ) ;
#1448 = PLANE ( 'NONE',  #1227 ) ;
#1449 = PRODUCT ( 'CAA-11.0592-18-3050-R', 'CAA-11.0592-18-3050-R', '', ( #597 ) ) ;
#1450 = EDGE_CURVE ( 'NONE', #509, #1194, #1282, .T. ) ;
#1451 = SURFACE_STYLE_FILL_AREA ( #7 ) ;
#1452 = EDGE_LOOP ( 'NONE', ( #396, #448, #1119, #1218, #957, #795, #1537, #814 ) ) ;
#1453 = DIRECTION ( 'NONE',  ( 0.000000000000000000, 0.000000000000000000, 1.000000000000000000 ) ) ;
#1454 = EDGE_LOOP ( 'NONE', ( #360, #499, #105, #687 ) ) ;
#1455 = SURFACE_STYLE_USAGE ( .BOTH. , #1243 ) ;
#1456 = EDGE_LOOP ( 'NONE', ( #149, #1361, #1579, #1322, #1375, #694, #286, #1504 ) ) ;
#1457 = DIRECTION ( 'NONE',  ( -0.000000000000000000, 1.000000000000000000, -0.000000000000000000 ) ) ;
#1458 = CARTESIAN_POINT ( 'NONE',  ( 3.250000000000000000, 3.900000000000000799, 1.557245270445223308E-15 ) ) ;
#1459 = CARTESIAN_POINT ( 'NONE',  ( 2.199999999999999734, 0.5500000000000000444, 0.5500000000000004885 ) ) ;
#1460 = DIRECTION ( 'NONE',  ( 1.000000000000000000, -5.071777603269936908E-16, 0.000000000000000000 ) ) ;
#1461 = EDGE_CURVE ( 'NONE', #404, #756, #23, .T. ) ;
#1462 = ORIENTED_EDGE ( 'NONE', *, *, #802, .F. ) ;
#1463 = CARTESIAN_POINT ( 'NONE',  ( 5.700000000000000178, 0.5500000000000000444, 0.5500000000000000444 ) ) ;
#1464 = ADVANCED_FACE ( 'NONE', ( #970 ), #1344, .F. ) ;
#1465 = ORIENTED_EDGE ( 'NONE', *, *, #819, .F. ) ;
#1466 = CARTESIAN_POINT ( 'NONE',  ( -5.700000000000000178, 0.000000000000000000, 2.250000000000000000 ) ) ;
#1467 = VECTOR ( 'NONE', #1278, 1000.000000000000000 ) ;
#1468 = CARTESIAN_POINT ( 'NONE',  ( -3.449999999999999289, 0.8000000000000000444, 2.250000000000000888 ) ) ;
#1469 = CIRCLE ( 'NONE', #1197, 0.1499999999999999667 ) ;
#1470 = ORIENTED_EDGE ( 'NONE', *, *, #298, .F. ) ;
#1471 = DIRECTION ( 'NONE',  ( 0.000000000000000000, 0.000000000000000000, 1.000000000000000000 ) ) ;
#1472 = LINE ( 'NONE', #123, #1548 ) ;
#1473 = MECHANICAL_DESIGN_GEOMETRIC_PRESENTATION_REPRESENTATION (  '', ( #1503 ), #920 ) ;
#1474 = VECTOR ( 'NONE', #367, 1000.000000000000000 ) ;
#1475 = FACE_OUTER_BOUND ( 'NONE', #143, .T. ) ;
#1476 = PRESENTATION_STYLE_ASSIGNMENT (( #582 ) ) ;
#1477 = EDGE_CURVE ( 'NONE', #95, #798, #204, .T. ) ;
#1478 = DIRECTION ( 'NONE',  ( -0.000000000000000000, 0.000000000000000000, -1.000000000000000000 ) ) ;
#1479 = EDGE_CURVE ( 'NONE', #805, #644, #482, .T. ) ;
#1480 = DIRECTION ( 'NONE',  ( -0.000000000000000000, -0.000000000000000000, -1.000000000000000000 ) ) ;
#1481 = CARTESIAN_POINT ( 'NONE',  ( 2.199999999999999734, 0.000000000000000000, -0.5499999999999994893 ) ) ;
#1482 = CARTESIAN_POINT ( 'NONE',  ( 3.449999999999999734, 1.050000000000000044, 2.250000000000000000 ) ) ;
#1483 = LINE ( 'NONE', #116, #899 ) ;
#1484 = CARTESIAN_POINT ( 'NONE',  ( -2.799999999999999378, 0.4500000000000000111, 0.4000000000000000222 ) ) ;
#1485 = ORIENTED_EDGE ( 'NONE', *, *, #1182, .T. ) ;
#1486 = CARTESIAN_POINT ( 'NONE',  ( 2.799999999999999378, 0.4499999999999986788, -0.4000000000000000222 ) ) ;
#1487 = APPLICATION_PROTOCOL_DEFINITION ( 'draft international standard', 'automotive_design', 1998, #1533 ) ;
#1488 = EDGE_CURVE ( 'NONE', #1315, #947, #251, .T. ) ;
#1489 = VERTEX_POINT ( 'NONE', #859 ) ;
#1490 = DIRECTION ( 'NONE',  ( 0.000000000000000000, 0.000000000000000000, 1.000000000000000000 ) ) ;
#1491 = VERTEX_POINT ( 'NONE', #1349 ) ;
#1492 = CARTESIAN_POINT ( 'NONE',  ( -6.349999999999999645, 0.3999999999999995781, 0.4000000000000000222 ) ) ;
#1493 = VERTEX_POINT ( 'NONE', #736 ) ;
#1494 = CARTESIAN_POINT ( 'NONE',  ( -2.799999999999999378, 0.4500000000000000111, -0.4000000000000000222 ) ) ;
#1495 = VERTEX_POINT ( 'NONE', #716 ) ;
#1496 = CARTESIAN_POINT ( 'NONE',  ( -3.250000000000000000, 1.199999999999999734, -1.950000000000001510 ) ) ;
#1497 = AXIS2_PLACEMENT_3D ( 'NONE', #561, #1062, #931 ) ;
#1498 = EDGE_LOOP ( 'NONE', ( #190, #1465, #1235, #1446 ) ) ;
#1499 = DIRECTION ( 'NONE',  ( 0.000000000000000000, -0.000000000000000000, 1.000000000000000000 ) ) ;
#1500 = CARTESIAN_POINT ( 'NONE',  ( -2.349999999999999645, 0.5500000000000000444, 0.4000000000000000222 ) ) ;
#1501 = ADVANCED_FACE ( 'NONE', ( #704 ), #1330, .F. ) ;
#1502 = VECTOR ( 'NONE', #1127, 1000.000000000000000 ) ;
#1503 = STYLED_ITEM ( 'NONE', ( #1137 ), #1421 ) ;
#1504 = ORIENTED_EDGE ( 'NONE', *, *, #1272, .T. ) ;
#1505 = VECTOR ( 'NONE', #197, 1000.000000000000000 ) ;
#1506 = VERTEX_POINT ( 'NONE', #110 ) ;
#1507 = CARTESIAN_POINT ( 'NONE',  ( -3.449999999999999289, 1.050000000000000044, 2.250000000000000888 ) ) ;
#1508 = DIRECTION ( 'NONE',  ( 0.000000000000000000, 0.000000000000000000, 1.000000000000000000 ) ) ;
#1509 =( NAMED_UNIT ( * ) PLANE_ANGLE_UNIT ( ) SI_UNIT ( $, .RADIAN. ) );
#1510 = DIRECTION ( 'NONE',  ( -1.000000000000000000, 0.000000000000000000, 6.285229985423214289E-17 ) ) ;
#1511 = FACE_OUTER_BOUND ( 'NONE', #712, .T. ) ;
#1512 = EDGE_CURVE ( 'NONE', #1366, #1530, #132, .T. ) ;
#1513 = CYLINDRICAL_SURFACE ( 'NONE', #529, 2.250000000000000888 ) ;
#1514 = DIRECTION ( 'NONE',  ( -1.000000000000000000, 0.000000000000000000, -0.000000000000000000 ) ) ;
#1515 = ORIENTED_EDGE ( 'NONE', *, *, #345, .T. ) ;
#1516 = DIRECTION ( 'NONE',  ( 0.000000000000000000, 0.000000000000000000, -1.000000000000000000 ) ) ;
#1517 = LINE ( 'NONE', #405, #1467 ) ;
#1518 = EDGE_CURVE ( 'NONE', #270, #352, #685, .T. ) ;
#1519 = CARTESIAN_POINT ( 'NONE',  ( -2.749999999999999112, 0.4500000000000000111, -0.4000000000000000222 ) ) ;
#1520 = ORIENTED_EDGE ( 'NONE', *, *, #496, .T. ) ;
#1521 = AXIS2_PLACEMENT_3D ( 'NONE', #1099, #16, #354 ) ;
#1522 = LINE ( 'NONE', #783, #742 ) ;
#1523 = AXIS2_PLACEMENT_3D ( 'NONE', #1181, #445, #1311 ) ;
#1524 = VECTOR ( 'NONE', #1032, 1000.000000000000000 ) ;
#1525 = AXIS2_PLACEMENT_3D ( 'NONE', #1542, #809, #1064 ) ;
#1526 = AXIS2_PLACEMENT_3D ( 'NONE', #234, #1106, #1226 ) ;
#1527 = CIRCLE ( 'NONE', #550, 1.400000000000001465 ) ;
#1528 = EDGE_CURVE ( 'NONE', #1493, #455, #1222, .T. ) ;
#1529 = CYLINDRICAL_SURFACE ( 'NONE', #1362, 0.05000000000000012768 ) ;
#1530 = VERTEX_POINT ( 'NONE', #1459 ) ;
#1531 = LINE ( 'NONE', #1538, #794 ) ;
#1532 = EDGE_CURVE ( 'NONE', #1530, #695, #602, .T. ) ;
#1533 = APPLICATION_CONTEXT ( 'automotive_design' ) ;
#1534 = ORIENTED_EDGE ( 'NONE', *, *, #1518, .F. ) ;
#1535 =( NAMED_UNIT ( * ) PLANE_ANGLE_UNIT ( ) SI_UNIT ( $, .RADIAN. ) );
#1536 = DIRECTION ( 'NONE',  ( 1.000000000000000000, 0.000000000000000000, 0.000000000000000000 ) ) ;
#1537 = ORIENTED_EDGE ( 'NONE', *, *, #1461, .T. ) ;
#1538 = CARTESIAN_POINT ( 'NONE',  ( 2.749999999999999556, 0.5499999999999984901, -0.4000000000000000222 ) ) ;
#1539 = ORIENTED_EDGE ( 'NONE', *, *, #905, .F. ) ;
#1540 = FILL_AREA_STYLE_COLOUR ( '', #1301 ) ;
#1541 = SURFACE_STYLE_FILL_AREA ( #1063 ) ;
#1542 = CARTESIAN_POINT ( 'NONE',  ( 2.199999999999999734, 0.5500000000000000444, 0.5500000000000004885 ) ) ;
#1543 = ORIENTED_EDGE ( 'NONE', *, *, #467, .T. ) ;
#1544 = EDGE_LOOP ( 'NONE', ( #374, #91, #906, #782, #1338, #294, #1485, #56 ) ) ;
#1545 = DIRECTION ( 'NONE',  ( 0.000000000000000000, 1.000000000000000000, 0.000000000000000000 ) ) ;
#1546 = EDGE_CURVE ( 'NONE', #252, #901, #82, .T. ) ;
#1547 = CARTESIAN_POINT ( 'NONE',  ( 2.799999999999999378, 0.3999999999999984679, 0.4000000000000000222 ) ) ;
#1548 = VECTOR ( 'NONE', #134, 1000.000000000000000 ) ;
#1549 = EDGE_CURVE ( 'NONE', #615, #1506, #1101, .T. ) ;
#1550 = VECTOR ( 'NONE', #1393, 1000.000000000000000 ) ;
#1551 = CARTESIAN_POINT ( 'NONE',  ( -6.349999999999999645, 0.3999999999999995781, 0.4000000000000000222 ) ) ;
#1552 = AXIS2_PLACEMENT_3D ( 'NONE', #642, #1567, #80 ) ;
#1553 = TOROIDAL_SURFACE ( 'NONE', #927, 1.950000000000001510, 0.1499999999999999944 ) ;
#1554 = VECTOR ( 'NONE', #239, 1000.000000000000000 ) ;
#1555 = ORIENTED_EDGE ( 'NONE', *, *, #1549, .F. ) ;
#1556 = CARTESIAN_POINT ( 'NONE',  ( 2.799999999999999378, 0.4499999999999986788, -0.4000000000000000222 ) ) ;
#1557 = FACE_OUTER_BOUND ( 'NONE', #1456, .T. ) ;
#1558 = ADVANCED_FACE ( 'NONE', ( #591 ), #1584, .F. ) ;
#1559 = ORIENTED_EDGE ( 'NONE', *, *, #114, .T. ) ;
#1560 = ORIENTED_EDGE ( 'NONE', *, *, #1411, .T. ) ;
#1561 = CARTESIAN_POINT ( 'NONE',  ( -2.799999999999999378, 0.4000000000000000777, 0.4000000000000000222 ) ) ;
#1562 = DIRECTION ( 'NONE',  ( 0.000000000000000000, 0.000000000000000000, 1.000000000000000000 ) ) ;
#1563 = ADVANCED_FACE ( 'NONE', ( #223 ), #104, .F. ) ;
#1564 = EDGE_LOOP ( 'NONE', ( #655, #478, #428, #1036 ) ) ;
#1565 = ORIENTED_EDGE ( 'NONE', *, *, #476, .T. ) ;
#1566 = LINE ( 'NONE', #353, #18 ) ;
#1567 = DIRECTION ( 'NONE',  ( 1.000000000000000000, 4.336808689942023258E-15, -0.000000000000000000 ) ) ;
#1568 = VECTOR ( 'NONE', #937, 1000.000000000000000 ) ;
#1569 = EDGE_CURVE ( 'NONE', #1009, #1015, #777, .T. ) ;
#1570 = ORIENTED_EDGE ( 'NONE', *, *, #1182, .F. ) ;
#1571 = PRESENTATION_LAYER_ASSIGNMENT (  '', '', ( #797 ) ) ;
#1572 = ADVANCED_FACE ( 'NONE', ( #1475 ), #346, .F. ) ;
#1573 = AXIS2_PLACEMENT_3D ( 'NONE', #452, #216, #928 ) ;
#1574 = ORIENTED_EDGE ( 'NONE', *, *, #325, .F. ) ;
#1575 = CARTESIAN_POINT ( 'NONE',  ( -2.749999999999999556, 0.5500000000000000444, 0.4000000000000000222 ) ) ;
#1576 = DIRECTION ( 'NONE',  ( -1.000000000000000000, 0.000000000000000000, 1.257045997084642858E-16 ) ) ;
#1577 = DIRECTION ( 'NONE',  ( 1.239088197126290324E-16, -0.000000000000000000, 1.000000000000000000 ) ) ;
#1578 = VERTEX_POINT ( 'NONE', #1482 ) ;
#1579 = ORIENTED_EDGE ( 'NONE', *, *, #637, .F. ) ;
#1580 = DIRECTION ( 'NONE',  ( 0.000000000000000000, 1.000000000000000000, 0.000000000000000000 ) ) ;
#1581 = EDGE_LOOP ( 'NONE', ( #379, #214, #301, #1445 ) ) ;
#1582 = FACE_OUTER_BOUND ( 'NONE', #1030, .T. ) ;
#1583 = EDGE_CURVE ( 'NONE', #756, #1276, #856, .T. ) ;
#1584 = PLANE ( 'NONE',  #1394 ) ;
#1585 = VERTEX_POINT ( 'NONE', #372 ) ;
#1586 = DIRECTION ( 'NONE',  ( -0.000000000000000000, -0.000000000000000000, -1.000000000000000000 ) ) ;
#1587 = ORIENTED_EDGE ( 'NONE', *, *, #61, .F. ) ;
ENDSEC;
END-ISO-10303-21;
