ISO-10303-21;
HEADER;
FILE_DESCRIPTION (( 'STEP AP214' ),
    '1' );
FILE_NAME ('78938-433HLF.STEP',
    '2023-06-30T08:28:56',
    ( '' ),
    ( '' ),
    'SwSTEP 2.0',
    'SolidWorks 2021',
    '' );
FILE_SCHEMA (( 'AUTOMOTIVE_DESIGN' ));
ENDSEC;

DATA;
#1 = DIRECTION ( 'NONE',  ( 0.000000000000000000, 0.000000000000000000, -1.000000000000000000 ) ) ;
#2 = LINE ( 'NONE', #3800, #1550 ) ;
#3 = ORIENTED_EDGE ( 'NONE', *, *, #11054, .F. ) ;
#4 = AXIS2_PLACEMENT_3D ( 'NONE', #3143, #7015, #8760 ) ;
#5 = ORIENTED_EDGE ( 'NONE', *, *, #4215, .F. ) ;
#6 = ADVANCED_FACE ( 'NONE', ( #6432 ), #1621, .F. ) ;
#7 = DIRECTION ( 'NONE',  ( 0.000000000000000000, -1.000000000000000000, 0.000000000000000000 ) ) ;
#8 = ORIENTED_EDGE ( 'NONE', *, *, #5474, .T. ) ;
#9 = LINE ( 'NONE', #3807, #10869 ) ;
#10 = AXIS2_PLACEMENT_3D ( 'NONE', #9251, #714, #583 ) ;
#11 = ORIENTED_EDGE ( 'NONE', *, *, #6721, .F. ) ;
#12 = DIRECTION ( 'NONE',  ( 0.3892816206350259711, -0.8348171294789868968, -0.3892816206350259711 ) ) ;
#13 = FACE_OUTER_BOUND ( 'NONE', #8861, .T. ) ;
#14 = EDGE_CURVE ( 'NONE', #8104, #6061, #9352, .T. ) ;
#15 = LINE ( 'NONE', #2946, #2720 ) ;
#16 = DIRECTION ( 'NONE',  ( -1.000000000000000000, 0.000000000000000000, 0.000000000000000000 ) ) ;
#17 = ORIENTED_EDGE ( 'NONE', *, *, #3086, .F. ) ;
#18 = ORIENTED_EDGE ( 'NONE', *, *, #9186, .T. ) ;
#19 = DIRECTION ( 'NONE',  ( -1.000000000000000000, 0.000000000000000000, 0.000000000000000000 ) ) ;
#20 = ORIENTED_EDGE ( 'NONE', *, *, #11264, .T. ) ;
#21 = PLANE ( 'NONE',  #11020 ) ;
#22 = ORIENTED_EDGE ( 'NONE', *, *, #724, .F. ) ;
#23 = LINE ( 'NONE', #3822, #1711 ) ;
#24 = FACE_BOUND ( 'NONE', #12091, .T. ) ;
#25 = DIRECTION ( 'NONE',  ( 1.000000000000000000, 0.000000000000000000, -0.000000000000000000 ) ) ;
#26 = CARTESIAN_POINT ( 'NONE',  ( 0.000000000000000000, 0.9000000000000005773, 0.4649999999999996914 ) ) ;
#27 = ADVANCED_FACE ( 'NONE', ( #7483 ), #8352, .T. ) ;
#28 = ORIENTED_EDGE ( 'NONE', *, *, #2589, .F. ) ;
#29 = CARTESIAN_POINT ( 'NONE',  ( 8.229999999999996874, 1.870000000000000551, 0.6649999999999998135 ) ) ;
#30 = CYLINDRICAL_SURFACE ( 'NONE', #2037, 0.1999999999999953204 ) ;
#31 = VECTOR ( 'NONE', #11472, 999.9999999999998863 ) ;
#32 = ORIENTED_EDGE ( 'NONE', *, *, #10828, .T. ) ;
#33 = CARTESIAN_POINT ( 'NONE',  ( -13.65000000000000213, 0.7200000000000001954, -3.714999999999999414 ) ) ;
#34 = DIRECTION ( 'NONE',  ( -0.000000000000000000, -0.000000000000000000, -1.000000000000000000 ) ) ;
#35 = EDGE_CURVE ( 'NONE', #6240, #10155, #1760, .T. ) ;
#36 = CARTESIAN_POINT ( 'NONE',  ( 10.76999999999999780, 1.870000000000000551, -1.875000000000000000 ) ) ;
#37 = EDGE_LOOP ( 'NONE', ( #3449, #12031, #1214, #1860 ) ) ;
#38 = DIRECTION ( 'NONE',  ( -0.000000000000000000, -0.000000000000000000, 1.000000000000000000 ) ) ;
#39 = DIRECTION ( 'NONE',  ( 1.000000000000000000, 0.000000000000000000, 0.000000000000000000 ) ) ;
#40 = EDGE_CURVE ( 'NONE', #12283, #5800, #7297, .T. ) ;
#41 = LINE ( 'NONE', #2726, #7588 ) ;
#42 = DIRECTION ( 'NONE',  ( 0.000000000000000000, 0.000000000000000000, -1.000000000000000000 ) ) ;
#43 = LINE ( 'NONE', #1976, #1085 ) ;
#44 = CARTESIAN_POINT ( 'NONE',  ( 0.000000000000000000, 1.540000000000000480, -1.674999999999999822 ) ) ;
#45 = AXIS2_PLACEMENT_3D ( 'NONE', #7339, #11185, #9272 ) ;
#46 = EDGE_CURVE ( 'NONE', #411, #3921, #8295, .T. ) ;
#47 = ORIENTED_EDGE ( 'NONE', *, *, #8236, .T. ) ;
#48 = ORIENTED_EDGE ( 'NONE', *, *, #3354, .T. ) ;
#49 = DIRECTION ( 'NONE',  ( 1.000000000000000000, 0.000000000000000000, 0.000000000000000000 ) ) ;
#50 = ORIENTED_EDGE ( 'NONE', *, *, #5064, .T. ) ;
#51 = VECTOR ( 'NONE', #6007, 1000.000000000000000 ) ;
#52 = FACE_OUTER_BOUND ( 'NONE', #1364, .T. ) ;
#53 = ORIENTED_EDGE ( 'NONE', *, *, #12184, .F. ) ;
#54 = CYLINDRICAL_SURFACE ( 'NONE', #2287, 0.1999999999999953204 ) ;
#55 = CARTESIAN_POINT ( 'NONE',  ( 1.929999999999997717, 0.5700000000000003952, -1.875000000000000000 ) ) ;
#56 = CARTESIAN_POINT ( 'NONE',  ( -6.030000000000002025, 0.000000000000000000, 0.4649999999999996914 ) ) ;
#57 = CARTESIAN_POINT ( 'NONE',  ( 0.6099999999999959899, 1.870000000000000551, -1.875000000000000000 ) ) ;
#58 = ORIENTED_EDGE ( 'NONE', *, *, #4484, .F. ) ;
#59 = CARTESIAN_POINT ( 'NONE',  ( 6.029999999999998472, 0.000000000000000000, 0.4649999999999996914 ) ) ;
#60 = ORIENTED_EDGE ( 'NONE', *, *, #819, .F. ) ;
#61 = EDGE_CURVE ( 'NONE', #10069, #607, #11122, .T. ) ;
#62 = VECTOR ( 'NONE', #11146, 1000.000000000000000 ) ;
#63 = ORIENTED_EDGE ( 'NONE', *, *, #4835, .F. ) ;
#64 = DIRECTION ( 'NONE',  ( -1.000000000000000000, 0.000000000000000000, 0.000000000000000000 ) ) ;
#65 = ORIENTED_EDGE ( 'NONE', *, *, #4149, .T. ) ;
#66 = DIRECTION ( 'NONE',  ( 0.000000000000000000, -1.000000000000000000, -0.000000000000000000 ) ) ;
#67 = ORIENTED_EDGE ( 'NONE', *, *, #9275, .T. ) ;
#68 = CARTESIAN_POINT ( 'NONE',  ( -1.930000000000002824, 1.870000000000000551, 0.4649999999999996914 ) ) ;
#69 = AXIS2_PLACEMENT_3D ( 'NONE', #3208, #10694, #164 ) ;
#70 = CARTESIAN_POINT ( 'NONE',  ( 4.129999999999998117, 0.9000000000000005773, -2.894999999999997797 ) ) ;
#71 = LINE ( 'NONE', #5880, #9900 ) ;
#72 = CARTESIAN_POINT ( 'NONE',  ( -14.29000000000000270, 0.9000000000000010214, -2.894999999999998241 ) ) ;
#73 = EDGE_LOOP ( 'NONE', ( #9701, #8196 ) ) ;
#74 = CIRCLE ( 'NONE', #7056, 0.1999999999999953204 ) ;
#75 = EDGE_CURVE ( 'NONE', #5517, #1035, #9230, .T. ) ;
#76 = ORIENTED_EDGE ( 'NONE', *, *, #3631, .T. ) ;
#77 = CARTESIAN_POINT ( 'NONE',  ( 1.929999999999997717, 0.5700000000000003952, 0.4649999999999996914 ) ) ;
#78 = ORIENTED_EDGE ( 'NONE', *, *, #4546, .T. ) ;
#79 = AXIS2_PLACEMENT_3D ( 'NONE', #5637, #10184, #4694 ) ;
#80 = EDGE_CURVE ( 'NONE', #11368, #6436, #7417, .T. ) ;
#81 = CARTESIAN_POINT ( 'NONE',  ( 8.570000000000000284, 0.9000000000000005773, 3.382601427321023646 ) ) ;
#82 = ORIENTED_EDGE ( 'NONE', *, *, #10579, .F. ) ;
#83 = FACE_OUTER_BOUND ( 'NONE', #12178, .T. ) ;
#84 = FACE_BOUND ( 'NONE', #8147, .T. ) ;
#85 = AXIS2_PLACEMENT_3D ( 'NONE', #11266, #5667, #3787 ) ;
#86 = CARTESIAN_POINT ( 'NONE',  ( 5.080000000000000071, 1.055000000000000382, 3.715000000000003411 ) ) ;
#87 = DIRECTION ( 'NONE',  ( -0.000000000000000000, -0.000000000000000000, 1.000000000000000000 ) ) ;
#88 = ORIENTED_EDGE ( 'NONE', *, *, #1097, .F. ) ;
#89 = DIRECTION ( 'NONE',  ( 1.000000000000000000, 0.000000000000000000, 0.000000000000000000 ) ) ;
#90 = DIRECTION ( 'NONE',  ( -0.000000000000000000, -0.000000000000000000, 1.000000000000000000 ) ) ;
#91 = AXIS2_PLACEMENT_3D ( 'NONE', #2246, #7057, #7119 ) ;
#92 = ORIENTED_EDGE ( 'NONE', *, *, #10554, .F. ) ;
#93 = EDGE_CURVE ( 'NONE', #6061, #7581, #9294, .T. ) ;
#94 = LINE ( 'NONE', #11677, #8465 ) ;
#95 = CIRCLE ( 'NONE', #10644, 0.1999999999999952094 ) ;
#96 = VECTOR ( 'NONE', #1063, 1000.000000000000227 ) ;
#97 = EDGE_CURVE ( 'NONE', #3612, #8153, #10673, .T. ) ;
#98 = AXIS2_PLACEMENT_3D ( 'NONE', #9919, #439, #1623 ) ;
#99 = DIRECTION ( 'NONE',  ( -0.000000000000000000, -0.000000000000000000, 1.000000000000000000 ) ) ;
#100 = PRESENTATION_STYLE_ASSIGNMENT (( #7653 ) ) ;
#101 = EDGE_CURVE ( 'NONE', #8887, #3976, #4601, .T. ) ;
#102 = ORIENTED_EDGE ( 'NONE', *, *, #3669, .F. ) ;
#103 = CARTESIAN_POINT ( 'NONE',  ( 11.75000000000000000, 0.7199999999999999734, -2.894999999999998241 ) ) ;
#104 = ADVANCED_FACE ( 'NONE', ( #5554 ), #12068, .F. ) ;
#105 = LINE ( 'NONE', #2972, #6301 ) ;
#106 = AXIS2_PLACEMENT_3D ( 'NONE', #10881, #2350, #4271 ) ;
#107 = CARTESIAN_POINT ( 'NONE',  ( -14.29000000000000270, 1.540000000000000480, -2.894999999999997797 ) ) ;
#108 = DIRECTION ( 'NONE',  ( 1.000000000000000000, 0.000000000000000000, 0.000000000000000000 ) ) ;
#109 = LINE ( 'NONE', #2104, #1857 ) ;
#110 = DIRECTION ( 'NONE',  ( 0.000000000000000000, -1.000000000000000000, 0.000000000000000000 ) ) ;
#111 = PRODUCT_DEFINITION_FORMATION_WITH_SPECIFIED_SOURCE ( 'ANY', '', #2149, .NOT_KNOWN. ) ;
#112 = ORIENTED_EDGE ( 'NONE', *, *, #9351, .F. ) ;
#113 = AXIS2_PLACEMENT_3D ( 'NONE', #9312, #5441, #9061 ) ;
#114 = EDGE_CURVE ( 'NONE', #10384, #4493, #821, .T. ) ;
#115 = AXIS2_PLACEMENT_3D ( 'NONE', #11355, #6841, #2826 ) ;
#116 = ORIENTED_EDGE ( 'NONE', *, *, #9023, .F. ) ;
#117 = VERTEX_POINT ( 'NONE', #2492 ) ;
#118 = CARTESIAN_POINT ( 'NONE',  ( -10.77000000000000135, 0.5700000000000003952, 0.6649999999999998135 ) ) ;
#119 = ORIENTED_EDGE ( 'NONE', *, *, #551, .F. ) ;
#120 = CARTESIAN_POINT ( 'NONE',  ( 7.009999999999998899, 0.5700000000000003952, -1.674999999999999822 ) ) ;
#121 = ORIENTED_EDGE ( 'NONE', *, *, #3994, .T. ) ;
#122 = ADVANCED_FACE ( 'NONE', ( #12245 ), #4419, .F. ) ;
#123 = CARTESIAN_POINT ( 'NONE',  ( -8.570000000000002061, 0.9000000000000005773, -2.894999999999997797 ) ) ;
#124 = AXIS2_PLACEMENT_3D ( 'NONE', #319, #7934, #11708 ) ;
#125 = FACE_OUTER_BOUND ( 'NONE', #7105, .T. ) ;
#126 = LINE ( 'NONE', #5989, #10974 ) ;
#127 = DIRECTION ( 'NONE',  ( -0.000000000000000000, -0.000000000000000000, 1.000000000000000000 ) ) ;
#128 = CARTESIAN_POINT ( 'NONE',  ( -3.150000000000001688, 0.5700000000000003952, 0.6649999999999998135 ) ) ;
#129 = AXIS2_PLACEMENT_3D ( 'NONE', #1974, #6022, #5788 ) ;
#130 = EDGE_CURVE ( 'NONE', #4879, #9942, #4914, .T. ) ;
#131 = ORIENTED_EDGE ( 'NONE', *, *, #4950, .T. ) ;
#132 = AXIS2_PLACEMENT_3D ( 'NONE', #9753, #4144, #1224 ) ;
#133 = CARTESIAN_POINT ( 'NONE',  ( -11.11000000000000121, 0.7199999999999999734, -2.894999999999998241 ) ) ;
#134 = ORIENTED_EDGE ( 'NONE', *, *, #7717, .F. ) ;
#135 = EDGE_CURVE ( 'NONE', #2453, #3104, #8727, .T. ) ;
#136 = CARTESIAN_POINT ( 'NONE',  ( 14.29000000000000092, 0.7200000000000008615, -3.074999999999999734 ) ) ;
#137 = VERTEX_POINT ( 'NONE', #9536 ) ;
#138 = FACE_OUTER_BOUND ( 'NONE', #9335, .T. ) ;
#139 = CARTESIAN_POINT ( 'NONE',  ( -0.9500000000000011768, 0.7200000000000000844, -3.074999999999999734 ) ) ;
#140 = CARTESIAN_POINT ( 'NONE',  ( -0.9500000000000011768, 0.9000000000000005773, 3.715000000000003411 ) ) ;
#141 = DIRECTION ( 'NONE',  ( 1.000000000000000000, 0.000000000000000000, -0.000000000000000000 ) ) ;
#142 = EDGE_LOOP ( 'NONE', ( #6778, #12050, #1759, #10910 ) ) ;
#143 = ORIENTED_EDGE ( 'NONE', *, *, #2557, .F. ) ;
#144 = DIRECTION ( 'NONE',  ( 0.000000000000000000, 0.000000000000000000, -1.000000000000000000 ) ) ;
#145 = AXIS2_PLACEMENT_3D ( 'NONE', #2576, #6397, #9617 ) ;
#146 = CIRCLE ( 'NONE', #8709, 0.1999999999999953204 ) ;
#147 = EDGE_LOOP ( 'NONE', ( #755, #4533, #12052, #5922 ) ) ;
#148 = DIRECTION ( 'NONE',  ( -0.000000000000000000, -1.000000000000000000, 0.000000000000000000 ) ) ;
#149 = VERTEX_POINT ( 'NONE', #6862 ) ;
#150 = CARTESIAN_POINT ( 'NONE',  ( 11.14701218716722764, 1.436334613170440644, -1.137987812832773837 ) ) ;
#151 = AXIS2_PLACEMENT_3D ( 'NONE', #10093, #7169, #1557 ) ;
#152 = CARTESIAN_POINT ( 'NONE',  ( 6.029999999999998472, 0.9000000000000005773, 3.382601427321023646 ) ) ;
#153 = LINE ( 'NONE', #12280, #7694 ) ;
#154 = VECTOR ( 'NONE', #11196, 1000.000000000000000 ) ;
#155 = ORIENTED_EDGE ( 'NONE', *, *, #11505, .F. ) ;
#156 = CARTESIAN_POINT ( 'NONE',  ( 1.929999999999997717, 0.5700000000000003952, 0.6649999999999998135 ) ) ;
#157 = DIRECTION ( 'NONE',  ( 1.000000000000000000, 0.000000000000000000, -0.000000000000000000 ) ) ;
#158 = ORIENTED_EDGE ( 'NONE', *, *, #4735, .F. ) ;
#159 = EDGE_CURVE ( 'NONE', #4201, #10137, #5739, .T. ) ;
#160 = MECHANICAL_DESIGN_GEOMETRIC_PRESENTATION_REPRESENTATION (  '', ( #5345 ), #1172 ) ;
#161 = VERTEX_POINT ( 'NONE', #10466 ) ;
#162 = CARTESIAN_POINT ( 'NONE',  ( -0.6100000000000012079, 0.5700000000000003952, 0.6649999999999998135 ) ) ;
#163 = CIRCLE ( 'NONE', #2948, 0.1999999999999953204 ) ;
#164 = DIRECTION ( 'NONE',  ( 1.000000000000000000, 0.000000000000000000, 0.000000000000000000 ) ) ;
#165 = DIRECTION ( 'NONE',  ( -1.000000000000000000, 0.000000000000000000, 0.000000000000000000 ) ) ;
#166 = EDGE_CURVE ( 'NONE', #6494, #1802, #1923, .T. ) ;
#167 = CLOSED_SHELL ( 'NONE', ( #9306, #6446, #5982, #3214, #1276, #5453, #330, #1428, #10478, #3933, #12036, #8245, #12060, #4960, #3709, #8994, #2056, #3222, #10872, #7496, #10547, #6735 ) ) ;
#168 = VERTEX_POINT ( 'NONE', #6747 ) ;
#169 = CARTESIAN_POINT ( 'NONE',  ( 13.65000000000000036, -2.717601427321017837, -3.714999999999999858 ) ) ;
#170 = DIRECTION ( 'NONE',  ( 1.000000000000000000, 0.000000000000000000, 0.000000000000000000 ) ) ;
#171 = ADVANCED_FACE ( 'NONE', ( #178 ), #5925, .T. ) ;
#172 = CARTESIAN_POINT ( 'NONE',  ( -11.75000000000000178, -3.049999999999999822, -3.714999999999999858 ) ) ;
#173 = FACE_OUTER_BOUND ( 'NONE', #5004, .T. ) ;
#174 = CARTESIAN_POINT ( 'NONE',  ( 0.8099999999999911715, 1.870000000000000551, 0.4649999999999996914 ) ) ;
#175 = VERTEX_POINT ( 'NONE', #5797 ) ;
#176 = VERTEX_POINT ( 'NONE', #4845 ) ;
#177 = EDGE_LOOP ( 'NONE', ( #11046, #3666, #2699, #1015 ) ) ;
#178 = FACE_OUTER_BOUND ( 'NONE', #6073, .T. ) ;
#179 = ORIENTED_EDGE ( 'NONE', *, *, #1383, .F. ) ;
#180 = DIRECTION ( 'NONE',  ( 1.000000000000000000, 0.000000000000000000, 0.000000000000000000 ) ) ;
#181 = EDGE_LOOP ( 'NONE', ( #12181, #3322, #9944, #5440 ) ) ;
#182 = DIRECTION ( 'NONE',  ( -1.000000000000000000, 0.000000000000000000, 0.000000000000000000 ) ) ;
#183 = FACE_OUTER_BOUND ( 'NONE', #3993, .T. ) ;
#184 = CARTESIAN_POINT ( 'NONE',  ( -13.65000000000000213, 1.540000000000000480, -2.894999999999997797 ) ) ;
#185 = EDGE_CURVE ( 'NONE', #10939, #10788, #8660, .T. ) ;
#186 = CARTESIAN_POINT ( 'NONE',  ( 0.6099999999999959899, 1.870000000000000551, 0.4649999999999996914 ) ) ;
#187 = DIRECTION ( 'NONE',  ( -1.000000000000000000, 0.000000000000000000, 0.000000000000000000 ) ) ;
#188 = CARTESIAN_POINT ( 'NONE',  ( -14.29000000000000270, 1.540000000000000480, 3.715000000000003411 ) ) ;
#189 = ADVANCED_FACE ( 'NONE', ( #10526 ), #1067, .T. ) ;
#190 = ORIENTED_EDGE ( 'NONE', *, *, #7116, .T. ) ;
#191 = CYLINDRICAL_SURFACE ( 'NONE', #4269, 0.1999999999999953204 ) ;
#192 = EDGE_LOOP ( 'NONE', ( #4342, #9579 ) ) ;
#193 = PLANE ( 'NONE',  #4506 ) ;
#194 = ORIENTED_EDGE ( 'NONE', *, *, #10735, .T. ) ;
#195 = CARTESIAN_POINT ( 'NONE',  ( -4.033014284694892204, 0.9969857153051095988, 3.590587964983398717 ) ) ;
#196 = CARTESIAN_POINT ( 'NONE',  ( 7.209999999999993747, 0.5700000000000003952, 0.4649999999999996914 ) ) ;
#197 = EDGE_CURVE ( 'NONE', #7589, #4548, #5503, .T. ) ;
#198 = CARTESIAN_POINT ( 'NONE',  ( 1.589999999999997637, 1.540000000000000480, 0.4649999999999996914 ) ) ;
#199 = CARTESIAN_POINT ( 'NONE',  ( -14.83000000000000007, 1.870000000000000551, 0.4649999999999996914 ) ) ;
#200 = ORIENTED_EDGE ( 'NONE', *, *, #5357, .T. ) ;
#201 = VERTEX_POINT ( 'NONE', #11383 ) ;
#202 = DIRECTION ( 'NONE',  ( -0.000000000000000000, -0.000000000000000000, 1.000000000000000000 ) ) ;
#203 = EDGE_CURVE ( 'NONE', #2485, #9595, #7735, .T. ) ;
#204 = ORIENTED_EDGE ( 'NONE', *, *, #7102, .T. ) ;
#205 = VECTOR ( 'NONE', #4758, 1000.000000000000000 ) ;
#206 = FACE_OUTER_BOUND ( 'NONE', #177, .T. ) ;
#207 = VERTEX_POINT ( 'NONE', #2983 ) ;
#208 = ORIENTED_EDGE ( 'NONE', *, *, #4754, .T. ) ;
#209 = DIRECTION ( 'NONE',  ( 0.000000000000000000, 1.189977994191405372E-15, -1.000000000000000000 ) ) ;
#210 = DIRECTION ( 'NONE',  ( 0.000000000000000000, -1.150347132610614786E-16, 1.000000000000000000 ) ) ;
#211 = CARTESIAN_POINT ( 'NONE',  ( 11.10999999999999943, 0.000000000000000000, -1.674999999999999822 ) ) ;
#212 = CARTESIAN_POINT ( 'NONE',  ( -8.570000000000002061, 1.540000000000000480, 3.382601427321023646 ) ) ;
#213 = VERTEX_POINT ( 'NONE', #12302 ) ;
#214 = DIRECTION ( 'NONE',  ( 0.000000000000000000, 0.000000000000000000, -1.000000000000000000 ) ) ;
#215 = CARTESIAN_POINT ( 'NONE',  ( 10.76999999999999780, 1.870000000000000551, -1.674999999999999822 ) ) ;
#216 = AXIS2_PLACEMENT_3D ( 'NONE', #767, #1508, #11827 ) ;
#217 = CARTESIAN_POINT ( 'NONE',  ( -0.9500000000000011768, 0.9000000000000005773, 3.382601427321023646 ) ) ;
#218 = EDGE_CURVE ( 'NONE', #4429, #9663, #3724, .T. ) ;
#219 = ORIENTED_EDGE ( 'NONE', *, *, #7840, .T. ) ;
#220 = EDGE_CURVE ( 'NONE', #10875, #6356, #2124, .T. ) ;
#221 = DIRECTION ( 'NONE',  ( 0.000000000000000000, 0.000000000000000000, 1.000000000000000000 ) ) ;
#222 = ORIENTED_EDGE ( 'NONE', *, *, #6543, .T. ) ;
#223 = ORIENTED_EDGE ( 'NONE', *, *, #8343, .F. ) ;
#224 = CARTESIAN_POINT ( 'NONE',  ( 15.23999999999999844, 2.410000000000000142, 0.4649999999999996914 ) ) ;
#225 = COLOUR_RGB ( '',0.7960784313725489669, 0.8235294117647058432, 0.9372549019607843146 ) ;
#226 = FACE_OUTER_BOUND ( 'NONE', #10484, .T. ) ;
#227 = PRESENTATION_STYLE_ASSIGNMENT (( #9822 ) ) ;
#228 = PLANE ( 'NONE',  #3453 ) ;
#229 = ORIENTED_EDGE ( 'NONE', *, *, #9028, .T. ) ;
#230 = DIRECTION ( 'NONE',  ( -0.000000000000000000, 0.000000000000000000, 1.000000000000000000 ) ) ;
#231 = ORIENTED_EDGE ( 'NONE', *, *, #1469, .F. ) ;
#232 = EDGE_CURVE ( 'NONE', #7752, #6619, #8900, .T. ) ;
#233 = AXIS2_PLACEMENT_3D ( 'NONE', #5679, #10410, #8417 ) ;
#234 = ORIENTED_EDGE ( 'NONE', *, *, #11615, .T. ) ;
#235 = EDGE_CURVE ( 'NONE', #4052, #8902, #7790, .T. ) ;
#236 = ORIENTED_EDGE ( 'NONE', *, *, #7221, .F. ) ;
#237 = DIRECTION ( 'NONE',  ( 0.000000000000000000, 0.000000000000000000, 1.000000000000000000 ) ) ;
#238 = VERTEX_POINT ( 'NONE', #11324 ) ;
#239 = VERTEX_POINT ( 'NONE', #2791 ) ;
#240 = FACE_OUTER_BOUND ( 'NONE', #3216, .T. ) ;
#241 = FACE_OUTER_BOUND ( 'NONE', #11387, .T. ) ;
#242 = VECTOR ( 'NONE', #5464, 1000.000000000000000 ) ;
#243 = CARTESIAN_POINT ( 'NONE',  ( 3.489999999999998437, 0.000000000000000000, 0.4649999999999996914 ) ) ;
#244 = ADVANCED_FACE ( 'NONE', ( #4975 ), #8785, .F. ) ;
#245 = CARTESIAN_POINT ( 'NONE',  ( -6.670000000000002593, 0.9000000000000005773, -2.894999999999997797 ) ) ;
#246 = CARTESIAN_POINT ( 'NONE',  ( 17.78000000000000114, -2.174999999999998934, 3.715000000000003855 ) ) ;
#247 = LINE ( 'NONE', #310, #6479 ) ;
#248 = ORIENTED_EDGE ( 'NONE', *, *, #9275, .F. ) ;
#249 = AXIS2_PLACEMENT_3D ( 'NONE', #9982, #1511, #1446 ) ;
#250 = ADVANCED_FACE ( 'NONE', ( #8536 ), #6618, .F. ) ;
#251 = DIRECTION ( 'NONE',  ( 0.000000000000000000, 0.000000000000000000, -1.000000000000000000 ) ) ;
#252 = ORIENTED_EDGE ( 'NONE', *, *, #10085, .F. ) ;
#253 = DIRECTION ( 'NONE',  ( 0.000000000000000000, 0.000000000000000000, 1.000000000000000000 ) ) ;
#254 = ORIENTED_EDGE ( 'NONE', *, *, #6970, .T. ) ;
#255 = DIRECTION ( 'NONE',  ( -1.000000000000000000, 0.000000000000000000, -0.000000000000000000 ) ) ;
#256 = FACE_OUTER_BOUND ( 'NONE', #6203, .T. ) ;
#257 = DIRECTION ( 'NONE',  ( -1.000000000000000000, 0.000000000000000000, 0.000000000000000000 ) ) ;
#258 = CARTESIAN_POINT ( 'NONE',  ( -9.350000000000006750, 1.870000000000000551, -1.875000000000000000 ) ) ;
#259 = CIRCLE ( 'NONE', #3841, 0.1999999999999953204 ) ;
#260 = VERTEX_POINT ( 'NONE', #6172 ) ;
#261 = LINE ( 'NONE', #11715, #1872 ) ;
#262 = VERTEX_POINT ( 'NONE', #10020 ) ;
#263 = EDGE_CURVE ( 'NONE', #4402, #9902, #1369, .T. ) ;
#264 = EDGE_CURVE ( 'NONE', #9824, #1856, #7916, .T. ) ;
#265 = CIRCLE ( 'NONE', #7245, 0.1999999999999952094 ) ;
#266 = CARTESIAN_POINT ( 'NONE',  ( -3.490000000000001990, 0.000000000000000000, -1.674999999999999822 ) ) ;
#267 = ORIENTED_EDGE ( 'NONE', *, *, #185, .F. ) ;
#268 = VERTEX_POINT ( 'NONE', #5223 ) ;
#269 = DIRECTION ( 'NONE',  ( -1.000000000000000000, 0.000000000000000000, 0.000000000000000000 ) ) ;
#270 = CARTESIAN_POINT ( 'NONE',  ( -1.590000000000001190, 0.9000000000000005773, -2.894999999999997797 ) ) ;
#271 = DIRECTION ( 'NONE',  ( -1.000000000000000000, 0.000000000000000000, 0.000000000000000000 ) ) ;
#272 = CARTESIAN_POINT ( 'NONE',  ( -6.185000000000003162, -3.049999999999999822, -3.230000000000000870 ) ) ;
#273 = EDGE_CURVE ( 'NONE', #2123, #11758, #4104, .T. ) ;
#274 = ORIENTED_EDGE ( 'NONE', *, *, #7818, .T. ) ;
#275 = CARTESIAN_POINT ( 'NONE',  ( -9.210000000000002629, 0.9000000000000005773, -2.894999999999997797 ) ) ;
#276 = AXIS2_PLACEMENT_3D ( 'NONE', #5592, #6476, #10510 ) ;
#277 = DIRECTION ( 'NONE',  ( -1.000000000000000000, 0.000000000000000000, 0.000000000000000000 ) ) ;
#278 = EDGE_LOOP ( 'NONE', ( #3535, #10045, #10614, #4567 ) ) ;
#279 = ORIENTED_EDGE ( 'NONE', *, *, #8636, .F. ) ;
#280 = DIRECTION ( 'NONE',  ( -0.000000000000000000, 1.000000000000000000, 1.150347132610614786E-16 ) ) ;
#281 = AXIS2_PLACEMENT_3D ( 'NONE', #2887, #5765, #2013 ) ;
#282 = EDGE_LOOP ( 'NONE', ( #559, #5492, #10166, #7540 ) ) ;
#283 = CIRCLE ( 'NONE', #6465, 0.1999999999999953204 ) ;
#284 = DIRECTION ( 'NONE',  ( 0.000000000000000000, 0.000000000000000000, -1.000000000000000000 ) ) ;
#285 = VERTEX_POINT ( 'NONE', #5098 ) ;
#286 = CARTESIAN_POINT ( 'NONE',  ( -6.030000000000002025, -3.049999999999999822, -3.075000000000000178 ) ) ;
#287 = VECTOR ( 'NONE', #8610, 1000.000000000000000 ) ;
#288 = DIRECTION ( 'NONE',  ( -0.000000000000000000, -0.4226182617407006625, -0.9063077870366493816 ) ) ;
#289 = FACE_OUTER_BOUND ( 'NONE', #9075, .T. ) ;
#290 = ADVANCED_FACE ( 'NONE', ( #1486 ), #9097, .T. ) ;
#291 = VECTOR ( 'NONE', #8188, 1000.000000000000000 ) ;
#292 = VERTEX_POINT ( 'NONE', #7974 ) ;
#293 = ORIENTED_EDGE ( 'NONE', *, *, #6312, .F. ) ;
#294 = DIRECTION ( 'NONE',  ( 1.000000000000000000, 0.000000000000000000, -0.000000000000000000 ) ) ;
#295 = VECTOR ( 'NONE', #7476, 1000.000000000000000 ) ;
#296 = COLOUR_RGB ( '',0.7960784313725489669, 0.8235294117647058432, 0.9372549019607843146 ) ;
#297 = EDGE_LOOP ( 'NONE', ( #11746, #10841, #254, #2347 ) ) ;
#298 = CARTESIAN_POINT ( 'NONE',  ( 9.209999999999999076, 0.7199999999999999734, -2.894999999999998241 ) ) ;
#299 = CIRCLE ( 'NONE', #7874, 0.8200000000000012834 ) ;
#300 = AXIS2_PLACEMENT_3D ( 'NONE', #8278, #1606, #1480 ) ;
#301 = ORIENTED_EDGE ( 'NONE', *, *, #4362, .F. ) ;
#302 = ORIENTED_EDGE ( 'NONE', *, *, #3758, .T. ) ;
#303 = CYLINDRICAL_SURFACE ( 'NONE', #2683, 0.1999999999999953204 ) ;
#304 = CARTESIAN_POINT ( 'NONE',  ( 13.80500000000000149, -3.049999999999999822, -3.714999999999999858 ) ) ;
#305 = AXIS2_PLACEMENT_3D ( 'NONE', #6405, #596, #10008 ) ;
#306 = DIRECTION ( 'NONE',  ( -0.000000000000000000, -0.000000000000000000, 1.000000000000000000 ) ) ;
#307 = CARTESIAN_POINT ( 'NONE',  ( -9.210000000000002629, 1.540000000000000480, 3.382601427321023646 ) ) ;
#308 = STYLED_ITEM ( 'NONE', ( #2584 ), #789 ) ;
#309 = FACE_OUTER_BOUND ( 'NONE', #7703, .T. ) ;
#310 = CARTESIAN_POINT ( 'NONE',  ( -4.669999999999999041, 1.870000000000000551, 0.6649999999999998135 ) ) ;
#311 = EDGE_CURVE ( 'NONE', #9595, #10740, #1425, .T. ) ;
#312 = ORIENTED_EDGE ( 'NONE', *, *, #445, .F. ) ;
#313 = AXIS2_PLACEMENT_3D ( 'NONE', #8648, #2906, #9647 ) ;
#314 = ORIENTED_EDGE ( 'NONE', *, *, #9310, .T. ) ;
#315 = CYLINDRICAL_SURFACE ( 'NONE', #3134, 0.1999999999999953204 ) ;
#316 = AXIS2_PLACEMENT_3D ( 'NONE', #7195, #6449, #1582 ) ;
#317 = LINE ( 'NONE', #11822, #2283 ) ;
#318 = EDGE_LOOP ( 'NONE', ( #1133, #776, #5112, #11460 ) ) ;
#319 = CARTESIAN_POINT ( 'NONE',  ( 22.86000000000000298, -2.174999999999998934, 3.715000000000003855 ) ) ;
#320 = EDGE_CURVE ( 'NONE', #2870, #5986, #10768, .T. ) ;
#321 = FACE_BOUND ( 'NONE', #4926, .T. ) ;
#322 = DIRECTION ( 'NONE',  ( 1.000000000000000000, 0.000000000000000000, 0.000000000000000000 ) ) ;
#323 = DIRECTION ( 'NONE',  ( 0.000000000000000000, 0.000000000000000000, 1.000000000000000000 ) ) ;
#324 = CARTESIAN_POINT ( 'NONE',  ( 0.6099999999999959899, 1.870000000000000551, 0.6649999999999998135 ) ) ;
#325 = VERTEX_POINT ( 'NONE', #5983 ) ;
#326 = ADVANCED_FACE ( 'NONE', ( #2231 ), #1243, .F. ) ;
#327 = AXIS2_PLACEMENT_3D ( 'NONE', #3124, #9735, #3245 ) ;
#328 = LINE ( 'NONE', #4130, #4255 ) ;
#329 = ORIENTED_EDGE ( 'NONE', *, *, #7062, .F. ) ;
#330 = ADVANCED_FACE ( 'NONE', ( #1305 ), #485, .F. ) ;
#331 = AXIS2_PLACEMENT_3D ( 'NONE', #156, #4890, #2893 ) ;
#332 = PLANE ( 'NONE',  #484 ) ;
#333 = VERTEX_POINT ( 'NONE', #4281 ) ;
#334 = ORIENTED_EDGE ( 'NONE', *, *, #6261, .F. ) ;
#335 = SURFACE_STYLE_FILL_AREA ( #11666 ) ;
#336 = DIRECTION ( 'NONE',  ( 0.000000000000000000, -1.000000000000000000, -1.150347132610614786E-16 ) ) ;
#337 = AXIS2_PLACEMENT_3D ( 'NONE', #4217, #8097, #8032 ) ;
#338 = CARTESIAN_POINT ( 'NONE',  ( 1.589999999999997637, 0.9000000000000005773, 3.715000000000003411 ) ) ;
#339 = CARTESIAN_POINT ( 'NONE',  ( -15.24000000000000199, 0.000000000000000000, 0.4649999999999996914 ) ) ;
#340 = ORIENTED_EDGE ( 'NONE', *, *, #4627, .F. ) ;
#341 = CARTESIAN_POINT ( 'NONE',  ( -6.670000000000002593, 1.540000000000000480, 3.715000000000003411 ) ) ;
#342 = LINE ( 'NONE', #7956, #2544 ) ;
#343 = DIRECTION ( 'NONE',  ( 0.000000000000000000, 0.000000000000000000, 1.000000000000000000 ) ) ;
#344 = AXIS2_PLACEMENT_3D ( 'NONE', #9301, #5430, #12130 ) ;
#345 = VERTEX_POINT ( 'NONE', #2358 ) ;
#346 = EDGE_CURVE ( 'NONE', #788, #5517, #9830, .T. ) ;
#347 = AXIS2_PLACEMENT_3D ( 'NONE', #4368, #3498, #11103 ) ;
#348 = CARTESIAN_POINT ( 'NONE',  ( -11.11000000000000121, 0.000000000000000000, -1.674999999999999822 ) ) ;
#349 = EDGE_CURVE ( 'NONE', #4157, #9233, #3224, .T. ) ;
#350 = PLANE ( 'NONE',  #3849 ) ;
#351 = CIRCLE ( 'NONE', #7922, 0.1999999999999953204 ) ;
#352 = ORIENTED_EDGE ( 'NONE', *, *, #10418, .T. ) ;
#353 = CARTESIAN_POINT ( 'NONE',  ( 8.570000000000000284, 0.9000000000000005773, -2.894999999999997797 ) ) ;
#354 = ORIENTED_EDGE ( 'NONE', *, *, #6235, .F. ) ;
#355 = FACE_OUTER_BOUND ( 'NONE', #1020, .T. ) ;
#356 = DIRECTION ( 'NONE',  ( 1.000000000000000000, 0.000000000000000000, -0.000000000000000000 ) ) ;
#357 = PLANE ( 'NONE',  #10116 ) ;
#358 = ORIENTED_EDGE ( 'NONE', *, *, #10418, .F. ) ;
#359 = VERTEX_POINT ( 'NONE', #9903 ) ;
#360 = CARTESIAN_POINT ( 'NONE',  ( -6.670000000000002593, 0.000000000000000000, 0.4649999999999996914 ) ) ;
#361 = VECTOR ( 'NONE', #10140, 1000.000000000000000 ) ;
#362 = EDGE_CURVE ( 'NONE', #7381, #7310, #7709, .T. ) ;
#363 = CLOSED_SHELL ( 'NONE', ( #9855, #3817, #5923, #2535, #4648, #4911, #10408, #4009, #2965, #9128, #5016, #7499, #1620, #171, #7927, #8936, #4449, #8596, #10329, #12137, #8754, #2224 ) ) ;
#364 = ORIENTED_EDGE ( 'NONE', *, *, #11915, .F. ) ;
#365 = DIRECTION ( 'NONE',  ( -1.000000000000000000, 0.000000000000000000, -0.000000000000000000 ) ) ;
#366 = ORIENTED_EDGE ( 'NONE', *, *, #4020, .T. ) ;
#367 = ORIENTED_EDGE ( 'NONE', *, *, #6161, .T. ) ;
#368 = LINE ( 'NONE', #1308, #5278 ) ;
#369 = LINE ( 'NONE', #4044, #2776 ) ;
#370 = FACE_OUTER_BOUND ( 'NONE', #5176, .T. ) ;
#371 = FACE_OUTER_BOUND ( 'NONE', #591, .T. ) ;
#372 = DIRECTION ( 'NONE',  ( -0.000000000000000000, -0.000000000000000000, -1.000000000000000000 ) ) ;
#373 = ORIENTED_EDGE ( 'NONE', *, *, #9310, .F. ) ;
#374 = DIRECTION ( 'NONE',  ( 0.000000000000000000, -1.000000000000000000, 1.150347132610614786E-16 ) ) ;
#375 = ORIENTED_EDGE ( 'NONE', *, *, #3638, .F. ) ;
#376 = EDGE_CURVE ( 'NONE', #4611, #11085, #11804, .T. ) ;
#377 = ORIENTED_EDGE ( 'NONE', *, *, #7576, .T. ) ;
#378 = VERTEX_POINT ( 'NONE', #9962 ) ;
#379 = DIRECTION ( 'NONE',  ( 0.000000000000000000, 5.421010862427481938E-15, -1.000000000000000000 ) ) ;
#380 = DIRECTION ( 'NONE',  ( -0.000000000000000000, -0.000000000000000000, -1.000000000000000000 ) ) ;
#381 = ADVANCED_FACE ( 'NONE', ( #7849 ), #11869, .F. ) ;
#382 = ORIENTED_EDGE ( 'NONE', *, *, #3788, .F. ) ;
#383 = CARTESIAN_POINT ( 'NONE',  ( 9.209999999999999076, 0.7200000000000008615, -3.074999999999999734 ) ) ;
#384 = DIRECTION ( 'NONE',  ( -0.000000000000000000, -0.000000000000000000, 1.000000000000000000 ) ) ;
#385 = DIRECTION ( 'NONE',  ( -1.000000000000000000, 0.000000000000000000, 0.000000000000000000 ) ) ;
#386 = DIRECTION ( 'NONE',  ( 0.000000000000000000, 0.000000000000000000, -1.000000000000000000 ) ) ;
#387 = CARTESIAN_POINT ( 'NONE',  ( 11.75000000000000000, 0.7200000000000001954, -3.714999999999999414 ) ) ;
#388 = DIRECTION ( 'NONE',  ( -0.9063077870366503808, -4.861577055822948687E-17, -0.4226182617406985531 ) ) ;
#389 = ORIENTED_EDGE ( 'NONE', *, *, #4102, .T. ) ;
#390 = DIRECTION ( 'NONE',  ( 0.000000000000000000, 0.000000000000000000, -1.000000000000000000 ) ) ;
#391 = ADVANCED_FACE ( 'NONE', ( #10948 ), #2414, .F. ) ;
#392 = ORIENTED_EDGE ( 'NONE', *, *, #2966, .T. ) ;
#393 = AXIS2_PLACEMENT_3D ( 'NONE', #10024, #1491, #11013 ) ;
#394 = DIRECTION ( 'NONE',  ( 0.000000000000000000, -1.000000000000000000, 1.150347132610614786E-16 ) ) ;
#395 = EDGE_CURVE ( 'NONE', #6199, #2596, #11269, .T. ) ;
#396 = ORIENTED_EDGE ( 'NONE', *, *, #2381, .F. ) ;
#397 = DIRECTION ( 'NONE',  ( 0.000000000000000000, 0.000000000000000000, -1.000000000000000000 ) ) ;
#398 = AXIS2_PLACEMENT_3D ( 'NONE', #103, #10391, #1908 ) ;
#399 = LINE ( 'NONE', #4192, #9171 ) ;
#400 = CARTESIAN_POINT ( 'NONE',  ( 2.950000000000001066, 1.870000000000000551, 0.6649999999999998135 ) ) ;
#401 = ORIENTED_EDGE ( 'NONE', *, *, #8943, .F. ) ;
#402 = DIRECTION ( 'NONE',  ( -0.000000000000000000, 1.000000000000000000, 0.000000000000000000 ) ) ;
#403 = DIRECTION ( 'NONE',  ( -1.000000000000000000, 0.000000000000000000, 0.000000000000000000 ) ) ;
#404 = LINE ( 'NONE', #2338, #3825 ) ;
#405 = EDGE_LOOP ( 'NONE', ( #6845, #2244, #4893, #7204 ) ) ;
#406 = VERTEX_POINT ( 'NONE', #2722 ) ;
#407 = CARTESIAN_POINT ( 'NONE',  ( -6.810000000000008491, 1.870000000000000551, 0.6649999999999998135 ) ) ;
#408 = AXIS2_PLACEMENT_3D ( 'NONE', #2267, #6081, #6900 ) ;
#409 = DIRECTION ( 'NONE',  ( -0.000000000000000000, -0.000000000000000000, -1.000000000000000000 ) ) ;
#410 = ADVANCED_FACE ( 'NONE', ( #4587 ), #6366, .F. ) ;
#411 = VERTEX_POINT ( 'NONE', #3411 ) ;
#412 = CARTESIAN_POINT ( 'NONE',  ( 11.75000000000000000, 1.540000000000000480, 3.382601427321023646 ) ) ;
#413 = PLANE ( 'NONE',  #1112 ) ;
#414 = DIRECTION ( 'NONE',  ( 0.000000000000000000, -0.000000000000000000, -1.000000000000000000 ) ) ;
#415 = DIRECTION ( 'NONE',  ( -1.000000000000000000, 0.000000000000000000, 0.000000000000000000 ) ) ;
#416 = VECTOR ( 'NONE', #11767, 1000.000000000000227 ) ;
#417 = ADVANCED_FACE ( 'NONE', ( #7349 ), #3655, .F. ) ;
#418 = CARTESIAN_POINT ( 'NONE',  ( 0.000000000000000000, 1.540000000000000480, -1.674999999999999822 ) ) ;
#419 = ORIENTED_EDGE ( 'NONE', *, *, #10160, .F. ) ;
#420 = LINE ( 'NONE', #4213, #706 ) ;
#421 = EDGE_CURVE ( 'NONE', #9942, #4798, #2600, .T. ) ;
#422 = VERTEX_POINT ( 'NONE', #7284 ) ;
#423 = CARTESIAN_POINT ( 'NONE',  ( -10.57000000000000561, 0.5700000000000003952, 0.6649999999999998135 ) ) ;
#424 = ORIENTED_EDGE ( 'NONE', *, *, #643, .T. ) ;
#425 = DIRECTION ( 'NONE',  ( 1.000000000000000000, 0.000000000000000000, 0.000000000000000000 ) ) ;
#426 = FACE_OUTER_BOUND ( 'NONE', #1178, .T. ) ;
#427 = CARTESIAN_POINT ( 'NONE',  ( 13.65000000000000036, 1.540000000000000480, -2.894999999999997797 ) ) ;
#428 = EDGE_CURVE ( 'NONE', #6745, #5528, #10682, .T. ) ;
#429 = DIRECTION ( 'NONE',  ( -1.000000000000000000, 0.000000000000000000, 0.000000000000000000 ) ) ;
#430 = CARTESIAN_POINT ( 'NONE',  ( 27.94000000000000128, -3.049999999999999822, -3.230000000000000870 ) ) ;
#431 = ORIENTED_EDGE ( 'NONE', *, *, #9014, .T. ) ;
#432 = LINE ( 'NONE', #11643, #7721 ) ;
#433 = AXIS2_PLACEMENT_3D ( 'NONE', #7993, #11587, #9924 ) ;
#434 = ORIENTED_EDGE ( 'NONE', *, *, #11075, .T. ) ;
#435 = ORIENTED_EDGE ( 'NONE', *, *, #4464, .T. ) ;
#436 = DIRECTION ( 'NONE',  ( -0.000000000000000000, 0.000000000000000000, 1.000000000000000000 ) ) ;
#437 = VERTEX_POINT ( 'NONE', #4534 ) ;
#438 = AXIS2_PLACEMENT_3D ( 'NONE', #10348, #8484, #3615 ) ;
#439 = DIRECTION ( 'NONE',  ( 1.000000000000000000, 0.000000000000000000, -0.000000000000000000 ) ) ;
#440 = VERTEX_POINT ( 'NONE', #11009 ) ;
#441 = DIRECTION ( 'NONE',  ( -1.000000000000000000, 0.000000000000000000, 0.000000000000000000 ) ) ;
#442 = ORIENTED_EDGE ( 'NONE', *, *, #10085, .T. ) ;
#443 = FACE_BOUND ( 'NONE', #4385, .T. ) ;
#444 = CARTESIAN_POINT ( 'NONE',  ( -9.550000000000002487, 1.870000000000000551, 0.6649999999999998135 ) ) ;
#445 = EDGE_CURVE ( 'NONE', #5944, #8726, #7907, .T. ) ;
#446 = CARTESIAN_POINT ( 'NONE',  ( -15.24000000000000199, 2.410000000000000142, 0.4649999999999996914 ) ) ;
#447 = FACE_OUTER_BOUND ( 'NONE', #11825, .T. ) ;
#448 = CARTESIAN_POINT ( 'NONE',  ( -9.210000000000002629, 0.7200000000000001954, -3.714999999999999414 ) ) ;
#449 = EDGE_LOOP ( 'NONE', ( #9685, #6457, #3440, #10919 ) ) ;
#450 = CARTESIAN_POINT ( 'NONE',  ( -6.030000000000002025, -2.717601427321017837, -3.714999999999999858 ) ) ;
#451 = AXIS2_PLACEMENT_3D ( 'NONE', #8012, #9070, #1406 ) ;
#452 = EDGE_LOOP ( 'NONE', ( #10049, #60, #3806, #7293 ) ) ;
#453 = DIRECTION ( 'NONE',  ( -0.000000000000000000, -0.000000000000000000, 1.000000000000000000 ) ) ;
#454 = ORIENTED_EDGE ( 'NONE', *, *, #3582, .F. ) ;
#455 = CARTESIAN_POINT ( 'NONE',  ( -0.9500000000000011768, 0.7199999999999999734, -2.894999999999998241 ) ) ;
#456 = DIRECTION ( 'NONE',  ( 1.000000000000000000, 0.000000000000000000, 0.000000000000000000 ) ) ;
#457 = DIRECTION ( 'NONE',  ( -0.000000000000000000, 1.000000000000000000, 1.150347132610614786E-16 ) ) ;
#458 = CARTESIAN_POINT ( 'NONE',  ( 3.489999999999998437, -3.049999999999999822, -3.714999999999999858 ) ) ;
#459 = DIRECTION ( 'NONE',  ( -1.000000000000000000, 0.000000000000000000, 0.000000000000000000 ) ) ;
#460 = LINE ( 'NONE', #107, #1324 ) ;
#461 = EDGE_CURVE ( 'NONE', #9902, #345, #1552, .T. ) ;
#462 = LINE ( 'NONE', #4197, #3634 ) ;
#463 = ORIENTED_EDGE ( 'NONE', *, *, #4478, .T. ) ;
#464 = LINE ( 'NONE', #8197, #8846 ) ;
#465 = EDGE_CURVE ( 'NONE', #9319, #1009, #5114, .T. ) ;
#466 = ORIENTED_EDGE ( 'NONE', *, *, #3777, .F. ) ;
#467 = AXIS2_PLACEMENT_3D ( 'NONE', #10719, #8793, #11575 ) ;
#468 = CARTESIAN_POINT ( 'NONE',  ( 11.75000000000000000, 0.9000000000000005773, 0.4649999999999996914 ) ) ;
#469 = VERTEX_POINT ( 'NONE', #4408 ) ;
#470 = PRESENTATION_STYLE_ASSIGNMENT (( #9013 ) ) ;
#471 = APPLICATION_PROTOCOL_DEFINITION ( 'draft international standard', 'automotive_design', 1998, #2585 ) ;
#472 = FACE_OUTER_BOUND ( 'NONE', #7486, .T. ) ;
#473 = DIRECTION ( 'NONE',  ( 1.000000000000000000, 0.000000000000000000, -0.000000000000000000 ) ) ;
#474 = EDGE_LOOP ( 'NONE', ( #9305, #1725, #10425, #11136 ) ) ;
#475 = ADVANCED_FACE ( 'NONE', ( #8397 ), #5355, .F. ) ;
#476 = AXIS2_PLACEMENT_3D ( 'NONE', #3415, #11084, #8289 ) ;
#477 = DIRECTION ( 'NONE',  ( -1.000000000000000000, 0.000000000000000000, 0.000000000000000000 ) ) ;
#478 = ORIENTED_EDGE ( 'NONE', *, *, #7962, .T. ) ;
#479 = ORIENTED_EDGE ( 'NONE', *, *, #6918, .F. ) ;
#480 = PLANE ( 'NONE',  #8436 ) ;
#481 = ADVANCED_FACE ( 'NONE', ( #1666 ), #4467, .F. ) ;
#482 = AXIS2_PLACEMENT_3D ( 'NONE', #8141, #8015, #11907 ) ;
#483 = ADVANCED_FACE ( 'NONE', ( #8220 ), #10201, .F. ) ;
#484 = AXIS2_PLACEMENT_3D ( 'NONE', #5319, #5134, #8995 ) ;
#485 = PLANE ( 'NONE',  #6327 ) ;
#486 = DIRECTION ( 'NONE',  ( -1.000000000000000000, 0.000000000000000000, 0.000000000000000000 ) ) ;
#487 = AXIS2_PLACEMENT_3D ( 'NONE', #4251, #4317, #10924 ) ;
#488 = VECTOR ( 'NONE', #5419, 1000.000000000000000 ) ;
#489 = CARTESIAN_POINT ( 'NONE',  ( -14.29000000000000270, 0.9000000000000005773, -1.674999999999999822 ) ) ;
#490 = FACE_OUTER_BOUND ( 'NONE', #7273, .T. ) ;
#491 = PLANE ( 'NONE',  #7234 ) ;
#492 = FACE_OUTER_BOUND ( 'NONE', #1408, .T. ) ;
#493 = AXIS2_PLACEMENT_3D ( 'NONE', #3750, #6633, #2625 ) ;
#494 = EDGE_CURVE ( 'NONE', #8320, #3151, #1787, .T. ) ;
#495 = EDGE_CURVE ( 'NONE', #5763, #1368, #5411, .T. ) ;
#496 = VECTOR ( 'NONE', #2629, 1000.000000000000000 ) ;
#497 = ORIENTED_EDGE ( 'NONE', *, *, #3894, .T. ) ;
#498 = AXIS2_PLACEMENT_3D ( 'NONE', #6293, #4462, #7280 ) ;
#499 = EDGE_CURVE ( 'NONE', #6981, #5421, #5476, .T. ) ;
#500 = DIRECTION ( 'NONE',  ( -1.000000000000000000, 0.000000000000000000, 0.000000000000000000 ) ) ;
#501 = VECTOR ( 'NONE', #5611, 1000.000000000000000 ) ;
#502 = DIRECTION ( 'NONE',  ( -1.000000000000000000, 0.000000000000000000, 0.000000000000000000 ) ) ;
#503 = ORIENTED_EDGE ( 'NONE', *, *, #10989, .F. ) ;
#504 = CARTESIAN_POINT ( 'NONE',  ( -12.09000000000000341, 1.870000000000000551, 0.4649999999999996914 ) ) ;
#505 = EDGE_LOOP ( 'NONE', ( #11943, #7773, #7967, #6649 ) ) ;
#506 = COLOUR_RGB ( '',0.7960784313725489669, 0.8235294117647058432, 0.9372549019607843146 ) ;
#507 = LINE ( 'NONE', #10347, #2798 ) ;
#508 = FILL_AREA_STYLE ('',( #7182 ) ) ;
#509 = DIRECTION ( 'NONE',  ( -0.000000000000000000, -0.000000000000000000, 1.000000000000000000 ) ) ;
#510 = VECTOR ( 'NONE', #1295, 1000.000000000000000 ) ;
#511 = LINE ( 'NONE', #11161, #5034 ) ;
#512 = CARTESIAN_POINT ( 'NONE',  ( -1.590000000000001190, 1.540000000000000480, 3.382601427321023646 ) ) ;
#513 = ORIENTED_EDGE ( 'NONE', *, *, #1169, .F. ) ;
#514 = EDGE_CURVE ( 'NONE', #10875, #12163, #746, .T. ) ;
#515 = CARTESIAN_POINT ( 'NONE',  ( 2.540000000000000036, -3.049999999999999822, -3.559999999999999165 ) ) ;
#516 = VERTEX_POINT ( 'NONE', #10269 ) ;
#517 = PRESENTATION_LAYER_ASSIGNMENT (  '', '', ( #2108 ) ) ;
#518 = EDGE_CURVE ( 'NONE', #8211, #5528, #11253, .T. ) ;
#519 = LINE ( 'NONE', #11042, #11802 ) ;
#520 = ORIENTED_EDGE ( 'NONE', *, *, #1505, .T. ) ;
#521 = PLANE ( 'NONE',  #12053 ) ;
#522 = DIRECTION ( 'NONE',  ( 0.000000000000000000, 0.000000000000000000, 1.000000000000000000 ) ) ;
#523 = FACE_OUTER_BOUND ( 'NONE', #192, .T. ) ;
#524 = PLANE ( 'NONE',  #4406 ) ;
#525 = DIRECTION ( 'NONE',  ( 0.000000000000000000, -0.000000000000000000, 1.000000000000000000 ) ) ;
#526 = CARTESIAN_POINT ( 'NONE',  ( 1.644483041384665167, -4.206925115746958710, -3.020516958615332648 ) ) ;
#527 = AXIS2_PLACEMENT_3D ( 'NONE', #9678, #1148, #6883 ) ;
#528 = LINE ( 'NONE', #10984, #3639 ) ;
#529 = VECTOR ( 'NONE', #3040, 1000.000000000000000 ) ;
#530 = EDGE_LOOP ( 'NONE', ( #6792, #5737, #11588, #10295 ) ) ;
#531 = ORIENTED_EDGE ( 'NONE', *, *, #3949, .T. ) ;
#532 = DIRECTION ( 'NONE',  ( 0.000000000000000000, 0.000000000000000000, -1.000000000000000000 ) ) ;
#533 = VECTOR ( 'NONE', #5446, 1000.000000000000000 ) ;
#534 = EDGE_LOOP ( 'NONE', ( #9772, #194, #11061, #6473 ) ) ;
#535 = EDGE_CURVE ( 'NONE', #5557, #262, #2153, .T. ) ;
#536 = CARTESIAN_POINT ( 'NONE',  ( 9.209999999999999076, 0.9000000000000005773, -1.674999999999999822 ) ) ;
#537 = CARTESIAN_POINT ( 'NONE',  ( 9.209999999999999076, -3.049999999999999822, -3.075000000000000178 ) ) ;
#538 = VECTOR ( 'NONE', #322, 1000.000000000000000 ) ;
#539 = CARTESIAN_POINT ( 'NONE',  ( -14.63000000000000433, 1.870000000000000551, 0.6649999999999998135 ) ) ;
#540 = EDGE_CURVE ( 'NONE', #3303, #9696, #1115, .T. ) ;
#541 = DIRECTION ( 'NONE',  ( 1.000000000000000000, 0.000000000000000000, -0.000000000000000000 ) ) ;
#542 = ORIENTED_EDGE ( 'NONE', *, *, #7616, .T. ) ;
#543 = ORIENTED_EDGE ( 'NONE', *, *, #4331, .F. ) ;
#544 = CARTESIAN_POINT ( 'NONE',  ( 3.586985715305107902, 0.9969857153051095988, 3.590587964983398717 ) ) ;
#545 = EDGE_LOOP ( 'NONE', ( #9158, #4308, #1465, #8712 ) ) ;
#546 = ORIENTED_EDGE ( 'NONE', *, *, #8761, .F. ) ;
#547 = CARTESIAN_POINT ( 'NONE',  ( -14.29000000000000270, 1.540000000000000480, 3.382601427321023646 ) ) ;
#548 = ORIENTED_EDGE ( 'NONE', *, *, #10131, .T. ) ;
#549 = VECTOR ( 'NONE', #3251, 999.9999999999998863 ) ;
#550 = EDGE_LOOP ( 'NONE', ( #3749, #10786 ) ) ;
#551 = EDGE_CURVE ( 'NONE', #9077, #9445, #4901, .T. ) ;
#552 = CARTESIAN_POINT ( 'NONE',  ( 6.029999999999998472, 1.540000000000000480, -2.894999999999997797 ) ) ;
#553 = EDGE_CURVE ( 'NONE', #11206, #11008, #9455, .T. ) ;
#554 = DIRECTION ( 'NONE',  ( -1.000000000000000000, 0.000000000000000000, 0.000000000000000000 ) ) ;
#555 = STYLED_ITEM ( 'NONE', ( #227 ), #4971 ) ;
#556 = CARTESIAN_POINT ( 'NONE',  ( -3.490000000000001990, -3.049999999999999822, -3.075000000000000178 ) ) ;
#557 = CARTESIAN_POINT ( 'NONE',  ( 0.9499999999999977351, 1.540000000000000924, -2.894999999999998241 ) ) ;
#558 = CARTESIAN_POINT ( 'NONE',  ( -10.96999999999999709, 0.5700000000000003952, -1.674999999999999822 ) ) ;
#559 = ORIENTED_EDGE ( 'NONE', *, *, #2703, .F. ) ;
#560 = LINE ( 'NONE', #4290, #7267 ) ;
#561 = ORIENTED_EDGE ( 'NONE', *, *, #7906, .F. ) ;
#562 = ORIENTED_EDGE ( 'NONE', *, *, #11639, .T. ) ;
#563 = CARTESIAN_POINT ( 'NONE',  ( 6.029999999999998472, 0.7200000000000000844, -3.714999999999999414 ) ) ;
#564 = EDGE_LOOP ( 'NONE', ( #2341, #2369, #1744, #9953 ) ) ;
#565 = CARTESIAN_POINT ( 'NONE',  ( -11.11000000000000121, -3.049999999999999822, -3.075000000000000178 ) ) ;
#566 = VERTEX_POINT ( 'NONE', #8522 ) ;
#567 = EDGE_CURVE ( 'NONE', #10263, #6041, #11369, .T. ) ;
#568 = CARTESIAN_POINT ( 'NONE',  ( -9.550000000000002487, 1.870000000000000551, -1.875000000000000000 ) ) ;
#569 = SURFACE_STYLE_USAGE ( .BOTH. , #7304 ) ;
#570 = CYLINDRICAL_SURFACE ( 'NONE', #8107, 0.8200000000000012834 ) ;
#571 = LINE ( 'NONE', #4367, #4439 ) ;
#572 = CARTESIAN_POINT ( 'NONE',  ( 11.75000000000000000, 0.9000000000000010214, -2.894999999999998241 ) ) ;
#573 = ORIENTED_EDGE ( 'NONE', *, *, #6089, .F. ) ;
#574 = EDGE_CURVE ( 'NONE', #5274, #11743, #6850, .T. ) ;
#575 = DIRECTION ( 'NONE',  ( 0.000000000000000000, 1.189977994191405372E-15, -1.000000000000000000 ) ) ;
#576 = ORIENTED_EDGE ( 'NONE', *, *, #4355, .F. ) ;
#577 = LINE ( 'NONE', #4134, #1688 ) ;
#578 = VERTEX_POINT ( 'NONE', #12289 ) ;
#579 = ADVANCED_FACE ( 'NONE', ( #1971 ), #9584, .F. ) ;
#580 = DIRECTION ( 'NONE',  ( 0.000000000000000000, 0.000000000000000000, 1.000000000000000000 ) ) ;
#581 = DIRECTION ( 'NONE',  ( -0.000000000000000000, -0.000000000000000000, -1.000000000000000000 ) ) ;
#582 = EDGE_LOOP ( 'NONE', ( #9607, #8200, #10321, #8233 ) ) ;
#583 = DIRECTION ( 'NONE',  ( 1.000000000000000000, 0.000000000000000000, 0.000000000000000000 ) ) ;
#584 = LINE ( 'NONE', #9195, #4114 ) ;
#585 = DIRECTION ( 'NONE',  ( -0.000000000000000000, -0.000000000000000000, -1.000000000000000000 ) ) ;
#586 = CARTESIAN_POINT ( 'NONE',  ( 10.76999999999999780, 1.870000000000000551, 0.6649999999999998135 ) ) ;
#587 = ORIENTED_EDGE ( 'NONE', *, *, #5660, .T. ) ;
#588 = ADVANCED_FACE ( 'NONE', ( #4770 ), #8586, .T. ) ;
#589 = VERTEX_POINT ( 'NONE', #3719 ) ;
#590 = LINE ( 'NONE', #2581, #4088 ) ;
#591 = EDGE_LOOP ( 'NONE', ( #1609, #6701, #11165, #4904 ) ) ;
#592 = VECTOR ( 'NONE', #5727, 1000.000000000000000 ) ;
#593 = FACE_OUTER_BOUND ( 'NONE', #7881, .T. ) ;
#594 = ORIENTED_EDGE ( 'NONE', *, *, #865, .T. ) ;
#595 = FACE_OUTER_BOUND ( 'NONE', #474, .T. ) ;
#596 = DIRECTION ( 'NONE',  ( -0.000000000000000000, -0.000000000000000000, -1.000000000000000000 ) ) ;
#597 = UNCERTAINTY_MEASURE_WITH_UNIT (LENGTH_MEASURE( 1.000000000000000082E-05 ), #2142, 'distance_accuracy_value', 'NONE');
#598 = CARTESIAN_POINT ( 'NONE',  ( -13.65000000000000213, 1.540000000000000480, 0.4649999999999996914 ) ) ;
#599 = CARTESIAN_POINT ( 'NONE',  ( -1.590000000000001190, 0.7200000000000008615, -3.074999999999999734 ) ) ;
#600 = ORIENTED_EDGE ( 'NONE', *, *, #4902, .F. ) ;
#601 = AXIS2_PLACEMENT_3D ( 'NONE', #11082, #8037, #9222 ) ;
#602 = DIRECTION ( 'NONE',  ( 0.000000000000000000, 1.000000000000000000, -1.150347132610614786E-16 ) ) ;
#603 = ORIENTED_EDGE ( 'NONE', *, *, #4531, .F. ) ;
#604 = CARTESIAN_POINT ( 'NONE',  ( -9.210000000000002629, 0.9000000000000005773, 3.715000000000003411 ) ) ;
#605 = ADVANCED_FACE ( 'NONE', ( #6793 ), #11498, .T. ) ;
#606 = AXIS2_PLACEMENT_3D ( 'NONE', #9629, #3326, #5199 ) ;
#607 = VERTEX_POINT ( 'NONE', #3028 ) ;
#608 = ORIENTED_EDGE ( 'NONE', *, *, #46, .F. ) ;
#609 = DIRECTION ( 'NONE',  ( 1.000000000000000000, 0.000000000000000000, 0.000000000000000000 ) ) ;
#610 = ORIENTED_EDGE ( 'NONE', *, *, #895, .T. ) ;
#611 = EDGE_CURVE ( 'NONE', #3976, #6646, #6545, .T. ) ;
#612 = MANIFOLD_SOLID_BREP ( 'LPattern1', #7936 ) ;
#613 = EDGE_LOOP ( 'NONE', ( #11841, #11742, #1901, #1039 ) ) ;
#614 = DIRECTION ( 'NONE',  ( -1.000000000000000000, -0.000000000000000000, 0.000000000000000000 ) ) ;
#615 = CIRCLE ( 'NONE', #4588, 0.1999999999999953204 ) ;
#616 = DIRECTION ( 'NONE',  ( 1.000000000000000000, 0.000000000000000000, -0.000000000000000000 ) ) ;
#617 = DIRECTION ( 'NONE',  ( 0.000000000000000000, -0.9063077870366494926, -0.4226182617407005515 ) ) ;
#618 = FACE_OUTER_BOUND ( 'NONE', #2534, .T. ) ;
#619 = EDGE_CURVE ( 'NONE', #4769, #2792, #11311, .T. ) ;
#620 = LINE ( 'NONE', #8162, #5444 ) ;
#621 = ORIENTED_EDGE ( 'NONE', *, *, #6802, .T. ) ;
#622 = DIRECTION ( 'NONE',  ( 0.9063077870366486044, -4.861577055822993677E-17, -0.4226182617407024389 ) ) ;
#623 = ORIENTED_EDGE ( 'NONE', *, *, #465, .T. ) ;
#624 = VECTOR ( 'NONE', #10409, 1000.000000000000000 ) ;
#625 = EDGE_CURVE ( 'NONE', #3192, #11016, #1844, .T. ) ;
#626 = ORIENTED_EDGE ( 'NONE', *, *, #2903, .F. ) ;
#627 = DIRECTION ( 'NONE',  ( 0.000000000000000000, -0.000000000000000000, -1.000000000000000000 ) ) ;
#628 = VERTEX_POINT ( 'NONE', #1291 ) ;
#629 = FACE_OUTER_BOUND ( 'NONE', #3951, .T. ) ;
#630 = MANIFOLD_SOLID_BREP ( 'LPattern2[1]', #6358 ) ;
#631 = ORIENTED_EDGE ( 'NONE', *, *, #6123, .F. ) ;
#632 = DIRECTION ( 'NONE',  ( -0.9063077870366493816, -0.4226182617407006625, 0.000000000000000000 ) ) ;
#633 = AXIS2_PLACEMENT_3D ( 'NONE', #9315, #5256, #10175 ) ;
#634 = DIRECTION ( 'NONE',  ( 0.000000000000000000, 0.000000000000000000, -1.000000000000000000 ) ) ;
#635 = DIRECTION ( 'NONE',  ( 0.000000000000000000, 0.000000000000000000, 1.000000000000000000 ) ) ;
#636 = CARTESIAN_POINT ( 'NONE',  ( 6.669999999999999041, 0.9000000000000005773, 3.382601427321023646 ) ) ;
#637 = DIRECTION ( 'NONE',  ( -1.000000000000000000, 0.000000000000000000, 0.000000000000000000 ) ) ;
#638 = ORIENTED_EDGE ( 'NONE', *, *, #9639, .T. ) ;
#639 = DIRECTION ( 'NONE',  ( 0.3892816206350259711, 0.8348171294789868968, -0.3892816206350259711 ) ) ;
#640 = EDGE_CURVE ( 'NONE', #8045, #9595, #2348, .T. ) ;
#641 = ORIENTED_EDGE ( 'NONE', *, *, #11732, .T. ) ;
#642 = CIRCLE ( 'NONE', #8812, 0.1999999999999953204 ) ;
#643 = EDGE_CURVE ( 'NONE', #117, #1398, #10653, .T. ) ;
#644 = DIRECTION ( 'NONE',  ( -0.000000000000000000, -0.000000000000000000, -1.000000000000000000 ) ) ;
#645 = ORIENTED_EDGE ( 'NONE', *, *, #6454, .F. ) ;
#646 = CARTESIAN_POINT ( 'NONE',  ( -8.570000000000002061, 0.9000000000000005773, 3.382601427321023646 ) ) ;
#647 = FACE_OUTER_BOUND ( 'NONE', #2087, .T. ) ;
#648 = FACE_OUTER_BOUND ( 'NONE', #1700, .T. ) ;
#649 = DIRECTION ( 'NONE',  ( -0.000000000000000000, -1.000000000000000000, -0.000000000000000000 ) ) ;
#650 = CARTESIAN_POINT ( 'NONE',  ( 6.184999999999999609, -3.049999999999999822, -3.714999999999999858 ) ) ;
#651 = DIRECTION ( 'NONE',  ( 0.000000000000000000, 1.000000000000000000, 0.000000000000000000 ) ) ;
#652 = LINE ( 'NONE', #8137, #7825 ) ;
#653 = EDGE_LOOP ( 'NONE', ( #10000, #654, #5967, #10685 ) ) ;
#654 = ORIENTED_EDGE ( 'NONE', *, *, #6777, .F. ) ;
#655 = FACE_OUTER_BOUND ( 'NONE', #11850, .T. ) ;
#656 = ADVANCED_FACE ( 'NONE', ( #11617 ), #4204, .T. ) ;
#657 = ORIENTED_EDGE ( 'NONE', *, *, #3616, .T. ) ;
#658 = EDGE_CURVE ( 'NONE', #4157, #11421, #4093, .T. ) ;
#659 = AXIS2_PLACEMENT_3D ( 'NONE', #5573, #5447, #4443 ) ;
#660 = DIRECTION ( 'NONE',  ( -0.000000000000000000, -0.000000000000000000, 1.000000000000000000 ) ) ;
#661 = EDGE_CURVE ( 'NONE', #8756, #7246, #1359, .T. ) ;
#662 = CARTESIAN_POINT ( 'NONE',  ( 10.76999999999999780, 1.870000000000000551, -1.875000000000000000 ) ) ;
#663 = PRODUCT_CONTEXT ( 'NONE', #2585, 'mechanical' ) ;
#664 = CARTESIAN_POINT ( 'NONE',  ( 1.589999999999997637, 0.000000000000000000, 0.4649999999999996914 ) ) ;
#665 = ORIENTED_EDGE ( 'NONE', *, *, #11612, .T. ) ;
#666 = DIRECTION ( 'NONE',  ( -1.000000000000000000, 0.000000000000000000, 0.000000000000000000 ) ) ;
#667 = VERTEX_POINT ( 'NONE', #8830 ) ;
#668 = DIRECTION ( 'NONE',  ( -1.000000000000000000, 0.000000000000000000, 0.000000000000000000 ) ) ;
#669 = DIRECTION ( 'NONE',  ( -0.000000000000000000, 1.000000000000000000, 0.000000000000000000 ) ) ;
#670 = VERTEX_POINT ( 'NONE', #7027 ) ;
#671 = DIRECTION ( 'NONE',  ( -1.000000000000000000, 0.000000000000000000, 0.000000000000000000 ) ) ;
#672 = ORIENTED_EDGE ( 'NONE', *, *, #11150, .T. ) ;
#673 = EDGE_LOOP ( 'NONE', ( #2212, #3673, #2151, #8817 ) ) ;
#674 = CARTESIAN_POINT ( 'NONE',  ( -9.210000000000002629, -3.049999999999999822, -3.714999999999999858 ) ) ;
#675 = AXIS2_PLACEMENT_3D ( 'NONE', #8486, #6628, #10475 ) ;
#676 = VERTEX_POINT ( 'NONE', #6913 ) ;
#677 = EDGE_CURVE ( 'NONE', #3025, #9464, #9890, .T. ) ;
#678 = EDGE_LOOP ( 'NONE', ( #10630, #11510, #4912, #7836 ) ) ;
#679 = DIRECTION ( 'NONE',  ( 0.000000000000000000, 0.000000000000000000, 1.000000000000000000 ) ) ;
#680 = VERTEX_POINT ( 'NONE', #10698 ) ;
#681 = AXIS2_PLACEMENT_3D ( 'NONE', #1100, #9440, #7515 ) ;
#682 = LINE ( 'NONE', #4468, #11437 ) ;
#683 = VERTEX_POINT ( 'NONE', #412 ) ;
#684 = PLANE ( 'NONE',  #1980 ) ;
#685 = DIRECTION ( 'NONE',  ( 0.000000000000000000, 1.000000000000000000, -1.150347132610614786E-16 ) ) ;
#686 = AXIS2_PLACEMENT_3D ( 'NONE', #8990, #11773, #3318 ) ;
#687 = CARTESIAN_POINT ( 'NONE',  ( 13.50999999999999446, 1.870000000000000551, 0.6649999999999998135 ) ) ;
#688 = ORIENTED_EDGE ( 'NONE', *, *, #10862, .T. ) ;
#689 = CARTESIAN_POINT ( 'NONE',  ( -9.210000000000002629, 0.9000000000000005773, -2.894999999999997797 ) ) ;
#690 = ORIENTED_EDGE ( 'NONE', *, *, #6032, .T. ) ;
#691 = VECTOR ( 'NONE', #3819, 999.9999999999998863 ) ;
#692 = CARTESIAN_POINT ( 'NONE',  ( 0.9499999999999977351, 0.9000000000000013545, 3.382601427321023646 ) ) ;
#693 = AXIS2_PLACEMENT_3D ( 'NONE', #5137, #10864, #8819 ) ;
#694 = VERTEX_POINT ( 'NONE', #1232 ) ;
#695 = DIRECTION ( 'NONE',  ( 0.000000000000000000, 0.000000000000000000, 1.000000000000000000 ) ) ;
#696 = ORIENTED_EDGE ( 'NONE', *, *, #1562, .F. ) ;
#697 = DIRECTION ( 'NONE',  ( -0.000000000000000000, -0.000000000000000000, -1.000000000000000000 ) ) ;
#698 = AXIS2_PLACEMENT_3D ( 'NONE', #1079, #5812, #3992 ) ;
#699 = FACE_OUTER_BOUND ( 'NONE', #7406, .T. ) ;
#700 = ADVANCED_FACE ( 'NONE', ( #6030 ), #8895, .T. ) ;
#701 = DIRECTION ( 'NONE',  ( 0.000000000000000000, -0.9063077870366494926, -0.4226182617407005515 ) ) ;
#702 = DIRECTION ( 'NONE',  ( -0.000000000000000000, -0.000000000000000000, -1.000000000000000000 ) ) ;
#703 = DIRECTION ( 'NONE',  ( 1.000000000000000000, 0.000000000000000000, -0.000000000000000000 ) ) ;
#704 = ORIENTED_EDGE ( 'NONE', *, *, #5598, .F. ) ;
#705 = CIRCLE ( 'NONE', #4087, 0.1800000000000013256 ) ;
#706 = VECTOR ( 'NONE', #5852, 1000.000000000000000 ) ;
#707 = EDGE_LOOP ( 'NONE', ( #2000, #3332, #9269, #7945 ) ) ;
#708 = EDGE_CURVE ( 'NONE', #11716, #3645, #8873, .T. ) ;
#709 = CARTESIAN_POINT ( 'NONE',  ( 13.68701218716722856, 1.436334613170440644, -1.137987812832773837 ) ) ;
#710 = LINE ( 'NONE', #646, #2700 ) ;
#711 = CARTESIAN_POINT ( 'NONE',  ( -15.24000000000000199, 2.410000000000000142, -1.674999999999999822 ) ) ;
#712 = VECTOR ( 'NONE', #7839, 1000.000000000000000 ) ;
#713 = VERTEX_POINT ( 'NONE', #5019 ) ;
#714 = DIRECTION ( 'NONE',  ( 0.000000000000000000, 0.000000000000000000, 1.000000000000000000 ) ) ;
#715 = CARTESIAN_POINT ( 'NONE',  ( 4.669999999999993712, 0.5700000000000003952, 0.6649999999999998135 ) ) ;
#716 = EDGE_CURVE ( 'NONE', #8502, #11490, #9818, .T. ) ;
#717 = CARTESIAN_POINT ( 'NONE',  ( -1.730000000000007532, 1.870000000000000551, 0.4649999999999996914 ) ) ;
#718 = DIRECTION ( 'NONE',  ( -0.000000000000000000, -0.000000000000000000, -1.000000000000000000 ) ) ;
#719 = ORIENTED_EDGE ( 'NONE', *, *, #2202, .T. ) ;
#720 = MANIFOLD_SOLID_BREP ( 'LPattern2[7]', #5552 ) ;
#721 = AXIS2_PLACEMENT_3D ( 'NONE', #6836, #2331, #2265 ) ;
#722 = ORIENTED_EDGE ( 'NONE', *, *, #11310, .F. ) ;
#723 = CYLINDRICAL_SURFACE ( 'NONE', #4652, 0.1999999999999953204 ) ;
#724 = EDGE_CURVE ( 'NONE', #8258, #2072, #2497, .T. ) ;
#725 = VECTOR ( 'NONE', #2268, 999.9999999999998863 ) ;
#726 = CARTESIAN_POINT ( 'NONE',  ( 1.589999999999997637, 0.7199999999999999734, -2.894999999999998241 ) ) ;
#727 =( NAMED_UNIT ( * ) PLANE_ANGLE_UNIT ( ) SI_UNIT ( $, .RADIAN. ) );
#728 = CIRCLE ( 'NONE', #7700, 0.1999999999999953204 ) ;
#729 = CARTESIAN_POINT ( 'NONE',  ( 9.209999999999999076, 0.9000000000000005773, 3.715000000000003411 ) ) ;
#730 = DIRECTION ( 'NONE',  ( -1.000000000000000000, 0.000000000000000000, 0.000000000000000000 ) ) ;
#731 = EDGE_CURVE ( 'NONE', #6646, #3976, #3688, .T. ) ;
#732 = ORIENTED_EDGE ( 'NONE', *, *, #8875, .T. ) ;
#733 = PLANE ( 'NONE',  #3520 ) ;
#734 = DIRECTION ( 'NONE',  ( -0.000000000000000000, -1.000000000000000000, 0.000000000000000000 ) ) ;
#735 = AXIS2_PLACEMENT_3D ( 'NONE', #8922, #10959, #379 ) ;
#736 = ORIENTED_EDGE ( 'NONE', *, *, #1858, .T. ) ;
#737 = DIRECTION ( 'NONE',  ( 1.000000000000000000, 0.000000000000000000, 0.000000000000000000 ) ) ;
#738 = EDGE_LOOP ( 'NONE', ( #3008, #2841, #5192, #5099 ) ) ;
#739 = DIRECTION ( 'NONE',  ( 0.000000000000000000, 0.000000000000000000, 1.000000000000000000 ) ) ;
#740 = ADVANCED_FACE ( 'NONE', ( #12097 ), #10185, .T. ) ;
#741 = ORIENTED_EDGE ( 'NONE', *, *, #9581, .T. ) ;
#742 = AXIS2_PLACEMENT_3D ( 'NONE', #6233, #11630, #3108 ) ;
#743 = ORIENTED_EDGE ( 'NONE', *, *, #8181, .T. ) ;
#744 = AXIS2_PLACEMENT_3D ( 'NONE', #6904, #10927, #11672 ) ;
#745 = ORIENTED_EDGE ( 'NONE', *, *, #3969, .T. ) ;
#746 = LINE ( 'NONE', #2655, #10892 ) ;
#747 = ORIENTED_EDGE ( 'NONE', *, *, #3913, .F. ) ;
#748 = CARTESIAN_POINT ( 'NONE',  ( -13.65000000000000213, 0.9000000000000005773, 3.715000000000003411 ) ) ;
#749 = CARTESIAN_POINT ( 'NONE',  ( -13.59551695861533460, -4.206925115746958710, -3.020516958615332648 ) ) ;
#750 = ADVANCED_FACE ( 'NONE', ( #6351 ), #9147, .T. ) ;
#751 = AXIS2_PLACEMENT_3D ( 'NONE', #3475, #6419, #6544 ) ;
#752 = DIRECTION ( 'NONE',  ( -0.3892816206350239172, 0.3892816206350261377, 0.8348171294789875629 ) ) ;
#753 = DIRECTION ( 'NONE',  ( 1.000000000000000000, 0.000000000000000000, -0.000000000000000000 ) ) ;
#754 = DIRECTION ( 'NONE',  ( 0.000000000000000000, -1.000000000000000000, 1.150347132610614786E-16 ) ) ;
#755 = ORIENTED_EDGE ( 'NONE', *, *, #3543, .T. ) ;
#756 = CARTESIAN_POINT ( 'NONE',  ( -8.230000000000000426, 0.5700000000000003952, 0.4649999999999996914 ) ) ;
#757 = CIRCLE ( 'NONE', #5317, 0.1999999999999952094 ) ;
#758 = EDGE_CURVE ( 'NONE', #9610, #10139, #3641, .T. ) ;
#759 = VECTOR ( 'NONE', #2306, 1000.000000000000000 ) ;
#760 = ORIENTED_EDGE ( 'NONE', *, *, #6656, .F. ) ;
#761 = DIRECTION ( 'NONE',  ( -0.000000000000000000, -0.000000000000000000, 1.000000000000000000 ) ) ;
#762 = AXIS2_PLACEMENT_3D ( 'NONE', #1808, #8485, #7744 ) ;
#763 = ORIENTED_EDGE ( 'NONE', *, *, #5722, .F. ) ;
#764 = DIRECTION ( 'NONE',  ( 0.000000000000000000, 0.000000000000000000, 1.000000000000000000 ) ) ;
#765 = VERTEX_POINT ( 'NONE', #2642 ) ;
#766 = AXIS2_PLACEMENT_3D ( 'NONE', #4521, #12100, #5463 ) ;
#767 = CARTESIAN_POINT ( 'NONE',  ( -11.26500000000000234, -3.049999999999999822, -4.336808689942017736E-16 ) ) ;
#768 = CARTESIAN_POINT ( 'NONE',  ( -6.670000000000002593, 0.9000000000000005773, -1.674999999999999822 ) ) ;
#769 = PLANE ( 'NONE',  #6530 ) ;
#770 = AXIS2_PLACEMENT_3D ( 'NONE', #11078, #2546, #5539 ) ;
#771 = DIRECTION ( 'NONE',  ( 1.000000000000000000, 0.000000000000000000, 0.000000000000000000 ) ) ;
#772 = CARTESIAN_POINT ( 'NONE',  ( 3.149999999999996358, 1.870000000000000551, 0.6649999999999998135 ) ) ;
#773 = ORIENTED_EDGE ( 'NONE', *, *, #5668, .T. ) ;
#774 = ADVANCED_FACE ( 'NONE', ( #10007 ), #6464, .T. ) ;
#775 = PRESENTATION_LAYER_ASSIGNMENT (  '', '', ( #555 ) ) ;
#776 = ORIENTED_EDGE ( 'NONE', *, *, #7869, .F. ) ;
#777 = ADVANCED_FACE ( 'NONE', ( #5396 ), #3524, .F. ) ;
#778 = CLOSED_SHELL ( 'NONE', ( #3607, #6501, #8286, #2851, #4807, #700, #6764, #9492, #5286, #9724, #10932, #11274, #4982, #6468, #5318, #7898, #244, #11218, #4002, #10678, #7104, #1618 ) ) ;
#779 = DIRECTION ( 'NONE',  ( -1.000000000000000000, 0.000000000000000000, 0.000000000000000000 ) ) ;
#780 = ORIENTED_EDGE ( 'NONE', *, *, #7023, .T. ) ;
#781 = FACE_OUTER_BOUND ( 'NONE', #11247, .T. ) ;
#782 = DIRECTION ( 'NONE',  ( 0.3892816206350259711, -0.8348171294789868968, -0.3892816206350259711 ) ) ;
#783 = VERTEX_POINT ( 'NONE', #10251 ) ;
#784 = DIRECTION ( 'NONE',  ( 0.000000000000000000, 0.000000000000000000, -1.000000000000000000 ) ) ;
#785 = SURFACE_STYLE_USAGE ( .BOTH. , #6339 ) ;
#786 = CARTESIAN_POINT ( 'NONE',  ( 1.104999999999998428, -3.049999999999999822, -4.336808689942017736E-16 ) ) ;
#787 = PLANE ( 'NONE',  #3434 ) ;
#788 = VERTEX_POINT ( 'NONE', #3455 ) ;
#789 = MANIFOLD_SOLID_BREP ( 'LPattern2[2]', #4938 ) ;
#790 = ADVANCED_FACE ( 'NONE', ( #595 ), #2528, .F. ) ;
#791 = EDGE_LOOP ( 'NONE', ( #10679, #2343, #3014, #8599 ) ) ;
#792 = DIRECTION ( 'NONE',  ( -1.000000000000000000, 0.000000000000000000, 0.000000000000000000 ) ) ;
#793 = EDGE_CURVE ( 'NONE', #7418, #213, #11298, .T. ) ;
#794 = FACE_OUTER_BOUND ( 'NONE', #1129, .T. ) ;
#795 = DIRECTION ( 'NONE',  ( 1.000000000000000000, 0.000000000000000000, 0.000000000000000000 ) ) ;
#796 = CARTESIAN_POINT ( 'NONE',  ( 11.20698571530510890, 0.9969857153051095988, 3.590587964983398717 ) ) ;
#797 = ADVANCED_FACE ( 'NONE', ( #4756 ), #5767, .T. ) ;
#798 = DIRECTION ( 'NONE',  ( -1.000000000000000000, 0.000000000000000000, 0.000000000000000000 ) ) ;
#799 = EDGE_LOOP ( 'NONE', ( #4277, #5732, #11476, #7601 ) ) ;
#800 = DIRECTION ( 'NONE',  ( -1.000000000000000000, 0.000000000000000000, 0.000000000000000000 ) ) ;
#801 = LINE ( 'NONE', #4522, #4421 ) ;
#802 = VERTEX_POINT ( 'NONE', #3704 ) ;
#803 = FACE_OUTER_BOUND ( 'NONE', #8876, .T. ) ;
#804 = DIRECTION ( 'NONE',  ( 0.000000000000000000, 0.000000000000000000, -1.000000000000000000 ) ) ;
#805 = MANIFOLD_SOLID_BREP ( 'LPattern2[3]', #1956 ) ;
#806 = EDGE_CURVE ( 'NONE', #5365, #10128, #8508, .T. ) ;
#807 = DIRECTION ( 'NONE',  ( -0.000000000000000000, -0.000000000000000000, -1.000000000000000000 ) ) ;
#808 = AXIS2_PLACEMENT_3D ( 'NONE', #8159, #3413, #8971 ) ;
#809 = EDGE_LOOP ( 'NONE', ( #7844, #11936 ) ) ;
#810 = CARTESIAN_POINT ( 'NONE',  ( -9.350000000000006750, 1.870000000000000551, -1.674999999999999822 ) ) ;
#811 = ADVANCED_FACE ( 'NONE', ( #12277 ), #9570, .F. ) ;
#812 = DIRECTION ( 'NONE',  ( -0.000000000000000000, -0.000000000000000000, -1.000000000000000000 ) ) ;
#813 = AXIS2_PLACEMENT_3D ( 'NONE', #1117, #4905, #7779 ) ;
#814 = DIRECTION ( 'NONE',  ( -0.000000000000000000, 1.000000000000000000, 1.150347132610614786E-16 ) ) ;
#815 = LINE ( 'NONE', #4651, #10706 ) ;
#816 = CARTESIAN_POINT ( 'NONE',  ( 12.70000000000000107, -2.174999999999998934, 3.715000000000003855 ) ) ;
#817 = DIRECTION ( 'NONE',  ( 0.000000000000000000, 0.000000000000000000, -1.000000000000000000 ) ) ;
#818 = ORIENTED_EDGE ( 'NONE', *, *, #3747, .F. ) ;
#819 = EDGE_CURVE ( 'NONE', #6940, #2453, #9280, .T. ) ;
#820 = CIRCLE ( 'NONE', #4774, 0.1999999999999953204 ) ;
#821 = LINE ( 'NONE', #1801, #5712 ) ;
#822 = ORIENTED_EDGE ( 'NONE', *, *, #6584, .T. ) ;
#823 = CARTESIAN_POINT ( 'NONE',  ( -9.550000000000002487, 1.870000000000000551, -1.875000000000000000 ) ) ;
#824 = ORIENTED_EDGE ( 'NONE', *, *, #7614, .F. ) ;
#825 = ADVANCED_FACE ( 'NONE', ( #83 ), #5708, .T. ) ;
#826 = DIRECTION ( 'NONE',  ( -0.000000000000000000, -0.000000000000000000, -1.000000000000000000 ) ) ;
#827 = LINE ( 'NONE', #8542, #9600 ) ;
#828 = DIRECTION ( 'NONE',  ( 1.000000000000000000, 0.000000000000000000, -0.000000000000000000 ) ) ;
#829 = VECTOR ( 'NONE', #8116, 1000.000000000000000 ) ;
#830 = CARTESIAN_POINT ( 'NONE',  ( -3.975000000000000977, -3.049999999999999822, -4.336808689942017736E-16 ) ) ;
#831 = DIRECTION ( 'NONE',  ( 0.000000000000000000, -1.000000000000000000, -1.150347132610614786E-16 ) ) ;
#832 = VERTEX_POINT ( 'NONE', #5829 ) ;
#833 = ORIENTED_EDGE ( 'NONE', *, *, #10975, .T. ) ;
#834 = AXIS2_PLACEMENT_3D ( 'NONE', #4940, #3004, #6947 ) ;
#835 = DIRECTION ( 'NONE',  ( -1.000000000000000000, 0.000000000000000000, 0.000000000000000000 ) ) ;
#836 = ORIENTED_EDGE ( 'NONE', *, *, #11853, .F. ) ;
#837 = EDGE_CURVE ( 'NONE', #10340, #325, #4101, .T. ) ;
#838 = DIRECTION ( 'NONE',  ( 0.000000000000000000, 1.000000000000000000, -1.150347132610614786E-16 ) ) ;
#839 = DIRECTION ( 'NONE',  ( -1.000000000000000000, 0.000000000000000000, 0.000000000000000000 ) ) ;
#840 = CARTESIAN_POINT ( 'NONE',  ( 11.59500000000000064, 1.055000000000000382, 3.715000000000003411 ) ) ;
#841 = DIRECTION ( 'NONE',  ( -0.000000000000000000, -0.000000000000000000, 1.000000000000000000 ) ) ;
#842 = FACE_OUTER_BOUND ( 'NONE', #10663, .T. ) ;
#843 = ORIENTED_EDGE ( 'NONE', *, *, #1174, .T. ) ;
#844 = ORIENTED_EDGE ( 'NONE', *, *, #5764, .F. ) ;
#845 = DIRECTION ( 'NONE',  ( -0.3892816206350259711, 0.8348171294789868968, -0.3892816206350259711 ) ) ;
#846 = VECTOR ( 'NONE', #8235, 1000.000000000000000 ) ;
#847 = ORIENTED_EDGE ( 'NONE', *, *, #3138, .F. ) ;
#848 = PLANE ( 'NONE',  #9047 ) ;
#849 = ORIENTED_EDGE ( 'NONE', *, *, #235, .T. ) ;
#850 = CARTESIAN_POINT ( 'NONE',  ( 14.29000000000000092, 0.000000000000000000, 0.4649999999999996914 ) ) ;
#851 = FACE_BOUND ( 'NONE', #8391, .T. ) ;
#852 = LINE ( 'NONE', #1776, #3990 ) ;
#853 = VECTOR ( 'NONE', #11246, 1000.000000000000000 ) ;
#854 = CARTESIAN_POINT ( 'NONE',  ( 11.59499999999999886, -3.049999999999999822, -3.559999999999999165 ) ) ;
#855 = EDGE_LOOP ( 'NONE', ( #8142, #12001, #4434, #2442 ) ) ;
#856 = FACE_OUTER_BOUND ( 'NONE', #11975, .T. ) ;
#857 = CARTESIAN_POINT ( 'NONE',  ( 13.30999999999999872, 1.870000000000000551, 0.4649999999999996914 ) ) ;
#858 = ORIENTED_EDGE ( 'NONE', *, *, #11204, .F. ) ;
#859 = EDGE_CURVE ( 'NONE', #3794, #4133, #2303, .T. ) ;
#860 = CYLINDRICAL_SURFACE ( 'NONE', #5951, 0.1999999999999953204 ) ;
#861 = PLANE ( 'NONE',  #1111 ) ;
#862 = AXIS2_PLACEMENT_3D ( 'NONE', #2007, #11532, #9618 ) ;
#863 = ORIENTED_EDGE ( 'NONE', *, *, #9159, .F. ) ;
#864 = CARTESIAN_POINT ( 'NONE',  ( 3.489999999999998437, 0.000000000000000000, -1.674999999999999822 ) ) ;
#865 = EDGE_CURVE ( 'NONE', #10675, #4929, #3888, .T. ) ;
#866 = VERTEX_POINT ( 'NONE', #2955 ) ;
#867 = DIRECTION ( 'NONE',  ( 0.000000000000000000, 0.000000000000000000, 1.000000000000000000 ) ) ;
#868 = CARTESIAN_POINT ( 'NONE',  ( -1.590000000000001190, 0.9000000000000005773, -2.894999999999997797 ) ) ;
#869 = FACE_OUTER_BOUND ( 'NONE', #11707, .T. ) ;
#870 = VECTOR ( 'NONE', #11212, 1000.000000000000000 ) ;
#871 = EDGE_CURVE ( 'NONE', #3897, #7581, #5581, .T. ) ;
#872 = DIRECTION ( 'NONE',  ( -0.000000000000000000, 0.000000000000000000, -1.000000000000000000 ) ) ;
#873 = PLANE ( 'NONE',  #9638 ) ;
#874 = CARTESIAN_POINT ( 'NONE',  ( 9.209999999999999076, -3.049999999999999822, -3.075000000000000178 ) ) ;
#875 = ORIENTED_EDGE ( 'NONE', *, *, #5550, .F. ) ;
#876 = DIRECTION ( 'NONE',  ( 1.000000000000000000, 0.000000000000000000, -0.000000000000000000 ) ) ;
#877 = EDGE_CURVE ( 'NONE', #8576, #262, #23, .T. ) ;
#878 = ADVANCED_FACE ( 'NONE', ( #7636 ), #8443, .F. ) ;
#879 = ORIENTED_EDGE ( 'NONE', *, *, #4627, .T. ) ;
#880 = VECTOR ( 'NONE', #3034, 1000.000000000000000 ) ;
#881 = VERTEX_POINT ( 'NONE', #9872 ) ;
#882 = EDGE_LOOP ( 'NONE', ( #6043, #6129, #3772, #3837 ) ) ;
#883 = CARTESIAN_POINT ( 'NONE',  ( -9.054999999999999716, -2.174999999999998934, 3.715000000000003855 ) ) ;
#884 = MANIFOLD_SOLID_BREP ( 'LPattern2[4]', #363 ) ;
#885 = ORIENTED_EDGE ( 'NONE', *, *, #11412, .F. ) ;
#886 = VECTOR ( 'NONE', #9021, 1000.000000000000000 ) ;
#887 = CARTESIAN_POINT ( 'NONE',  ( 11.75000000000000000, 1.540000000000000480, 3.715000000000003411 ) ) ;
#888 = FILL_AREA_STYLE_COLOUR ( '', #11762 ) ;
#889 = ADVANCED_FACE ( 'NONE', ( #11542 ), #2076, .F. ) ;
#890 = CARTESIAN_POINT ( 'NONE',  ( -6.515000000000001457, 1.055000000000000382, 3.715000000000003411 ) ) ;
#891 = CARTESIAN_POINT ( 'NONE',  ( 11.75000000000000000, 0.9000000000000005773, -1.674999999999999822 ) ) ;
#892 = DIRECTION ( 'NONE',  ( 1.000000000000000000, 0.000000000000000000, 0.000000000000000000 ) ) ;
#893 = AXIS2_PLACEMENT_3D ( 'NONE', #1230, #7901, #3093 ) ;
#894 = ORIENTED_EDGE ( 'NONE', *, *, #7785, .T. ) ;
#895 = EDGE_CURVE ( 'NONE', #4929, #11085, #10858, .T. ) ;
#896 = AXIS2_PLACEMENT_3D ( 'NONE', #8688, #3132, #144 ) ;
#897 = ORIENTED_EDGE ( 'NONE', *, *, #12199, .F. ) ;
#898 = AXIS2_PLACEMENT_3D ( 'NONE', #9079, #10934, #5208 ) ;
#899 = DIRECTION ( 'NONE',  ( -0.000000000000000000, 1.000000000000000000, 0.000000000000000000 ) ) ;
#900 = ORIENTED_EDGE ( 'NONE', *, *, #11405, .F. ) ;
#901 = CARTESIAN_POINT ( 'NONE',  ( -11.11000000000000121, 1.540000000000000480, 0.4649999999999996914 ) ) ;
#902 = DIRECTION ( 'NONE',  ( -0.000000000000000000, -0.000000000000000000, -1.000000000000000000 ) ) ;
#903 = FACE_OUTER_BOUND ( 'NONE', #7523, .T. ) ;
#904 = EDGE_CURVE ( 'NONE', #10930, #2920, #6077, .T. ) ;
#905 = PLANE ( 'NONE',  #4119 ) ;
#906 = VECTOR ( 'NONE', #12241, 1000.000000000000000 ) ;
#907 = DIRECTION ( 'NONE',  ( 0.000000000000000000, 1.000000000000000000, 0.000000000000000000 ) ) ;
#908 = AXIS2_PLACEMENT_3D ( 'NONE', #3175, #6991, #10776 ) ;
#909 = ORIENTED_EDGE ( 'NONE', *, *, #14, .F. ) ;
#910 = ORIENTED_EDGE ( 'NONE', *, *, #6601, .F. ) ;
#911 = CARTESIAN_POINT ( 'NONE',  ( 9.749999999999994671, 0.5700000000000003952, 0.6649999999999998135 ) ) ;
#912 = AXIS2_PLACEMENT_3D ( 'NONE', #2509, #453, #8937 ) ;
#913 = EDGE_CURVE ( 'NONE', #5621, #5996, #9935, .T. ) ;
#914 = VECTOR ( 'NONE', #11870, 1000.000000000000000 ) ;
#915 = VECTOR ( 'NONE', #532, 1000.000000000000000 ) ;
#916 = CARTESIAN_POINT ( 'NONE',  ( -6.030000000000002025, 0.9000000000000013545, 3.382601427321023646 ) ) ;
#917 = CARTESIAN_POINT ( 'NONE',  ( 0.000000000000000000, 0.000000000000000000, -1.674999999999999822 ) ) ;
#918 = AXIS2_PLACEMENT_3D ( 'NONE', #11386, #3043, #180 ) ;
#919 = LINE ( 'NONE', #5713, #8566 ) ;
#920 = DIRECTION ( 'NONE',  ( 0.000000000000000000, 0.000000000000000000, -1.000000000000000000 ) ) ;
#921 = ORIENTED_EDGE ( 'NONE', *, *, #10066, .F. ) ;
#922 = FACE_OUTER_BOUND ( 'NONE', #11861, .T. ) ;
#923 = FACE_OUTER_BOUND ( 'NONE', #3892, .T. ) ;
#924 = ORIENTED_EDGE ( 'NONE', *, *, #218, .F. ) ;
#925 = CARTESIAN_POINT ( 'NONE',  ( 5.490000000000001990, 1.870000000000000551, 0.4649999999999996914 ) ) ;
#926 = VECTOR ( 'NONE', #11500, 1000.000000000000000 ) ;
#927 = LINE ( 'NONE', #11365, #11819 ) ;
#928 = EDGE_CURVE ( 'NONE', #6794, #4201, #5197, .T. ) ;
#929 = ADVANCED_FACE ( 'NONE', ( #6958 ), #3260, .F. ) ;
#930 = DIRECTION ( 'NONE',  ( -0.000000000000000000, -0.000000000000000000, -1.000000000000000000 ) ) ;
#931 = ORIENTED_EDGE ( 'NONE', *, *, #9829, .T. ) ;
#932 = CARTESIAN_POINT ( 'NONE',  ( 6.029999999999998472, -3.049999999999999822, -3.075000000000000178 ) ) ;
#933 = DIRECTION ( 'NONE',  ( 0.000000000000000000, 0.000000000000000000, -1.000000000000000000 ) ) ;
#934 = DIRECTION ( 'NONE',  ( 1.000000000000000000, 0.000000000000000000, 0.000000000000000000 ) ) ;
#935 = LINE ( 'NONE', #10457, #1554 ) ;
#936 = AXIS2_PLACEMENT_3D ( 'NONE', #383, #4177, #11584 ) ;
#937 = DIRECTION ( 'NONE',  ( -1.000000000000000000, 0.000000000000000000, -0.000000000000000000 ) ) ;
#938 = ORIENTED_EDGE ( 'NONE', *, *, #6032, .F. ) ;
#939 = DIRECTION ( 'NONE',  ( 1.000000000000000000, 0.000000000000000000, 0.000000000000000000 ) ) ;
#940 = ORIENTED_EDGE ( 'NONE', *, *, #11235, .T. ) ;
#941 = ADVANCED_FACE ( 'NONE', ( #6898 ), #5959, .T. ) ;
#942 = CARTESIAN_POINT ( 'NONE',  ( -12.09000000000000341, 1.870000000000000551, -1.674999999999999822 ) ) ;
#943 = VECTOR ( 'NONE', #6593, 1000.000000000000000 ) ;
#944 = VERTEX_POINT ( 'NONE', #10801 ) ;
#945 = EDGE_CURVE ( 'NONE', #2771, #11092, #4073, .T. ) ;
#946 = DIRECTION ( 'NONE',  ( -1.000000000000000000, 0.000000000000000000, 0.000000000000000000 ) ) ;
#947 = AXIS2_PLACEMENT_3D ( 'NONE', #6300, #3593, #2476 ) ;
#948 = ORIENTED_EDGE ( 'NONE', *, *, #6186, .T. ) ;
#949 = FACE_OUTER_BOUND ( 'NONE', #10284, .T. ) ;
#950 = ORIENTED_EDGE ( 'NONE', *, *, #1376, .T. ) ;
#951 = ORIENTED_EDGE ( 'NONE', *, *, #10828, .F. ) ;
#952 = VECTOR ( 'NONE', #1881, 1000.000000000000000 ) ;
#953 = DIRECTION ( 'NONE',  ( 0.000000000000000000, 0.000000000000000000, 1.000000000000000000 ) ) ;
#954 = VECTOR ( 'NONE', #10536, 1000.000000000000000 ) ;
#955 =( NAMED_UNIT ( * ) SI_UNIT ( $, .STERADIAN. ) SOLID_ANGLE_UNIT ( ) );
#956 = PLANE ( 'NONE',  #4041 ) ;
#957 = FACE_OUTER_BOUND ( 'NONE', #11056, .T. ) ;
#958 = ORIENTED_EDGE ( 'NONE', *, *, #7994, .T. ) ;
#959 = ORIENTED_EDGE ( 'NONE', *, *, #6493, .T. ) ;
#960 = ORIENTED_EDGE ( 'NONE', *, *, #6429, .T. ) ;
#961 =( GEOMETRIC_REPRESENTATION_CONTEXT ( 3 ) GLOBAL_UNCERTAINTY_ASSIGNED_CONTEXT ( ( #6353 ) ) GLOBAL_UNIT_ASSIGNED_CONTEXT ( ( #3173, #2992, #10833 ) ) REPRESENTATION_CONTEXT ( 'NONE', 'WORKASPACE' ) );
#962 = ADVANCED_FACE ( 'NONE', ( #2204 ), #6016, .T. ) ;
#963 = AXIS2_PLACEMENT_3D ( 'NONE', #2185, #11761, #7235 ) ;
#964 = PLANE ( 'NONE',  #9454 ) ;
#965 = EDGE_LOOP ( 'NONE', ( #9871, #9802, #1541, #4198 ) ) ;
#966 = DIRECTION ( 'NONE',  ( -0.000000000000000000, -0.000000000000000000, -1.000000000000000000 ) ) ;
#967 = EDGE_LOOP ( 'NONE', ( #32, #3069, #696, #3401 ) ) ;
#968 = CARTESIAN_POINT ( 'NONE',  ( -3.975000000000000977, 1.385000000000000897, 3.715000000000003411 ) ) ;
#969 = DIRECTION ( 'NONE',  ( 0.000000000000000000, -1.000000000000000000, -0.000000000000000000 ) ) ;
#970 = EDGE_CURVE ( 'NONE', #4719, #6807, #11647, .T. ) ;
#971 = LINE ( 'NONE', #10423, #3718 ) ;
#972 = CARTESIAN_POINT ( 'NONE',  ( 0.4100000000000007527, 1.870000000000000551, 0.6649999999999998135 ) ) ;
#973 = ORIENTED_EDGE ( 'NONE', *, *, #8261, .T. ) ;
#974 = ORIENTED_EDGE ( 'NONE', *, *, #11574, .T. ) ;
#975 = CARTESIAN_POINT ( 'NONE',  ( -10.77000000000000135, 0.5700000000000003952, 0.4649999999999996914 ) ) ;
#976 = ORIENTED_EDGE ( 'NONE', *, *, #8456, .F. ) ;
#977 = EDGE_CURVE ( 'NONE', #12127, #6010, #3015, .T. ) ;
#978 = VECTOR ( 'NONE', #8638, 1000.000000000000000 ) ;
#979 = CARTESIAN_POINT ( 'NONE',  ( 16.22701218716722948, 1.436334613170440644, -5.652012187167225754 ) ) ;
#980 = ORIENTED_EDGE ( 'NONE', *, *, #10764, .T. ) ;
#981 = CARTESIAN_POINT ( 'NONE',  ( -10.96999999999999709, 0.5700000000000003952, 0.6649999999999998135 ) ) ;
#982 = FACE_BOUND ( 'NONE', #4163, .T. ) ;
#983 = DIRECTION ( 'NONE',  ( -0.000000000000000000, -0.000000000000000000, -1.000000000000000000 ) ) ;
#984 = LINE ( 'NONE', #3018, #11839 ) ;
#985 = ADVANCED_FACE ( 'NONE', ( #2628 ), #5321, .T. ) ;
#986 = ORIENTED_EDGE ( 'NONE', *, *, #12076, .F. ) ;
#987 = DIRECTION ( 'NONE',  ( 1.000000000000000000, 0.000000000000000000, -0.000000000000000000 ) ) ;
#988 = DIRECTION ( 'NONE',  ( -0.000000000000000000, -0.000000000000000000, 1.000000000000000000 ) ) ;
#989 = VERTEX_POINT ( 'NONE', #11956 ) ;
#990 = DIRECTION ( 'NONE',  ( -0.000000000000000000, 0.000000000000000000, 1.000000000000000000 ) ) ;
#991 = LINE ( 'NONE', #4641, #1863 ) ;
#992 = VERTEX_POINT ( 'NONE', #6335 ) ;
#993 = DIRECTION ( 'NONE',  ( 0.000000000000000000, 1.000000000000000000, -1.150347132610614786E-16 ) ) ;
#994 = ORIENTED_EDGE ( 'NONE', *, *, #8643, .T. ) ;
#995 = DIRECTION ( 'NONE',  ( -1.000000000000000000, 0.000000000000000000, 0.000000000000000000 ) ) ;
#996 = FACE_OUTER_BOUND ( 'NONE', #1955, .T. ) ;
#997 = EDGE_CURVE ( 'NONE', #7033, #9052, #710, .T. ) ;
#998 = DIRECTION ( 'NONE',  ( 0.000000000000000000, 1.189977994191405372E-15, -1.000000000000000000 ) ) ;
#999 = CARTESIAN_POINT ( 'NONE',  ( -3.490000000000001990, -3.049999999999999822, -3.714999999999999858 ) ) ;
#1000 = CARTESIAN_POINT ( 'NONE',  ( 0.9499999999999977351, 0.000000000000000000, 0.4649999999999996914 ) ) ;
#1001 = ORIENTED_EDGE ( 'NONE', *, *, #8532, .T. ) ;
#1002 = CARTESIAN_POINT ( 'NONE',  ( -9.550000000000002487, 1.870000000000000551, -1.875000000000000000 ) ) ;
#1003 = EDGE_CURVE ( 'NONE', #10267, #11071, #4316, .T. ) ;
#1004 = ORIENTED_EDGE ( 'NONE', *, *, #4355, .T. ) ;
#1005 = CARTESIAN_POINT ( 'NONE',  ( -3.490000000000001990, 0.7199999999999999734, -2.894999999999998241 ) ) ;
#1006 = CIRCLE ( 'NONE', #9363, 0.1999999999999953204 ) ;
#1007 = ORIENTED_EDGE ( 'NONE', *, *, #10371, .F. ) ;
#1008 = LINE ( 'NONE', #6686, #9666 ) ;
#1009 = VERTEX_POINT ( 'NONE', #3507 ) ;
#1010 = FACE_OUTER_BOUND ( 'NONE', #2895, .T. ) ;
#1011 = PRODUCT_DEFINITION ( 'UNKNOWN', '', #111, #4993 ) ;
#1012 = DIRECTION ( 'NONE',  ( 1.000000000000000000, 0.000000000000000000, -0.000000000000000000 ) ) ;
#1013 = PLANE ( 'NONE',  #1633 ) ;
#1014 = DIRECTION ( 'NONE',  ( 0.000000000000000000, 1.000000000000000000, -1.150347132610614786E-16 ) ) ;
#1015 = ORIENTED_EDGE ( 'NONE', *, *, #264, .F. ) ;
#1016 = DIRECTION ( 'NONE',  ( 1.000000000000000000, 0.000000000000000000, 0.000000000000000000 ) ) ;
#1017 = ORIENTED_EDGE ( 'NONE', *, *, #7114, .F. ) ;
#1018 = EDGE_CURVE ( 'NONE', #2807, #9743, #6392, .T. ) ;
#1019 = VECTOR ( 'NONE', #11126, 1000.000000000000000 ) ;
#1020 = EDGE_LOOP ( 'NONE', ( #4747, #5810, #6930, #8577 ) ) ;
#1021 = DIRECTION ( 'NONE',  ( 1.000000000000000000, 0.000000000000000000, 0.000000000000000000 ) ) ;
#1022 = ORIENTED_EDGE ( 'NONE', *, *, #9564, .T. ) ;
#1023 = CARTESIAN_POINT ( 'NONE',  ( -8.230000000000000426, 0.5700000000000003952, -1.875000000000000000 ) ) ;
#1025 = EDGE_CURVE ( 'NONE', #7163, #11866, #4486, .T. ) ;
#1024 = AXIS2_PLACEMENT_3D ( 'NONE', #4686, #7502, #2754 ) ;
#1026 = ORIENTED_EDGE ( 'NONE', *, *, #4523, .F. ) ;
#1027 = DIRECTION ( 'NONE',  ( -0.000000000000000000, -0.000000000000000000, 1.000000000000000000 ) ) ;
#1028 = CARTESIAN_POINT ( 'NONE',  ( 11.10999999999999943, -3.049999999999999822, -3.075000000000000178 ) ) ;
#1029 = DIRECTION ( 'NONE',  ( -0.000000000000000000, 1.000000000000000000, 1.150347132610614786E-16 ) ) ;
#1030 = PLANE ( 'NONE',  #11580 ) ;
#1031 = EDGE_LOOP ( 'NONE', ( #3140, #6773, #7022, #88 ) ) ;
#1032 = ADVANCED_FACE ( 'NONE', ( #10053 ), #7140, .F. ) ;
#1033 = EDGE_LOOP ( 'NONE', ( #9839, #2494 ) ) ;
#1034 = LINE ( 'NONE', #7879, #7652 ) ;
#1035 = VERTEX_POINT ( 'NONE', #4435 ) ;
#1036 = EDGE_CURVE ( 'NONE', #7475, #2269, #9083, .T. ) ;
#1037 = EDGE_CURVE ( 'NONE', #345, #7431, #7291, .T. ) ;
#1038 = CARTESIAN_POINT ( 'NONE',  ( 4.129999999999998117, -2.717601427321017837, -3.075000000000000178 ) ) ;
#1039 = ORIENTED_EDGE ( 'NONE', *, *, #9234, .F. ) ;
#1040 = DIRECTION ( 'NONE',  ( 0.000000000000000000, 0.000000000000000000, 1.000000000000000000 ) ) ;
#1041 = LINE ( 'NONE', #4817, #7841 ) ;
#1042 = CARTESIAN_POINT ( 'NONE',  ( 8.229999999999996874, 1.870000000000000551, 0.6649999999999998135 ) ) ;
#1043 = CARTESIAN_POINT ( 'NONE',  ( -9.054999999999999716, 1.385000000000000897, 3.715000000000003411 ) ) ;
#1044 = ORIENTED_EDGE ( 'NONE', *, *, #9060, .F. ) ;
#1045 = PLANE ( 'NONE',  #4910 ) ;
#1046 = CARTESIAN_POINT ( 'NONE',  ( 4.129999999999998117, 1.540000000000000480, 0.4649999999999996914 ) ) ;
#1047 = VECTOR ( 'NONE', #10239, 1000.000000000000000 ) ;
#1048 = ORIENTED_EDGE ( 'NONE', *, *, #9038, .F. ) ;
#1050 = EDGE_CURVE ( 'NONE', #10031, #11564, #4377, .T. ) ;
#1049 = CARTESIAN_POINT ( 'NONE',  ( 11.10999999999999943, 1.540000000000000480, 0.4649999999999996914 ) ) ;
#1051 = EDGE_CURVE ( 'NONE', #9052, #8409, #6265, .T. ) ;
#1052 = DIRECTION ( 'NONE',  ( -0.000000000000000000, -0.000000000000000000, 1.000000000000000000 ) ) ;
#1053 = EDGE_CURVE ( 'NONE', #12111, #422, #11043, .T. ) ;
#1054 = AXIS2_PLACEMENT_3D ( 'NONE', #6565, #5559, #12129 ) ;
#1055 = LINE ( 'NONE', #8829, #4246 ) ;
#1056 = CARTESIAN_POINT ( 'NONE',  ( -0.6100000000000012079, 0.5700000000000003952, 0.6649999999999998135 ) ) ;
#1057 = CARTESIAN_POINT ( 'NONE',  ( -6.670000000000002593, 0.7199999999999999734, -2.894999999999998241 ) ) ;
#1058 = DIRECTION ( 'NONE',  ( -1.000000000000000000, 0.000000000000000000, 0.000000000000000000 ) ) ;
#1059 = DIRECTION ( 'NONE',  ( 0.9063077870366486044, -4.861577055822993677E-17, -0.4226182617407024389 ) ) ;
#1060 = CARTESIAN_POINT ( 'NONE',  ( -15.24000000000000199, 0.000000000000000000, 0.4649999999999996914 ) ) ;
#1061 = CARTESIAN_POINT ( 'NONE',  ( -6.515000000000001457, -3.049999999999999822, -3.559999999999999165 ) ) ;
#1062 = EDGE_LOOP ( 'NONE', ( #6703, #5035, #4783, #7404 ) ) ;
#1063 = DIRECTION ( 'NONE',  ( -0.3892816206350239172, 0.3892816206350261377, 0.8348171294789875629 ) ) ;
#1064 = AXIS2_PLACEMENT_3D ( 'NONE', #857, #2593, #6410 ) ;
#1065 = EDGE_CURVE ( 'NONE', #2513, #2485, #5253, .T. ) ;
#1066 = ORIENTED_EDGE ( 'NONE', *, *, #4155, .T. ) ;
#1067 = CYLINDRICAL_SURFACE ( 'NONE', #4899, 0.1999999999999953204 ) ;
#1068 = ORIENTED_EDGE ( 'NONE', *, *, #2365, .F. ) ;
#1069 = CIRCLE ( 'NONE', #249, 0.1999999999999953204 ) ;
#1070 = DIRECTION ( 'NONE',  ( -1.000000000000000000, 0.000000000000000000, 0.000000000000000000 ) ) ;
#1071 = ORIENTED_EDGE ( 'NONE', *, *, #6101, .T. ) ;
#1072 = CARTESIAN_POINT ( 'NONE',  ( -6.670000000000002593, 0.9000000000000013545, 3.382601427321023646 ) ) ;
#1073 = FACE_OUTER_BOUND ( 'NONE', #11629, .T. ) ;
#1074 = CARTESIAN_POINT ( 'NONE',  ( -11.11000000000000121, 1.540000000000000480, -2.894999999999997797 ) ) ;
#1075 = FILL_AREA_STYLE_COLOUR ( '', #4323 ) ;
#1076 = DIRECTION ( 'NONE',  ( 0.000000000000000000, 1.000000000000000000, 1.150347132610614786E-16 ) ) ;
#1077 = DIRECTION ( 'NONE',  ( 0.000000000000000000, 0.000000000000000000, -1.000000000000000000 ) ) ;
#1078 = EDGE_LOOP ( 'NONE', ( #3073, #8271, #11305, #11370 ) ) ;
#1079 = CARTESIAN_POINT ( 'NONE',  ( -13.31000000000000227, 0.5700000000000003952, 0.6649999999999998135 ) ) ;
#1080 = ADVANCED_FACE ( 'NONE', ( #2385 ), #1636, .T. ) ;
#1081 = ORIENTED_EDGE ( 'NONE', *, *, #7114, .T. ) ;
#1082 = DIRECTION ( 'NONE',  ( 0.000000000000000000, 0.000000000000000000, 1.000000000000000000 ) ) ;
#1083 = ORIENTED_EDGE ( 'NONE', *, *, #8826, .F. ) ;
#1084 = LINE ( 'NONE', #3693, #2601 ) ;
#1085 = VECTOR ( 'NONE', #3785, 1000.000000000000227 ) ;
#1086 = LINE ( 'NONE', #4869, #8001 ) ;
#1087 = CARTESIAN_POINT ( 'NONE',  ( 6.669999999999999041, 0.9000000000000005773, 3.715000000000003411 ) ) ;
#1088 = DIRECTION ( 'NONE',  ( -1.000000000000000000, 0.000000000000000000, 0.000000000000000000 ) ) ;
#1089 = EDGE_LOOP ( 'NONE', ( #4386, #11679 ) ) ;
#1090 = VECTOR ( 'NONE', #12149, 1000.000000000000000 ) ;
#1091 = ORIENTED_EDGE ( 'NONE', *, *, #10752, .T. ) ;
#1092 = LINE ( 'NONE', #4812, #9640 ) ;
#1093 = EDGE_CURVE ( 'NONE', #2656, #6890, #10235, .T. ) ;
#1094 = VERTEX_POINT ( 'NONE', #10923 ) ;
#1095 = VECTOR ( 'NONE', #148, 1000.000000000000000 ) ;
#1096 = LINE ( 'NONE', #4883, #9448 ) ;
#1097 = EDGE_CURVE ( 'NONE', #7669, #7418, #5508, .T. ) ;
#1098 = EDGE_LOOP ( 'NONE', ( #10264, #1823, #8750, #3010 ) ) ;
#1099 = PRESENTATION_STYLE_ASSIGNMENT (( #3952 ) ) ;
#1100 = CARTESIAN_POINT ( 'NONE',  ( -6.670000000000002593, -3.049999999999999822, -3.075000000000000178 ) ) ;
#1101 = VECTOR ( 'NONE', #7889, 999.9999999999998863 ) ;
#1102 = VECTOR ( 'NONE', #3218, 1000.000000000000000 ) ;
#1103 = DIRECTION ( 'NONE',  ( 0.000000000000000000, 0.000000000000000000, -1.000000000000000000 ) ) ;
#1104 = CYLINDRICAL_SURFACE ( 'NONE', #1714, 0.1999999999999953204 ) ;
#1105 = ORIENTED_EDGE ( 'NONE', *, *, #5841, .F. ) ;
#1106 = CARTESIAN_POINT ( 'NONE',  ( 0.000000000000000000, 1.540000000000000480, 0.4649999999999996914 ) ) ;
#1107 = CARTESIAN_POINT ( 'NONE',  ( -0.9500000000000011768, -3.049999999999999822, -3.075000000000000178 ) ) ;
#1108 = AXIS2_PLACEMENT_3D ( 'NONE', #12197, #1815, #4497 ) ;
#1109 = EDGE_LOOP ( 'NONE', ( #9244, #3549, #7279, #10724 ) ) ;
#1110 = LINE ( 'NONE', #8705, #4676 ) ;
#1111 = AXIS2_PLACEMENT_3D ( 'NONE', #7526, #2832, #7649 ) ;
#1112 = AXIS2_PLACEMENT_3D ( 'NONE', #10528, #5154, #11450 ) ;
#1113 = LINE ( 'NONE', #2967, #9240 ) ;
#1114 = EDGE_CURVE ( 'NONE', #1253, #12104, #11168, .T. ) ;
#1115 = LINE ( 'NONE', #2902, #8125 ) ;
#1116 = ORIENTED_EDGE ( 'NONE', *, *, #10339, .T. ) ;
#1117 = CARTESIAN_POINT ( 'NONE',  ( -6.670000000000002593, -3.049999999999999822, -3.714999999999999858 ) ) ;
#1118 = CARTESIAN_POINT ( 'NONE',  ( 8.724999999999999645, 1.385000000000000897, 3.715000000000003411 ) ) ;
#1119 = VECTOR ( 'NONE', #12157, 1000.000000000000000 ) ;
#1120 = EDGE_CURVE ( 'NONE', #10648, #866, #11842, .T. ) ;
#1121 = DIRECTION ( 'NONE',  ( 0.000000000000000000, 0.000000000000000000, 1.000000000000000000 ) ) ;
#1122 = CARTESIAN_POINT ( 'NONE',  ( -8.030000000000006466, 0.5700000000000003952, 0.6649999999999998135 ) ) ;
#1123 = DIRECTION ( 'NONE',  ( 0.000000000000000000, 1.189977994191405372E-15, -1.000000000000000000 ) ) ;
#1124 = ORIENTED_EDGE ( 'NONE', *, *, #1921, .T. ) ;
#1125 =( GEOMETRIC_REPRESENTATION_CONTEXT ( 3 ) GLOBAL_UNCERTAINTY_ASSIGNED_CONTEXT ( ( #5340 ) ) GLOBAL_UNIT_ASSIGNED_CONTEXT ( ( #6528, #2822, #10373 ) ) REPRESENTATION_CONTEXT ( 'NONE', 'WORKASPACE' ) );
#1126 = VECTOR ( 'NONE', #5641, 1000.000000000000000 ) ;
#1127 = EDGE_LOOP ( 'NONE', ( #1709, #9800, #1567, #5425 ) ) ;
#1128 = ADVANCED_FACE ( 'NONE', ( #1454 ), #521, .F. ) ;
#1129 = EDGE_LOOP ( 'NONE', ( #1068, #6496, #1281, #1564 ) ) ;
#1130 = DIRECTION ( 'NONE',  ( 0.000000000000000000, 5.421010862427481938E-15, -1.000000000000000000 ) ) ;
#1131 = VERTEX_POINT ( 'NONE', #8613 ) ;
#1132 = DIRECTION ( 'NONE',  ( -0.000000000000000000, -0.000000000000000000, -1.000000000000000000 ) ) ;
#1133 = ORIENTED_EDGE ( 'NONE', *, *, #11887, .F. ) ;
#1134 = DIRECTION ( 'NONE',  ( -0.000000000000000000, -0.000000000000000000, -1.000000000000000000 ) ) ;
#1135 = VECTOR ( 'NONE', #6822, 1000.000000000000000 ) ;
#1136 = CARTESIAN_POINT ( 'NONE',  ( -0.6100000000000012079, 0.5700000000000003952, 0.6649999999999998135 ) ) ;
#1137 = CARTESIAN_POINT ( 'NONE',  ( 13.65000000000000036, -3.049999999999999822, -3.714999999999999858 ) ) ;
#1138 = EDGE_CURVE ( 'NONE', #6882, #12140, #11074, .T. ) ;
#1139 = CARTESIAN_POINT ( 'NONE',  ( -8.570000000000002061, -3.049999999999999822, -3.075000000000000178 ) ) ;
#1140 = DIRECTION ( 'NONE',  ( -1.000000000000000000, 0.000000000000000000, -0.000000000000000000 ) ) ;
#1141 = VERTEX_POINT ( 'NONE', #11468 ) ;
#1142 = CARTESIAN_POINT ( 'NONE',  ( 0.9499999999999977351, 0.7199999999999999734, -2.894999999999998241 ) ) ;
#1143 = VECTOR ( 'NONE', #4320, 1000.000000000000000 ) ;
#1144 = ORIENTED_EDGE ( 'NONE', *, *, #7372, .F. ) ;
#1145 = VECTOR ( 'NONE', #11115, 1000.000000000000000 ) ;
#1146 = DIRECTION ( 'NONE',  ( 1.000000000000000000, 0.000000000000000000, -0.000000000000000000 ) ) ;
#1147 = VERTEX_POINT ( 'NONE', #2692 ) ;
#1148 = DIRECTION ( 'NONE',  ( 0.000000000000000000, 0.000000000000000000, 1.000000000000000000 ) ) ;
#1149 = FACE_BOUND ( 'NONE', #8877, .T. ) ;
#1150 = DIRECTION ( 'NONE',  ( -1.000000000000000000, 0.000000000000000000, -0.000000000000000000 ) ) ;
#1151 = ADVANCED_FACE ( 'NONE', ( #6702 ), #1878, .T. ) ;
#1152 = CARTESIAN_POINT ( 'NONE',  ( 6.669999999999999041, 1.540000000000000480, 3.715000000000003411 ) ) ;
#1153 = DIRECTION ( 'NONE',  ( 1.000000000000000000, 0.000000000000000000, 0.000000000000000000 ) ) ;
#1154 = ORIENTED_EDGE ( 'NONE', *, *, #1572, .F. ) ;
#1155 = ORIENTED_EDGE ( 'NONE', *, *, #4674, .T. ) ;
#1156 = DIRECTION ( 'NONE',  ( -0.000000000000000000, -0.000000000000000000, -1.000000000000000000 ) ) ;
#1157 = VECTOR ( 'NONE', #429, 1000.000000000000000 ) ;
#1158 = ADVANCED_FACE ( 'NONE', ( #1817 ), #9427, .F. ) ;
#1159 = VECTOR ( 'NONE', #3376, 1000.000000000000000 ) ;
#1160 = ORIENTED_EDGE ( 'NONE', *, *, #11717, .T. ) ;
#1161 = CARTESIAN_POINT ( 'NONE',  ( 15.23999999999999844, 0.000000000000000000, 0.4649999999999996914 ) ) ;
#1162 = EDGE_LOOP ( 'NONE', ( #5927, #5337, #7935, #9679 ) ) ;
#1163 = EDGE_LOOP ( 'NONE', ( #9086, #9396, #5588, #11609 ) ) ;
#1164 = LINE ( 'NONE', #8879, #8061 ) ;
#1165 = LINE ( 'NONE', #11603, #10361 ) ;
#1166 = FACE_OUTER_BOUND ( 'NONE', #10229, .T. ) ;
#1167 = ORIENTED_EDGE ( 'NONE', *, *, #5772, .T. ) ;
#1168 = DIRECTION ( 'NONE',  ( 0.000000000000000000, 0.000000000000000000, 1.000000000000000000 ) ) ;
#1169 = EDGE_CURVE ( 'NONE', #2650, #1206, #4803, .T. ) ;
#1170 = LINE ( 'NONE', #5774, #2825 ) ;
#1171 = EDGE_LOOP ( 'NONE', ( #6274, #5985, #958, #9304 ) ) ;
#1172 =( GEOMETRIC_REPRESENTATION_CONTEXT ( 3 ) GLOBAL_UNCERTAINTY_ASSIGNED_CONTEXT ( ( #7092 ) ) GLOBAL_UNIT_ASSIGNED_CONTEXT ( ( #11554, #9643, #9525 ) ) REPRESENTATION_CONTEXT ( 'NONE', 'WORKASPACE' ) );
#1173 = CARTESIAN_POINT ( 'NONE',  ( -8.570000000000002061, 0.9000000000000010214, -2.894999999999998241 ) ) ;
#1174 = EDGE_CURVE ( 'NONE', #1263, #4604, #9, .T. ) ;
#1175 = EDGE_LOOP ( 'NONE', ( #11893, #11508, #4877, #116 ) ) ;
#1176 = AXIS2_PLACEMENT_3D ( 'NONE', #9713, #3033, #6798 ) ;
#1177 = CARTESIAN_POINT ( 'NONE',  ( -11.26500000000000234, -3.049999999999999822, -3.559999999999999165 ) ) ;
#1178 = EDGE_LOOP ( 'NONE', ( #3789, #1838, #10993, #11360 ) ) ;
#1179 = DIRECTION ( 'NONE',  ( -1.000000000000000000, 0.000000000000000000, 0.000000000000000000 ) ) ;
#1180 = LINE ( 'NONE', #224, #6578 ) ;
#1181 = CARTESIAN_POINT ( 'NONE',  ( -1.590000000000001190, 1.540000000000000924, -2.894999999999998241 ) ) ;
#1182 = CARTESIAN_POINT ( 'NONE',  ( 0.000000000000000000, 1.540000000000000480, 0.4649999999999996914 ) ) ;
#1183 = CARTESIAN_POINT ( 'NONE',  ( -11.11000000000000121, 0.000000000000000000, 0.4649999999999996914 ) ) ;
#1184 = DIRECTION ( 'NONE',  ( 1.000000000000000000, 0.000000000000000000, -0.000000000000000000 ) ) ;
#1185 = EDGE_CURVE ( 'NONE', #10278, #4602, #10276, .T. ) ;
#1186 = ORIENTED_EDGE ( 'NONE', *, *, #9340, .T. ) ;
#1187 = ADVANCED_FACE ( 'NONE', ( #781 ), #2941, .T. ) ;
#1188 = DIRECTION ( 'NONE',  ( -0.000000000000000000, -0.000000000000000000, 1.000000000000000000 ) ) ;
#1189 = EDGE_LOOP ( 'NONE', ( #9291, #2621, #3967, #10465 ) ) ;
#1190 = ORIENTED_EDGE ( 'NONE', *, *, #5474, .F. ) ;
#1191 = FACE_OUTER_BOUND ( 'NONE', #7484, .T. ) ;
#1192 = DIRECTION ( 'NONE',  ( 1.000000000000000000, 0.000000000000000000, 0.000000000000000000 ) ) ;
#1193 = CARTESIAN_POINT ( 'NONE',  ( -11.75000000000000178, 0.9000000000000013545, 3.382601427321023646 ) ) ;
#1194 = CARTESIAN_POINT ( 'NONE',  ( 9.054999999999999716, 1.385000000000000897, 3.715000000000003411 ) ) ;
#1195 = DIRECTION ( 'NONE',  ( -0.000000000000000000, 0.000000000000000000, -1.000000000000000000 ) ) ;
#1196 = VERTEX_POINT ( 'NONE', #12141 ) ;
#1197 = PLANE ( 'NONE',  #5268 ) ;
#1198 = EDGE_CURVE ( 'NONE', #6817, #6329, #6765, .T. ) ;
#1199 = EDGE_CURVE ( 'NONE', #8502, #1736, #8550, .T. ) ;
#1200 = AXIS2_PLACEMENT_3D ( 'NONE', #8831, #288, #10815 ) ;
#1201 = ORIENTED_EDGE ( 'NONE', *, *, #4799, .F. ) ;
#1202 = ADVANCED_FACE ( 'NONE', ( #10301 ), #2001, .F. ) ;
#1203 = CARTESIAN_POINT ( 'NONE',  ( -6.030000000000002025, 0.9000000000000005773, 3.382601427321023646 ) ) ;
#1204 = ORIENTED_EDGE ( 'NONE', *, *, #6208, .F. ) ;
#1205 = CARTESIAN_POINT ( 'NONE',  ( -13.31000000000000227, 0.5700000000000003952, 0.6649999999999998135 ) ) ;
#1206 = VERTEX_POINT ( 'NONE', #9554 ) ;
#1207 = CIRCLE ( 'NONE', #8165, 0.1999999999999953204 ) ;
#1208 = FACE_BOUND ( 'NONE', #1033, .T. ) ;
#1209 = DIRECTION ( 'NONE',  ( -0.000000000000000000, 0.000000000000000000, 1.000000000000000000 ) ) ;
#1210 = DIRECTION ( 'NONE',  ( 0.000000000000000000, 1.000000000000000000, -1.150347132610614786E-16 ) ) ;
#1211 = AXIS2_PLACEMENT_3D ( 'NONE', #11065, #5341, #4453 ) ;
#1212 = CARTESIAN_POINT ( 'NONE',  ( 14.29000000000000092, 0.7200000000000001954, -3.074999999999999734 ) ) ;
#1213 = PLANE ( 'NONE',  #2069 ) ;
#1214 = ORIENTED_EDGE ( 'NONE', *, *, #7563, .F. ) ;
#1215 = EDGE_CURVE ( 'NONE', #3284, #7895, #6103, .T. ) ;
#1216 = VECTOR ( 'NONE', #10038, 1000.000000000000000 ) ;
#1217 = LINE ( 'NONE', #266, #1095 ) ;
#1218 = EDGE_LOOP ( 'NONE', ( #11399, #3997, #229, #9211 ) ) ;
#1219 = EDGE_LOOP ( 'NONE', ( #6996, #2794, #3813, #5210 ) ) ;
#1220 = DIRECTION ( 'NONE',  ( 0.000000000000000000, 5.421010862427481938E-15, -1.000000000000000000 ) ) ;
#1221 = DIRECTION ( 'NONE',  ( 1.000000000000000000, 0.000000000000000000, 0.000000000000000000 ) ) ;
#1222 = CARTESIAN_POINT ( 'NONE',  ( 12.28999999999999559, 0.5700000000000003952, 0.4649999999999996914 ) ) ;
#1223 = ORIENTED_EDGE ( 'NONE', *, *, #1842, .F. ) ;
#1224 = DIRECTION ( 'NONE',  ( 1.000000000000000000, 0.000000000000000000, -0.000000000000000000 ) ) ;
#1225 = CARTESIAN_POINT ( 'NONE',  ( 11.75000000000000000, -2.717601427321017837, -3.714999999999999858 ) ) ;
#1226 = ORIENTED_EDGE ( 'NONE', *, *, #7527, .T. ) ;
#1227 = AXIS2_PLACEMENT_3D ( 'NONE', #7197, #10980, #6268 ) ;
#1228 = LINE ( 'NONE', #1287, #9032 ) ;
#1229 = ORIENTED_EDGE ( 'NONE', *, *, #8741, .T. ) ;
#1230 = CARTESIAN_POINT ( 'NONE',  ( -1.930000000000002824, 1.870000000000000551, 0.6649999999999998135 ) ) ;
#1231 = ORIENTED_EDGE ( 'NONE', *, *, #5965, .T. ) ;
#1232 = CARTESIAN_POINT ( 'NONE',  ( 1.589999999999997637, 0.7200000000000001954, -3.714999999999999414 ) ) ;
#1233 = DIRECTION ( 'NONE',  ( 0.000000000000000000, 0.000000000000000000, 1.000000000000000000 ) ) ;
#1234 = CIRCLE ( 'NONE', #7600, 0.8200000000000012834 ) ;
#1235 = ADVANCED_FACE ( 'NONE', ( #5814 ), #5626, .F. ) ;
#1236 = CARTESIAN_POINT ( 'NONE',  ( -5.490000000000007319, 0.5700000000000003952, -1.674999999999999822 ) ) ;
#1237 = ORIENTED_EDGE ( 'NONE', *, *, #1051, .F. ) ;
#1238 = FACE_OUTER_BOUND ( 'NONE', #452, .T. ) ;
#1239 = LINE ( 'NONE', #10637, #9452 ) ;
#1240 = AXIS2_PLACEMENT_3D ( 'NONE', #9542, #5494, #11329 ) ;
#1241 = EDGE_CURVE ( 'NONE', #9091, #2656, #9367, .T. ) ;
#1242 = ORIENTED_EDGE ( 'NONE', *, *, #1842, .T. ) ;
#1243 = PLANE ( 'NONE',  #6921 ) ;
#1244 = VERTEX_POINT ( 'NONE', #901 ) ;
#1245 = VERTEX_POINT ( 'NONE', #12200 ) ;
#1246 = ADVANCED_FACE ( 'NONE', ( #4683 ), #8495, .T. ) ;
#1247 = CARTESIAN_POINT ( 'NONE',  ( 1.589999999999997637, 0.9000000000000005773, 3.382601427321023646 ) ) ;
#1248 = CARTESIAN_POINT ( 'NONE',  ( 13.65000000000000036, 1.540000000000000924, -2.894999999999998241 ) ) ;
#1249 = AXIS2_PLACEMENT_3D ( 'NONE', #10178, #8319, #11904 ) ;
#1250 = CARTESIAN_POINT ( 'NONE',  ( -0.9500000000000011768, -2.717601427321017837, -3.075000000000000178 ) ) ;
#1251 = PLANE ( 'NONE',  #12259 ) ;
#1252 = CARTESIAN_POINT ( 'NONE',  ( -4.130000000000001670, 0.7200000000000008615, -3.074999999999999734 ) ) ;
#1253 = VERTEX_POINT ( 'NONE', #5120 ) ;
#1254 = ADVANCED_FACE ( 'NONE', ( #4935 ), #10725, .T. ) ;
#1255 = DIRECTION ( 'NONE',  ( 0.000000000000000000, 0.000000000000000000, 1.000000000000000000 ) ) ;
#1256 = ORIENTED_EDGE ( 'NONE', *, *, #945, .F. ) ;
#1257 = CIRCLE ( 'NONE', #862, 0.1800000000000013256 ) ;
#1258 = DIRECTION ( 'NONE',  ( -0.000000000000000000, -0.000000000000000000, 1.000000000000000000 ) ) ;
#1259 = LINE ( 'NONE', #9042, #1293 ) ;
#1260 = ORIENTED_EDGE ( 'NONE', *, *, #5916, .T. ) ;
#1261 = EDGE_CURVE ( 'NONE', #5996, #1665, #3000, .T. ) ;
#1262 = FACE_OUTER_BOUND ( 'NONE', #10581, .T. ) ;
#1263 = VERTEX_POINT ( 'NONE', #4123 ) ;
#1264 = PLANE ( 'NONE',  #7388 ) ;
#1265 = DIRECTION ( 'NONE',  ( -0.000000000000000000, -0.000000000000000000, -1.000000000000000000 ) ) ;
#1266 = CARTESIAN_POINT ( 'NONE',  ( -11.89000000000000767, 1.870000000000000551, -1.875000000000000000 ) ) ;
#1267 = CARTESIAN_POINT ( 'NONE',  ( 14.29000000000000092, 1.540000000000000480, -1.674999999999999822 ) ) ;
#1268 = DIRECTION ( 'NONE',  ( 0.000000000000000000, 0.000000000000000000, 1.000000000000000000 ) ) ;
#1269 = AXIS2_PLACEMENT_3D ( 'NONE', #3049, #8850, #10654 ) ;
#1270 = ADVANCED_FACE ( 'NONE', ( #1262 ), #3057, .T. ) ;
#1271 = CARTESIAN_POINT ( 'NONE',  ( 15.24000000000000021, -3.049999999999999822, -3.230000000000000870 ) ) ;
#1272 = EDGE_LOOP ( 'NONE', ( #11446, #6583, #561, #1757 ) ) ;
#1273 = VECTOR ( 'NONE', #2551, 1000.000000000000000 ) ;
#1274 = CARTESIAN_POINT ( 'NONE',  ( -14.29000000000000270, 1.540000000000000480, 0.4649999999999996914 ) ) ;
#1275 = EDGE_LOOP ( 'NONE', ( #9189, #10806 ) ) ;
#1276 = ADVANCED_FACE ( 'NONE', ( #10664 ), #7000, .F. ) ;
#1277 = ORIENTED_EDGE ( 'NONE', *, *, #7464, .F. ) ;
#1278 = PLANE ( 'NONE',  #693 ) ;
#1279 = LINE ( 'NONE', #7078, #6586 ) ;
#1280 = DIRECTION ( 'NONE',  ( -1.000000000000000000, 0.000000000000000000, 0.000000000000000000 ) ) ;
#1281 = ORIENTED_EDGE ( 'NONE', *, *, #6870, .F. ) ;
#1282 = DIRECTION ( 'NONE',  ( 0.000000000000000000, -0.000000000000000000, 1.000000000000000000 ) ) ;
#1283 = VECTOR ( 'NONE', #8811, 1000.000000000000000 ) ;
#1284 = CARTESIAN_POINT ( 'NONE',  ( 13.65000000000000036, 0.9000000000000013545, 3.382601427321023646 ) ) ;
#1285 = CARTESIAN_POINT ( 'NONE',  ( -8.429999999999996163, 0.5700000000000003952, 0.6649999999999998135 ) ) ;
#1286 = ADVANCED_FACE ( 'NONE', ( #10787 ), #8744, .T. ) ;
#1287 = CARTESIAN_POINT ( 'NONE',  ( 0.000000000000000000, 1.385000000000000897, 3.715000000000003411 ) ) ;
#1288 = AXIS2_PLACEMENT_3D ( 'NONE', #11297, #3764, #1716 ) ;
#1289 = CIRCLE ( 'NONE', #7662, 0.1999999999999953204 ) ;
#1290 = LINE ( 'NONE', #9817, #7650 ) ;
#1291 = CARTESIAN_POINT ( 'NONE',  ( 1.434999999999996945, -3.049999999999999822, -3.230000000000000870 ) ) ;
#1292 = ORIENTED_EDGE ( 'NONE', *, *, #8161, .T. ) ;
#1293 = VECTOR ( 'NONE', #8170, 1000.000000000000000 ) ;
#1294 = CYLINDRICAL_SURFACE ( 'NONE', #4767, 0.1999999999999953204 ) ;
#1295 = DIRECTION ( 'NONE',  ( 0.000000000000000000, 0.000000000000000000, 1.000000000000000000 ) ) ;
#1296 =( NAMED_UNIT ( * ) PLANE_ANGLE_UNIT ( ) SI_UNIT ( $, .RADIAN. ) );
#1297 = EDGE_CURVE ( 'NONE', #10608, #7112, #1913, .T. ) ;
#1298 = AXIS2_PLACEMENT_3D ( 'NONE', #10802, #9873, #2512 ) ;
#1299 = EDGE_LOOP ( 'NONE', ( #6411, #4025, #6390, #6377 ) ) ;
#1300 = ORIENTED_EDGE ( 'NONE', *, *, #1036, .T. ) ;
#1301 = DIRECTION ( 'NONE',  ( 0.000000000000000000, 0.000000000000000000, 1.000000000000000000 ) ) ;
#1302 = AXIS2_PLACEMENT_3D ( 'NONE', #3973, #11744, #1184 ) ;
#1303 = ADVANCED_FACE ( 'NONE', ( #8862 ), #1323, .F. ) ;
#1304 = ORIENTED_EDGE ( 'NONE', *, *, #10066, .T. ) ;
#1305 = FACE_OUTER_BOUND ( 'NONE', #7520, .T. ) ;
#1306 = AXIS2_PLACEMENT_3D ( 'NONE', #9163, #3659, #2725 ) ;
#1307 = EDGE_LOOP ( 'NONE', ( #11563, #12290, #6858, #8679 ) ) ;
#1308 = CARTESIAN_POINT ( 'NONE',  ( 3.349999999999991651, 1.870000000000000551, 0.6649999999999998135 ) ) ;
#1309 = CARTESIAN_POINT ( 'NONE',  ( 9.209999999999999076, 0.000000000000000000, -1.674999999999999822 ) ) ;
#1310 = LINE ( 'NONE', #243, #5832 ) ;
#1311 = DIRECTION ( 'NONE',  ( -0.000000000000000000, -0.000000000000000000, -1.000000000000000000 ) ) ;
#1312 = ADVANCED_FACE ( 'NONE', ( #6944 ), #193, .F. ) ;
#1313 = CARTESIAN_POINT ( 'NONE',  ( -9.054999999999999716, -3.049999999999999822, -3.714999999999999858 ) ) ;
#1314 = VERTEX_POINT ( 'NONE', #8678 ) ;
#1315 = CARTESIAN_POINT ( 'NONE',  ( -3.586985715305109235, 1.443014284694892124, 3.590587964983397828 ) ) ;
#1316 = VECTOR ( 'NONE', #10392, 1000.000000000000000 ) ;
#1317 = EDGE_CURVE ( 'NONE', #5375, #8437, #3995, .T. ) ;
#1318 = ORIENTED_EDGE ( 'NONE', *, *, #2649, .T. ) ;
#1319 = DIRECTION ( 'NONE',  ( -0.000000000000000000, -0.000000000000000000, 1.000000000000000000 ) ) ;
#1320 = VECTOR ( 'NONE', #11110, 1000.000000000000000 ) ;
#1321 = DIRECTION ( 'NONE',  ( 1.000000000000000000, 0.000000000000000000, 0.000000000000000000 ) ) ;
#1322 = ORIENTED_EDGE ( 'NONE', *, *, #3365, .F. ) ;
#1323 = PLANE ( 'NONE',  #936 ) ;
#1324 = VECTOR ( 'NONE', #2391, 1000.000000000000000 ) ;
#1325 = LINE ( 'NONE', #5123, #2002 ) ;
#1326 = SURFACE_STYLE_FILL_AREA ( #6885 ) ;
#1327 = LINE ( 'NONE', #3313, #3331 ) ;
#1328 = CARTESIAN_POINT ( 'NONE',  ( 14.82999999999999652, 0.5700000000000003952, -1.674999999999999822 ) ) ;
#1329 = DIRECTION ( 'NONE',  ( -1.000000000000000000, 0.000000000000000000, 0.000000000000000000 ) ) ;
#1330 = AXIS2_PLACEMENT_3D ( 'NONE', #1386, #11194, #5239 ) ;
#1331 = CARTESIAN_POINT ( 'NONE',  ( 2.540000000000000036, -2.174999999999998934, 3.715000000000003855 ) ) ;
#1332 = EDGE_CURVE ( 'NONE', #10962, #11451, #9611, .T. ) ;
#1333 = ORIENTED_EDGE ( 'NONE', *, *, #6437, .F. ) ;
#1334 = CIRCLE ( 'NONE', #8492, 0.1999999999999953204 ) ;
#1335 = AXIS2_PLACEMENT_3D ( 'NONE', #8466, #7535, #11316 ) ;
#1336 = DIRECTION ( 'NONE',  ( -0.000000000000000000, -0.000000000000000000, -1.000000000000000000 ) ) ;
#1337 = ADVANCED_FACE ( 'NONE', ( #5051 ), #9790, .F. ) ;
#1338 = ORIENTED_EDGE ( 'NONE', *, *, #1786, .F. ) ;
#1339 = DIRECTION ( 'NONE',  ( 1.000000000000000000, 0.000000000000000000, -0.000000000000000000 ) ) ;
#1340 = CARTESIAN_POINT ( 'NONE',  ( -9.054999999999999716, 1.055000000000000382, 3.715000000000003411 ) ) ;
#1341 = AXIS2_PLACEMENT_3D ( 'NONE', #3790, #4723, #49 ) ;
#1342 = CARTESIAN_POINT ( 'NONE',  ( 10.16000000000000014, 1.385000000000000897, 3.715000000000003411 ) ) ;
#1343 = DIRECTION ( 'NONE',  ( -0.3892816206350259711, 0.8348171294789868968, -0.3892816206350259711 ) ) ;
#1344 = ORIENTED_EDGE ( 'NONE', *, *, #11951, .F. ) ;
#1345 = CARTESIAN_POINT ( 'NONE',  ( -0.6100000000000012079, 0.5700000000000003952, 0.6649999999999998135 ) ) ;
#1346 = DIRECTION ( 'NONE',  ( 1.000000000000000000, 0.000000000000000000, -0.000000000000000000 ) ) ;
#1347 = CARTESIAN_POINT ( 'NONE',  ( 8.570000000000000284, -2.717601427321017837, -3.714999999999999858 ) ) ;
#1348 = AXIS2_PLACEMENT_3D ( 'NONE', #10060, #4382, #3445 ) ;
#1349 = VERTEX_POINT ( 'NONE', #3937 ) ;
#1350 = AXIS2_PLACEMENT_3D ( 'NONE', #128, #9671, #9547 ) ;
#1351 = ORIENTED_EDGE ( 'NONE', *, *, #6777, .T. ) ;
#1352 = DIRECTION ( 'NONE',  ( -1.000000000000000000, 0.000000000000000000, 0.000000000000000000 ) ) ;
#1353 = EDGE_CURVE ( 'NONE', #2596, #2162, #4991, .T. ) ;
#1354 = EDGE_LOOP ( 'NONE', ( #11616, #1769, #10259, #2260 ) ) ;
#1355 = AXIS2_PLACEMENT_3D ( 'NONE', #7290, #10898, #4351 ) ;
#1356 = LINE ( 'NONE', #12035, #2667 ) ;
#1357 = ADVANCED_FACE ( 'NONE', ( #2248 ), #7807, .F. ) ;
#1358 = VECTOR ( 'NONE', #4145, 1000.000000000000000 ) ;
#1359 = LINE ( 'NONE', #8084, #6298 ) ;
#1360 = LINE ( 'NONE', #5799, #8668 ) ;
#1361 = CARTESIAN_POINT ( 'NONE',  ( 8.229999999999996874, 1.870000000000000551, 0.6649999999999998135 ) ) ;
#1362 = FACE_OUTER_BOUND ( 'NONE', #6408, .T. ) ;
#1363 = DIRECTION ( 'NONE',  ( 0.000000000000000000, -1.000000000000000000, 0.000000000000000000 ) ) ;
#1364 = EDGE_LOOP ( 'NONE', ( #12072, #5624, #3465, #8435 ) ) ;
#1365 = PLANE ( 'NONE',  #12014 ) ;
#1366 = VECTOR ( 'NONE', #3466, 1000.000000000000000 ) ;
#1367 = EDGE_CURVE ( 'NONE', #2038, #2656, #2060, .T. ) ;
#1368 = VERTEX_POINT ( 'NONE', #11651 ) ;
#1369 = LINE ( 'NONE', #9770, #5723 ) ;
#1370 = ORIENTED_EDGE ( 'NONE', *, *, #6437, .T. ) ;
#1371 = ORIENTED_EDGE ( 'NONE', *, *, #2276, .F. ) ;
#1372 = DIRECTION ( 'NONE',  ( -1.000000000000000000, 0.000000000000000000, 0.000000000000000000 ) ) ;
#1373 = CARTESIAN_POINT ( 'NONE',  ( -8.570000000000002061, -3.049999999999999822, -3.559999999999999165 ) ) ;
#1374 = DIRECTION ( 'NONE',  ( 1.000000000000000000, 0.000000000000000000, 0.000000000000000000 ) ) ;
#1375 = DIRECTION ( 'NONE',  ( 1.000000000000000000, 0.000000000000000000, 0.000000000000000000 ) ) ;
#1376 = EDGE_CURVE ( 'NONE', #6333, #4482, #8890, .T. ) ;
#1377 = CARTESIAN_POINT ( 'NONE',  ( -9.172987812832774424, 1.436334613170440644, -1.137987812832773837 ) ) ;
#1378 = ORIENTED_EDGE ( 'NONE', *, *, #130, .T. ) ;
#1379 = PLANE ( 'NONE',  #6282 ) ;
#1380 = ORIENTED_EDGE ( 'NONE', *, *, #7861, .T. ) ;
#1381 = ORIENTED_EDGE ( 'NONE', *, *, #2908, .T. ) ;
#1382 = CARTESIAN_POINT ( 'NONE',  ( 3.349999999999991651, 1.870000000000000551, 0.6649999999999998135 ) ) ;
#1383 = EDGE_CURVE ( 'NONE', #6041, #11522, #1669, .T. ) ;
#1384 = CARTESIAN_POINT ( 'NONE',  ( -9.550000000000002487, 1.870000000000000551, 0.6649999999999998135 ) ) ;
#1385 = ORIENTED_EDGE ( 'NONE', *, *, #445, .T. ) ;
#1386 = CARTESIAN_POINT ( 'NONE',  ( -3.150000000000001688, 0.5700000000000003952, -1.875000000000000000 ) ) ;
#1387 = FACE_BOUND ( 'NONE', #7314, .T. ) ;
#1388 = EDGE_CURVE ( 'NONE', #4703, #1206, #2518, .T. ) ;
#1389 = DIRECTION ( 'NONE',  ( -1.000000000000000000, -0.000000000000000000, -0.000000000000000000 ) ) ;
#1390 = LINE ( 'NONE', #6949, #11780 ) ;
#1391 = LINE ( 'NONE', #4307, #4734 ) ;
#1392 = EDGE_LOOP ( 'NONE', ( #5551, #780, #623, #6508 ) ) ;
#1393 = CARTESIAN_POINT ( 'NONE',  ( 9.209999999999999076, -3.049999999999999822, -3.559999999999999165 ) ) ;
#1394 = ORIENTED_EDGE ( 'NONE', *, *, #2292, .F. ) ;
#1395 = EDGE_CURVE ( 'NONE', #8558, #207, #1442, .T. ) ;
#1396 = VECTOR ( 'NONE', #3480, 999.9999999999998863 ) ;
#1397 = CARTESIAN_POINT ( 'NONE',  ( -9.210000000000002629, 0.9000000000000005773, -1.674999999999999822 ) ) ;
#1398 = VERTEX_POINT ( 'NONE', #810 ) ;
#1399 = CARTESIAN_POINT ( 'NONE',  ( -9.452979553378577648, -7.643577671652601602, -5.372020446621423417 ) ) ;
#1400 = DIRECTION ( 'NONE',  ( 0.000000000000000000, 0.000000000000000000, 1.000000000000000000 ) ) ;
#1401 = DIRECTION ( 'NONE',  ( 0.000000000000000000, 0.000000000000000000, 1.000000000000000000 ) ) ;
#1402 = CARTESIAN_POINT ( 'NONE',  ( 0.000000000000000000, 1.540000000000000480, -1.674999999999999822 ) ) ;
#1403 = EDGE_CURVE ( 'NONE', #5462, #7732, #3901, .T. ) ;
#1404 = FACE_OUTER_BOUND ( 'NONE', #6956, .T. ) ;
#1405 = CARTESIAN_POINT ( 'NONE',  ( 14.29000000000000092, 0.9000000000000005773, -2.894999999999997797 ) ) ;
#1406 = DIRECTION ( 'NONE',  ( 0.000000000000000000, 0.000000000000000000, -1.000000000000000000 ) ) ;
#1407 = ORIENTED_EDGE ( 'NONE', *, *, #7947, .F. ) ;
#1408 = EDGE_LOOP ( 'NONE', ( #5726, #3518, #4978, #12246 ) ) ;
#1409 = DIRECTION ( 'NONE',  ( -0.000000000000000000, -0.000000000000000000, -1.000000000000000000 ) ) ;
#1410 = ADVANCED_FACE ( 'NONE', ( #4299 ), #8982, .T. ) ;
#1411 = ORIENTED_EDGE ( 'NONE', *, *, #2411, .F. ) ;
#1412 = CARTESIAN_POINT ( 'NONE',  ( -6.030000000000002025, -3.049999999999999822, -3.075000000000000178 ) ) ;
#1413 = EDGE_LOOP ( 'NONE', ( #7627, #8341 ) ) ;
#1414 = SURFACE_STYLE_FILL_AREA ( #9950 ) ;
#1415 = DIRECTION ( 'NONE',  ( 0.000000000000000000, 0.000000000000000000, 1.000000000000000000 ) ) ;
#1416 = CARTESIAN_POINT ( 'NONE',  ( -9.210000000000002629, 0.9000000000000005773, 0.4649999999999996914 ) ) ;
#1417 = EDGE_CURVE ( 'NONE', #2559, #765, #8296, .T. ) ;
#1418 = AXIS2_PLACEMENT_3D ( 'NONE', #4318, #3441, #5255 ) ;
#1419 = PLANE ( 'NONE',  #1758 ) ;
#1420 = VERTEX_POINT ( 'NONE', #11141 ) ;
#1421 = CARTESIAN_POINT ( 'NONE',  ( -4.270000000000008455, 1.870000000000000551, 0.4649999999999996914 ) ) ;
#1422 = ADVANCED_FACE ( 'NONE', ( #2657 ), #6131, .F. ) ;
#1423 = AXIS2_PLACEMENT_3D ( 'NONE', #70, #8431, #9430 ) ;
#1424 = ORIENTED_EDGE ( 'NONE', *, *, #2756, .F. ) ;
#1425 = LINE ( 'NONE', #3166, #9897 ) ;
#1426 = ORIENTED_EDGE ( 'NONE', *, *, #1498, .T. ) ;
#1427 = FACE_OUTER_BOUND ( 'NONE', #1845, .T. ) ;
#1428 = ADVANCED_FACE ( 'NONE', ( #6421 ), #12169, .F. ) ;
#1429 = FACE_OUTER_BOUND ( 'NONE', #3123, .T. ) ;
#1430 = CARTESIAN_POINT ( 'NONE',  ( -4.130000000000001670, 0.9000000000000005773, 0.4649999999999996914 ) ) ;
#1431 = DIRECTION ( 'NONE',  ( 0.3892816206350239172, 0.3892816206350261377, -0.8348171294789875629 ) ) ;
#1432 = DIRECTION ( 'NONE',  ( 0.000000000000000000, 0.000000000000000000, 1.000000000000000000 ) ) ;
#1433 = ORIENTED_EDGE ( 'NONE', *, *, #3616, .F. ) ;
#1434 = LINE ( 'NONE', #1315, #10446 ) ;
#1435 = ADVANCED_FACE ( 'NONE', ( #7468 ), #6483, .F. ) ;
#1436 = ORIENTED_EDGE ( 'NONE', *, *, #1114, .F. ) ;
#1437 = ORIENTED_EDGE ( 'NONE', *, *, #2557, .T. ) ;
#1438 = CARTESIAN_POINT ( 'NONE',  ( -7.209999999999999076, 1.870000000000000551, -1.875000000000000000 ) ) ;
#1439 = AXIS2_PLACEMENT_3D ( 'NONE', #10716, #7796, #3171 ) ;
#1440 = LINE ( 'NONE', #10035, #10838 ) ;
#1441 = ORIENTED_EDGE ( 'NONE', *, *, #7727, .T. ) ;
#1442 = LINE ( 'NONE', #11313, #3514 ) ;
#1443 = DIRECTION ( 'NONE',  ( 0.000000000000000000, 0.000000000000000000, -1.000000000000000000 ) ) ;
#1444 = FACE_OUTER_BOUND ( 'NONE', #9752, .T. ) ;
#1445 = DIRECTION ( 'NONE',  ( -0.9063077870366493816, -0.4226182617407006625, 0.000000000000000000 ) ) ;
#1446 = DIRECTION ( 'NONE',  ( -1.000000000000000000, 0.000000000000000000, 0.000000000000000000 ) ) ;
#1447 = CARTESIAN_POINT ( 'NONE',  ( 9.549999999999998934, 0.5700000000000003952, 0.6649999999999998135 ) ) ;
#1448 = EDGE_LOOP ( 'NONE', ( #10244, #7638, #11996, #10353 ) ) ;
#1449 = CARTESIAN_POINT ( 'NONE',  ( 13.50999999999999446, 1.870000000000000551, 0.4649999999999996914 ) ) ;
#1450 = VECTOR ( 'NONE', #5144, 1000.000000000000000 ) ;
#1451 = ORIENTED_EDGE ( 'NONE', *, *, #5902, .T. ) ;
#1452 = EDGE_CURVE ( 'NONE', #4492, #11675, #10272, .T. ) ;
#1453 = LINE ( 'NONE', #8185, #8262 ) ;
#1454 = FACE_OUTER_BOUND ( 'NONE', #9176, .T. ) ;
#1455 = CARTESIAN_POINT ( 'NONE',  ( -6.810000000000008491, 1.870000000000000551, 0.6649999999999998135 ) ) ;
#1456 = ORIENTED_EDGE ( 'NONE', *, *, #11791, .T. ) ;
#1457 = CARTESIAN_POINT ( 'NONE',  ( -1.590000000000001190, 0.9000000000000005773, 3.715000000000003411 ) ) ;
#1458 = VECTOR ( 'NONE', #5126, 1000.000000000000000 ) ;
#1459 = DIRECTION ( 'NONE',  ( -0.000000000000000000, -0.000000000000000000, 1.000000000000000000 ) ) ;
#1460 = CARTESIAN_POINT ( 'NONE',  ( 1.589999999999997637, -3.049999999999999822, -3.075000000000000178 ) ) ;
#1461 = CARTESIAN_POINT ( 'NONE',  ( 7.009999999999998899, 0.5700000000000003952, 0.6649999999999998135 ) ) ;
#1462 = DIRECTION ( 'NONE',  ( 1.000000000000000000, 0.000000000000000000, -0.000000000000000000 ) ) ;
#1463 = ORIENTED_EDGE ( 'NONE', *, *, #9703, .T. ) ;
#1464 = ADVANCED_FACE ( 'NONE', ( #2602 ), #9284, .F. ) ;
#1465 = ORIENTED_EDGE ( 'NONE', *, *, #3235, .T. ) ;
#1466 = DIRECTION ( 'NONE',  ( 1.000000000000000000, 0.000000000000000000, 0.000000000000000000 ) ) ;
#1467 = VERTEX_POINT ( 'NONE', #8462 ) ;
#1468 = CIRCLE ( 'NONE', #8430, 0.1999999999999953204 ) ;
#1469 = EDGE_CURVE ( 'NONE', #8675, #11469, #4236, .T. ) ;
#1470 = DIRECTION ( 'NONE',  ( 0.000000000000000000, 5.421010862427481938E-15, -1.000000000000000000 ) ) ;
#1471 = ORIENTED_EDGE ( 'NONE', *, *, #6760, .F. ) ;
#1472 = CARTESIAN_POINT ( 'NONE',  ( -7.010000000000004228, 1.870000000000000551, 0.6649999999999998135 ) ) ;
#1473 = AXIS2_PLACEMENT_3D ( 'NONE', #3899, #3150, #3962 ) ;
#1474 = DIRECTION ( 'NONE',  ( 0.000000000000000000, -1.000000000000000000, 0.000000000000000000 ) ) ;
#1475 = CARTESIAN_POINT ( 'NONE',  ( -13.80500000000000327, -3.049999999999999822, -3.559999999999999165 ) ) ;
#1476 = AXIS2_PLACEMENT_3D ( 'NONE', #3844, #937, #3603 ) ;
#1477 = ORIENTED_EDGE ( 'NONE', *, *, #3135, .F. ) ;
#1478 = LINE ( 'NONE', #4210, #12269 ) ;
#1479 = EDGE_LOOP ( 'NONE', ( #9782, #4001, #12195, #10195 ) ) ;
#1480 = DIRECTION ( 'NONE',  ( 1.000000000000000000, 0.000000000000000000, -0.000000000000000000 ) ) ;
#1481 = ORIENTED_EDGE ( 'NONE', *, *, #3221, .F. ) ;
#1482 = VECTOR ( 'NONE', #845, 999.9999999999998863 ) ;
#1483 = EDGE_CURVE ( 'NONE', #1094, #1816, #3309, .T. ) ;
#1484 = VECTOR ( 'NONE', #12152, 1000.000000000000000 ) ;
#1485 = ORIENTED_EDGE ( 'NONE', *, *, #5229, .T. ) ;
#1486 = FACE_OUTER_BOUND ( 'NONE', #3053, .T. ) ;
#1487 = EDGE_CURVE ( 'NONE', #6766, #3576, #728, .T. ) ;
#1488 = DIRECTION ( 'NONE',  ( 0.000000000000000000, 0.000000000000000000, 1.000000000000000000 ) ) ;
#1489 = VECTOR ( 'NONE', #4431, 1000.000000000000000 ) ;
#1490 = AXIS2_PLACEMENT_3D ( 'NONE', #1796, #5604, #11319 ) ;
#1491 = DIRECTION ( 'NONE',  ( -0.000000000000000000, 1.000000000000000000, 0.000000000000000000 ) ) ;
#1492 = CARTESIAN_POINT ( 'NONE',  ( 5.889999999999992575, 1.870000000000000551, 0.6649999999999998135 ) ) ;
#1493 = CARTESIAN_POINT ( 'NONE',  ( 14.29000000000000092, 0.000000000000000000, -1.674999999999999822 ) ) ;
#1494 = ORIENTED_EDGE ( 'NONE', *, *, #2122, .F. ) ;
#1495 = LINE ( 'NONE', #9290, #2079 ) ;
#1496 = VECTOR ( 'NONE', #10920, 1000.000000000000000 ) ;
#1497 = ORIENTED_EDGE ( 'NONE', *, *, #10981, .T. ) ;
#1498 = EDGE_CURVE ( 'NONE', #11675, #8448, #9342, .T. ) ;
#1499 = EDGE_LOOP ( 'NONE', ( #3564, #10541 ) ) ;
#1500 = CARTESIAN_POINT ( 'NONE',  ( -11.11000000000000121, -2.717601427321017837, -3.714999999999999858 ) ) ;
#1501 = AXIS2_PLACEMENT_3D ( 'NONE', #120, #3853, #3920 ) ;
#1502 = ORIENTED_EDGE ( 'NONE', *, *, #9826, .T. ) ;
#1503 = DIRECTION ( 'NONE',  ( 0.000000000000000000, -1.000000000000000000, -0.000000000000000000 ) ) ;
#1504 = VERTEX_POINT ( 'NONE', #5597 ) ;
#1505 = EDGE_CURVE ( 'NONE', #3104, #7336, #7101, .T. ) ;
#1506 = EDGE_LOOP ( 'NONE', ( #4520, #12304, #6347, #4698 ) ) ;
#1507 = VECTOR ( 'NONE', #8382, 1000.000000000000000 ) ;
#1508 = DIRECTION ( 'NONE',  ( 0.9063077870366493816, -0.4226182617407006625, 0.000000000000000000 ) ) ;
#1509 = DIRECTION ( 'NONE',  ( -0.000000000000000000, -0.000000000000000000, 1.000000000000000000 ) ) ;
#1510 = CARTESIAN_POINT ( 'NONE',  ( -11.43000000000000327, 0.7199999999999999734, -2.894999999999998241 ) ) ;
#1511 = DIRECTION ( 'NONE',  ( -0.000000000000000000, -0.000000000000000000, 1.000000000000000000 ) ) ;
#1512 = DIRECTION ( 'NONE',  ( 1.000000000000000000, 0.000000000000000000, 0.000000000000000000 ) ) ;
#1513 = ORIENTED_EDGE ( 'NONE', *, *, #2100, .T. ) ;
#1514 = CARTESIAN_POINT ( 'NONE',  ( 6.669999999999999041, 0.7199999999999999734, -2.894999999999998241 ) ) ;
#1515 = ORIENTED_EDGE ( 'NONE', *, *, #1889, .T. ) ;
#1516 = AXIS2_PLACEMENT_3D ( 'NONE', #11722, #4190, #3075 ) ;
#1517 = LINE ( 'NONE', #8066, #4261 ) ;
#1518 = VERTEX_POINT ( 'NONE', #169 ) ;
#1519 = EDGE_CURVE ( 'NONE', #9426, #6494, #5784, .T. ) ;
#1520 = DIRECTION ( 'NONE',  ( -0.000000000000000000, -0.000000000000000000, -1.000000000000000000 ) ) ;
#1521 = DIRECTION ( 'NONE',  ( 0.000000000000000000, 0.000000000000000000, 1.000000000000000000 ) ) ;
#1522 = ORIENTED_EDGE ( 'NONE', *, *, #7238, .T. ) ;
#1523 = LINE ( 'NONE', #4503, #2404 ) ;
#1524 =( NAMED_UNIT ( * ) PLANE_ANGLE_UNIT ( ) SI_UNIT ( $, .RADIAN. ) );
#1525 = CARTESIAN_POINT ( 'NONE',  ( -3.975000000000000977, 1.055000000000000382, 3.715000000000003411 ) ) ;
#1526 = CARTESIAN_POINT ( 'NONE',  ( 15.23999999999999844, 0.000000000000000000, -1.674999999999999822 ) ) ;
#1527 = AXIS2_PLACEMENT_3D ( 'NONE', #1944, #2872, #11285 ) ;
#1528 = PLANE ( 'NONE',  #1249 ) ;
#1529 = ORIENTED_EDGE ( 'NONE', *, *, #3240, .F. ) ;
#1530 = EDGE_CURVE ( 'NONE', #992, #9663, #10573, .T. ) ;
#1531 = ORIENTED_EDGE ( 'NONE', *, *, #3582, .T. ) ;
#1532 = DIRECTION ( 'NONE',  ( -1.000000000000000000, 0.000000000000000000, 0.000000000000000000 ) ) ;
#1533 = VECTOR ( 'NONE', #9878, 1000.000000000000000 ) ;
#1534 = VERTEX_POINT ( 'NONE', #8524 ) ;
#1535 = DIRECTION ( 'NONE',  ( 1.000000000000000000, 0.000000000000000000, 0.000000000000000000 ) ) ;
#1536 = ADVANCED_FACE ( 'NONE', ( #11435 ), #6734, .F. ) ;
#1537 = AXIS2_PLACEMENT_3D ( 'NONE', #3999, #7810, #11589 ) ;
#1538 = CARTESIAN_POINT ( 'NONE',  ( -6.670000000000002593, 1.540000000000000480, 3.382601427321023646 ) ) ;
#1539 = CARTESIAN_POINT ( 'NONE',  ( -12.09000000000000341, 1.870000000000000551, 0.6649999999999998135 ) ) ;
#1540 = VECTOR ( 'NONE', #1756, 1000.000000000000000 ) ;
#1541 = ORIENTED_EDGE ( 'NONE', *, *, #349, .F. ) ;
#1542 = ORIENTED_EDGE ( 'NONE', *, *, #10199, .F. ) ;
#1543 = EDGE_CURVE ( 'NONE', #1245, #238, #2183, .T. ) ;
#1544 = CARTESIAN_POINT ( 'NONE',  ( -11.11000000000000121, 0.9000000000000005773, -2.894999999999997797 ) ) ;
#1545 = ORIENTED_EDGE ( 'NONE', *, *, #2802, .T. ) ;
#1546 = ORIENTED_EDGE ( 'NONE', *, *, #3521, .F. ) ;
#1547 = CARTESIAN_POINT ( 'NONE',  ( -11.75000000000000178, -3.049999999999999822, -3.230000000000000870 ) ) ;
#1548 = ORIENTED_EDGE ( 'NONE', *, *, #10495, .F. ) ;
#1549 = AXIS2_PLACEMENT_3D ( 'NONE', #4554, #1690, #6323 ) ;
#1550 = VECTOR ( 'NONE', #6568, 1000.000000000000000 ) ;
#1551 = VERTEX_POINT ( 'NONE', #3780 ) ;
#1552 = LINE ( 'NONE', #11137, #9498 ) ;
#1553 = CARTESIAN_POINT ( 'NONE',  ( 7.009999999999998899, 0.5700000000000003952, 0.4649999999999996914 ) ) ;
#1554 = VECTOR ( 'NONE', #5601, 1000.000000000000000 ) ;
#1555 = LINE ( 'NONE', #427, #4570 ) ;
#1556 = EDGE_CURVE ( 'NONE', #10139, #12283, #8556, .T. ) ;
#1557 = DIRECTION ( 'NONE',  ( 1.000000000000000000, 0.000000000000000000, -0.000000000000000000 ) ) ;
#1558 = DIRECTION ( 'NONE',  ( 0.000000000000000000, -1.000000000000000000, 0.000000000000000000 ) ) ;
#1559 = ORIENTED_EDGE ( 'NONE', *, *, #11235, .F. ) ;
#1560 = FACE_OUTER_BOUND ( 'NONE', #7250, .T. ) ;
#1561 = EDGE_LOOP ( 'NONE', ( #364, #5331, #10781, #10087 ) ) ;
#1562 = EDGE_CURVE ( 'NONE', #5189, #11743, #1846, .T. ) ;
#1563 = EDGE_CURVE ( 'NONE', #6940, #7336, #7590, .T. ) ;
#1564 = ORIENTED_EDGE ( 'NONE', *, *, #6044, .F. ) ;
#1565 = AXIS2_PLACEMENT_3D ( 'NONE', #10382, #12162, #4639 ) ;
#1566 = CARTESIAN_POINT ( 'NONE',  ( 10.96999999999999353, 1.870000000000000551, 0.6649999999999998135 ) ) ;
#1567 = ORIENTED_EDGE ( 'NONE', *, *, #904, .F. ) ;
#1568 = CARTESIAN_POINT ( 'NONE',  ( 4.669999999999993712, 0.5700000000000003952, 0.6649999999999998135 ) ) ;
#1569 = VERTEX_POINT ( 'NONE', #1972 ) ;
#1570 = DIRECTION ( 'NONE',  ( 0.000000000000000000, 0.000000000000000000, 1.000000000000000000 ) ) ;
#1571 = DIRECTION ( 'NONE',  ( -1.000000000000000000, 0.000000000000000000, 0.000000000000000000 ) ) ;
#1572 = EDGE_CURVE ( 'NONE', #11490, #411, #7838, .T. ) ;
#1573 = CARTESIAN_POINT ( 'NONE',  ( 11.75000000000000000, 0.9000000000000005773, 3.382601427321023646 ) ) ;
#1574 = CARTESIAN_POINT ( 'NONE',  ( 0.6099999999999959899, 1.870000000000000551, 0.6649999999999998135 ) ) ;
#1575 = DIRECTION ( 'NONE',  ( -1.000000000000000000, 0.000000000000000000, 0.000000000000000000 ) ) ;
#1576 = EDGE_LOOP ( 'NONE', ( #7577, #5707, #3056, #2264 ) ) ;
#1577 = LINE ( 'NONE', #2326, #11613 ) ;
#1578 = EDGE_CURVE ( 'NONE', #607, #10069, #7174, .T. ) ;
#1579 = ORIENTED_EDGE ( 'NONE', *, *, #11786, .F. ) ;
#1580 = CARTESIAN_POINT ( 'NONE',  ( 7.009999999999998899, 0.5700000000000003952, -1.875000000000000000 ) ) ;
#1581 = ORIENTED_EDGE ( 'NONE', *, *, #4229, .T. ) ;
#1582 = DIRECTION ( 'NONE',  ( 0.000000000000000000, 1.000000000000000000, -1.150347132610614786E-16 ) ) ;
#1583 = DIRECTION ( 'NONE',  ( 0.000000000000000000, -1.000000000000000000, -0.000000000000000000 ) ) ;
#1584 = ORIENTED_EDGE ( 'NONE', *, *, #9386, .F. ) ;
#1585 = LINE ( 'NONE', #12087, #7192 ) ;
#1586 = DIRECTION ( 'NONE',  ( 1.000000000000000000, 0.000000000000000000, 0.000000000000000000 ) ) ;
#1587 = DIRECTION ( 'NONE',  ( 0.000000000000000000, -1.000000000000000000, 0.000000000000000000 ) ) ;
#1588 = CARTESIAN_POINT ( 'NONE',  ( 4.469999999999997975, 0.5700000000000003952, -1.674999999999999822 ) ) ;
#1589 = ORIENTED_EDGE ( 'NONE', *, *, #5750, .T. ) ;
#1590 = ORIENTED_EDGE ( 'NONE', *, *, #4735, .T. ) ;
#1591 = CARTESIAN_POINT ( 'NONE',  ( -6.810000000000008491, 1.870000000000000551, -1.674999999999999822 ) ) ;
#1592 = EDGE_CURVE ( 'NONE', #2513, #3162, #7565, .T. ) ;
#1593 = AXIS2_PLACEMENT_3D ( 'NONE', #1136, #10650, #4851 ) ;
#1594 = AXIS2_PLACEMENT_3D ( 'NONE', #12291, #8647, #3030 ) ;
#1595 = CARTESIAN_POINT ( 'NONE',  ( 12.08999999999999986, 0.5700000000000003952, 0.6649999999999998135 ) ) ;
#1596 = DIRECTION ( 'NONE',  ( 1.000000000000000000, 0.000000000000000000, 0.000000000000000000 ) ) ;
#1597 = UNCERTAINTY_MEASURE_WITH_UNIT (LENGTH_MEASURE( 1.000000000000000082E-05 ), #8747, 'distance_accuracy_value', 'NONE');
#1598 = DIRECTION ( 'NONE',  ( 0.000000000000000000, 0.000000000000000000, 1.000000000000000000 ) ) ;
#1599 = CARTESIAN_POINT ( 'NONE',  ( -0.9500000000000011768, 0.9000000000000010214, -2.894999999999998241 ) ) ;
#1600 = ORIENTED_EDGE ( 'NONE', *, *, #1556, .F. ) ;
#1601 = CARTESIAN_POINT ( 'NONE',  ( -6.030000000000002025, 0.000000000000000000, -1.674999999999999822 ) ) ;
#1602 = ORIENTED_EDGE ( 'NONE', *, *, #4066, .T. ) ;
#1603 = DIRECTION ( 'NONE',  ( -0.000000000000000000, -0.000000000000000000, -1.000000000000000000 ) ) ;
#1604 = AXIS2_PLACEMENT_3D ( 'NONE', #11738, #9819, #4207 ) ;
#1605 = ORIENTED_EDGE ( 'NONE', *, *, #8236, .F. ) ;
#1606 = DIRECTION ( 'NONE',  ( 0.000000000000000000, 0.000000000000000000, 1.000000000000000000 ) ) ;
#1607 = EDGE_LOOP ( 'NONE', ( #4300, #6998 ) ) ;
#1608 = EDGE_CURVE ( 'NONE', #3551, #10031, #5914, .T. ) ;
#1609 = ORIENTED_EDGE ( 'NONE', *, *, #4285, .F. ) ;
#1610 = DIRECTION ( 'NONE',  ( 0.000000000000000000, 0.000000000000000000, -1.000000000000000000 ) ) ;
#1611 = AXIS2_PLACEMENT_3D ( 'NONE', #9994, #1639, #11899 ) ;
#1612 = DIRECTION ( 'NONE',  ( 0.000000000000000000, 0.000000000000000000, -1.000000000000000000 ) ) ;
#1613 = DIRECTION ( 'NONE',  ( -0.000000000000000000, 0.000000000000000000, 1.000000000000000000 ) ) ;
#1614 = DIRECTION ( 'NONE',  ( 0.000000000000000000, 1.000000000000000000, -1.150347132610614786E-16 ) ) ;
#1615 = CARTESIAN_POINT ( 'NONE',  ( 6.669999999999999041, 1.540000000000000480, -2.894999999999997797 ) ) ;
#1616 = DIRECTION ( 'NONE',  ( -0.000000000000000000, -0.000000000000000000, 1.000000000000000000 ) ) ;
#1617 = ORIENTED_EDGE ( 'NONE', *, *, #5815, .F. ) ;
#1618 = ADVANCED_FACE ( 'NONE', ( #8773 ), #2778, .T. ) ;
#1619 = ORIENTED_EDGE ( 'NONE', *, *, #2802, .F. ) ;
#1620 = ADVANCED_FACE ( 'NONE', ( #4833 ), #11555, .F. ) ;
#1621 = PLANE ( 'NONE',  #3552 ) ;
#1622 = ORIENTED_EDGE ( 'NONE', *, *, #6760, .T. ) ;
#1623 = DIRECTION ( 'NONE',  ( -0.000000000000000000, 0.000000000000000000, -1.000000000000000000 ) ) ;
#1624 = EDGE_LOOP ( 'NONE', ( #10331, #9797, #6276, #9548 ) ) ;
#1625 = DIRECTION ( 'NONE',  ( -0.000000000000000000, -0.4226182617407006625, -0.9063077870366493816 ) ) ;
#1626 = VECTOR ( 'NONE', #1459, 1000.000000000000000 ) ;
#1627 =( LENGTH_UNIT ( ) NAMED_UNIT ( * ) SI_UNIT ( .MILLI., .METRE. ) );
#1628 = DIRECTION ( 'NONE',  ( 1.000000000000000000, 0.000000000000000000, -0.000000000000000000 ) ) ;
#1629 = CARTESIAN_POINT ( 'NONE',  ( 0.6099999999999959899, 1.870000000000000551, 0.6649999999999998135 ) ) ;
#1630 = FACE_OUTER_BOUND ( 'NONE', #4528, .T. ) ;
#1631 = ORIENTED_EDGE ( 'NONE', *, *, #6601, .T. ) ;
#1632 = ORIENTED_EDGE ( 'NONE', *, *, #12135, .T. ) ;
#1633 = AXIS2_PLACEMENT_3D ( 'NONE', #11390, #4607, #3678 ) ;
#1634 = ADVANCED_FACE ( 'NONE', ( #6795 ), #4966, .F. ) ;
#1635 = CARTESIAN_POINT ( 'NONE',  ( -6.670000000000002593, 1.540000000000000480, 3.382601427321023646 ) ) ;
#1636 = CYLINDRICAL_SURFACE ( 'NONE', #113, 0.1999999999999953204 ) ;
#1637 = CARTESIAN_POINT ( 'NONE',  ( 9.549999999999998934, 0.5700000000000003952, -1.875000000000000000 ) ) ;
#1638 = ORIENTED_EDGE ( 'NONE', *, *, #6454, .T. ) ;
#1639 = DIRECTION ( 'NONE',  ( -0.000000000000000000, -0.000000000000000000, -1.000000000000000000 ) ) ;
#1640 = ADVANCED_FACE ( 'NONE', ( #9709 ), #6669, .F. ) ;
#1641 = DIRECTION ( 'NONE',  ( 0.000000000000000000, 1.000000000000000000, 0.000000000000000000 ) ) ;
#1642 = CARTESIAN_POINT ( 'NONE',  ( 4.129999999999998117, 0.000000000000000000, 0.4649999999999996914 ) ) ;
#1643 = VECTOR ( 'NONE', #11424, 1000.000000000000000 ) ;
#1644 = ORIENTED_EDGE ( 'NONE', *, *, #6558, .F. ) ;
#1645 = EDGE_LOOP ( 'NONE', ( #9144, #3107, #7553, #8014 ) ) ;
#1646 = LINE ( 'NONE', #3450, #915 ) ;
#1647 = ORIENTED_EDGE ( 'NONE', *, *, #4149, .F. ) ;
#1648 = EDGE_CURVE ( 'NONE', #10689, #11721, #1180, .T. ) ;
#1649 = VECTOR ( 'NONE', #5700, 1000.000000000000000 ) ;
#1650 = DIRECTION ( 'NONE',  ( 1.000000000000000000, 0.000000000000000000, -0.000000000000000000 ) ) ;
#1651 = CARTESIAN_POINT ( 'NONE',  ( -13.97000000000000242, 0.7199999999999999734, -2.894999999999998241 ) ) ;
#1652 = FACE_OUTER_BOUND ( 'NONE', #582, .T. ) ;
#1653 = LINE ( 'NONE', #2463, #5289 ) ;
#1654 = EDGE_CURVE ( 'NONE', #260, #2052, #5657, .T. ) ;
#1655 = ORIENTED_EDGE ( 'NONE', *, *, #12287, .T. ) ;
#1656 = CARTESIAN_POINT ( 'NONE',  ( -6.810000000000008491, 1.870000000000000551, 0.6649999999999998135 ) ) ;
#1657 = CARTESIAN_POINT ( 'NONE',  ( 13.50999999999999446, 1.870000000000000551, -1.875000000000000000 ) ) ;
#1658 = ORIENTED_EDGE ( 'NONE', *, *, #11191, .F. ) ;
#1659 = DIRECTION ( 'NONE',  ( -1.000000000000000000, 0.000000000000000000, 0.000000000000000000 ) ) ;
#1660 = VERTEX_POINT ( 'NONE', #3098 ) ;
#1661 = CARTESIAN_POINT ( 'NONE',  ( -4.470000000000003304, 1.870000000000000551, 0.6649999999999998135 ) ) ;
#1662 = CIRCLE ( 'NONE', #6647, 0.1999999999999952094 ) ;
#1663 = ORIENTED_EDGE ( 'NONE', *, *, #6802, .F. ) ;
#1664 = EDGE_LOOP ( 'NONE', ( #7734, #773, #7500, #6783 ) ) ;
#1665 = VERTEX_POINT ( 'NONE', #8020 ) ;
#1666 = FACE_OUTER_BOUND ( 'NONE', #11470, .T. ) ;
#1667 = VERTEX_POINT ( 'NONE', #2401 ) ;
#1668 = VECTOR ( 'NONE', #10569, 1000.000000000000000 ) ;
#1669 = LINE ( 'NONE', #4590, #2313 ) ;
#1670 = LINE ( 'NONE', #5479, #12228 ) ;
#1671 = EDGE_CURVE ( 'NONE', #6494, #5557, #6974, .T. ) ;
#1672 = DIRECTION ( 'NONE',  ( -1.000000000000000000, 0.000000000000000000, 0.000000000000000000 ) ) ;
#1673 = DIRECTION ( 'NONE',  ( -0.000000000000000000, -0.000000000000000000, -1.000000000000000000 ) ) ;
#1674 = AXIS2_PLACEMENT_3D ( 'NONE', #5577, #6459, #2761 ) ;
#1675 = LINE ( 'NONE', #11812, #11596 ) ;
#1676 = CARTESIAN_POINT ( 'NONE',  ( -9.210000000000002629, 0.9000000000000012434, -2.894999999999998241 ) ) ;
#1677 = ADVANCED_FACE ( 'NONE', ( #472 ), #1294, .T. ) ;
#1678 = ORIENTED_EDGE ( 'NONE', *, *, #7747, .F. ) ;
#1679 = CIRCLE ( 'NONE', #3270, 0.1999999999999953204 ) ;
#1680 = CARTESIAN_POINT ( 'NONE',  ( 4.469999999999997975, 0.5700000000000003952, 0.6649999999999998135 ) ) ;
#1681 = AXIS2_PLACEMENT_3D ( 'NONE', #1331, #4310, #5130 ) ;
#1682 = VECTOR ( 'NONE', #7597, 1000.000000000000000 ) ;
#1683 = ORIENTED_EDGE ( 'NONE', *, *, #6584, .F. ) ;
#1684 = CARTESIAN_POINT ( 'NONE',  ( 11.10999999999999943, 0.9000000000000005773, 3.715000000000003411 ) ) ;
#1685 = EDGE_LOOP ( 'NONE', ( #8740, #1589, #7054, #7371 ) ) ;
#1686 = EDGE_CURVE ( 'NONE', #1349, #9958, #6790, .T. ) ;
#1687 = CARTESIAN_POINT ( 'NONE',  ( -13.65000000000000213, 0.7200000000000000844, -3.074999999999999734 ) ) ;
#1688 = VECTOR ( 'NONE', #4375, 1000.000000000000000 ) ;
#1689 = CARTESIAN_POINT ( 'NONE',  ( 13.65000000000000036, 0.9000000000000005773, -2.894999999999997797 ) ) ;
#1690 = DIRECTION ( 'NONE',  ( -0.000000000000000000, -0.000000000000000000, 1.000000000000000000 ) ) ;
#1691 = CYLINDRICAL_SURFACE ( 'NONE', #11385, 0.1999999999999952094 ) ;
#1692 = CARTESIAN_POINT ( 'NONE',  ( -8.570000000000002061, 0.9000000000000013545, 3.382601427321023646 ) ) ;
#1693 = ORIENTED_EDGE ( 'NONE', *, *, #7733, .F. ) ;
#1694 = ADVANCED_FACE ( 'NONE', ( #11619 ), #6916, .T. ) ;
#1695 = CIRCLE ( 'NONE', #4872, 0.1999999999999952094 ) ;
#1696 = VECTOR ( 'NONE', #7035, 1000.000000000000000 ) ;
#1697 = ORIENTED_EDGE ( 'NONE', *, *, #9710, .T. ) ;
#1698 = CIRCLE ( 'NONE', #918, 0.1999999999999952094 ) ;
#1699 = PLANE ( 'NONE',  #3867 ) ;
#1700 = EDGE_LOOP ( 'NONE', ( #7983, #2171, #7948, #9898 ) ) ;
#1701 = DIRECTION ( 'NONE',  ( 1.000000000000000000, 0.000000000000000000, 0.000000000000000000 ) ) ;
#1702 = CARTESIAN_POINT ( 'NONE',  ( 2.540000000000000036, -3.049999999999999822, -3.230000000000000870 ) ) ;
#1703 = VECTOR ( 'NONE', #798, 1000.000000000000000 ) ;
#1704 = ORIENTED_EDGE ( 'NONE', *, *, #9257, .F. ) ;
#1705 = CARTESIAN_POINT ( 'NONE',  ( -3.645000000000002238, -3.049999999999999822, -4.336808689942017736E-16 ) ) ;
#1706 = CARTESIAN_POINT ( 'NONE',  ( 8.570000000000000284, 1.540000000000000480, 0.4649999999999996914 ) ) ;
#1707 = DIRECTION ( 'NONE',  ( -1.000000000000000000, 0.000000000000000000, 0.000000000000000000 ) ) ;
#1708 = DIRECTION ( 'NONE',  ( 0.000000000000000000, 1.000000000000000000, -1.150347132610614786E-16 ) ) ;
#1709 = ORIENTED_EDGE ( 'NONE', *, *, #6418, .T. ) ;
#1710 = EDGE_CURVE ( 'NONE', #6075, #4708, #9957, .T. ) ;
#1711 = VECTOR ( 'NONE', #4885, 1000.000000000000000 ) ;
#1712 = ORIENTED_EDGE ( 'NONE', *, *, #5566, .F. ) ;
#1713 = DIRECTION ( 'NONE',  ( -0.000000000000000000, -0.000000000000000000, 1.000000000000000000 ) ) ;
#1714 = AXIS2_PLACEMENT_3D ( 'NONE', #9514, #11301, #11546 ) ;
#1715 = ADVANCED_FACE ( 'NONE', ( #5272 ), #4336, .F. ) ;
#1716 = DIRECTION ( 'NONE',  ( -0.000000000000000000, 0.000000000000000000, 1.000000000000000000 ) ) ;
#1717 = ORIENTED_EDGE ( 'NONE', *, *, #11777, .T. ) ;
#1718 =( NAMED_UNIT ( * ) PLANE_ANGLE_UNIT ( ) SI_UNIT ( $, .RADIAN. ) );
#1719 = VECTOR ( 'NONE', #4056, 1000.000000000000000 ) ;
#1720 = PLANE ( 'NONE',  #5186 ) ;
#1721 = CARTESIAN_POINT ( 'NONE',  ( -9.210000000000002629, 1.540000000000000480, 3.382601427321023646 ) ) ;
#1722 = VERTEX_POINT ( 'NONE', #10009 ) ;
#1723 = CARTESIAN_POINT ( 'NONE',  ( -7.209999999999999076, 1.870000000000000551, -1.674999999999999822 ) ) ;
#1724 = FACE_OUTER_BOUND ( 'NONE', #11535, .T. ) ;
#1725 = ORIENTED_EDGE ( 'NONE', *, *, #2553, .F. ) ;
#1726 = ORIENTED_EDGE ( 'NONE', *, *, #10997, .T. ) ;
#1728 = ADVANCED_FACE ( 'NONE', ( #355 ), #6221, .F. ) ;
#1727 = CARTESIAN_POINT ( 'NONE',  ( -4.130000000000001670, 0.9000000000000013545, 3.382601427321023646 ) ) ;
#1729 = ORIENTED_EDGE ( 'NONE', *, *, #35, .T. ) ;
#1730 = DIRECTION ( 'NONE',  ( -0.3892816206350276365, 0.3892816206350255825, -0.8348171294789862307 ) ) ;
#1731 = ORIENTED_EDGE ( 'NONE', *, *, #2441, .T. ) ;
#1732 = VECTOR ( 'NONE', #5288, 1000.000000000000000 ) ;
#1733 = EDGE_CURVE ( 'NONE', #137, #11368, #10700, .T. ) ;
#1734 = AXIS2_PLACEMENT_3D ( 'NONE', #8192, #10125, #9371 ) ;
#1735 = DIRECTION ( 'NONE',  ( 0.000000000000000000, -1.000000000000000000, 0.000000000000000000 ) ) ;
#1736 = VERTEX_POINT ( 'NONE', #7029 ) ;
#1737 = DIRECTION ( 'NONE',  ( -0.000000000000000000, -0.000000000000000000, 1.000000000000000000 ) ) ;
#1738 = DIRECTION ( 'NONE',  ( 1.000000000000000000, 0.000000000000000000, 0.000000000000000000 ) ) ;
#1739 = FACE_OUTER_BOUND ( 'NONE', #3259, .T. ) ;
#1740 = DIRECTION ( 'NONE',  ( -0.000000000000000000, -0.000000000000000000, -1.000000000000000000 ) ) ;
#1741 = DIRECTION ( 'NONE',  ( -1.000000000000000000, 0.000000000000000000, 0.000000000000000000 ) ) ;
#1742 = FACE_OUTER_BOUND ( 'NONE', #8140, .T. ) ;
#1743 = VECTOR ( 'NONE', #1016, 1000.000000000000000 ) ;
#1744 = ORIENTED_EDGE ( 'NONE', *, *, #12055, .T. ) ;
#1745 = ADVANCED_FACE ( 'NONE', ( #9764 ), #5021, .T. ) ;
#1746 = CARTESIAN_POINT ( 'NONE',  ( 12.08999999999999986, 0.5700000000000003952, -1.875000000000000000 ) ) ;
#1747 = AXIS2_PLACEMENT_3D ( 'NONE', #10474, #1933, #828 ) ;
#1748 = ORIENTED_EDGE ( 'NONE', *, *, #7760, .F. ) ;
#1749 = DIRECTION ( 'NONE',  ( 0.000000000000000000, 0.000000000000000000, 1.000000000000000000 ) ) ;
#1750 = EDGE_CURVE ( 'NONE', #2608, #1951, #10880, .T. ) ;
#1751 = ORIENTED_EDGE ( 'NONE', *, *, #6831, .T. ) ;
#1752 = CIRCLE ( 'NONE', #4931, 0.8200000000000012834 ) ;
#1753 = CARTESIAN_POINT ( 'NONE',  ( -6.670000000000002593, 1.540000000000000480, -1.674999999999999822 ) ) ;
#1754 = LINE ( 'NONE', #1137, #12155 ) ;
#1755 = CARTESIAN_POINT ( 'NONE',  ( 7.009999999999998899, 0.5700000000000003952, 0.6649999999999998135 ) ) ;
#1756 = DIRECTION ( 'NONE',  ( -1.000000000000000000, 0.000000000000000000, 0.000000000000000000 ) ) ;
#1757 = ORIENTED_EDGE ( 'NONE', *, *, #4070, .F. ) ;
#1758 = AXIS2_PLACEMENT_3D ( 'NONE', #5217, #1363, #5403 ) ;
#1759 = ORIENTED_EDGE ( 'NONE', *, *, #1807, .F. ) ;
#1760 = CIRCLE ( 'NONE', #10324, 0.1999999999999953204 ) ;
#1761 = DIRECTION ( 'NONE',  ( -0.3892816206350259711, -0.8348171294789868968, -0.3892816206350259711 ) ) ;
#1762 = EDGE_CURVE ( 'NONE', #201, #1816, #1006, .T. ) ;
#1763 = ORIENTED_EDGE ( 'NONE', *, *, #2467, .F. ) ;
#1764 = DIRECTION ( 'NONE',  ( 0.000000000000000000, -1.150347132610614786E-16, 1.000000000000000000 ) ) ;
#1765 = DIRECTION ( 'NONE',  ( -0.000000000000000000, -0.000000000000000000, -1.000000000000000000 ) ) ;
#1766 = CARTESIAN_POINT ( 'NONE',  ( 6.029999999999998472, 1.540000000000000480, 3.382601427321023646 ) ) ;
#1767 = DIRECTION ( 'NONE',  ( 0.000000000000000000, 0.000000000000000000, 1.000000000000000000 ) ) ;
#1768 = PLANE ( 'NONE',  #9619 ) ;
#1769 = ORIENTED_EDGE ( 'NONE', *, *, #11581, .T. ) ;
#1770 = ORIENTED_EDGE ( 'NONE', *, *, #4410, .T. ) ;
#1771 = DIRECTION ( 'NONE',  ( 1.000000000000000000, 0.000000000000000000, -0.000000000000000000 ) ) ;
#1772 = EDGE_CURVE ( 'NONE', #2127, #2507, #6164, .T. ) ;
#1773 = PLANE ( 'NONE',  #4857 ) ;
#1774 = EDGE_CURVE ( 'NONE', #5250, #2647, #5984, .T. ) ;
#1775 = DIRECTION ( 'NONE',  ( -1.000000000000000000, 0.000000000000000000, -0.000000000000000000 ) ) ;
#1776 = CARTESIAN_POINT ( 'NONE',  ( -6.030000000000002025, -3.049999999999999822, -3.714999999999999858 ) ) ;
#1777 = CARTESIAN_POINT ( 'NONE',  ( 13.11000000000000298, 1.870000000000000551, 0.6649999999999998135 ) ) ;
#1778 = ORIENTED_EDGE ( 'NONE', *, *, #7159, .F. ) ;
#1779 = PLANE ( 'NONE',  #7302 ) ;
#1780 = LINE ( 'NONE', #5401, #7419 ) ;
#1781 = EDGE_CURVE ( 'NONE', #6416, #11071, #4976, .T. ) ;
#1782 = ORIENTED_EDGE ( 'NONE', *, *, #5954, .F. ) ;
#1783 = CARTESIAN_POINT ( 'NONE',  ( 11.75000000000000000, 0.9000000000000005773, 3.382601427321023646 ) ) ;
#1784 = VERTEX_POINT ( 'NONE', #9951 ) ;
#1785 = FACE_OUTER_BOUND ( 'NONE', #5238, .T. ) ;
#1786 = EDGE_CURVE ( 'NONE', #7033, #4492, #2284, .T. ) ;
#1787 = LINE ( 'NONE', #5594, #9324 ) ;
#1788 = AXIS2_PLACEMENT_3D ( 'NONE', #2927, #8541, #8357 ) ;
#1789 = ORIENTED_EDGE ( 'NONE', *, *, #7144, .F. ) ;
#1790 = CARTESIAN_POINT ( 'NONE',  ( -11.11000000000000121, 0.7199999999999999734, -2.894999999999998241 ) ) ;
#1791 = DIRECTION ( 'NONE',  ( 0.000000000000000000, 1.189977994191405372E-15, -1.000000000000000000 ) ) ;
#1792 = CARTESIAN_POINT ( 'NONE',  ( 9.209999999999999076, 0.7200000000000000844, -3.074999999999999734 ) ) ;
#1793 = EDGE_CURVE ( 'NONE', #440, #783, #820, .T. ) ;
#1794 = DIRECTION ( 'NONE',  ( -0.000000000000000000, 1.000000000000000000, 1.150347132610614786E-16 ) ) ;
#1795 = DIRECTION ( 'NONE',  ( -0.9063077870366503808, -4.861577055822948687E-17, -0.4226182617406985531 ) ) ;
#1796 = CARTESIAN_POINT ( 'NONE',  ( -1.930000000000002824, 1.870000000000000551, -1.674999999999999822 ) ) ;
#1797 = ORIENTED_EDGE ( 'NONE', *, *, #3894, .F. ) ;
#1798 = FACE_OUTER_BOUND ( 'NONE', #7670, .T. ) ;
#1799 = AXIS2_PLACEMENT_3D ( 'NONE', #7574, #3707, #11545 ) ;
#1800 = ADVANCED_FACE ( 'NONE', ( #1652 ), #6354, .T. ) ;
#1801 = CARTESIAN_POINT ( 'NONE',  ( 0.000000000000000000, 0.9000000000000005773, -1.674999999999999822 ) ) ;
#1802 = VERTEX_POINT ( 'NONE', #8206 ) ;
#1803 = LINE ( 'NONE', #1568, #501 ) ;
#1804 = ORIENTED_EDGE ( 'NONE', *, *, #9581, .F. ) ;
#1805 = CARTESIAN_POINT ( 'NONE',  ( -8.230000000000000426, 0.5700000000000003952, 0.6649999999999998135 ) ) ;
#1806 = DIRECTION ( 'NONE',  ( -0.000000000000000000, -0.000000000000000000, -1.000000000000000000 ) ) ;
#1807 = EDGE_CURVE ( 'NONE', #2162, #9467, #6466, .T. ) ;
#1808 = CARTESIAN_POINT ( 'NONE',  ( -8.570000000000002061, 0.7200000000000008615, -3.074999999999999734 ) ) ;
#1809 = VECTOR ( 'NONE', #1027, 1000.000000000000000 ) ;
#1810 = DIRECTION ( 'NONE',  ( -0.000000000000000000, -0.000000000000000000, -1.000000000000000000 ) ) ;
#1811 = DIRECTION ( 'NONE',  ( 0.000000000000000000, 5.421010862427481938E-15, -1.000000000000000000 ) ) ;
#1812 = VERTEX_POINT ( 'NONE', #12154 ) ;
#1813 = ORIENTED_EDGE ( 'NONE', *, *, #4902, .T. ) ;
#1814 = AXIS2_PLACEMENT_3D ( 'NONE', #8554, #11225, #10486 ) ;
#1815 = DIRECTION ( 'NONE',  ( -1.000000000000000000, 0.000000000000000000, -0.000000000000000000 ) ) ;
#1816 = VERTEX_POINT ( 'NONE', #10134 ) ;
#1817 = FACE_OUTER_BOUND ( 'NONE', #2611, .T. ) ;
#1818 = DIRECTION ( 'NONE',  ( -1.000000000000000000, 0.000000000000000000, 0.000000000000000000 ) ) ;
#1819 = FACE_OUTER_BOUND ( 'NONE', #11533, .T. ) ;
#1820 = EDGE_CURVE ( 'NONE', #2647, #5250, #8167, .T. ) ;
#1821 = DIRECTION ( 'NONE',  ( 0.000000000000000000, 5.421010862427481938E-15, -1.000000000000000000 ) ) ;
#1822 = FACE_OUTER_BOUND ( 'NONE', #7283, .T. ) ;
#1823 = ORIENTED_EDGE ( 'NONE', *, *, #11158, .F. ) ;
#1824 = ORIENTED_EDGE ( 'NONE', *, *, #8611, .T. ) ;
#1825 = FACE_OUTER_BOUND ( 'NONE', #12260, .T. ) ;
#1826 = MECHANICAL_DESIGN_GEOMETRIC_PRESENTATION_REPRESENTATION (  '', ( #5220 ), #4415 ) ;
#1827 = EDGE_CURVE ( 'NONE', #7202, #2485, #852, .T. ) ;
#1828 = LINE ( 'NONE', #979, #5465 ) ;
#1829 = DIRECTION ( 'NONE',  ( 0.000000000000000000, 0.000000000000000000, -1.000000000000000000 ) ) ;
#1830 = FACE_BOUND ( 'NONE', #5753, .T. ) ;
#1831 = CARTESIAN_POINT ( 'NONE',  ( -3.645000000000000462, 1.055000000000000382, 3.715000000000003411 ) ) ;
#1832 = VECTOR ( 'NONE', #9910, 1000.000000000000000 ) ;
#1833 = CARTESIAN_POINT ( 'NONE',  ( 9.350000000000004974, 0.5700000000000003952, -1.674999999999999822 ) ) ;
#1834 = ORIENTED_EDGE ( 'NONE', *, *, #9826, .F. ) ;
#1835 = DIRECTION ( 'NONE',  ( -0.000000000000000000, -0.000000000000000000, 1.000000000000000000 ) ) ;
#1836 = ADVANCED_FACE ( 'NONE', ( #4517 ), #5398, .F. ) ;
#1837 = DIRECTION ( 'NONE',  ( -0.000000000000000000, -0.000000000000000000, -1.000000000000000000 ) ) ;
#1838 = ORIENTED_EDGE ( 'NONE', *, *, #5550, .T. ) ;
#1839 = CARTESIAN_POINT ( 'NONE',  ( -3.645000000000002238, -3.049999999999999822, -3.075000000000000178 ) ) ;
#1840 = ORIENTED_EDGE ( 'NONE', *, *, #7878, .T. ) ;
#1841 = DIRECTION ( 'NONE',  ( -1.000000000000000000, 0.000000000000000000, 0.000000000000000000 ) ) ;
#1842 = EDGE_CURVE ( 'NONE', #10499, #260, #12041, .T. ) ;
#1843 = ORIENTED_EDGE ( 'NONE', *, *, #8540, .F. ) ;
#1844 = LINE ( 'NONE', #5653, #3347 ) ;
#1845 = EDGE_LOOP ( 'NONE', ( #1083, #5664 ) ) ;
#1846 = LINE ( 'NONE', #8713, #592 ) ;
#1847 = DIRECTION ( 'NONE',  ( 1.000000000000000000, 0.000000000000000000, -0.000000000000000000 ) ) ;
#1848 = DIRECTION ( 'NONE',  ( -1.000000000000000000, 0.000000000000000000, 0.000000000000000000 ) ) ;
#1849 = VECTOR ( 'NONE', #9728, 1000.000000000000000 ) ;
#1850 = DIRECTION ( 'NONE',  ( -1.000000000000000000, -0.000000000000000000, 0.000000000000000000 ) ) ;
#1851 = DIRECTION ( 'NONE',  ( -1.000000000000000000, -0.000000000000000000, 0.000000000000000000 ) ) ;
#1852 = ORIENTED_EDGE ( 'NONE', *, *, #4285, .T. ) ;
#1853 = LINE ( 'NONE', #8655, #12207 ) ;
#1854 = ADVANCED_FACE ( 'NONE', ( #6531 ), #1720, .F. ) ;
#1855 = CYLINDRICAL_SURFACE ( 'NONE', #10241, 0.1999999999999953204 ) ;
#1856 = VERTEX_POINT ( 'NONE', #5583 ) ;
#1857 = VECTOR ( 'NONE', #3103, 1000.000000000000000 ) ;
#1858 = EDGE_CURVE ( 'NONE', #10930, #11416, #7210, .T. ) ;
#1859 = DIRECTION ( 'NONE',  ( 0.000000000000000000, 0.000000000000000000, 1.000000000000000000 ) ) ;
#1860 = ORIENTED_EDGE ( 'NONE', *, *, #10640, .F. ) ;
#1861 = DIRECTION ( 'NONE',  ( 0.000000000000000000, 1.000000000000000000, -1.150347132610614786E-16 ) ) ;
#1862 = ORIENTED_EDGE ( 'NONE', *, *, #5738, .F. ) ;
#1863 = VECTOR ( 'NONE', #34, 1000.000000000000000 ) ;
#1864 = DIRECTION ( 'NONE',  ( 0.3892816206350239172, 0.3892816206350261377, -0.8348171294789875629 ) ) ;
#1865 = PRESENTATION_STYLE_ASSIGNMENT (( #12308 ) ) ;
#1866 = CARTESIAN_POINT ( 'NONE',  ( 1.589999999999997637, 0.9000000000000010214, -2.894999999999998241 ) ) ;
#1867 = DIRECTION ( 'NONE',  ( 0.000000000000000000, -1.000000000000000000, 0.000000000000000000 ) ) ;
#1868 = CARTESIAN_POINT ( 'NONE',  ( 0.9499999999999977351, 0.7200000000000000844, -3.074999999999999734 ) ) ;
#1869 = CIRCLE ( 'NONE', #7457, 0.1999999999999953204 ) ;
#1870 = EDGE_LOOP ( 'NONE', ( #9256, #4143, #10076, #11254 ) ) ;
#1871 = EDGE_CURVE ( 'NONE', #4361, #4157, #5524, .T. ) ;
#1872 = VECTOR ( 'NONE', #4004, 1000.000000000000000 ) ;
#1873 = VERTEX_POINT ( 'NONE', #11973 ) ;
#1874 = EDGE_CURVE ( 'NONE', #1035, #10168, #2643, .T. ) ;
#1875 = AXIS2_PLACEMENT_3D ( 'NONE', #3121, #8742, #2058 ) ;
#1876 = DIRECTION ( 'NONE',  ( -1.000000000000000000, 0.000000000000000000, 0.000000000000000000 ) ) ;
#1877 = ORIENTED_EDGE ( 'NONE', *, *, #7906, .T. ) ;
#1878 = CYLINDRICAL_SURFACE ( 'NONE', #6315, 0.8200000000000012834 ) ;
#1879 = DIRECTION ( 'NONE',  ( -0.000000000000000000, -0.000000000000000000, -1.000000000000000000 ) ) ;
#1880 = PLANE ( 'NONE',  #7009 ) ;
#1881 = DIRECTION ( 'NONE',  ( 0.000000000000000000, 0.000000000000000000, -1.000000000000000000 ) ) ;
#1882 = CIRCLE ( 'NONE', #10046, 0.1800000000000013256 ) ;
#1883 = CARTESIAN_POINT ( 'NONE',  ( 9.549999999999998934, 0.5700000000000003952, -1.875000000000000000 ) ) ;
#1884 = AXIS2_PLACEMENT_3D ( 'NONE', #8593, #10521, #4595 ) ;
#1885 = VERTEX_POINT ( 'NONE', #598 ) ;
#1886 = ORIENTED_EDGE ( 'NONE', *, *, #11646, .T. ) ;
#1887 = LINE ( 'NONE', #2816, #3265 ) ;
#1888 = CIRCLE ( 'NONE', #7680, 0.1999999999999953204 ) ;
#1889 = EDGE_CURVE ( 'NONE', #2749, #8472, #9328, .T. ) ;
#1890 = VECTOR ( 'NONE', #6484, 999.9999999999998863 ) ;
#1891 = CARTESIAN_POINT ( 'NONE',  ( 4.129999999999998117, -2.717601427321017837, -3.075000000000000178 ) ) ;
#1892 = ORIENTED_EDGE ( 'NONE', *, *, #8184, .F. ) ;
#1893 = DIRECTION ( 'NONE',  ( -0.000000000000000000, -0.000000000000000000, 1.000000000000000000 ) ) ;
#1894 = FACE_OUTER_BOUND ( 'NONE', #10582, .T. ) ;
#1895 = LINE ( 'NONE', #86, #205 ) ;
#1896 = CARTESIAN_POINT ( 'NONE',  ( -8.230000000000000426, 0.5700000000000003952, -1.674999999999999822 ) ) ;
#1897 = VERTEX_POINT ( 'NONE', #8385 ) ;
#1898 = CARTESIAN_POINT ( 'NONE',  ( -6.912979553378577613, -7.643577671652601602, -5.372020446621423417 ) ) ;
#1899 = CARTESIAN_POINT ( 'NONE',  ( -1.930000000000002824, 1.870000000000000551, 0.6649999999999998135 ) ) ;
#1900 = ORIENTED_EDGE ( 'NONE', *, *, #913, .F. ) ;
#1901 = ORIENTED_EDGE ( 'NONE', *, *, #11179, .T. ) ;
#1902 = CARTESIAN_POINT ( 'NONE',  ( 3.489999999999998437, 1.540000000000000480, 0.4649999999999996914 ) ) ;
#1903 = AXIS2_PLACEMENT_3D ( 'NONE', #10996, #12043, #3527 ) ;
#1904 = FACE_OUTER_BOUND ( 'NONE', #3487, .T. ) ;
#1905 = ADVANCED_FACE ( 'NONE', ( #2710 ), #7270, .T. ) ;
#1906 = VECTOR ( 'NONE', #3196, 1000.000000000000000 ) ;
#1907 = EDGE_LOOP ( 'NONE', ( #6159, #11925, #7131, #1522 ) ) ;
#1908 = DIRECTION ( 'NONE',  ( 0.000000000000000000, 1.189977994191405372E-15, -1.000000000000000000 ) ) ;
#1909 = EDGE_CURVE ( 'NONE', #3801, #11645, #7333, .T. ) ;
#1910 = CARTESIAN_POINT ( 'NONE',  ( -13.31000000000000227, 0.5700000000000003952, 0.6649999999999998135 ) ) ;
#1911 = CARTESIAN_POINT ( 'NONE',  ( -0.9500000000000011768, 0.9000000000000005773, 3.382601427321023646 ) ) ;
#1912 = DIRECTION ( 'NONE',  ( -1.000000000000000000, 0.000000000000000000, 0.000000000000000000 ) ) ;
#1913 = CIRCLE ( 'NONE', #527, 0.1999999999999953204 ) ;
#1914 = CARTESIAN_POINT ( 'NONE',  ( -6.030000000000002025, 0.7200000000000008615, -3.074999999999999734 ) ) ;
#1915 = VERTEX_POINT ( 'NONE', #10995 ) ;
#1916 = CARTESIAN_POINT ( 'NONE',  ( 9.549999999999998934, 0.5700000000000003952, 0.6649999999999998135 ) ) ;
#1917 = VECTOR ( 'NONE', #946, 1000.000000000000000 ) ;
#1918 = ORIENTED_EDGE ( 'NONE', *, *, #2477, .F. ) ;
#1919 = DIRECTION ( 'NONE',  ( -1.000000000000000000, 0.000000000000000000, 0.000000000000000000 ) ) ;
#1920 = AXIS2_PLACEMENT_3D ( 'NONE', #5201, #6021, #1282 ) ;
#1921 = EDGE_CURVE ( 'NONE', #8841, #7356, #2462, .T. ) ;
#1922 = ORIENTED_EDGE ( 'NONE', *, *, #7046, .F. ) ;
#1923 = LINE ( 'NONE', #7544, #5103 ) ;
#1924 = ORIENTED_EDGE ( 'NONE', *, *, #11464, .F. ) ;
#1925 = CARTESIAN_POINT ( 'NONE',  ( 11.75000000000000000, 1.540000000000001146, -2.894999999999998241 ) ) ;
#1926 = ORIENTED_EDGE ( 'NONE', *, *, #3702, .T. ) ;
#1927 = EDGE_CURVE ( 'NONE', #2059, #9321, #10072, .T. ) ;
#1928 = DIRECTION ( 'NONE',  ( 0.000000000000000000, -0.000000000000000000, 1.000000000000000000 ) ) ;
#1929 = CIRCLE ( 'NONE', #5116, 0.1999999999999953204 ) ;
#1930 = PLANE ( 'NONE',  #10544 ) ;
#1931 =( NAMED_UNIT ( * ) PLANE_ANGLE_UNIT ( ) SI_UNIT ( $, .RADIAN. ) );
#1932 = VECTOR ( 'NONE', #6815, 1000.000000000000000 ) ;
#1933 = DIRECTION ( 'NONE',  ( 0.000000000000000000, 0.000000000000000000, 1.000000000000000000 ) ) ;
#1934 = FACE_OUTER_BOUND ( 'NONE', #2215, .T. ) ;
#1935 = ADVANCED_FACE ( 'NONE', ( #4394 ), #6406, .F. ) ;
#1936 = LINE ( 'NONE', #10352, #12066 ) ;
#1937 = ORIENTED_EDGE ( 'NONE', *, *, #10268, .T. ) ;
#1938 = ORIENTED_EDGE ( 'NONE', *, *, #4691, .F. ) ;
#1939 = VECTOR ( 'NONE', #11991, 1000.000000000000000 ) ;
#1940 = VECTOR ( 'NONE', #2210, 1000.000000000000000 ) ;
#1941 = CARTESIAN_POINT ( 'NONE',  ( 13.68701218716722856, 1.436334613170440644, -5.652012187167225754 ) ) ;
#1942 = VERTEX_POINT ( 'NONE', #152 ) ;
#1943 = EDGE_CURVE ( 'NONE', #9241, #8153, #11354, .T. ) ;
#1944 = CARTESIAN_POINT ( 'NONE',  ( 11.10999999999999943, 0.7200000000000008615, -3.074999999999999734 ) ) ;
#1945 = ORIENTED_EDGE ( 'NONE', *, *, #5357, .F. ) ;
#1946 = LINE ( 'NONE', #5628, #7986 ) ;
#1947 = CARTESIAN_POINT ( 'NONE',  ( -8.570000000000002061, -3.049999999999999822, -3.075000000000000178 ) ) ;
#1948 = CARTESIAN_POINT ( 'NONE',  ( 4.129999999999998117, 1.540000000000001146, -2.894999999999998241 ) ) ;
#1949 = DIRECTION ( 'NONE',  ( 0.000000000000000000, 0.000000000000000000, -1.000000000000000000 ) ) ;
#1950 = VECTOR ( 'NONE', #9018, 1000.000000000000000 ) ;
#1951 = VERTEX_POINT ( 'NONE', #8511 ) ;
#1952 = ADVANCED_FACE ( 'NONE', ( #4696 ), #11300, .F. ) ;
#1953 = ORIENTED_EDGE ( 'NONE', *, *, #640, .T. ) ;
#1954 = CARTESIAN_POINT ( 'NONE',  ( -8.570000000000002061, 0.9000000000000005773, 3.382601427321023646 ) ) ;
#1955 = EDGE_LOOP ( 'NONE', ( #9931, #4964, #6540, #2777 ) ) ;
#1956 = CLOSED_SHELL ( 'NONE', ( #10780, #5075, #9421, #7654, #10702, #1151, #8218, #2220, #11678, #1634, #10903, #11097, #811, #10607, #11226, #4737, #11750, #7723, #10209, #3575, #3379, #2328 ) ) ;
#1957 = CARTESIAN_POINT ( 'NONE',  ( 3.489999999999998437, 1.540000000000000480, 3.382601427321023646 ) ) ;
#1958 = VERTEX_POINT ( 'NONE', #3955 ) ;
#1959 = DIRECTION ( 'NONE',  ( -1.000000000000000000, 0.000000000000000000, 0.000000000000000000 ) ) ;
#1960 = CARTESIAN_POINT ( 'NONE',  ( -14.29000000000000270, 0.9000000000000005773, 0.4649999999999996914 ) ) ;
#1961 = ORIENTED_EDGE ( 'NONE', *, *, #1505, .F. ) ;
#1962 = DIRECTION ( 'NONE',  ( -0.000000000000000000, 1.000000000000000000, 1.150347132610614786E-16 ) ) ;
#1963 = CARTESIAN_POINT ( 'NONE',  ( 4.469999999999997975, 0.5700000000000003952, 0.4649999999999996914 ) ) ;
#1964 = CARTESIAN_POINT ( 'NONE',  ( 7.009999999999998899, 0.5700000000000003952, 0.6649999999999998135 ) ) ;
#1965 = DIRECTION ( 'NONE',  ( -1.000000000000000000, 0.000000000000000000, 0.000000000000000000 ) ) ;
#1966 = ORIENTED_EDGE ( 'NONE', *, *, #3005, .T. ) ;
#1967 = CARTESIAN_POINT ( 'NONE',  ( 14.82999999999999652, 0.5700000000000003952, 0.6649999999999998135 ) ) ;
#1968 = EDGE_CURVE ( 'NONE', #1812, #3025, #6720, .T. ) ;
#1969 = DIRECTION ( 'NONE',  ( -0.000000000000000000, -0.000000000000000000, -1.000000000000000000 ) ) ;
#1970 = LINE ( 'NONE', #6791, #1668 ) ;
#1971 = FACE_OUTER_BOUND ( 'NONE', #5783, .T. ) ;
#1972 = CARTESIAN_POINT ( 'NONE',  ( 8.724999999999999645, 1.055000000000000382, 3.715000000000003411 ) ) ;
#1973 = LINE ( 'NONE', #7659, #8283 ) ;
#1974 = CARTESIAN_POINT ( 'NONE',  ( -14.29000000000000270, -3.049999999999999822, -3.075000000000000178 ) ) ;
#1975 = CARTESIAN_POINT ( 'NONE',  ( 13.65000000000000036, 1.540000000000000480, -1.674999999999999822 ) ) ;
#1976 = CARTESIAN_POINT ( 'NONE',  ( 1.493014284694889948, 1.443014284694892124, 3.590587964983397828 ) ) ;
#1977 = LINE ( 'NONE', #3846, #11626 ) ;
#1978 = ADVANCED_FACE ( 'NONE', ( #3767 ), #12219, .F. ) ;
#1979 = ORIENTED_EDGE ( 'NONE', *, *, #2704, .F. ) ;
#1980 = AXIS2_PLACEMENT_3D ( 'NONE', #4471, #617, #4411 ) ;
#1981 = ORIENTED_EDGE ( 'NONE', *, *, #6993, .T. ) ;
#1982 = CARTESIAN_POINT ( 'NONE',  ( 0.000000000000000000, 0.9000000000000005773, -1.674999999999999822 ) ) ;
#1983 = VECTOR ( 'NONE', #5212, 1000.000000000000000 ) ;
#1984 = ORIENTED_EDGE ( 'NONE', *, *, #7809, .T. ) ;
#1985 = CARTESIAN_POINT ( 'NONE',  ( -0.9500000000000011768, 0.9000000000000005773, 3.715000000000003411 ) ) ;
#1986 = ORIENTED_EDGE ( 'NONE', *, *, #6902, .F. ) ;
#1987 = DIRECTION ( 'NONE',  ( 1.000000000000000000, 0.000000000000000000, 0.000000000000000000 ) ) ;
#1988 = LINE ( 'NONE', #11275, #2182 ) ;
#1989 = CARTESIAN_POINT ( 'NONE',  ( -8.570000000000002061, 0.9000000000000005773, 0.4649999999999996914 ) ) ;
#1990 =( NAMED_UNIT ( * ) PLANE_ANGLE_UNIT ( ) SI_UNIT ( $, .RADIAN. ) );
#1991 = EDGE_CURVE ( 'NONE', #4376, #11279, #7765, .T. ) ;
#1992 = CARTESIAN_POINT ( 'NONE',  ( 8.570000000000000284, 0.7199999999999999734, -2.894999999999998241 ) ) ;
#1993 = CARTESIAN_POINT ( 'NONE',  ( -0.9500000000000011768, 0.7199999999999999734, -2.894999999999998241 ) ) ;
#1994 = ORIENTED_EDGE ( 'NONE', *, *, #8689, .F. ) ;
#1995 = AXIS2_PLACEMENT_3D ( 'NONE', #338, #7952, #11725 ) ;
#1996 = EDGE_CURVE ( 'NONE', #5621, #6523, #9694, .T. ) ;
#1997 = ORIENTED_EDGE ( 'NONE', *, *, #6539, .F. ) ;
#1998 = EDGE_CURVE ( 'NONE', #292, #9813, #919, .T. ) ;
#1999 = DIRECTION ( 'NONE',  ( -1.000000000000000000, 0.000000000000000000, 0.000000000000000000 ) ) ;
#2000 = ORIENTED_EDGE ( 'NONE', *, *, #11059, .T. ) ;
#2001 = PLANE ( 'NONE',  #1527 ) ;
#2002 = VECTOR ( 'NONE', #384, 1000.000000000000000 ) ;
#2003 = ORIENTED_EDGE ( 'NONE', *, *, #3963, .F. ) ;
#2004 = CARTESIAN_POINT ( 'NONE',  ( 9.209999999999999076, 1.540000000000000480, -2.894999999999997797 ) ) ;
#2005 = CARTESIAN_POINT ( 'NONE',  ( -14.13500000000000156, -2.174999999999998934, 3.715000000000003855 ) ) ;
#2006 = LINE ( 'NONE', #6639, #8707 ) ;
#2007 = CARTESIAN_POINT ( 'NONE',  ( 6.669999999999999041, 0.7199999999999999734, -2.894999999999998241 ) ) ;
#2008 = ORIENTED_EDGE ( 'NONE', *, *, #6280, .T. ) ;
#2009 = ORIENTED_EDGE ( 'NONE', *, *, #11816, .F. ) ;
#2010 = CARTESIAN_POINT ( 'NONE',  ( -13.65000000000000213, -2.717601427321017837, -3.714999999999999858 ) ) ;
#2011 = EDGE_CURVE ( 'NONE', #7343, #4492, #1895, .T. ) ;
#2012 = ORIENTED_EDGE ( 'NONE', *, *, #2525, .T. ) ;
#2013 = DIRECTION ( 'NONE',  ( 0.000000000000000000, 5.421010862427481938E-15, -1.000000000000000000 ) ) ;
#2014 = ADVANCED_FACE ( 'NONE', ( #10435 ), #7639, .T. ) ;
#2015 = VERTEX_POINT ( 'NONE', #11419 ) ;
#2016 = CARTESIAN_POINT ( 'NONE',  ( 0.9499999999999977351, 1.540000000000000480, -2.894999999999997797 ) ) ;
#2017 = CARTESIAN_POINT ( 'NONE',  ( -3.150000000000001688, 0.5700000000000003952, -1.875000000000000000 ) ) ;
#2018 = CARTESIAN_POINT ( 'NONE',  ( 6.184999999999999609, -3.049999999999999822, -3.230000000000000870 ) ) ;
#2019 = DIRECTION ( 'NONE',  ( -0.000000000000000000, -0.000000000000000000, 1.000000000000000000 ) ) ;
#2020 = EDGE_LOOP ( 'NONE', ( #11748, #2733 ) ) ;
#2021 = CARTESIAN_POINT ( 'NONE',  ( -8.666985715305109750, 1.443014284694892124, 3.590587964983397828 ) ) ;
#2022 = DIRECTION ( 'NONE',  ( 0.000000000000000000, 0.000000000000000000, -1.000000000000000000 ) ) ;
#2023 = ORIENTED_EDGE ( 'NONE', *, *, #3122, .F. ) ;
#2024 = CARTESIAN_POINT ( 'NONE',  ( -1.105000000000001759, -3.049999999999999822, -3.230000000000000870 ) ) ;
#2025 = ADVANCED_FACE ( 'NONE', ( #8571 ), #9513, .F. ) ;
#2026 = STYLED_ITEM ( 'NONE', ( #5124 ), #8952 ) ;
#2027 = CARTESIAN_POINT ( 'NONE',  ( -0.9500000000000011768, 0.9000000000000005773, -1.674999999999999822 ) ) ;
#2028 = ADVANCED_FACE ( 'NONE', ( #2891 ), #9572, .T. ) ;
#2029 = VERTEX_POINT ( 'NONE', #1831 ) ;
#2030 = SURFACE_SIDE_STYLE ('',( #8644 ) ) ;
#2031 = ORIENTED_EDGE ( 'NONE', *, *, #5353, .T. ) ;
#2032 = CARTESIAN_POINT ( 'NONE',  ( -14.63000000000000433, 1.870000000000000551, 0.4649999999999996914 ) ) ;
#2033 = DIRECTION ( 'NONE',  ( 0.000000000000000000, 1.000000000000000000, -1.150347132610614786E-16 ) ) ;
#2034 = DIRECTION ( 'NONE',  ( -0.000000000000000000, -0.000000000000000000, -1.000000000000000000 ) ) ;
#2035 = LINE ( 'NONE', #5919, #880 ) ;
#2036 = PLANE ( 'NONE',  #7077 ) ;
#2037 = AXIS2_PLACEMENT_3D ( 'NONE', #1899, #1837, #10565 ) ;
#2038 = VERTEX_POINT ( 'NONE', #4818 ) ;
#2039 = ADVANCED_FACE ( 'NONE', ( #8631 ), #3890, .F. ) ;
#2040 = EDGE_LOOP ( 'NONE', ( #2653, #641, #3182, #2187 ) ) ;
#2041 = DIRECTION ( 'NONE',  ( -1.000000000000000000, 0.000000000000000000, 0.000000000000000000 ) ) ;
#2042 = EDGE_LOOP ( 'NONE', ( #1437, #9132, #1979, #11727 ) ) ;
#2043 = VECTOR ( 'NONE', #6135, 1000.000000000000000 ) ;
#2044 = CYLINDRICAL_SURFACE ( 'NONE', #9266, 0.1999999999999953204 ) ;
#2045 = ORIENTED_EDGE ( 'NONE', *, *, #7490, .T. ) ;
#2046 = PLANE ( 'NONE',  #7278 ) ;
#2047 = CARTESIAN_POINT ( 'NONE',  ( 0.9499999999999977351, 0.9000000000000005773, -1.674999999999999822 ) ) ;
#2048 = DIRECTION ( 'NONE',  ( -0.000000000000000000, -0.000000000000000000, -1.000000000000000000 ) ) ;
#2049 = EDGE_CURVE ( 'NONE', #1665, #10962, #2957, .T. ) ;
#2050 = CARTESIAN_POINT ( 'NONE',  ( 11.89000000000000412, 0.5700000000000003952, 0.6649999999999998135 ) ) ;
#2051 = DIRECTION ( 'NONE',  ( 1.000000000000000000, 0.000000000000000000, -0.000000000000000000 ) ) ;
#2052 = VERTEX_POINT ( 'NONE', #2018 ) ;
#2053 = DIRECTION ( 'NONE',  ( 0.000000000000000000, 1.000000000000000000, 0.000000000000000000 ) ) ;
#2054 = VECTOR ( 'NONE', #5107, 999.9999999999998863 ) ;
#2055 = ORIENTED_EDGE ( 'NONE', *, *, #3288, .F. ) ;
#2056 = ADVANCED_FACE ( 'NONE', ( #5831 ), #8446, .F. ) ;
#2057 = AXIS2_PLACEMENT_3D ( 'NONE', #5721, #6541, #804 ) ;
#2058 = DIRECTION ( 'NONE',  ( 0.000000000000000000, 0.000000000000000000, -1.000000000000000000 ) ) ;
#2059 = VERTEX_POINT ( 'NONE', #8006 ) ;
#2060 = LINE ( 'NONE', #8804, #1719 ) ;
#2061 = ORIENTED_EDGE ( 'NONE', *, *, #4070, .T. ) ;
#2062 = FACE_BOUND ( 'NONE', #10810, .T. ) ;
#2063 = AXIS2_PLACEMENT_3D ( 'NONE', #1914, #1851, #6553 ) ;
#2064 = LINE ( 'NONE', #5879, #10580 ) ;
#2065 = EDGE_CURVE ( 'NONE', #5393, #12283, #1165, .T. ) ;
#2066 = CARTESIAN_POINT ( 'NONE',  ( 1.589999999999997637, 0.9000000000000005773, 0.4649999999999996914 ) ) ;
#2067 = FACE_OUTER_BOUND ( 'NONE', #3917, .T. ) ;
#2068 = ORIENTED_EDGE ( 'NONE', *, *, #3091, .F. ) ;
#2069 = AXIS2_PLACEMENT_3D ( 'NONE', #1271, #10672, #6009 ) ;
#2070 = VERTEX_POINT ( 'NONE', #11844 ) ;
#2071 = CARTESIAN_POINT ( 'NONE',  ( -7.010000000000004228, 1.870000000000000551, 0.4649999999999996914 ) ) ;
#2072 = VERTEX_POINT ( 'NONE', #10744 ) ;
#2073 = AXIS2_PLACEMENT_3D ( 'NONE', #6895, #10677, #2139 ) ;
#2074 = FACE_OUTER_BOUND ( 'NONE', #6654, .T. ) ;
#2075 = EDGE_LOOP ( 'NONE', ( #1559, #5448, #2173, #4418 ) ) ;
#2076 = PLANE ( 'NONE',  #1516 ) ;
#2077 = CARTESIAN_POINT ( 'NONE',  ( 9.549999999999998934, 0.5700000000000003952, 0.6649999999999998135 ) ) ;
#2078 = AXIS2_PLACEMENT_3D ( 'NONE', #5384, #10172, #3325 ) ;
#2079 = VECTOR ( 'NONE', #4544, 1000.000000000000000 ) ;
#2080 = DIRECTION ( 'NONE',  ( 1.000000000000000000, 0.000000000000000000, -0.000000000000000000 ) ) ;
#2081 = CARTESIAN_POINT ( 'NONE',  ( -11.11000000000000121, -3.049999999999999822, -3.075000000000000178 ) ) ;
#2082 = EDGE_CURVE ( 'NONE', #6372, #4727, #9937, .T. ) ;
#2083 = ORIENTED_EDGE ( 'NONE', *, *, #1774, .F. ) ;
#2084 = LINE ( 'NONE', #2021, #2524 ) ;
#2085 = CARTESIAN_POINT ( 'NONE',  ( -5.690000000000002167, 0.5700000000000003952, -1.875000000000000000 ) ) ;
#2086 = CIRCLE ( 'NONE', #9841, 0.1999999999999953204 ) ;
#2087 = EDGE_LOOP ( 'NONE', ( #5719, #8585, #2975, #5436 ) ) ;
#2088 = EDGE_LOOP ( 'NONE', ( #3233, #11108, #8275, #8189 ) ) ;
#2089 = DIRECTION ( 'NONE',  ( -0.000000000000000000, -0.000000000000000000, -1.000000000000000000 ) ) ;
#2090 = EDGE_CURVE ( 'NONE', #4727, #2052, #5073, .T. ) ;
#2091 = AXIS2_PLACEMENT_3D ( 'NONE', #11256, #5413, #10273 ) ;
#2092 = AXIS2_PLACEMENT_3D ( 'NONE', #1661, #739, #4527 ) ;
#2093 = CIRCLE ( 'NONE', #9071, 0.1800000000000013256 ) ;
#2094 = DIRECTION ( 'NONE',  ( 0.3892816206350259711, 0.8348171294789868968, -0.3892816206350259711 ) ) ;
#2095 = EDGE_LOOP ( 'NONE', ( #6749, #7605, #1584, #12256 ) ) ;
#2096 = FILL_AREA_STYLE_COLOUR ( '', #7530 ) ;
#2097 = ORIENTED_EDGE ( 'NONE', *, *, #4987, .T. ) ;
#2098 = DIRECTION ( 'NONE',  ( 0.000000000000000000, 1.189977994191405372E-15, -1.000000000000000000 ) ) ;
#2099 = PLANE ( 'NONE',  #313 ) ;
#2100 = EDGE_CURVE ( 'NONE', #7360, #8992, #4986, .T. ) ;
#2101 = EDGE_CURVE ( 'NONE', #12168, #3406, #7570, .T. ) ;
#2102 = AXIS2_PLACEMENT_3D ( 'NONE', #9206, #5343, #4518 ) ;
#2103 = CARTESIAN_POINT ( 'NONE',  ( 20.32000000000000028, 1.055000000000000382, 3.715000000000003411 ) ) ;
#2104 = CARTESIAN_POINT ( 'NONE',  ( 0.000000000000000000, 1.540000000000000480, -1.674999999999999822 ) ) ;
#2105 = DIRECTION ( 'NONE',  ( 0.000000000000000000, 0.000000000000000000, -1.000000000000000000 ) ) ;
#2106 = EDGE_CURVE ( 'NONE', #9034, #8624, #6960, .T. ) ;
#2107 = EDGE_LOOP ( 'NONE', ( #11854, #986, #503, #10159 ) ) ;
#2108 = STYLED_ITEM ( 'NONE', ( #9692 ), #884 ) ;
#2109 = ORIENTED_EDGE ( 'NONE', *, *, #11264, .F. ) ;
#2110 = ORIENTED_EDGE ( 'NONE', *, *, #3154, .T. ) ;
#2111 = DIRECTION ( 'NONE',  ( 1.000000000000000000, 0.000000000000000000, -0.000000000000000000 ) ) ;
#2112 = VERTEX_POINT ( 'NONE', #3198 ) ;
#2113 = CARTESIAN_POINT ( 'NONE',  ( -9.550000000000002487, 1.870000000000000551, -1.674999999999999822 ) ) ;
#2114 = VERTEX_POINT ( 'NONE', #2206 ) ;
#2115 = DIRECTION ( 'NONE',  ( -0.000000000000000000, -0.000000000000000000, 1.000000000000000000 ) ) ;
#2116 = VECTOR ( 'NONE', #2128, 1000.000000000000000 ) ;
#2117 = CYLINDRICAL_SURFACE ( 'NONE', #8360, 0.1999999999999953204 ) ;
#2118 = CARTESIAN_POINT ( 'NONE',  ( 4.129999999999998117, 1.540000000000000480, -1.674999999999999822 ) ) ;
#2119 = FACE_OUTER_BOUND ( 'NONE', #11720, .T. ) ;
#2120 = CARTESIAN_POINT ( 'NONE',  ( -3.645000000000002238, -3.049999999999999822, -3.230000000000000870 ) ) ;
#2121 = AXIS2_PLACEMENT_3D ( 'NONE', #6655, #12281, #89 ) ;
#2122 = EDGE_CURVE ( 'NONE', #11618, #2513, #5008, .T. ) ;
#2123 = VERTEX_POINT ( 'NONE', #3262 ) ;
#2124 = CIRCLE ( 'NONE', #7505, 0.1999999999999953204 ) ;
#2125 = VECTOR ( 'NONE', #8433, 1000.000000000000000 ) ;
#2126 = CARTESIAN_POINT ( 'NONE',  ( 4.469999999999997975, 0.5700000000000003952, 0.6649999999999998135 ) ) ;
#2127 = VERTEX_POINT ( 'NONE', #10925 ) ;
#2128 = DIRECTION ( 'NONE',  ( 1.000000000000000000, 0.000000000000000000, -0.000000000000000000 ) ) ;
#2129 = EDGE_LOOP ( 'NONE', ( #9842, #7716 ) ) ;
#2130 = FACE_BOUND ( 'NONE', #3759, .T. ) ;
#2131 = SURFACE_SIDE_STYLE ('',( #1326 ) ) ;
#2132 = LINE ( 'NONE', #11829, #10887 ) ;
#2133 = CARTESIAN_POINT ( 'NONE',  ( -4.130000000000001670, 0.9000000000000005773, 3.715000000000003411 ) ) ;
#2134 = AXIS2_PLACEMENT_3D ( 'NONE', #9659, #237, #3918 ) ;
#2135 = CARTESIAN_POINT ( 'NONE',  ( 13.80500000000000149, 1.385000000000000897, 3.715000000000003411 ) ) ;
#2136 = AXIS2_PLACEMENT_3D ( 'NONE', #186, #6989, #3231 ) ;
#2137 = ORIENTED_EDGE ( 'NONE', *, *, #320, .T. ) ;
#2138 = EDGE_CURVE ( 'NONE', #11480, #345, #399, .T. ) ;
#2139 = DIRECTION ( 'NONE',  ( 0.000000000000000000, 1.189977994191405372E-15, -1.000000000000000000 ) ) ;
#2140 = ORIENTED_EDGE ( 'NONE', *, *, #10588, .T. ) ;
#2141 = EDGE_LOOP ( 'NONE', ( #8121, #9449 ) ) ;
#2142 =( LENGTH_UNIT ( ) NAMED_UNIT ( * ) SI_UNIT ( .MILLI., .METRE. ) );
#2143 = CARTESIAN_POINT ( 'NONE',  ( 9.209999999999999076, 1.540000000000000480, -1.674999999999999822 ) ) ;
#2144 = VECTOR ( 'NONE', #10275, 999.9999999999998863 ) ;
#2145 = DIRECTION ( 'NONE',  ( 0.000000000000000000, 0.9063077870366494926, -0.4226182617407005515 ) ) ;
#2146 = DIRECTION ( 'NONE',  ( -0.000000000000000000, 1.000000000000000000, 0.000000000000000000 ) ) ;
#2147 = ORIENTED_EDGE ( 'NONE', *, *, #8871, .F. ) ;
#2148 = DIRECTION ( 'NONE',  ( -0.000000000000000000, -0.000000000000000000, 1.000000000000000000 ) ) ;
#2149 = PRODUCT ( '78938-433HLF', '78938-433HLF', '', ( #663 ) ) ;
#2150 = DIRECTION ( 'NONE',  ( -0.000000000000000000, -1.000000000000000000, 1.150347132610614786E-16 ) ) ;
#2151 = ORIENTED_EDGE ( 'NONE', *, *, #4996, .T. ) ;
#2152 = EDGE_CURVE ( 'NONE', #11547, #7778, #1279, .T. ) ;
#2153 = CIRCLE ( 'NONE', #10313, 0.8200000000000012834 ) ;
#2154 = DIRECTION ( 'NONE',  ( -0.000000000000000000, -0.000000000000000000, 1.000000000000000000 ) ) ;
#2155 = ORIENTED_EDGE ( 'NONE', *, *, #264, .T. ) ;
#2156 = AXIS2_PLACEMENT_3D ( 'NONE', #6538, #8335, #10326 ) ;
#2157 = EDGE_CURVE ( 'NONE', #4493, #10200, #4013, .T. ) ;
#2158 = CARTESIAN_POINT ( 'NONE',  ( -8.570000000000002061, 0.9000000000000005773, 3.715000000000003411 ) ) ;
#2159 =( NAMED_UNIT ( * ) SI_UNIT ( $, .STERADIAN. ) SOLID_ANGLE_UNIT ( ) );
#2160 = VECTOR ( 'NONE', #7362, 1000.000000000000000 ) ;
#2161 = EDGE_CURVE ( 'NONE', #5421, #2281, #5385, .T. ) ;
#2162 = VERTEX_POINT ( 'NONE', #6018 ) ;
#2163 = CARTESIAN_POINT ( 'NONE',  ( 8.570000000000000284, 1.540000000000000480, -2.894999999999997797 ) ) ;
#2164 = ADVANCED_FACE ( 'NONE', ( #3079 ), #7824, .F. ) ;
#2165 = CARTESIAN_POINT ( 'NONE',  ( 10.96999999999999353, 1.870000000000000551, 0.6649999999999998135 ) ) ;
#2166 = LINE ( 'NONE', #10760, #6149 ) ;
#2167 = CARTESIAN_POINT ( 'NONE',  ( 0.8099999999999911715, 1.870000000000000551, 0.6649999999999998135 ) ) ;
#2168 = ORIENTED_EDGE ( 'NONE', *, *, #8506, .F. ) ;
#2169 = CARTESIAN_POINT ( 'NONE',  ( 4.469999999999997975, 0.5700000000000003952, -1.674999999999999822 ) ) ;
#2170 = ADVANCED_FACE ( 'NONE', ( #8820 ), #9806, .F. ) ;
#2171 = ORIENTED_EDGE ( 'NONE', *, *, #12094, .F. ) ;
#2172 = DIRECTION ( 'NONE',  ( 1.000000000000000000, 0.000000000000000000, 0.000000000000000000 ) ) ;
#2173 = ORIENTED_EDGE ( 'NONE', *, *, #2335, .T. ) ;
#2174 = ORIENTED_EDGE ( 'NONE', *, *, #273, .T. ) ;
#2175 = ADVANCED_FACE ( 'NONE', ( #4140 ), #7890, .F. ) ;
#2176 = CARTESIAN_POINT ( 'NONE',  ( 8.570000000000000284, -2.717601427321017837, -3.075000000000000178 ) ) ;
#2177 = CARTESIAN_POINT ( 'NONE',  ( 8.570000000000000284, 0.9000000000000005773, 0.4649999999999996914 ) ) ;
#2178 = CARTESIAN_POINT ( 'NONE',  ( 1.589999999999997637, 0.9000000000000005773, -1.674999999999999822 ) ) ;
#2179 = LINE ( 'NONE', #307, #4930 ) ;
#2180 = CARTESIAN_POINT ( 'NONE',  ( 4.270000000000003126, 0.5700000000000003952, -1.875000000000000000 ) ) ;
#2181 = LINE ( 'NONE', #188, #9846 ) ;
#2182 = VECTOR ( 'NONE', #2742, 1000.000000000000000 ) ;
#2183 = CIRCLE ( 'NONE', #1594, 0.1999999999999953204 ) ;
#2184 = EDGE_LOOP ( 'NONE', ( #4218, #7635, #1338, #11520 ) ) ;
#2185 = CARTESIAN_POINT ( 'NONE',  ( 7.620000000000000107, -3.049999999999999822, -3.230000000000000870 ) ) ;
#2186 = FACE_OUTER_BOUND ( 'NONE', #1163, .T. ) ;
#2187 = ORIENTED_EDGE ( 'NONE', *, *, #3051, .T. ) ;
#2188 = EDGE_CURVE ( 'NONE', #4716, #2445, #9874, .T. ) ;
#2189 = DIRECTION ( 'NONE',  ( 0.000000000000000000, 0.000000000000000000, 1.000000000000000000 ) ) ;
#2190 = AXIS2_PLACEMENT_3D ( 'NONE', #10274, #9399, #934 ) ;
#2191 = CARTESIAN_POINT ( 'NONE',  ( -6.030000000000002025, 0.9000000000000005773, -1.674999999999999822 ) ) ;
#2192 = LINE ( 'NONE', #9857, #11556 ) ;
#2193 = DIRECTION ( 'NONE',  ( -0.9063077870366493816, -0.4226182617407006625, 0.000000000000000000 ) ) ;
#2194 = AXIS2_PLACEMENT_3D ( 'NONE', #4077, #7142, #1221 ) ;
#2195 = CARTESIAN_POINT ( 'NONE',  ( 0.000000000000000000, -3.049999999999999822, -4.336808689942017736E-16 ) ) ;
#2196 = FACE_OUTER_BOUND ( 'NONE', #10129, .T. ) ;
#2197 = ORIENTED_EDGE ( 'NONE', *, *, #9700, .T. ) ;
#2198 = LINE ( 'NONE', #9742, #5862 ) ;
#2199 = EDGE_LOOP ( 'NONE', ( #8539, #10945 ) ) ;
#2200 = CARTESIAN_POINT ( 'NONE',  ( 8.570000000000000284, 0.9000000000000005773, 3.715000000000003411 ) ) ;
#2201 = ORIENTED_EDGE ( 'NONE', *, *, #12209, .T. ) ;
#2202 = EDGE_CURVE ( 'NONE', #8836, #628, #8941, .T. ) ;
#2203 = EDGE_LOOP ( 'NONE', ( #354, #7767, #8949, #389 ) ) ;
#2204 = FACE_OUTER_BOUND ( 'NONE', #5585, .T. ) ;
#2205 = FACE_OUTER_BOUND ( 'NONE', #8215, .T. ) ;
#2206 = CARTESIAN_POINT ( 'NONE',  ( -3.349999999999996980, 0.5700000000000003952, -1.674999999999999822 ) ) ;
#2207 = CARTESIAN_POINT ( 'NONE',  ( 6.514999999999999680, 1.055000000000000382, 3.715000000000003411 ) ) ;
#2208 = ORIENTED_EDGE ( 'NONE', *, *, #5229, .F. ) ;
#2209 = DIRECTION ( 'NONE',  ( -1.000000000000000000, 0.000000000000000000, 0.000000000000000000 ) ) ;
#2210 = DIRECTION ( 'NONE',  ( 1.000000000000000000, 0.000000000000000000, 0.000000000000000000 ) ) ;
#2211 = CARTESIAN_POINT ( 'NONE',  ( 11.75000000000000000, -2.717601427321017837, -3.714999999999999858 ) ) ;
#2212 = ORIENTED_EDGE ( 'NONE', *, *, #6588, .T. ) ;
#2213 = EDGE_CURVE ( 'NONE', #5365, #5068, #8370, .T. ) ;
#2214 = AXIS2_PLACEMENT_3D ( 'NONE', #6190, #632, #4425 ) ;
#2215 = EDGE_LOOP ( 'NONE', ( #7763, #11749, #11426, #1663 ) ) ;
#2216 = PLANE ( 'NONE',  #1473 ) ;
#2217 = CARTESIAN_POINT ( 'NONE',  ( 13.30999999999999872, 1.870000000000000551, -1.674999999999999822 ) ) ;
#2218 = ORIENTED_EDGE ( 'NONE', *, *, #11035, .T. ) ;
#2219 = DIRECTION ( 'NONE',  ( 0.000000000000000000, 1.000000000000000000, -1.150347132610614786E-16 ) ) ;
#2220 = ADVANCED_FACE ( 'NONE', ( #3570 ), #7318, .F. ) ;
#2221 = DIRECTION ( 'NONE',  ( 0.000000000000000000, 0.9063077870366494926, -0.4226182617407005515 ) ) ;
#2222 = VECTOR ( 'NONE', #9558, 999.9999999999998863 ) ;
#2223 = CARTESIAN_POINT ( 'NONE',  ( 0.9870121871672268288, 1.436334613170440644, -1.137987812832773837 ) ) ;
#2224 = ADVANCED_FACE ( 'NONE', ( #8190 ), #6395, .T. ) ;
#2225 = CARTESIAN_POINT ( 'NONE',  ( 6.029999999999998472, 0.7200000000000000844, -3.074999999999999734 ) ) ;
#2226 = ORIENTED_EDGE ( 'NONE', *, *, #10230, .T. ) ;
#2227 = ORIENTED_EDGE ( 'NONE', *, *, #6558, .T. ) ;
#2228 = CARTESIAN_POINT ( 'NONE',  ( -3.349999999999996980, 0.5700000000000003952, 0.6649999999999998135 ) ) ;
#2229 = MECHANICAL_DESIGN_GEOMETRIC_PRESENTATION_REPRESENTATION (  '', ( #2026 ), #6222 ) ;
#2230 = ORIENTED_EDGE ( 'NONE', *, *, #7527, .F. ) ;
#2231 = FACE_OUTER_BOUND ( 'NONE', #142, .T. ) ;
#2232 = ORIENTED_EDGE ( 'NONE', *, *, #61, .T. ) ;
#2233 = VERTEX_POINT ( 'NONE', #7257 ) ;
#2234 = DIRECTION ( 'NONE',  ( 1.000000000000000000, 0.000000000000000000, -0.000000000000000000 ) ) ;
#2235 = LINE ( 'NONE', #1309, #5777 ) ;
#2236 = VECTOR ( 'NONE', #7830, 999.9999999999998863 ) ;
#2237 = LINE ( 'NONE', #1193, #3026 ) ;
#2238 = ADVANCED_FACE ( 'NONE', ( #11113 ), #7382, .F. ) ;
#2239 = CARTESIAN_POINT ( 'NONE',  ( -1.930000000000002824, 1.870000000000000551, 0.6649999999999998135 ) ) ;
#2240 = LINE ( 'NONE', #1377, #2054 ) ;
#2241 = DIRECTION ( 'NONE',  ( 1.000000000000000000, 0.000000000000000000, 0.000000000000000000 ) ) ;
#2242 = ORIENTED_EDGE ( 'NONE', *, *, #6485, .T. ) ;
#2243 = EDGE_CURVE ( 'NONE', #9743, #9524, #9378, .T. ) ;
#2244 = ORIENTED_EDGE ( 'NONE', *, *, #2011, .F. ) ;
#2245 = DIRECTION ( 'NONE',  ( 0.000000000000000000, 1.000000000000000000, 0.000000000000000000 ) ) ;
#2246 = CARTESIAN_POINT ( 'NONE',  ( 11.75000000000000000, 0.7199999999999999734, -2.894999999999998241 ) ) ;
#2247 = VERTEX_POINT ( 'NONE', #8372 ) ;
#2248 = FACE_OUTER_BOUND ( 'NONE', #7042, .T. ) ;
#2249 = ORIENTED_EDGE ( 'NONE', *, *, #3135, .T. ) ;
#2250 = PLANE ( 'NONE',  #11160 ) ;
#2251 = LINE ( 'NONE', #6005, #3803 ) ;
#2252 = EDGE_CURVE ( 'NONE', #3944, #5778, #2631, .T. ) ;
#2253 = LINE ( 'NONE', #4126, #538 ) ;
#2254 = LINE ( 'NONE', #8867, #9412 ) ;
#2255 = DIRECTION ( 'NONE',  ( 0.000000000000000000, 1.189977994191405372E-15, -1.000000000000000000 ) ) ;
#2256 = VECTOR ( 'NONE', #1014, 1000.000000000000000 ) ;
#2257 = ORIENTED_EDGE ( 'NONE', *, *, #8491, .T. ) ;
#2258 = LINE ( 'NONE', #9985, #7853 ) ;
#2259 = ADVANCED_FACE ( 'NONE', ( #8251 ), #8132, .F. ) ;
#2260 = ORIENTED_EDGE ( 'NONE', *, *, #2804, .F. ) ;
#2261 = EDGE_LOOP ( 'NONE', ( #11002, #4855 ) ) ;
#2262 = CIRCLE ( 'NONE', #4844, 0.1999999999999953204 ) ;
#2263 = DIRECTION ( 'NONE',  ( -1.000000000000000000, 0.000000000000000000, 0.000000000000000000 ) ) ;
#2264 = ORIENTED_EDGE ( 'NONE', *, *, #7275, .F. ) ;
#2265 = DIRECTION ( 'NONE',  ( -1.000000000000000000, 0.000000000000000000, 0.000000000000000000 ) ) ;
#2266 = CARTESIAN_POINT ( 'NONE',  ( 6.669999999999999041, -2.717601427321017837, -3.714999999999999858 ) ) ;
#2267 = CARTESIAN_POINT ( 'NONE',  ( 8.570000000000000284, -3.049999999999999822, -3.714999999999999858 ) ) ;
#2268 = DIRECTION ( 'NONE',  ( 0.3892816206350259711, 0.8348171294789868968, -0.3892816206350259711 ) ) ;
#2269 = VERTEX_POINT ( 'NONE', #2514 ) ;
#2270 = CARTESIAN_POINT ( 'NONE',  ( 3.974999999999999201, 1.055000000000000382, 3.715000000000003411 ) ) ;
#2271 = VECTOR ( 'NONE', #4387, 1000.000000000000000 ) ;
#2272 = CARTESIAN_POINT ( 'NONE',  ( -8.429999999999996163, 0.5700000000000003952, -1.875000000000000000 ) ) ;
#2273 = DIRECTION ( 'NONE',  ( 1.000000000000000000, 0.000000000000000000, 0.000000000000000000 ) ) ;
#2274 = ORIENTED_EDGE ( 'NONE', *, *, #4118, .F. ) ;
#2275 = CYLINDRICAL_SURFACE ( 'NONE', #5652, 0.1999999999999953204 ) ;
#2276 = EDGE_CURVE ( 'NONE', #8813, #5621, #4563, .T. ) ;
#2277 = ORIENTED_EDGE ( 'NONE', *, *, #4036, .T. ) ;
#2278 = VECTOR ( 'NONE', #6557, 1000.000000000000000 ) ;
#2279 = ADVANCED_FACE ( 'NONE', ( #3629 ), #7437, .T. ) ;
#2280 = DIRECTION ( 'NONE',  ( 1.000000000000000000, 0.000000000000000000, -0.000000000000000000 ) ) ;
#2281 = VERTEX_POINT ( 'NONE', #11224 ) ;
#2282 = DIRECTION ( 'NONE',  ( 0.000000000000000000, 0.000000000000000000, -1.000000000000000000 ) ) ;
#2283 = VECTOR ( 'NONE', #7178, 1000.000000000000000 ) ;
#2284 = LINE ( 'NONE', #6098, #6194 ) ;
#2285 = LINE ( 'NONE', #10938, #4489 ) ;
#2286 = FACE_OUTER_BOUND ( 'NONE', #10563, .T. ) ;
#2287 = AXIS2_PLACEMENT_3D ( 'NONE', #11635, #3982, #5861 ) ;
#2288 = CARTESIAN_POINT ( 'NONE',  ( 8.030000000000002913, 1.870000000000000551, 0.4649999999999996914 ) ) ;
#2289 = VECTOR ( 'NONE', #12064, 1000.000000000000000 ) ;
#2290 = EDGE_CURVE ( 'NONE', #2650, #2112, #7786, .T. ) ;
#2291 = AXIS2_PLACEMENT_3D ( 'NONE', #8955, #9538, #7738 ) ;
#2292 = EDGE_CURVE ( 'NONE', #11008, #8675, #1523, .T. ) ;
#2293 = VERTEX_POINT ( 'NONE', #10123 ) ;
#2294 = DIRECTION ( 'NONE',  ( 0.000000000000000000, 0.000000000000000000, 1.000000000000000000 ) ) ;
#2295 = CIRCLE ( 'NONE', #4882, 0.1999999999999953204 ) ;
#2296 = ORIENTED_EDGE ( 'NONE', *, *, #10401, .F. ) ;
#2297 = ORIENTED_EDGE ( 'NONE', *, *, #6345, .T. ) ;
#2298 = DIRECTION ( 'NONE',  ( -0.000000000000000000, -0.000000000000000000, 1.000000000000000000 ) ) ;
#2299 = CYLINDRICAL_SURFACE ( 'NONE', #4374, 0.1999999999999952094 ) ;
#2300 = EDGE_LOOP ( 'NONE', ( #12136, #4589 ) ) ;
#2301 = DIRECTION ( 'NONE',  ( -1.000000000000000000, 0.000000000000000000, 0.000000000000000000 ) ) ;
#2302 = FILL_AREA_STYLE ('',( #3048 ) ) ;
#2303 = CIRCLE ( 'NONE', #5702, 0.1999999999999953204 ) ;
#2304 = DIRECTION ( 'NONE',  ( -1.000000000000000000, 0.000000000000000000, 0.000000000000000000 ) ) ;
#2305 = VERTEX_POINT ( 'NONE', #8316 ) ;
#2306 = DIRECTION ( 'NONE',  ( 0.000000000000000000, 0.000000000000000000, 1.000000000000000000 ) ) ;
#2307 = ORIENTED_EDGE ( 'NONE', *, *, #10524, .T. ) ;
#2308 = EDGE_CURVE ( 'NONE', #5536, #680, #9066, .T. ) ;
#2309 = VECTOR ( 'NONE', #9875, 1000.000000000000000 ) ;
#2310 = ORIENTED_EDGE ( 'NONE', *, *, #806, .T. ) ;
#2311 = EDGE_CURVE ( 'NONE', #2959, #2059, #1585, .T. ) ;
#2312 = DIRECTION ( 'NONE',  ( -0.000000000000000000, -0.000000000000000000, -1.000000000000000000 ) ) ;
#2313 = VECTOR ( 'NONE', #10203, 1000.000000000000000 ) ;
#2314 = FACE_OUTER_BOUND ( 'NONE', #1664, .T. ) ;
#2315 = ORIENTED_EDGE ( 'NONE', *, *, #7144, .T. ) ;
#2316 = DIRECTION ( 'NONE',  ( 0.000000000000000000, 0.000000000000000000, 1.000000000000000000 ) ) ;
#2317 = ADVANCED_FACE ( 'NONE', ( #523 ), #2446, .F. ) ;
#2318 = AXIS2_PLACEMENT_3D ( 'NONE', #1284, #1059, #8884 ) ;
#2319 = CARTESIAN_POINT ( 'NONE',  ( 0.000000000000000000, 0.000000000000000000, 0.4649999999999996914 ) ) ;
#2320 = PLANE ( 'NONE',  #5028 ) ;
#2321 = CARTESIAN_POINT ( 'NONE',  ( 14.29000000000000092, -2.717601427321017837, -3.075000000000000178 ) ) ;
#2322 = DIRECTION ( 'NONE',  ( -0.9063077870366503808, -4.861577055822948687E-17, -0.4226182617406985531 ) ) ;
#2323 = DIRECTION ( 'NONE',  ( -0.000000000000000000, -0.000000000000000000, -1.000000000000000000 ) ) ;
#2324 = ORIENTED_EDGE ( 'NONE', *, *, #8261, .F. ) ;
#2325 = VECTOR ( 'NONE', #10710, 1000.000000000000000 ) ;
#2326 = CARTESIAN_POINT ( 'NONE',  ( -4.092987812832774353, 1.436334613170440644, -5.652012187167225754 ) ) ;
#2327 = ORIENTED_EDGE ( 'NONE', *, *, #8439, .T. ) ;
#2328 = ADVANCED_FACE ( 'NONE', ( #648 ), #6338, .T. ) ;
#2329 = PLANE ( 'NONE',  #5868 ) ;
#2330 = EDGE_LOOP ( 'NONE', ( #7799, #9435, #3223, #6124 ) ) ;
#2331 = DIRECTION ( 'NONE',  ( -0.000000000000000000, -0.000000000000000000, -1.000000000000000000 ) ) ;
#2332 = CYLINDRICAL_SURFACE ( 'NONE', #6070, 0.1800000000000013256 ) ;
#2333 = DIRECTION ( 'NONE',  ( -1.000000000000000000, 0.000000000000000000, 0.000000000000000000 ) ) ;
#2334 = DIRECTION ( 'NONE',  ( 0.000000000000000000, -1.150347132610614786E-16, 1.000000000000000000 ) ) ;
#2335 = EDGE_CURVE ( 'NONE', #9620, #10885, #1946, .T. ) ;
#2336 = FACE_OUTER_BOUND ( 'NONE', #4973, .T. ) ;
#2337 = CARTESIAN_POINT ( 'NONE',  ( 3.974999999999997424, -3.049999999999999822, -3.559999999999999165 ) ) ;
#2338 = CARTESIAN_POINT ( 'NONE',  ( 1.730000000000002425, 0.5700000000000003952, 0.6649999999999998135 ) ) ;
#2339 = VECTOR ( 'NONE', #4441, 1000.000000000000000 ) ;
#2340 = VECTOR ( 'NONE', #8305, 1000.000000000000000 ) ;
#2341 = ORIENTED_EDGE ( 'NONE', *, *, #12193, .F. ) ;
#2342 = LINE ( 'NONE', #6157, #10434 ) ;
#2343 = ORIENTED_EDGE ( 'NONE', *, *, #10075, .F. ) ;
#2344 = EDGE_CURVE ( 'NONE', #2114, #2630, #615, .T. ) ;
#2345 = VECTOR ( 'NONE', #5990, 1000.000000000000000 ) ;
#2346 = DIRECTION ( 'NONE',  ( -1.000000000000000000, 0.000000000000000000, 0.000000000000000000 ) ) ;
#2347 = ORIENTED_EDGE ( 'NONE', *, *, #4268, .T. ) ;
#2348 = LINE ( 'NONE', #286, #2885 ) ;
#2349 = CARTESIAN_POINT ( 'NONE',  ( 3.149999999999996358, 1.870000000000000551, -1.875000000000000000 ) ) ;
#2350 = DIRECTION ( 'NONE',  ( 0.000000000000000000, 0.000000000000000000, 1.000000000000000000 ) ) ;
#2351 = EDGE_CURVE ( 'NONE', #4719, #2873, #6636, .T. ) ;
#2352 = CYLINDRICAL_SURFACE ( 'NONE', #5335, 0.1999999999999953204 ) ;
#2353 = ORIENTED_EDGE ( 'NONE', *, *, #1889, .F. ) ;
#2354 = DIRECTION ( 'NONE',  ( -0.000000000000000000, -0.000000000000000000, 1.000000000000000000 ) ) ;
#2355 = VECTOR ( 'NONE', #10703, 1000.000000000000000 ) ;
#2356 = CLOSED_SHELL ( 'NONE', ( #8930, #1312, #7932, #2774, #11018, #12227, #8384, #481, #1978, #9242, #7012, #9534, #10717, #11810, #4495, #9438, #2934, #5948, #9073, #8659, #1694, #6522 ) ) ;
#2357 = ORIENTED_EDGE ( 'NONE', *, *, #9483, .F. ) ;
#2358 = CARTESIAN_POINT ( 'NONE',  ( 4.129999999999998117, 0.7200000000000001954, -3.074999999999999734 ) ) ;
#2359 = LINE ( 'NONE', #8157, #10840 ) ;
#2360 = FACE_OUTER_BOUND ( 'NONE', #5367, .T. ) ;
#2361 = FACE_OUTER_BOUND ( 'NONE', #11262, .T. ) ;
#2362 = CARTESIAN_POINT ( 'NONE',  ( -2.129999999999998117, 1.870000000000000551, 0.6649999999999998135 ) ) ;
#2363 = DIRECTION ( 'NONE',  ( -0.000000000000000000, -1.000000000000000000, 0.000000000000000000 ) ) ;
#2364 = LINE ( 'NONE', #5172, #759 ) ;
#2365 = EDGE_CURVE ( 'NONE', #9824, #378, #1084, .T. ) ;
#2366 = ORIENTED_EDGE ( 'NONE', *, *, #6772, .F. ) ;
#2367 = DIRECTION ( 'NONE',  ( 1.000000000000000000, 0.000000000000000000, -0.000000000000000000 ) ) ;
#2368 = CARTESIAN_POINT ( 'NONE',  ( -11.11000000000000121, 0.9000000000000005773, 3.715000000000003411 ) ) ;
#2369 = ORIENTED_EDGE ( 'NONE', *, *, #6973, .T. ) ;
#2370 = DIRECTION ( 'NONE',  ( -1.000000000000000000, 0.000000000000000000, 0.000000000000000000 ) ) ;
#2371 = ADVANCED_FACE ( 'NONE', ( #4805 ), #8496, .T. ) ;
#2372 = ORIENTED_EDGE ( 'NONE', *, *, #1353, .T. ) ;
#2373 = PLANE ( 'NONE',  #2214 ) ;
#2374 = CARTESIAN_POINT ( 'NONE',  ( -6.670000000000002593, 1.540000000000000480, -2.894999999999997797 ) ) ;
#2375 = DIRECTION ( 'NONE',  ( 1.000000000000000000, 0.000000000000000000, 0.000000000000000000 ) ) ;
#2376 = LINE ( 'NONE', #8868, #549 ) ;
#2377 = ORIENTED_EDGE ( 'NONE', *, *, #3631, .F. ) ;
#2378 = ADVANCED_FACE ( 'NONE', ( #8615 ), #11528, .T. ) ;
#2379 = FACE_OUTER_BOUND ( 'NONE', #5645, .T. ) ;
#2380 = EDGE_LOOP ( 'NONE', ( #3599, #9406, #8620, #4312 ) ) ;
#2381 = EDGE_CURVE ( 'NONE', #4480, #8779, #11286, .T. ) ;
#2382 = VECTOR ( 'NONE', #4728, 1000.000000000000000 ) ;
#2383 = FACE_OUTER_BOUND ( 'NONE', #9851, .T. ) ;
#2384 = ORIENTED_EDGE ( 'NONE', *, *, #5598, .T. ) ;
#2385 = FACE_OUTER_BOUND ( 'NONE', #8545, .T. ) ;
#2386 = CARTESIAN_POINT ( 'NONE',  ( -0.9500000000000011768, 1.540000000000000480, -2.894999999999997797 ) ) ;
#2387 = VECTOR ( 'NONE', #8956, 1000.000000000000000 ) ;
#2388 = DIRECTION ( 'NONE',  ( 1.000000000000000000, 0.000000000000000000, -0.000000000000000000 ) ) ;
#2389 = LINE ( 'NONE', #5512, #8390 ) ;
#2390 = PLANE ( 'NONE',  #1920 ) ;
#2391 = DIRECTION ( 'NONE',  ( -0.000000000000000000, -0.000000000000000000, 1.000000000000000000 ) ) ;
#2392 = DIRECTION ( 'NONE',  ( -0.000000000000000000, -1.000000000000000000, 0.000000000000000000 ) ) ;
#2393 = EDGE_LOOP ( 'NONE', ( #5076, #5033 ) ) ;
#2394 = EDGE_CURVE ( 'NONE', #12208, #4021, #4187, .T. ) ;
#2395 = VERTEX_POINT ( 'NONE', #10420 ) ;
#2396 = PLANE ( 'NONE',  #8641 ) ;
#2397 = VERTEX_POINT ( 'NONE', #8681 ) ;
#2398 = VECTOR ( 'NONE', #1598, 1000.000000000000000 ) ;
#2399 = EDGE_CURVE ( 'NONE', #680, #7334, #7695, .T. ) ;
#2400 = LINE ( 'NONE', #4265, #6063 ) ;
#2401 = CARTESIAN_POINT ( 'NONE',  ( -6.030000000000002025, 0.9000000000000005773, 0.4649999999999996914 ) ) ;
#2402 = DIRECTION ( 'NONE',  ( 0.000000000000000000, 0.000000000000000000, 1.000000000000000000 ) ) ;
#2403 = ORIENTED_EDGE ( 'NONE', *, *, #8028, .T. ) ;
#2404 = VECTOR ( 'NONE', #10058, 1000.000000000000000 ) ;
#2405 = ORIENTED_EDGE ( 'NONE', *, *, #6970, .F. ) ;
#2407 = ADVANCED_FACE ( 'NONE', ( #138 ), #4619, .T. ) ;
#2406 = CARTESIAN_POINT ( 'NONE',  ( 4.469999999999997975, 0.5700000000000003952, 0.6649999999999998135 ) ) ;
#2408 = ORIENTED_EDGE ( 'NONE', *, *, #7203, .T. ) ;
#2409 = DIRECTION ( 'NONE',  ( -1.000000000000000000, 0.000000000000000000, 0.000000000000000000 ) ) ;
#2410 = VERTEX_POINT ( 'NONE', #9495 ) ;
#2411 = EDGE_CURVE ( 'NONE', #10153, #5911, #12265, .T. ) ;
#2412 = CIRCLE ( 'NONE', #433, 0.1999999999999953204 ) ;
#2413 = ORIENTED_EDGE ( 'NONE', *, *, #4390, .F. ) ;
#2414 = PLANE ( 'NONE',  #742 ) ;
#2415 = CARTESIAN_POINT ( 'NONE',  ( 11.65301428469489231, 1.443014284694892124, 3.590587964983397828 ) ) ;
#2416 = DIRECTION ( 'NONE',  ( 0.000000000000000000, 0.9063077870366494926, -0.4226182617407005515 ) ) ;
#2417 = LINE ( 'NONE', #1492, #5131 ) ;
#2418 = CARTESIAN_POINT ( 'NONE',  ( 7.620000000000000107, -3.049999999999999822, -4.336808689942017736E-16 ) ) ;
#2419 = EDGE_LOOP ( 'NONE', ( #910, #11939, #1226, #5299 ) ) ;
#2420 = CARTESIAN_POINT ( 'NONE',  ( -1.590000000000001190, 0.9000000000000013545, 3.382601427321023646 ) ) ;
#2421 = CIRCLE ( 'NONE', #9395, 0.1999999999999952094 ) ;
#2422 = EDGE_CURVE ( 'NONE', #2596, #3921, #6575, .T. ) ;
#2423 = ORIENTED_EDGE ( 'NONE', *, *, #514, .F. ) ;
#2424 = DIRECTION ( 'NONE',  ( 0.000000000000000000, -0.000000000000000000, -1.000000000000000000 ) ) ;
#2425 = ORIENTED_EDGE ( 'NONE', *, *, #11578, .T. ) ;
#2426 = VECTOR ( 'NONE', #12224, 1000.000000000000000 ) ;
#2427 = FACE_OUTER_BOUND ( 'NONE', #11863, .T. ) ;
#2428 = EDGE_CURVE ( 'NONE', #1660, #176, #3753, .T. ) ;
#2429 = ORIENTED_EDGE ( 'NONE', *, *, #7422, .T. ) ;
#2430 = LINE ( 'NONE', #9299, #829 ) ;
#2431 = DIRECTION ( 'NONE',  ( 0.000000000000000000, 0.000000000000000000, -1.000000000000000000 ) ) ;
#2432 = DIRECTION ( 'NONE',  ( 0.000000000000000000, 1.000000000000000000, -1.150347132610614786E-16 ) ) ;
#2433 = CARTESIAN_POINT ( 'NONE',  ( 14.29000000000000092, 0.9000000000000010214, -2.894999999999998241 ) ) ;
#2434 = CARTESIAN_POINT ( 'NONE',  ( -4.130000000000001670, 0.000000000000000000, -1.674999999999999822 ) ) ;
#2435 = ORIENTED_EDGE ( 'NONE', *, *, #6217, .T. ) ;
#2436 = CARTESIAN_POINT ( 'NONE',  ( 6.029999999999998472, 1.540000000000000480, 3.715000000000003411 ) ) ;
#2437 = CIRCLE ( 'NONE', #10004, 0.1999999999999953204 ) ;
#2438 = ADVANCED_FACE ( 'NONE', ( #5696 ), #8553, .T. ) ;
#2439 = ORIENTED_EDGE ( 'NONE', *, *, #8875, .F. ) ;
#2440 = DIRECTION ( 'NONE',  ( 0.000000000000000000, 0.000000000000000000, 1.000000000000000000 ) ) ;
#2441 = EDGE_CURVE ( 'NONE', #2749, #9333, #4868, .T. ) ;
#2442 = ORIENTED_EDGE ( 'NONE', *, *, #8584, .T. ) ;
#2443 = DIRECTION ( 'NONE',  ( -0.000000000000000000, -0.000000000000000000, 1.000000000000000000 ) ) ;
#2444 = LINE ( 'NONE', #4436, #11236 ) ;
#2445 = VERTEX_POINT ( 'NONE', #968 ) ;
#2446 = PLANE ( 'NONE',  #1227 ) ;
#2447 = AXIS2_PLACEMENT_3D ( 'NONE', #57, #11393, #3799 ) ;
#2448 =( LENGTH_UNIT ( ) NAMED_UNIT ( * ) SI_UNIT ( .MILLI., .METRE. ) );
#2449 = CARTESIAN_POINT ( 'NONE',  ( 8.570000000000000284, 0.000000000000000000, 0.4649999999999996914 ) ) ;
#2450 = FACE_OUTER_BOUND ( 'NONE', #278, .T. ) ;
#2451 = CARTESIAN_POINT ( 'NONE',  ( 14.43000000000000504, 0.5700000000000003952, 0.6649999999999998135 ) ) ;
#2452 = ORIENTED_EDGE ( 'NONE', *, *, #7238, .F. ) ;
#2453 = VERTEX_POINT ( 'NONE', #4742 ) ;
#2454 = PLANE ( 'NONE',  #11632 ) ;
#2455 = ORIENTED_EDGE ( 'NONE', *, *, #5970, .F. ) ;
#2456 = VECTOR ( 'NONE', #11614, 1000.000000000000000 ) ;
#2457 = DIRECTION ( 'NONE',  ( 0.000000000000000000, 0.000000000000000000, 1.000000000000000000 ) ) ;
#2458 = EDGE_CURVE ( 'NONE', #175, #2920, #9369, .T. ) ;
#2459 =( LENGTH_UNIT ( ) NAMED_UNIT ( * ) SI_UNIT ( .MILLI., .METRE. ) );
#2460 = VECTOR ( 'NONE', #280, 1000.000000000000000 ) ;
#2461 = PRESENTATION_STYLE_ASSIGNMENT (( #9148 ) ) ;
#2462 = LINE ( 'NONE', #10187, #9963 ) ;
#2463 = CARTESIAN_POINT ( 'NONE',  ( -0.4100000000000059708, 0.5700000000000003952, 0.6649999999999998135 ) ) ;
#2464 = ORIENTED_EDGE ( 'NONE', *, *, #1909, .T. ) ;
#2465 = AXIS2_PLACEMENT_3D ( 'NONE', #726, #4514, #3580 ) ;
#2466 = ORIENTED_EDGE ( 'NONE', *, *, #1762, .F. ) ;
#2467 = EDGE_CURVE ( 'NONE', #8573, #8938, #8380, .T. ) ;
#2468 = CARTESIAN_POINT ( 'NONE',  ( 3.809999999999997389, 0.7199999999999999734, -2.894999999999998241 ) ) ;
#2469 = EDGE_LOOP ( 'NONE', ( #1966, #5147, #5344, #1892 ) ) ;
#2470 = DIRECTION ( 'NONE',  ( 0.000000000000000000, 0.000000000000000000, -1.000000000000000000 ) ) ;
#2471 = ORIENTED_EDGE ( 'NONE', *, *, #11257, .F. ) ;
#2472 = AXIS2_PLACEMENT_3D ( 'NONE', #2071, #8752, #11593 ) ;
#2473 = VECTOR ( 'NONE', #4629, 1000.000000000000000 ) ;
#2474 = ADVANCED_FACE ( 'NONE', ( #6132, #7060, #7937, #6884, #4237, #3247, #9737, #4994, #5183, #2130, #5946, #1208, #3998, #321, #2062, #7001, #4939, #443, #3184, #10789, #8053, #7808, #8984, #3003, #6824, #10849, #9680, #1149, #10666, #11709, #9856, #6946, #1387, #11586, #8806, #8746, #3060 ), #2250, .F. ) ;
#2475 = ORIENTED_EDGE ( 'NONE', *, *, #11628, .T. ) ;
#2476 = DIRECTION ( 'NONE',  ( 1.000000000000000000, 0.000000000000000000, -0.000000000000000000 ) ) ;
#2477 = EDGE_CURVE ( 'NONE', #11758, #3936, #10602, .T. ) ;
#2478 = CARTESIAN_POINT ( 'NONE',  ( -1.590000000000001190, 0.9000000000000005773, 0.4649999999999996914 ) ) ;
#2479 = AXIS2_PLACEMENT_3D ( 'NONE', #4012, #10742, #5007 ) ;
#2480 = VECTOR ( 'NONE', #4033, 1000.000000000000000 ) ;
#2481 = CYLINDRICAL_SURFACE ( 'NONE', #808, 0.8200000000000012834 ) ;
#2482 = EDGE_CURVE ( 'NONE', #6882, #667, #7871, .T. ) ;
#2483 = DIRECTION ( 'NONE',  ( -0.000000000000000000, 0.000000000000000000, -1.000000000000000000 ) ) ;
#2484 = CARTESIAN_POINT ( 'NONE',  ( 15.24000000000000021, -3.049999999999999822, -3.559999999999999165 ) ) ;
#2485 = VERTEX_POINT ( 'NONE', #10727 ) ;
#2486 = PLANE ( 'NONE',  #6878 ) ;
#2487 = VECTOR ( 'NONE', #4932, 999.9999999999998863 ) ;
#2488 = ORIENTED_EDGE ( 'NONE', *, *, #661, .T. ) ;
#2489 = AXIS2_PLACEMENT_3D ( 'NONE', #9993, #11898, #3569 ) ;
#2490 = VERTEX_POINT ( 'NONE', #2191 ) ;
#2491 = CIRCLE ( 'NONE', #9460, 0.1999999999999953204 ) ;
#2492 = CARTESIAN_POINT ( 'NONE',  ( -9.749999999999998224, 1.870000000000000551, -1.674999999999999822 ) ) ;
#2493 = VECTOR ( 'NONE', #10158, 1000.000000000000000 ) ;
#2494 = ORIENTED_EDGE ( 'NONE', *, *, #9028, .F. ) ;
#2495 = DIRECTION ( 'NONE',  ( 0.000000000000000000, 5.421010862427481938E-15, -1.000000000000000000 ) ) ;
#2496 = EDGE_LOOP ( 'NONE', ( #7567, #11813 ) ) ;
#2497 = CIRCLE ( 'NONE', #6699, 0.1999999999999953204 ) ;
#2498 = FACE_OUTER_BOUND ( 'NONE', #2088, .T. ) ;
#2499 = CARTESIAN_POINT ( 'NONE',  ( -9.210000000000002629, 0.9000000000000005773, 3.382601427321023646 ) ) ;
#2500 = EDGE_CURVE ( 'NONE', #3370, #4116, #6062, .T. ) ;
#2501 = LINE ( 'NONE', #10042, #5724 ) ;
#2502 = VECTOR ( 'NONE', #1058, 1000.000000000000000 ) ;
#2503 = DIRECTION ( 'NONE',  ( 0.000000000000000000, 1.000000000000000000, -1.150347132610614786E-16 ) ) ;
#2504 = CARTESIAN_POINT ( 'NONE',  ( 0.000000000000000000, 0.9000000000000005773, 0.4649999999999996914 ) ) ;
#2505 = ORIENTED_EDGE ( 'NONE', *, *, #6509, .F. ) ;
#2506 = CARTESIAN_POINT ( 'NONE',  ( 8.570000000000000284, 1.540000000000000480, 3.382601427321023646 ) ) ;
#2507 = VERTEX_POINT ( 'NONE', #6004 ) ;
#2508 = AXIS2_PLACEMENT_3D ( 'NONE', #11352, #1893, #6650 ) ;
#2509 = CARTESIAN_POINT ( 'NONE',  ( 3.149999999999996358, 1.870000000000000551, -1.674999999999999822 ) ) ;
#2510 = ORIENTED_EDGE ( 'NONE', *, *, #232, .T. ) ;
#2511 = CARTESIAN_POINT ( 'NONE',  ( 0.000000000000000000, 1.055000000000000382, 3.715000000000003411 ) ) ;
#2512 = DIRECTION ( 'NONE',  ( -1.000000000000000000, 0.000000000000000000, 0.000000000000000000 ) ) ;
#2513 = VERTEX_POINT ( 'NONE', #9791 ) ;
#2514 = CARTESIAN_POINT ( 'NONE',  ( -7.209999999999999076, 1.870000000000000551, 0.6649999999999998135 ) ) ;
#2515 = FACE_OUTER_BOUND ( 'NONE', #4005, .T. ) ;
#2516 = DIRECTION ( 'NONE',  ( -0.9063077870366493816, -0.4226182617407006625, 0.000000000000000000 ) ) ;
#2517 = DIRECTION ( 'NONE',  ( 0.000000000000000000, 0.000000000000000000, -1.000000000000000000 ) ) ;
#2518 = CIRCLE ( 'NONE', #6719, 0.1999999999999953204 ) ;
#2519 = CARTESIAN_POINT ( 'NONE',  ( 11.10999999999999943, -2.717601427321017837, -3.075000000000000178 ) ) ;
#2520 = AXIS2_PLACEMENT_3D ( 'NONE', #1746, #6314, #4481 ) ;
#2521 = ORIENTED_EDGE ( 'NONE', *, *, #2394, .F. ) ;
#2522 = ORIENTED_EDGE ( 'NONE', *, *, #3256, .F. ) ;
#2523 = DIRECTION ( 'NONE',  ( -1.000000000000000000, 0.000000000000000000, 0.000000000000000000 ) ) ;
#2524 = VECTOR ( 'NONE', #4957, 1000.000000000000227 ) ;
#2525 = EDGE_CURVE ( 'NONE', #6746, #3131, #1325, .T. ) ;
#2526 = AXIS2_PLACEMENT_3D ( 'NONE', #10088, #10145, #8156 ) ;
#2527 = CARTESIAN_POINT ( 'NONE',  ( -6.670000000000002593, 0.9000000000000013545, 3.382601427321023646 ) ) ;
#2528 = CYLINDRICAL_SURFACE ( 'NONE', #9271, 0.1800000000000013256 ) ;
#2529 = FILL_AREA_STYLE_COLOUR ( '', #296 ) ;
#2530 = VECTOR ( 'NONE', #9859, 999.9999999999998863 ) ;
#2531 = DIRECTION ( 'NONE',  ( -0.000000000000000000, 1.000000000000000000, 1.150347132610614786E-16 ) ) ;
#2532 = DIRECTION ( 'NONE',  ( -1.000000000000000000, 0.000000000000000000, 0.000000000000000000 ) ) ;
#2533 = CIRCLE ( 'NONE', #9505, 0.1999999999999953204 ) ;
#2534 = EDGE_LOOP ( 'NONE', ( #1426, #12198, #5532, #6510 ) ) ;
#2535 = ADVANCED_FACE ( 'NONE', ( #8928 ), #1264, .F. ) ;
#2536 = CARTESIAN_POINT ( 'NONE',  ( -14.29000000000000270, 1.540000000000000480, 3.715000000000003411 ) ) ;
#2537 = ORIENTED_EDGE ( 'NONE', *, *, #9227, .F. ) ;
#2538 = LINE ( 'NONE', #544, #1950 ) ;
#2539 = ORIENTED_EDGE ( 'NONE', *, *, #4862, .T. ) ;
#2540 = FACE_OUTER_BOUND ( 'NONE', #8083, .T. ) ;
#2541 = ADVANCED_FACE ( 'NONE', ( #9923 ), #5429, .T. ) ;
#2542 = EDGE_LOOP ( 'NONE', ( #9771, #4245, #11803, #4936 ) ) ;
#2543 = VECTOR ( 'NONE', #8288, 1000.000000000000000 ) ;
#2544 = VECTOR ( 'NONE', #11903, 1000.000000000000000 ) ;
#2545 = EDGE_CURVE ( 'NONE', #12163, #2915, #5193, .T. ) ;
#2546 = DIRECTION ( 'NONE',  ( 1.000000000000000000, 0.000000000000000000, -0.000000000000000000 ) ) ;
#2547 = DIRECTION ( 'NONE',  ( -1.000000000000000000, 0.000000000000000000, 0.000000000000000000 ) ) ;
#2548 = VECTOR ( 'NONE', #10576, 1000.000000000000000 ) ;
#2549 = CARTESIAN_POINT ( 'NONE',  ( -6.515000000000001457, 1.385000000000000897, 3.715000000000003411 ) ) ;
#2550 = LINE ( 'NONE', #5415, #10895 ) ;
#2551 = DIRECTION ( 'NONE',  ( 1.000000000000000000, 0.000000000000000000, 0.000000000000000000 ) ) ;
#2552 = LINE ( 'NONE', #11148, #2289 ) ;
#2553 = EDGE_CURVE ( 'NONE', #6108, #5778, #5369, .T. ) ;
#2554 = ORIENTED_EDGE ( 'NONE', *, *, #9172, .F. ) ;
#2555 = CLOSED_SHELL ( 'NONE', ( #10946, #6051, #6695, #4705, #11550, #10674, #1202, #8460, #3461, #5437, #2259, #10298, #12273, #10624, #10102, #2170, #9207, #9409, #11292, #7180, #11391, #3621 ) ) ;
#2556 = AXIS2_PLACEMENT_3D ( 'NONE', #9334, #9274, #4764 ) ;
#2557 = EDGE_CURVE ( 'NONE', #1551, #3499, #2430, .T. ) ;
#2558 = DIRECTION ( 'NONE',  ( -0.000000000000000000, -1.000000000000000000, 1.150347132610614786E-16 ) ) ;
#2559 = VERTEX_POINT ( 'NONE', #10219 ) ;
#2560 = FACE_OUTER_BOUND ( 'NONE', #8645, .T. ) ;
#2561 = EDGE_LOOP ( 'NONE', ( #11905, #5620, #7789, #9987 ) ) ;
#2562 = PLANE ( 'NONE',  #9187 ) ;
#2563 = CARTESIAN_POINT ( 'NONE',  ( -8.429999999999996163, 0.5700000000000003952, -1.674999999999999822 ) ) ;
#2564 = LINE ( 'NONE', #6384, #7311 ) ;
#2565 = LINE ( 'NONE', #9302, #9816 ) ;
#2566 = CARTESIAN_POINT ( 'NONE',  ( -6.030000000000002025, 0.9000000000000012434, -2.894999999999998241 ) ) ;
#2567 = ORIENTED_EDGE ( 'NONE', *, *, #8325, .F. ) ;
#2568 = ADVANCED_FACE ( 'NONE', ( #4302 ), #6438, .F. ) ;
#2569 = EDGE_LOOP ( 'NONE', ( #2977, #1378, #645, #10986 ) ) ;
#2570 = ADVANCED_FACE ( 'NONE', ( #4552 ), #7181, .T. ) ;
#2571 = FACE_OUTER_BOUND ( 'NONE', #9005, .T. ) ;
#2572 = CARTESIAN_POINT ( 'NONE',  ( 13.30999999999999872, 1.870000000000000551, 0.4649999999999996914 ) ) ;
#2573 = CARTESIAN_POINT ( 'NONE',  ( -14.83000000000000007, 1.870000000000000551, 0.6649999999999998135 ) ) ;
#2574 = DIRECTION ( 'NONE',  ( 0.000000000000000000, 0.000000000000000000, 1.000000000000000000 ) ) ;
#2575 = DIRECTION ( 'NONE',  ( 0.000000000000000000, 1.189977994191405372E-15, -1.000000000000000000 ) ) ;
#2576 = CARTESIAN_POINT ( 'NONE',  ( -10.77000000000000135, 0.5700000000000003952, -1.875000000000000000 ) ) ;
#2577 = CARTESIAN_POINT ( 'NONE',  ( -6.030000000000002025, 1.540000000000000480, 3.715000000000003411 ) ) ;
#2578 = LINE ( 'NONE', #2451, #2833 ) ;
#2579 = EDGE_LOOP ( 'NONE', ( #1370, #1022, #6611, #1436 ) ) ;
#2580 = ORIENTED_EDGE ( 'NONE', *, *, #6752, .T. ) ;
#2581 = CARTESIAN_POINT ( 'NONE',  ( -0.8099999999999963896, 0.5700000000000003952, 0.6649999999999998135 ) ) ;
#2582 = EDGE_CURVE ( 'NONE', #7538, #8096, #3426, .T. ) ;
#2583 = DIRECTION ( 'NONE',  ( 0.3892816206350259711, 0.8348171294789868968, -0.3892816206350259711 ) ) ;
#2584 = PRESENTATION_STYLE_ASSIGNMENT (( #8204 ) ) ;
#2585 = APPLICATION_CONTEXT ( 'automotive_design' ) ;
#2586 = FACE_OUTER_BOUND ( 'NONE', #1175, .T. ) ;
#2587 = UNCERTAINTY_MEASURE_WITH_UNIT (LENGTH_MEASURE( 1.000000000000000082E-05 ), #4393, 'distance_accuracy_value', 'NONE');
#2588 = CARTESIAN_POINT ( 'NONE',  ( -10.77000000000000135, 0.5700000000000003952, 0.6649999999999998135 ) ) ;
#2589 = EDGE_CURVE ( 'NONE', #9524, #9743, #8176, .T. ) ;
#2590 = LINE ( 'NONE', #6355, #10262 ) ;
#2591 = ORIENTED_EDGE ( 'NONE', *, *, #9793, .F. ) ;
#2592 = LINE ( 'NONE', #9385, #5718 ) ;
#2593 = DIRECTION ( 'NONE',  ( -0.000000000000000000, -0.000000000000000000, 1.000000000000000000 ) ) ;
#2594 = VERTEX_POINT ( 'NONE', #7366 ) ;
#2595 = FACE_OUTER_BOUND ( 'NONE', #4755, .T. ) ;
#2596 = VERTEX_POINT ( 'NONE', #5308 ) ;
#2597 = PLANE ( 'NONE',  #498 ) ;
#2598 = EDGE_LOOP ( 'NONE', ( #6295, #5633, #7793, #10396 ) ) ;
#2599 = ADVANCED_FACE ( 'NONE', ( #9235 ), #6250, .T. ) ;
#2600 = LINE ( 'NONE', #8282, #6125 ) ;
#2601 = VECTOR ( 'NONE', #12, 999.9999999999998863 ) ;
#2602 = FACE_OUTER_BOUND ( 'NONE', #1127, .T. ) ;
#2603 = EDGE_CURVE ( 'NONE', #207, #10845, #4487, .T. ) ;
#2604 = DIRECTION ( 'NONE',  ( -1.000000000000000000, 0.000000000000000000, 0.000000000000000000 ) ) ;
#2605 = DIRECTION ( 'NONE',  ( 0.3892816206350259711, 0.8348171294789868968, -0.3892816206350259711 ) ) ;
#2606 = LINE ( 'NONE', #5292, #1939 ) ;
#2607 = DIRECTION ( 'NONE',  ( 0.000000000000000000, 0.000000000000000000, -1.000000000000000000 ) ) ;
#2608 = VERTEX_POINT ( 'NONE', #11944 ) ;
#2609 = PLANE ( 'NONE',  #7673 ) ;
#2610 = EDGE_LOOP ( 'NONE', ( #8213, #8547, #9889, #6821 ) ) ;
#2611 = EDGE_LOOP ( 'NONE', ( #3931, #7346, #3467, #6835 ) ) ;
#2612 = ORIENTED_EDGE ( 'NONE', *, *, #6918, .T. ) ;
#2613 = CARTESIAN_POINT ( 'NONE',  ( -4.130000000000001670, 1.540000000000000480, -1.674999999999999822 ) ) ;
#2614 = ORIENTED_EDGE ( 'NONE', *, *, #8565, .T. ) ;
#2615 = ADVANCED_FACE ( 'NONE', ( #8301 ), #7125, .F. ) ;
#2616 = CARTESIAN_POINT ( 'NONE',  ( 1.929999999999997717, 0.5700000000000003952, 0.6649999999999998135 ) ) ;
#2617 = CIRCLE ( 'NONE', #10183, 0.1999999999999953204 ) ;
#2618 = DIRECTION ( 'NONE',  ( 0.000000000000000000, 0.000000000000000000, -1.000000000000000000 ) ) ;
#2619 = CARTESIAN_POINT ( 'NONE',  ( 8.429999999999992610, 1.870000000000000551, 0.4649999999999996914 ) ) ;
#2620 = CARTESIAN_POINT ( 'NONE',  ( 3.489999999999998437, 0.7200000000000001954, -3.714999999999999414 ) ) ;
#2621 = ORIENTED_EDGE ( 'NONE', *, *, #3428, .F. ) ;
#2622 = ADVANCED_FACE ( 'NONE', ( #10911 ), #2373, .T. ) ;
#2623 = ORIENTED_EDGE ( 'NONE', *, *, #5158, .F. ) ;
#2624 = VECTOR ( 'NONE', #385, 1000.000000000000000 ) ;
#2625 = DIRECTION ( 'NONE',  ( -1.000000000000000000, 0.000000000000000000, 0.000000000000000000 ) ) ;
#2626 = ORIENTED_EDGE ( 'NONE', *, *, #5392, .F. ) ;
#2627 = ADVANCED_FACE ( 'NONE', ( #2498 ), #7303, .T. ) ;
#2628 = FACE_OUTER_BOUND ( 'NONE', #5094, .T. ) ;
#2629 = DIRECTION ( 'NONE',  ( 1.000000000000000000, 0.000000000000000000, 0.000000000000000000 ) ) ;
#2630 = VERTEX_POINT ( 'NONE', #5240 ) ;
#2631 = LINE ( 'NONE', #11048, #12131 ) ;
#2632 = DIRECTION ( 'NONE',  ( 0.000000000000000000, 1.000000000000000000, -1.150347132610614786E-16 ) ) ;
#2633 = DIRECTION ( 'NONE',  ( 0.000000000000000000, 0.000000000000000000, -1.000000000000000000 ) ) ;
#2634 = DIRECTION ( 'NONE',  ( -0.000000000000000000, -1.000000000000000000, 0.000000000000000000 ) ) ;
#2635 = VECTOR ( 'NONE', #9941, 1000.000000000000000 ) ;
#2636 = EDGE_LOOP ( 'NONE', ( #4635, #4272, #463, #5674 ) ) ;
#2637 = ADVANCED_FACE ( 'NONE', ( #10108 ), #2562, .T. ) ;
#2638 = EDGE_LOOP ( 'NONE', ( #1548, #7442, #950, #1044 ) ) ;
#2639 = PLANE ( 'NONE',  #1674 ) ;
#2640 = AXIS2_PLACEMENT_3D ( 'NONE', #10969, #8238, #6441 ) ;
#2641 = DIRECTION ( 'NONE',  ( 1.000000000000000000, 0.000000000000000000, 0.000000000000000000 ) ) ;
#2642 = CARTESIAN_POINT ( 'NONE',  ( -0.4100000000000059153, 0.5700000000000003952, -1.875000000000000000 ) ) ;
#2643 = LINE ( 'NONE', #11241, #9368 ) ;
#2644 = CARTESIAN_POINT ( 'NONE',  ( -3.645000000000002238, -3.049999999999999822, -3.559999999999999165 ) ) ;
#2645 = CARTESIAN_POINT ( 'NONE',  ( 4.469999999999997975, 0.5700000000000003952, -1.875000000000000000 ) ) ;
#2646 = LINE ( 'NONE', #4637, #7815 ) ;
#2647 = VERTEX_POINT ( 'NONE', #9046 ) ;
#2648 = PLANE ( 'NONE',  #7534 ) ;
#2649 = EDGE_CURVE ( 'NONE', #8766, #9321, #507, .T. ) ;
#2650 = VERTEX_POINT ( 'NONE', #6754 ) ;
#2651 = CYLINDRICAL_SURFACE ( 'NONE', #276, 0.1999999999999953204 ) ;
#2652 = CIRCLE ( 'NONE', #11005, 0.1999999999999953204 ) ;
#2653 = ORIENTED_EDGE ( 'NONE', *, *, #4512, .T. ) ;
#2654 = EDGE_CURVE ( 'NONE', #11008, #8799, #3795, .T. ) ;
#2655 = CARTESIAN_POINT ( 'NONE',  ( 8.030000000000002913, 1.870000000000000551, 0.6649999999999998135 ) ) ;
#2656 = VERTEX_POINT ( 'NONE', #1753 ) ;
#2657 = FACE_OUTER_BOUND ( 'NONE', #6083, .T. ) ;
#2658 = CARTESIAN_POINT ( 'NONE',  ( -14.29000000000000270, 0.7199999999999999734, -2.894999999999998241 ) ) ;
#2659 = DIRECTION ( 'NONE',  ( -0.000000000000000000, -0.000000000000000000, 1.000000000000000000 ) ) ;
#2660 = DIRECTION ( 'NONE',  ( -0.000000000000000000, 1.000000000000000000, 1.150347132610614786E-16 ) ) ;
#2661 = VECTOR ( 'NONE', #9259, 1000.000000000000000 ) ;
#2662 = DIRECTION ( 'NONE',  ( -0.3892816206350239172, 0.3892816206350261377, 0.8348171294789875629 ) ) ;
#2663 = ADVANCED_FACE ( 'NONE', ( #2860 ), #2675, .F. ) ;
#2664 = ORIENTED_EDGE ( 'NONE', *, *, #7037, .F. ) ;
#2665 = CARTESIAN_POINT ( 'NONE',  ( 0.000000000000000000, 1.540000000000000480, 0.4649999999999996914 ) ) ;
#2666 = ORIENTED_EDGE ( 'NONE', *, *, #9358, .F. ) ;
#2667 = VECTOR ( 'NONE', #3523, 1000.000000000000000 ) ;
#2668 = EDGE_CURVE ( 'NONE', #8756, #676, #11209, .T. ) ;
#2669 = CARTESIAN_POINT ( 'NONE',  ( 6.669999999999999041, 0.000000000000000000, 0.4649999999999996914 ) ) ;
#2670 = VECTOR ( 'NONE', #9805, 1000.000000000000000 ) ;
#2671 = CIRCLE ( 'NONE', #4264, 0.1999999999999953204 ) ;
#2672 = EDGE_LOOP ( 'NONE', ( #7629, #7954, #5045, #9657 ) ) ;
#2673 = DIRECTION ( 'NONE',  ( 0.000000000000000000, 0.000000000000000000, -1.000000000000000000 ) ) ;
#2674 = ORIENTED_EDGE ( 'NONE', *, *, #2589, .T. ) ;
#2675 = PLANE ( 'NONE',  #3798 ) ;
#2676 = CIRCLE ( 'NONE', #8064, 0.8200000000000012834 ) ;
#2677 = DIRECTION ( 'NONE',  ( -0.3892816206350239172, 0.3892816206350261377, 0.8348171294789875629 ) ) ;
#2678 = PLANE ( 'NONE',  #4920 ) ;
#2679 = EDGE_CURVE ( 'NONE', #944, #7350, #5677, .T. ) ;
#2680 = DIRECTION ( 'NONE',  ( -0.000000000000000000, -0.000000000000000000, 1.000000000000000000 ) ) ;
#2681 = DIRECTION ( 'NONE',  ( 0.000000000000000000, 0.000000000000000000, -1.000000000000000000 ) ) ;
#2682 = ORIENTED_EDGE ( 'NONE', *, *, #5495, .F. ) ;
#2683 = AXIS2_PLACEMENT_3D ( 'NONE', #6045, #4106, #7918 ) ;
#2684 = VECTOR ( 'NONE', #5350, 1000.000000000000000 ) ;
#2685 = EDGE_CURVE ( 'NONE', #3355, #1244, #11454, .T. ) ;
#2686 = EDGE_LOOP ( 'NONE', ( #10623, #4388, #5428, #11356 ) ) ;
#2687 = VECTOR ( 'NONE', #7420, 1000.000000000000000 ) ;
#2688 = ADVANCED_FACE ( 'NONE', ( #1073 ), #7488, .T. ) ;
#2689 = DIRECTION ( 'NONE',  ( 1.000000000000000000, 0.000000000000000000, -0.000000000000000000 ) ) ;
#2690 = EDGE_CURVE ( 'NONE', #5926, #11346, #1988, .T. ) ;
#2691 = ORIENTED_EDGE ( 'NONE', *, *, #2668, .F. ) ;
#2692 = CARTESIAN_POINT ( 'NONE',  ( 1.589999999999997637, 1.540000000000000480, -1.674999999999999822 ) ) ;
#2693 = DIRECTION ( 'NONE',  ( 0.000000000000000000, 0.000000000000000000, -1.000000000000000000 ) ) ;
#2694 = VECTOR ( 'NONE', #7272, 1000.000000000000000 ) ;
#2695 = DIRECTION ( 'NONE',  ( -0.3892816206350276365, 0.3892816206350255825, -0.8348171294789862307 ) ) ;
#2696 = CARTESIAN_POINT ( 'NONE',  ( 8.229999999999996874, 1.870000000000000551, 0.6649999999999998135 ) ) ;
#2697 = DIRECTION ( 'NONE',  ( -0.000000000000000000, -0.000000000000000000, 1.000000000000000000 ) ) ;
#2698 = DIRECTION ( 'NONE',  ( -0.000000000000000000, 1.000000000000000000, 1.150347132610614786E-16 ) ) ;
#2699 = ORIENTED_EDGE ( 'NONE', *, *, #11628, .F. ) ;
#2700 = VECTOR ( 'NONE', #10120, 1000.000000000000000 ) ;
#2701 = ORIENTED_EDGE ( 'NONE', *, *, #11280, .F. ) ;
#2702 = CARTESIAN_POINT ( 'NONE',  ( -5.690000000000002167, 0.5700000000000003952, 0.4649999999999996914 ) ) ;
#2703 = EDGE_CURVE ( 'NONE', #2247, #5462, #6688, .T. ) ;
#2704 = EDGE_CURVE ( 'NONE', #4831, #9655, #6564, .T. ) ;
#2705 = CIRCLE ( 'NONE', #10270, 0.1999999999999952094 ) ;
#2706 = CARTESIAN_POINT ( 'NONE',  ( -4.270000000000008455, 1.870000000000000551, 0.6649999999999998135 ) ) ;
#2707 = ADVANCED_FACE ( 'NONE', ( #8603 ), #4790, .T. ) ;
#2708 = CARTESIAN_POINT ( 'NONE',  ( 7.620000000000000107, -2.174999999999998934, 3.715000000000003855 ) ) ;
#2709 = FACE_BOUND ( 'NONE', #11410, .T. ) ;
#2710 = FACE_OUTER_BOUND ( 'NONE', #1062, .T. ) ;
#2711 = DIRECTION ( 'NONE',  ( 0.000000000000000000, 0.000000000000000000, 1.000000000000000000 ) ) ;
#2712 = ORIENTED_EDGE ( 'NONE', *, *, #3963, .T. ) ;
#2713 = CARTESIAN_POINT ( 'NONE',  ( 12.28999999999999559, 0.5700000000000003952, -1.875000000000000000 ) ) ;
#2714 = CARTESIAN_POINT ( 'NONE',  ( 11.75000000000000000, 0.000000000000000000, -1.674999999999999822 ) ) ;
#2715 = VECTOR ( 'NONE', #1641, 1000.000000000000000 ) ;
#2716 = ORIENTED_EDGE ( 'NONE', *, *, #197, .F. ) ;
#2717 = CARTESIAN_POINT ( 'NONE',  ( -14.63000000000000433, 1.870000000000000551, -1.875000000000000000 ) ) ;
#2718 = EDGE_LOOP ( 'NONE', ( #10413, #9228, #8549, #1619 ) ) ;
#2719 = CARTESIAN_POINT ( 'NONE',  ( -8.570000000000002061, 0.9000000000000005773, -2.894999999999997797 ) ) ;
#2720 = VECTOR ( 'NONE', #8555, 1000.000000000000000 ) ;
#2721 = EDGE_CURVE ( 'NONE', #1958, #2942, #9556, .T. ) ;
#2722 = CARTESIAN_POINT ( 'NONE',  ( 14.29000000000000092, 1.540000000000000480, 3.382601427321023646 ) ) ;
#2723 = ORIENTED_EDGE ( 'NONE', *, *, #1215, .T. ) ;
#2724 = CARTESIAN_POINT ( 'NONE',  ( 5.080000000000000071, 1.385000000000000897, 3.715000000000003411 ) ) ;
#2725 = DIRECTION ( 'NONE',  ( -1.000000000000000000, 0.000000000000000000, 0.000000000000000000 ) ) ;
#2726 = CARTESIAN_POINT ( 'NONE',  ( -11.11000000000000121, 0.9000000000000005773, 3.382601427321023646 ) ) ;
#2727 = DIRECTION ( 'NONE',  ( -1.000000000000000000, 0.000000000000000000, 0.000000000000000000 ) ) ;
#2728 = PLANE ( 'NONE',  #2063 ) ;
#2729 = ORIENTED_EDGE ( 'NONE', *, *, #11688, .F. ) ;
#2730 = CARTESIAN_POINT ( 'NONE',  ( 4.129999999999998117, 0.9000000000000005773, 3.382601427321023646 ) ) ;
#2731 = AXIS2_PLACEMENT_3D ( 'NONE', #1139, #8038, #10718 ) ;
#2732 = VECTOR ( 'NONE', #6254, 1000.000000000000000 ) ;
#2733 = ORIENTED_EDGE ( 'NONE', *, *, #11979, .F. ) ;
#2734 = DIRECTION ( 'NONE',  ( 1.000000000000000000, 0.000000000000000000, 0.000000000000000000 ) ) ;
#2735 = EDGE_LOOP ( 'NONE', ( #1877, #2174, #2852, #4459 ) ) ;
#2736 = ADVANCED_FACE ( 'NONE', ( #5614 ), #8483, .F. ) ;
#2737 = CARTESIAN_POINT ( 'NONE',  ( -15.24000000000000199, 2.410000000000000142, 0.4649999999999996914 ) ) ;
#2738 = AXIS2_PLACEMENT_3D ( 'NONE', #6609, #1850, #7536 ) ;
#2739 = ORIENTED_EDGE ( 'NONE', *, *, #4047, .F. ) ;
#2740 = PLANE ( 'NONE',  #11821 ) ;
#2741 = ORIENTED_EDGE ( 'NONE', *, *, #2582, .F. ) ;
#2742 = DIRECTION ( 'NONE',  ( 0.000000000000000000, -1.000000000000000000, 1.150347132610614786E-16 ) ) ;
#2743 = ADVANCED_FACE ( 'NONE', ( #3613 ), #1930, .F. ) ;
#2744 = VECTOR ( 'NONE', #2969, 1000.000000000000000 ) ;
#2745 = DIRECTION ( 'NONE',  ( 0.000000000000000000, 0.000000000000000000, -1.000000000000000000 ) ) ;
#2746 = CARTESIAN_POINT ( 'NONE',  ( -14.29000000000000270, 0.000000000000000000, -1.674999999999999822 ) ) ;
#2747 = ORIENTED_EDGE ( 'NONE', *, *, #5965, .F. ) ;
#2748 = AXIS2_PLACEMENT_3D ( 'NONE', #7215, #1603, #671 ) ;
#2749 = VERTEX_POINT ( 'NONE', #9415 ) ;
#2750 = EDGE_CURVE ( 'NONE', #7990, #8722, #7679, .T. ) ;
#2751 = FACE_OUTER_BOUND ( 'NONE', #5968, .T. ) ;
#2752 = VERTEX_POINT ( 'NONE', #4605 ) ;
#2753 = DIRECTION ( 'NONE',  ( 0.000000000000000000, 1.000000000000000000, 0.000000000000000000 ) ) ;
#2754 = DIRECTION ( 'NONE',  ( -1.000000000000000000, 0.000000000000000000, 0.000000000000000000 ) ) ;
#2755 = LINE ( 'NONE', #1028, #4006 ) ;
#2756 = EDGE_CURVE ( 'NONE', #5655, #7547, #4667, .T. ) ;
#2757 = LINE ( 'NONE', #4621, #952 ) ;
#2758 = LINE ( 'NONE', #5820, #8423 ) ;
#2759 = ORIENTED_EDGE ( 'NONE', *, *, #5282, .F. ) ;
#2760 = ORIENTED_EDGE ( 'NONE', *, *, #11359, .T. ) ;
#2761 = DIRECTION ( 'NONE',  ( 0.000000000000000000, 0.000000000000000000, 1.000000000000000000 ) ) ;
#2762 = LINE ( 'NONE', #10431, #6875 ) ;
#2763 = SURFACE_SIDE_STYLE ('',( #9380 ) ) ;
#2764 = FACE_BOUND ( 'NONE', #10012, .T. ) ;
#2765 = CARTESIAN_POINT ( 'NONE',  ( 8.889999999999998792, 0.7199999999999999734, -2.894999999999998241 ) ) ;
#2766 = CARTESIAN_POINT ( 'NONE',  ( -8.570000000000002061, 1.540000000000000480, 0.4649999999999996914 ) ) ;
#2767 = EDGE_CURVE ( 'NONE', #8437, #1722, #7548, .T. ) ;
#2768 = VERTEX_POINT ( 'NONE', #11570 ) ;
#2769 = LINE ( 'NONE', #1106, #7497 ) ;
#2770 = CARTESIAN_POINT ( 'NONE',  ( -3.150000000000001688, 0.5700000000000003952, 0.6649999999999998135 ) ) ;
#2771 = VERTEX_POINT ( 'NONE', #10715 ) ;
#2772 = LINE ( 'NONE', #11307, #12274 ) ;
#2773 = DIRECTION ( 'NONE',  ( 0.9063077870366493816, -0.4226182617407006625, 0.000000000000000000 ) ) ;
#2774 = ADVANCED_FACE ( 'NONE', ( #125 ), #8667, .F. ) ;
#2775 = CARTESIAN_POINT ( 'NONE',  ( -8.570000000000002061, 0.000000000000000000, -1.674999999999999822 ) ) ;
#2776 = VECTOR ( 'NONE', #5988, 1000.000000000000000 ) ;
#2777 = ORIENTED_EDGE ( 'NONE', *, *, #461, .T. ) ;
#2778 = PLANE ( 'NONE',  #3385 ) ;
#2779 = DIRECTION ( 'NONE',  ( -0.000000000000000000, -0.000000000000000000, -1.000000000000000000 ) ) ;
#2780 = ADVANCED_FACE ( 'NONE', ( #9665 ), #7795, .T. ) ;
#2781 = AXIS2_PLACEMENT_3D ( 'NONE', #3277, #5089, #8897 ) ;
#2782 = CARTESIAN_POINT ( 'NONE',  ( 1.929999999999997717, 0.5700000000000003952, -1.674999999999999822 ) ) ;
#2783 = LINE ( 'NONE', #6672, #7929 ) ;
#2784 = PLANE ( 'NONE',  #5651 ) ;
#2785 = ORIENTED_EDGE ( 'NONE', *, *, #8456, .T. ) ;
#2786 = FACE_OUTER_BOUND ( 'NONE', #11966, .T. ) ;
#2787 = ADVANCED_FACE ( 'NONE', ( #241 ), #8790, .F. ) ;
#2788 = ORIENTED_EDGE ( 'NONE', *, *, #2428, .F. ) ;
#2789 = CARTESIAN_POINT ( 'NONE',  ( -11.75000000000000178, 1.540000000000000924, -2.894999999999998241 ) ) ;
#2790 = AXIS2_PLACEMENT_3D ( 'NONE', #5493, #1570, #9178 ) ;
#2791 = CARTESIAN_POINT ( 'NONE',  ( 11.75000000000000000, 0.7200000000000001954, -3.074999999999999734 ) ) ;
#2792 = VERTEX_POINT ( 'NONE', #2177 ) ;
#2793 = DIRECTION ( 'NONE',  ( 0.000000000000000000, 0.000000000000000000, -1.000000000000000000 ) ) ;
#2794 = ORIENTED_EDGE ( 'NONE', *, *, #9602, .T. ) ;
#2795 = CARTESIAN_POINT ( 'NONE',  ( 11.59499999999999886, -3.049999999999999822, -3.075000000000000178 ) ) ;
#2796 = CARTESIAN_POINT ( 'NONE',  ( -10.77000000000000135, 0.5700000000000003952, -1.674999999999999822 ) ) ;
#2797 = SURFACE_STYLE_FILL_AREA ( #3679 ) ;
#2798 = VECTOR ( 'NONE', #1864, 1000.000000000000227 ) ;
#2799 = DIRECTION ( 'NONE',  ( -0.3892816206350239172, 0.3892816206350261377, 0.8348171294789875629 ) ) ;
#2800 = FACE_OUTER_BOUND ( 'NONE', #3097, .T. ) ;
#2801 = ORIENTED_EDGE ( 'NONE', *, *, #6758, .F. ) ;
#2802 = EDGE_CURVE ( 'NONE', #1942, #4437, #369, .T. ) ;
#2803 = EDGE_LOOP ( 'NONE', ( #1201, #9486, #2257, #7987 ) ) ;
#2804 = EDGE_CURVE ( 'NONE', #9377, #670, #9835, .T. ) ;
#2805 = AXIS2_PLACEMENT_3D ( 'NONE', #8252, #12025, #3511 ) ;
#2806 = DIRECTION ( 'NONE',  ( 0.000000000000000000, 0.000000000000000000, -1.000000000000000000 ) ) ;
#2807 = VERTEX_POINT ( 'NONE', #3924 ) ;
#2808 = CARTESIAN_POINT ( 'NONE',  ( 3.149999999999996358, 1.870000000000000551, 0.6649999999999998135 ) ) ;
#2809 = DIRECTION ( 'NONE',  ( -1.000000000000000000, 0.000000000000000000, 0.000000000000000000 ) ) ;
#2810 = CARTESIAN_POINT ( 'NONE',  ( 13.30999999999999872, 1.870000000000000551, 0.6649999999999998135 ) ) ;
#2811 = CARTESIAN_POINT ( 'NONE',  ( -0.9500000000000011768, 1.540000000000000480, 3.382601427321023646 ) ) ;
#2812 = FACE_OUTER_BOUND ( 'NONE', #10245, .T. ) ;
#2813 = ORIENTED_EDGE ( 'NONE', *, *, #8398, .T. ) ;
#2814 = EDGE_CURVE ( 'NONE', #2281, #8477, #8733, .T. ) ;
#2815 = VERTEX_POINT ( 'NONE', #4166 ) ;
#2816 = CARTESIAN_POINT ( 'NONE',  ( 3.489999999999998437, -3.049999999999999822, -3.075000000000000178 ) ) ;
#2817 = VECTOR ( 'NONE', #9727, 1000.000000000000000 ) ;
#2818 = ORIENTED_EDGE ( 'NONE', *, *, #12261, .F. ) ;
#2819 = EDGE_CURVE ( 'NONE', #3656, #8320, #7741, .T. ) ;
#2820 = DIRECTION ( 'NONE',  ( 0.000000000000000000, 1.000000000000000000, -1.150347132610614786E-16 ) ) ;
#2821 = VERTEX_POINT ( 'NONE', #2047 ) ;
#2822 =( NAMED_UNIT ( * ) PLANE_ANGLE_UNIT ( ) SI_UNIT ( $, .RADIAN. ) );
#2823 = PLANE ( 'NONE',  #6662 ) ;
#2824 = CARTESIAN_POINT ( 'NONE',  ( -8.570000000000002061, -3.049999999999999822, -3.075000000000000178 ) ) ;
#2825 = VECTOR ( 'NONE', #11549, 1000.000000000000000 ) ;
#2826 = DIRECTION ( 'NONE',  ( 1.000000000000000000, 0.000000000000000000, 0.000000000000000000 ) ) ;
#2827 = DIRECTION ( 'NONE',  ( 0.000000000000000000, 0.000000000000000000, -1.000000000000000000 ) ) ;
#2828 = DIRECTION ( 'NONE',  ( -1.000000000000000000, 0.000000000000000000, 0.000000000000000000 ) ) ;
#2829 = ORIENTED_EDGE ( 'NONE', *, *, #11367, .T. ) ;
#2830 = EDGE_LOOP ( 'NONE', ( #7222, #7858 ) ) ;
#2831 = CARTESIAN_POINT ( 'NONE',  ( 8.570000000000000284, 0.9000000000000005773, -1.674999999999999822 ) ) ;
#2832 = DIRECTION ( 'NONE',  ( 0.000000000000000000, -1.000000000000000000, 0.000000000000000000 ) ) ;
#2833 = VECTOR ( 'NONE', #10127, 1000.000000000000000 ) ;
#2834 = ADVANCED_FACE ( 'NONE', ( #183 ), #2299, .T. ) ;
#2835 = DIRECTION ( 'NONE',  ( 0.000000000000000000, 1.000000000000000000, 0.000000000000000000 ) ) ;
#2836 = ADVANCED_FACE ( 'NONE', ( #11698 ), #2117, .T. ) ;
#2837 = ORIENTED_EDGE ( 'NONE', *, *, #6597, .T. ) ;
#2838 = DIRECTION ( 'NONE',  ( 1.000000000000000000, 0.000000000000000000, 0.000000000000000000 ) ) ;
#2839 = EDGE_CURVE ( 'NONE', #4665, #161, #9757, .T. ) ;
#2840 = CYLINDRICAL_SURFACE ( 'NONE', #12034, 0.1800000000000013256 ) ;
#2841 = ORIENTED_EDGE ( 'NONE', *, *, #2290, .F. ) ;
#2842 = CARTESIAN_POINT ( 'NONE',  ( 0.000000000000000000, 1.540000000000000480, 0.4649999999999996914 ) ) ;
#2843 = VECTOR ( 'NONE', #4288, 1000.000000000000000 ) ;
#2844 = DIRECTION ( 'NONE',  ( 0.000000000000000000, 0.000000000000000000, -1.000000000000000000 ) ) ;
#2845 = DIRECTION ( 'NONE',  ( 0.000000000000000000, 0.9063077870366494926, -0.4226182617407005515 ) ) ;
#2846 = ORIENTED_EDGE ( 'NONE', *, *, #12101, .T. ) ;
#2847 = CARTESIAN_POINT ( 'NONE',  ( 11.26500000000000057, -3.049999999999999822, -3.714999999999999858 ) ) ;
#2848 = EDGE_LOOP ( 'NONE', ( #10084, #5218, #11118, #4945 ) ) ;
#2849 = CARTESIAN_POINT ( 'NONE',  ( 3.489999999999998437, 0.7199999999999999734, -2.894999999999998241 ) ) ;
#2850 = ADVANCED_FACE ( 'NONE', ( #6811 ), #3170, .F. ) ;
#2851 = ADVANCED_FACE ( 'NONE', ( #7854 ), #7979, .F. ) ;
#2852 = ORIENTED_EDGE ( 'NONE', *, *, #5297, .F. ) ;
#2853 = VECTOR ( 'NONE', #4839, 1000.000000000000000 ) ;
#2854 = DIRECTION ( 'NONE',  ( -0.000000000000000000, -0.000000000000000000, 1.000000000000000000 ) ) ;
#2855 = ORIENTED_EDGE ( 'NONE', *, *, #8580, .F. ) ;
#2856 = CARTESIAN_POINT ( 'NONE',  ( -15.24000000000000199, 0.000000000000000000, 0.4649999999999996914 ) ) ;
#2857 = ORIENTED_EDGE ( 'NONE', *, *, #8914, .F. ) ;
#2858 = EDGE_CURVE ( 'NONE', #4338, #7848, #9909, .T. ) ;
#2859 = VECTOR ( 'NONE', #3191, 1000.000000000000000 ) ;
#2860 = FACE_OUTER_BOUND ( 'NONE', #3869, .T. ) ;
#2861 = FILL_AREA_STYLE ('',( #888 ) ) ;
#2862 = PLANE ( 'NONE',  #762 ) ;
#2863 = CARTESIAN_POINT ( 'NONE',  ( 11.10999999999999943, 0.9000000000000010214, -2.894999999999998241 ) ) ;
#2864 = DIRECTION ( 'NONE',  ( 1.000000000000000000, 0.000000000000000000, -0.000000000000000000 ) ) ;
#2865 = CIRCLE ( 'NONE', #281, 0.1800000000000013256 ) ;
#2866 = ORIENTED_EDGE ( 'NONE', *, *, #3477, .T. ) ;
#2867 = ORIENTED_EDGE ( 'NONE', *, *, #6539, .T. ) ;
#2868 = VECTOR ( 'NONE', #9676, 1000.000000000000000 ) ;
#2869 = LINE ( 'NONE', #5999, #5669 ) ;
#2870 = VERTEX_POINT ( 'NONE', #3112 ) ;
#2871 = EDGE_CURVE ( 'NONE', #7356, #11112, #2235, .T. ) ;
#2872 = DIRECTION ( 'NONE',  ( 1.000000000000000000, 0.000000000000000000, -0.000000000000000000 ) ) ;
#2873 = VERTEX_POINT ( 'NONE', #10589 ) ;
#2874 = DIRECTION ( 'NONE',  ( -1.000000000000000000, 0.000000000000000000, 0.000000000000000000 ) ) ;
#2875 = CARTESIAN_POINT ( 'NONE',  ( 17.78000000000000114, -3.049999999999999822, -3.230000000000000870 ) ) ;
#2876 = LINE ( 'NONE', #140, #10688 ) ;
#2877 = VECTOR ( 'NONE', #4043, 1000.000000000000000 ) ;
#2878 = DIRECTION ( 'NONE',  ( -0.000000000000000000, 1.000000000000000000, 0.000000000000000000 ) ) ;
#2879 = VECTOR ( 'NONE', #5160, 1000.000000000000000 ) ;
#2880 = VERTEX_POINT ( 'NONE', #9030 ) ;
#2881 = VERTEX_POINT ( 'NONE', #1430 ) ;
#2882 = DIRECTION ( 'NONE',  ( -0.000000000000000000, -1.000000000000000000, 0.000000000000000000 ) ) ;
#2883 = AXIS2_PLACEMENT_3D ( 'NONE', #6499, #9232, #12002 ) ;
#2884 = EDGE_LOOP ( 'NONE', ( #3165, #3139, #10800, #2403 ) ) ;
#2885 = VECTOR ( 'NONE', #8772, 1000.000000000000000 ) ;
#2886 = AXIS2_PLACEMENT_3D ( 'NONE', #1553, #4409, #2604 ) ;
#2887 = CARTESIAN_POINT ( 'NONE',  ( -6.670000000000002593, 0.7199999999999999734, -2.894999999999998241 ) ) ;
#2888 = ORIENTED_EDGE ( 'NONE', *, *, #7443, .T. ) ;
#2889 = CARTESIAN_POINT ( 'NONE',  ( -14.63000000000000433, 1.870000000000000551, 0.6649999999999998135 ) ) ;
#2890 = FACE_BOUND ( 'NONE', #10417, .T. ) ;
#2891 = FACE_OUTER_BOUND ( 'NONE', #809, .T. ) ;
#2892 = DIRECTION ( 'NONE',  ( 1.000000000000000000, 0.000000000000000000, -0.000000000000000000 ) ) ;
#2893 = DIRECTION ( 'NONE',  ( 1.000000000000000000, 0.000000000000000000, 0.000000000000000000 ) ) ;
#2894 = CARTESIAN_POINT ( 'NONE',  ( 1.929999999999997717, 0.5700000000000003952, 0.6649999999999998135 ) ) ;
#2895 = EDGE_LOOP ( 'NONE', ( #2741, #4015, #10216, #2866 ) ) ;
#2896 = EDGE_CURVE ( 'NONE', #9958, #8927, #3546, .T. ) ;
#2897 = DIRECTION ( 'NONE',  ( -0.000000000000000000, -0.000000000000000000, 1.000000000000000000 ) ) ;
#2898 = VECTOR ( 'NONE', #4773, 1000.000000000000000 ) ;
#2899 = DIRECTION ( 'NONE',  ( 0.000000000000000000, 0.000000000000000000, -1.000000000000000000 ) ) ;
#2900 = AXIS2_PLACEMENT_3D ( 'NONE', #10316, #1040, #11484 ) ;
#2901 = ORIENTED_EDGE ( 'NONE', *, *, #6902, .T. ) ;
#2902 = CARTESIAN_POINT ( 'NONE',  ( 10.57000000000000384, 1.870000000000000551, 0.6649999999999998135 ) ) ;
#2903 = EDGE_CURVE ( 'NONE', #10155, #6240, #1207, .T. ) ;
#2904 = VECTOR ( 'NONE', #6488, 1000.000000000000000 ) ;
#2905 = DIRECTION ( 'NONE',  ( 0.9063077870366493816, -0.4226182617407006625, 0.000000000000000000 ) ) ;
#2906 = DIRECTION ( 'NONE',  ( -1.000000000000000000, 0.000000000000000000, -0.000000000000000000 ) ) ;
#2907 = DIRECTION ( 'NONE',  ( -1.000000000000000000, 0.000000000000000000, 0.000000000000000000 ) ) ;
#2908 = EDGE_CURVE ( 'NONE', #1196, #5701, #5981, .T. ) ;
#2909 = DIRECTION ( 'NONE',  ( -0.000000000000000000, -0.000000000000000000, 1.000000000000000000 ) ) ;
#2910 = AXIS2_PLACEMENT_3D ( 'NONE', #3752, #7558, #11339 ) ;
#2911 = LINE ( 'NONE', #5602, #8240 ) ;
#2912 = ORIENTED_EDGE ( 'NONE', *, *, #10143, .T. ) ;
#2913 = LINE ( 'NONE', #4655, #4470 ) ;
#2914 = AXIS2_PLACEMENT_3D ( 'NONE', #5671, #4785, #8598 ) ;
#2915 = VERTEX_POINT ( 'NONE', #11872 ) ;
#2916 = ADVANCED_FACE ( 'NONE', ( #2361 ), #3296, .F. ) ;
#2917 = AXIS2_PLACEMENT_3D ( 'NONE', #7108, #6723, #10506 ) ;
#2918 = VECTOR ( 'NONE', #6551, 1000.000000000000000 ) ;
#2919 = ORIENTED_EDGE ( 'NONE', *, *, #10180, .T. ) ;
#2920 = VERTEX_POINT ( 'NONE', #489 ) ;
#2921 = DIRECTION ( 'NONE',  ( -1.000000000000000000, 0.000000000000000000, 0.000000000000000000 ) ) ;
#2922 = VECTOR ( 'NONE', #10825, 1000.000000000000000 ) ;
#2923 = ORIENTED_EDGE ( 'NONE', *, *, #10611, .F. ) ;
#2924 = FACE_OUTER_BOUND ( 'NONE', #2610, .T. ) ;
#2925 = VERTEX_POINT ( 'NONE', #5227 ) ;
#2926 = CYLINDRICAL_SURFACE ( 'NONE', #10055, 0.1999999999999953204 ) ;
#2927 = CARTESIAN_POINT ( 'NONE',  ( -7.010000000000004228, 1.870000000000000551, 0.6649999999999998135 ) ) ;
#2928 = CARTESIAN_POINT ( 'NONE',  ( 10.57000000000000384, 1.870000000000000551, 0.6649999999999998135 ) ) ;
#2929 = EDGE_CURVE ( 'NONE', #9445, #4870, #7353, .T. ) ;
#2930 = AXIS2_PLACEMENT_3D ( 'NONE', #1142, #4927, #4049 ) ;
#2931 = CARTESIAN_POINT ( 'NONE',  ( 0.6099999999999959899, 1.870000000000000551, 0.6649999999999998135 ) ) ;
#2932 = DIRECTION ( 'NONE',  ( 0.000000000000000000, 1.189977994191405372E-15, -1.000000000000000000 ) ) ;
#2933 = CARTESIAN_POINT ( 'NONE',  ( -13.65000000000000213, 0.000000000000000000, -1.674999999999999822 ) ) ;
#2934 = ADVANCED_FACE ( 'NONE', ( #5359 ), #9966, .F. ) ;
#2935 = ORIENTED_EDGE ( 'NONE', *, *, #4862, .F. ) ;
#2936 = CIRCLE ( 'NONE', #7064, 0.1999999999999953204 ) ;
#2937 = VECTOR ( 'NONE', #10207, 1000.000000000000000 ) ;
#2938 = AXIS2_PLACEMENT_3D ( 'NONE', #9879, #1346, #6210 ) ;
#2939 = CARTESIAN_POINT ( 'NONE',  ( -4.130000000000001670, 0.9000000000000005773, 3.382601427321023646 ) ) ;
#2940 = ORIENTED_EDGE ( 'NONE', *, *, #2202, .F. ) ;
#2941 = CYLINDRICAL_SURFACE ( 'NONE', #10083, 0.1999999999999953204 ) ;
#2942 = VERTEX_POINT ( 'NONE', #12059 ) ;
#2943 = DIRECTION ( 'NONE',  ( 1.000000000000000000, 0.000000000000000000, 0.000000000000000000 ) ) ;
#2944 = DIRECTION ( 'NONE',  ( 1.000000000000000000, 0.000000000000000000, 0.000000000000000000 ) ) ;
#2945 = ADVANCED_FACE ( 'NONE', ( #7168 ), #4350, .F. ) ;
#2946 = CARTESIAN_POINT ( 'NONE',  ( 0.9499999999999977351, 0.000000000000000000, -1.674999999999999822 ) ) ;
#2947 = FACE_OUTER_BOUND ( 'NONE', #3029, .T. ) ;
#2948 = AXIS2_PLACEMENT_3D ( 'NONE', #3101, #3403, #477 ) ;
#2949 = VERTEX_POINT ( 'NONE', #9100 ) ;
#2950 = EDGE_LOOP ( 'NONE', ( #1938, #1717, #4158, #2919 ) ) ;
#2951 = DIRECTION ( 'NONE',  ( -0.000000000000000000, -0.000000000000000000, -1.000000000000000000 ) ) ;
#2952 = ORIENTED_EDGE ( 'NONE', *, *, #6714, .F. ) ;
#2953 = CARTESIAN_POINT ( 'NONE',  ( 0.000000000000000000, -3.049999999999999822, -3.559999999999999165 ) ) ;
#2954 = ORIENTED_EDGE ( 'NONE', *, *, #421, .F. ) ;
#2955 = CARTESIAN_POINT ( 'NONE',  ( -1.590000000000001190, -2.717601427321017837, -3.714999999999999858 ) ) ;
#2956 = FACE_BOUND ( 'NONE', #8219, .T. ) ;
#2957 = LINE ( 'NONE', #5896, #11538 ) ;
#2958 = CARTESIAN_POINT ( 'NONE',  ( 11.42999999999999972, 0.7199999999999999734, -2.894999999999998241 ) ) ;
#2959 = VERTEX_POINT ( 'NONE', #2549 ) ;
#2960 = CARTESIAN_POINT ( 'NONE',  ( -1.590000000000001190, 0.7200000000000000844, -3.074999999999999734 ) ) ;
#2961 = DIRECTION ( 'NONE',  ( 0.000000000000000000, 0.9063077870366494926, -0.4226182617407005515 ) ) ;
#2962 = ORIENTED_EDGE ( 'NONE', *, *, #6059, .T. ) ;
#2963 = EDGE_LOOP ( 'NONE', ( #7750, #11696 ) ) ;
#2964 = CARTESIAN_POINT ( 'NONE',  ( -2.950000000000006395, 0.5700000000000003952, 0.6649999999999998135 ) ) ;
#2965 = ADVANCED_FACE ( 'NONE', ( #11930 ), #11809, .F. ) ;
#2966 = EDGE_CURVE ( 'NONE', #5816, #2162, #11718, .T. ) ;
#2967 = CARTESIAN_POINT ( 'NONE',  ( 22.86000000000000298, 1.385000000000000897, 3.715000000000003411 ) ) ;
#2968 = ORIENTED_EDGE ( 'NONE', *, *, #2243, .T. ) ;
#2969 = DIRECTION ( 'NONE',  ( -0.000000000000000000, -1.000000000000000000, 0.000000000000000000 ) ) ;
#2970 = ORIENTED_EDGE ( 'NONE', *, *, #10764, .F. ) ;
#2971 = DIRECTION ( 'NONE',  ( -0.000000000000000000, -0.000000000000000000, 1.000000000000000000 ) ) ;
#2972 = CARTESIAN_POINT ( 'NONE',  ( 17.78000000000000114, 1.055000000000000382, 3.715000000000003411 ) ) ;
#2973 = SURFACE_STYLE_FILL_AREA ( #10819 ) ;
#2974 = LINE ( 'NONE', #1122, #9821 ) ;
#2975 = ORIENTED_EDGE ( 'NONE', *, *, #11243, .F. ) ;
#2976 = CARTESIAN_POINT ( 'NONE',  ( -0.9500000000000011768, -2.717601427321017837, -3.075000000000000178 ) ) ;
#2977 = ORIENTED_EDGE ( 'NONE', *, *, #10334, .T. ) ;
#2978 = ADVANCED_FACE ( 'NONE', ( #10951 ), #6236, .F. ) ;
#2979 = EDGE_LOOP ( 'NONE', ( #7317, #1433, #5316, #143 ) ) ;
#2980 = AXIS2_PLACEMENT_3D ( 'NONE', #6987, #7044, #10772 ) ;
#2981 = ADVANCED_FACE ( 'NONE', ( #7288 ), #2481, .T. ) ;
#2982 = ORIENTED_EDGE ( 'NONE', *, *, #8788, .F. ) ;
#2983 = CARTESIAN_POINT ( 'NONE',  ( -6.515000000000001457, -3.049999999999999822, -3.230000000000000870 ) ) ;
#2984 = AXIS2_PLACEMENT_3D ( 'NONE', #10515, #9646, #3968 ) ;
#2985 = ORIENTED_EDGE ( 'NONE', *, *, #1592, .F. ) ;
#2986 = DIRECTION ( 'NONE',  ( 0.000000000000000000, -1.000000000000000000, -0.000000000000000000 ) ) ;
#2987 = ORIENTED_EDGE ( 'NONE', *, *, #716, .F. ) ;
#2988 = DIRECTION ( 'NONE',  ( -1.000000000000000000, 0.000000000000000000, 0.000000000000000000 ) ) ;
#2989 = DIRECTION ( 'NONE',  ( -1.000000000000000000, 0.000000000000000000, 0.000000000000000000 ) ) ;
#2990 = FACE_OUTER_BOUND ( 'NONE', #7008, .T. ) ;
#2991 = EDGE_CURVE ( 'NONE', #9377, #1141, #1555, .T. ) ;
#2992 =( NAMED_UNIT ( * ) PLANE_ANGLE_UNIT ( ) SI_UNIT ( $, .RADIAN. ) );
#2993 = DIRECTION ( 'NONE',  ( 0.000000000000000000, -0.4226182617407006625, 0.9063077870366493816 ) ) ;
#2994 = DIRECTION ( 'NONE',  ( -1.000000000000000000, 0.000000000000000000, 0.000000000000000000 ) ) ;
#2995 = AXIS2_PLACEMENT_3D ( 'NONE', #5511, #11959, #3510 ) ;
#2996 = EDGE_LOOP ( 'NONE', ( #5854, #8440, #9932, #603 ) ) ;
#2997 = ADVANCED_FACE ( 'NONE', ( #9164 ), #684, .F. ) ;
#2998 = CYLINDRICAL_SURFACE ( 'NONE', #698, 0.1999999999999953204 ) ;
#2999 = ORIENTED_EDGE ( 'NONE', *, *, #9829, .F. ) ;
#3000 = LINE ( 'NONE', #10847, #5710 ) ;
#3001 = AXIS2_PLACEMENT_3D ( 'NONE', #5386, #6451, #784 ) ;
#3002 = ORIENTED_EDGE ( 'NONE', *, *, #6101, .F. ) ;
#3003 = FACE_BOUND ( 'NONE', #4135, .T. ) ;
#3004 = DIRECTION ( 'NONE',  ( 0.000000000000000000, 0.000000000000000000, 1.000000000000000000 ) ) ;
#3005 = EDGE_CURVE ( 'NONE', #9146, #10861, #8222, .T. ) ;
#3006 = DIRECTION ( 'NONE',  ( 0.000000000000000000, 0.000000000000000000, 1.000000000000000000 ) ) ;
#3007 = FACE_OUTER_BOUND ( 'NONE', #10641, .T. ) ;
#3008 = ORIENTED_EDGE ( 'NONE', *, *, #4085, .F. ) ;
#3009 = LINE ( 'NONE', #6774, #7451 ) ;
#3010 = ORIENTED_EDGE ( 'NONE', *, *, #10160, .T. ) ;
#3011 = MECHANICAL_DESIGN_GEOMETRIC_PRESENTATION_REPRESENTATION (  '', ( #8993 ), #12138 ) ;
#3012 = EDGE_CURVE ( 'NONE', #5893, #7831, #9461, .T. ) ;
#3013 = DIRECTION ( 'NONE',  ( 0.000000000000000000, 0.000000000000000000, -1.000000000000000000 ) ) ;
#3014 = ORIENTED_EDGE ( 'NONE', *, *, #4229, .F. ) ;
#3015 = LINE ( 'NONE', #4011, #5096 ) ;
#3016 = DIRECTION ( 'NONE',  ( -1.000000000000000000, 0.000000000000000000, 0.000000000000000000 ) ) ;
#3017 = DIRECTION ( 'NONE',  ( -0.000000000000000000, -0.000000000000000000, -1.000000000000000000 ) ) ;
#3018 = CARTESIAN_POINT ( 'NONE',  ( 3.489999999999998437, 0.7200000000000000844, -3.714999999999999414 ) ) ;
#3019 = EDGE_CURVE ( 'NONE', #2112, #2650, #6182, .T. ) ;
#3020 = ORIENTED_EDGE ( 'NONE', *, *, #6677, .F. ) ;
#3021 = DIRECTION ( 'NONE',  ( -0.000000000000000000, 1.000000000000000000, 0.000000000000000000 ) ) ;
#3022 = CARTESIAN_POINT ( 'NONE',  ( 9.209999999999999076, 0.9000000000000005773, 3.382601427321023646 ) ) ;
#3023 = COLOUR_RGB ( '',0.7960784313725489669, 0.8235294117647058432, 0.9372549019607843146 ) ;
#3024 = DIRECTION ( 'NONE',  ( 0.000000000000000000, 0.000000000000000000, 1.000000000000000000 ) ) ;
#3025 = VERTEX_POINT ( 'NONE', #3783 ) ;
#3026 = VECTOR ( 'NONE', #7980, 1000.000000000000000 ) ;
#3027 = PLANE ( 'NONE',  #8044 ) ;
#3028 = CARTESIAN_POINT ( 'NONE',  ( -14.43000000000000860, 1.870000000000000551, 0.4649999999999996914 ) ) ;
#3029 = EDGE_LOOP ( 'NONE', ( #2952, #6667, #960, #11964 ) ) ;
#3030 = DIRECTION ( 'NONE',  ( 1.000000000000000000, 0.000000000000000000, 0.000000000000000000 ) ) ;
#3031 = FACE_OUTER_BOUND ( 'NONE', #11760, .T. ) ;
#3032 = ADVANCED_FACE ( 'NONE', ( #5659 ), #3840, .T. ) ;
#3033 = DIRECTION ( 'NONE',  ( 0.000000000000000000, -1.150347132610614786E-16, -1.000000000000000000 ) ) ;
#3034 = DIRECTION ( 'NONE',  ( 0.000000000000000000, 0.000000000000000000, -1.000000000000000000 ) ) ;
#3035 = ORIENTED_EDGE ( 'NONE', *, *, #6297, .T. ) ;
#3036 = DIRECTION ( 'NONE',  ( -0.000000000000000000, -0.000000000000000000, 1.000000000000000000 ) ) ;
#3037 = AXIS2_PLACEMENT_3D ( 'NONE', #2894, #6785, #4892 ) ;
#3038 = ORIENTED_EDGE ( 'NONE', *, *, #9221, .T. ) ;
#3039 = ORIENTED_EDGE ( 'NONE', *, *, #311, .T. ) ;
#3040 = DIRECTION ( 'NONE',  ( -1.000000000000000000, 0.000000000000000000, 0.000000000000000000 ) ) ;
#3041 = ORIENTED_EDGE ( 'NONE', *, *, #4235, .F. ) ;
#3042 = VECTOR ( 'NONE', #7625, 1000.000000000000000 ) ;
#3043 = DIRECTION ( 'NONE',  ( 0.000000000000000000, 0.000000000000000000, 1.000000000000000000 ) ) ;
#3044 = EDGE_LOOP ( 'NONE', ( #1124, #11077, #9293, #11576 ) ) ;
#3045 = FACE_OUTER_BOUND ( 'NONE', #505, .T. ) ;
#3046 = DIRECTION ( 'NONE',  ( 0.000000000000000000, 0.000000000000000000, 1.000000000000000000 ) ) ;
#3047 = CARTESIAN_POINT ( 'NONE',  ( 11.89000000000000412, 0.5700000000000003952, -1.674999999999999822 ) ) ;
#3048 = FILL_AREA_STYLE_COLOUR ( '', #5734 ) ;
#3049 = CARTESIAN_POINT ( 'NONE',  ( 7.009999999999998899, 0.5700000000000003952, 0.4649999999999996914 ) ) ;
#3050 = LINE ( 'NONE', #5992, #4923 ) ;
#3051 = EDGE_CURVE ( 'NONE', #2038, #8882, #4539, .T. ) ;
#3052 = VECTOR ( 'NONE', #2363, 1000.000000000000000 ) ;
#3053 = EDGE_LOOP ( 'NONE', ( #8331, #631, #5648, #2505 ) ) ;
#3054 = VECTOR ( 'NONE', #12286, 1000.000000000000000 ) ;
#3055 = DIRECTION ( 'NONE',  ( -0.000000000000000000, -0.000000000000000000, 1.000000000000000000 ) ) ;
#3056 = ORIENTED_EDGE ( 'NONE', *, *, #4445, .F. ) ;
#3057 = CYLINDRICAL_SURFACE ( 'NONE', #6511, 0.1999999999999953204 ) ;
#3058 = ADVANCED_FACE ( 'NONE', ( #1739 ), #12235, .T. ) ;
#3059 = ORIENTED_EDGE ( 'NONE', *, *, #1241, .T. ) ;
#3060 = FACE_OUTER_BOUND ( 'NONE', #6179, .T. ) ;
#3061 = CIRCLE ( 'NONE', #5044, 0.1999999999999953204 ) ;
#3062 = LINE ( 'NONE', #4060, #5213 ) ;
#3063 = FACE_OUTER_BOUND ( 'NONE', #8259, .T. ) ;
#3064 = LINE ( 'NONE', #8932, #6444 ) ;
#3065 = EDGE_LOOP ( 'NONE', ( #11067, #4071, #672, #7058 ) ) ;
#3066 = EDGE_CURVE ( 'NONE', #2453, #6940, #8351, .T. ) ;
#3067 = VECTOR ( 'NONE', #11057, 1000.000000000000000 ) ;
#3068 = CARTESIAN_POINT ( 'NONE',  ( 1.929999999999997717, 0.5700000000000003952, -1.875000000000000000 ) ) ;
#3069 = ORIENTED_EDGE ( 'NONE', *, *, #574, .T. ) ;
#3070 = ADVANCED_FACE ( 'NONE', ( #869 ), #8345, .T. ) ;
#3071 = VECTOR ( 'NONE', #6145, 1000.000000000000000 ) ;
#3072 = DIRECTION ( 'NONE',  ( -0.3892816206350276365, 0.3892816206350255825, -0.8348171294789862307 ) ) ;
#3073 = ORIENTED_EDGE ( 'NONE', *, *, #6595, .T. ) ;
#3074 = ORIENTED_EDGE ( 'NONE', *, *, #9170, .T. ) ;
#3075 = DIRECTION ( 'NONE',  ( 0.000000000000000000, -1.000000000000000000, -1.150347132610614786E-16 ) ) ;
#3076 = LINE ( 'NONE', #270, #4263 ) ;
#3077 = AXIS2_PLACEMENT_3D ( 'NONE', #6198, #7247, #8180 ) ;
#3078 = CIRCLE ( 'NONE', #3479, 0.1999999999999953204 ) ;
#3079 = FACE_OUTER_BOUND ( 'NONE', #2075, .T. ) ;
#3080 = CARTESIAN_POINT ( 'NONE',  ( 6.669999999999999041, 0.9000000000000005773, 3.715000000000003411 ) ) ;
#3081 = ORIENTED_EDGE ( 'NONE', *, *, #5826, .T. ) ;
#3082 = LINE ( 'NONE', #5011, #6914 ) ;
#3083 = FACE_OUTER_BOUND ( 'NONE', #12158, .T. ) ;
#3084 = VECTOR ( 'NONE', #9989, 1000.000000000000000 ) ;
#3085 = ORIENTED_EDGE ( 'NONE', *, *, #11836, .F. ) ;
#3086 = EDGE_CURVE ( 'NONE', #6199, #5816, #6671, .T. ) ;
#3087 = EDGE_CURVE ( 'NONE', #2925, #7990, #6728, .T. ) ;
#3088 = DIRECTION ( 'NONE',  ( -1.000000000000000000, 0.000000000000000000, 0.000000000000000000 ) ) ;
#3089 = CIRCLE ( 'NONE', #6696, 0.1999999999999952094 ) ;
#3090 = CIRCLE ( 'NONE', #10057, 0.1999999999999953204 ) ;
#3091 = EDGE_CURVE ( 'NONE', #4598, #3125, #4713, .T. ) ;
#3092 = VECTOR ( 'NONE', #12305, 1000.000000000000000 ) ;
#3093 = DIRECTION ( 'NONE',  ( 1.000000000000000000, 0.000000000000000000, 0.000000000000000000 ) ) ;
#3094 = ORIENTED_EDGE ( 'NONE', *, *, #5191, .F. ) ;
#3095 = CARTESIAN_POINT ( 'NONE',  ( 1.929999999999997717, 0.5700000000000003952, 0.6649999999999998135 ) ) ;
#3096 =( GEOMETRIC_REPRESENTATION_CONTEXT ( 3 ) GLOBAL_UNCERTAINTY_ASSIGNED_CONTEXT ( ( #11912 ) ) GLOBAL_UNIT_ASSIGNED_CONTEXT ( ( #2459, #727, #7449 ) ) REPRESENTATION_CONTEXT ( 'NONE', 'WORKASPACE' ) );
#3097 = EDGE_LOOP ( 'NONE', ( #1994, #3808, #2249, #621 ) ) ;
#3098 = CARTESIAN_POINT ( 'NONE',  ( 2.129999999999992788, 0.5700000000000003952, 0.6649999999999998135 ) ) ;
#3099 = CARTESIAN_POINT ( 'NONE',  ( 14.29000000000000092, -3.049999999999999822, -3.075000000000000178 ) ) ;
#3100 = AXIS2_PLACEMENT_3D ( 'NONE', #9016, #6165, #11860 ) ;
#3102 = EDGE_CURVE ( 'NONE', #8723, #9153, #5546, .T. ) ;
#3101 = CARTESIAN_POINT ( 'NONE',  ( 5.689999999999996838, 1.870000000000000551, -1.674999999999999822 ) ) ;
#3103 = DIRECTION ( 'NONE',  ( 1.000000000000000000, 0.000000000000000000, 0.000000000000000000 ) ) ;
#3104 = VERTEX_POINT ( 'NONE', #11373 ) ;
#3105 = CARTESIAN_POINT ( 'NONE',  ( 10.16000000000000014, 1.055000000000000382, 3.715000000000003411 ) ) ;
#3106 = EDGE_CURVE ( 'NONE', #7310, #7381, #2936, .T. ) ;
#3107 = ORIENTED_EDGE ( 'NONE', *, *, #11878, .F. ) ;
#3108 = DIRECTION ( 'NONE',  ( -0.000000000000000000, 0.000000000000000000, -1.000000000000000000 ) ) ;
#3109 = EDGE_LOOP ( 'NONE', ( #11073, #688, #8966, #2729 ) ) ;
#3110 = ORIENTED_EDGE ( 'NONE', *, *, #9521, .T. ) ;
#3111 = DIRECTION ( 'NONE',  ( 0.000000000000000000, -0.4226182617407006625, 0.9063077870366493816 ) ) ;
#3112 = CARTESIAN_POINT ( 'NONE',  ( -8.570000000000002061, 0.9000000000000012434, -2.894999999999998241 ) ) ;
#3113 = DIRECTION ( 'NONE',  ( 0.000000000000000000, 0.000000000000000000, 1.000000000000000000 ) ) ;
#3114 = CARTESIAN_POINT ( 'NONE',  ( -11.75000000000000178, 1.540000000000000480, 3.382601427321023646 ) ) ;
#3115 = DIRECTION ( 'NONE',  ( -1.000000000000000000, 0.000000000000000000, 0.000000000000000000 ) ) ;
#3116 = LINE ( 'NONE', #8738, #5527 ) ;
#3117 = CIRCLE ( 'NONE', #331, 0.1999999999999953204 ) ;
#3118 = EDGE_CURVE ( 'NONE', #11671, #11206, #41, .T. ) ;
#3119 = ORIENTED_EDGE ( 'NONE', *, *, #6572, .T. ) ;
#3120 = AXIS2_PLACEMENT_3D ( 'NONE', #4871, #12204, #1821 ) ;
#3121 = CARTESIAN_POINT ( 'NONE',  ( -3.490000000000001990, 0.9000000000000005773, 3.715000000000003411 ) ) ;
#3122 = EDGE_CURVE ( 'NONE', #1812, #4189, #10455, .T. ) ;
#3123 = EDGE_LOOP ( 'NONE', ( #6962, #2466 ) ) ;
#3124 = CARTESIAN_POINT ( 'NONE',  ( 8.724999999999999645, -3.049999999999999822, -4.336808689942017736E-16 ) ) ;
#3125 = VERTEX_POINT ( 'NONE', #12172 ) ;
#3126 = DIRECTION ( 'NONE',  ( -0.000000000000000000, -0.000000000000000000, -1.000000000000000000 ) ) ;
#3127 = CARTESIAN_POINT ( 'NONE',  ( -6.810000000000008491, 1.870000000000000551, 0.4649999999999996914 ) ) ;
#3128 = LINE ( 'NONE', #1152, #7719 ) ;
#3129 = CARTESIAN_POINT ( 'NONE',  ( -0.8099999999999963896, 0.5700000000000003952, 0.4649999999999996914 ) ) ;
#3130 = DIRECTION ( 'NONE',  ( -1.000000000000000000, 0.000000000000000000, 0.000000000000000000 ) ) ;
#3131 = VERTEX_POINT ( 'NONE', #1911 ) ;
#3132 = DIRECTION ( 'NONE',  ( 1.000000000000000000, 0.000000000000000000, 0.000000000000000000 ) ) ;
#3133 = AXIS2_PLACEMENT_3D ( 'NONE', #5243, #10110, #9049 ) ;
#3134 = AXIS2_PLACEMENT_3D ( 'NONE', #7055, #2312, #6126 ) ;
#3135 = EDGE_CURVE ( 'NONE', #1951, #8560, #1752, .T. ) ;
#3136 = ORIENTED_EDGE ( 'NONE', *, *, #3172, .F. ) ;
#3137 = DIRECTION ( 'NONE',  ( 0.3892816206350276365, 0.3892816206350255825, 0.8348171294789862307 ) ) ;
#3138 = EDGE_CURVE ( 'NONE', #5816, #7831, #7410, .T. ) ;
#3139 = ORIENTED_EDGE ( 'NONE', *, *, #4928, .F. ) ;
#3140 = ORIENTED_EDGE ( 'NONE', *, *, #6730, .T. ) ;
#3141 = DIRECTION ( 'NONE',  ( -0.000000000000000000, -0.000000000000000000, -1.000000000000000000 ) ) ;
#3142 = CARTESIAN_POINT ( 'NONE',  ( 6.810000000000003162, 0.5700000000000003952, 0.6649999999999998135 ) ) ;
#3143 = CARTESIAN_POINT ( 'NONE',  ( -8.230000000000000426, 0.5700000000000003952, -1.674999999999999822 ) ) ;
#3144 = FACE_OUTER_BOUND ( 'NONE', #9779, .T. ) ;
#3145 = VERTEX_POINT ( 'NONE', #4775 ) ;
#3146 = LINE ( 'NONE', #5142, #9298 ) ;
#3147 = FACE_OUTER_BOUND ( 'NONE', #8767, .T. ) ;
#3148 = CARTESIAN_POINT ( 'NONE',  ( -13.50999999999999801, 0.5700000000000003952, 0.6649999999999998135 ) ) ;
#3149 = ORIENTED_EDGE ( 'NONE', *, *, #9549, .T. ) ;
#3150 = DIRECTION ( 'NONE',  ( 1.000000000000000000, 0.000000000000000000, 0.000000000000000000 ) ) ;
#3151 = VERTEX_POINT ( 'NONE', #8590 ) ;
#3152 = VECTOR ( 'NONE', #2897, 1000.000000000000000 ) ;
#3153 = DIRECTION ( 'NONE',  ( -0.000000000000000000, 0.000000000000000000, 1.000000000000000000 ) ) ;
#3154 = EDGE_CURVE ( 'NONE', #4611, #10675, #12073, .T. ) ;
#3155 = ORIENTED_EDGE ( 'NONE', *, *, #4721, .F. ) ;
#3156 = SURFACE_STYLE_USAGE ( .BOTH. , #5912 ) ;
#3157 = DIRECTION ( 'NONE',  ( -0.000000000000000000, 1.000000000000000000, 1.150347132610614786E-16 ) ) ;
#3158 = CARTESIAN_POINT ( 'NONE',  ( -0.9500000000000011768, 0.9000000000000005773, 3.382601427321023646 ) ) ;
#3159 = EDGE_CURVE ( 'NONE', #4702, #9813, #11438, .T. ) ;
#3160 = FILL_AREA_STYLE_COLOUR ( '', #5940 ) ;
#3161 = ORIENTED_EDGE ( 'NONE', *, *, #9227, .T. ) ;
#3162 = VERTEX_POINT ( 'NONE', #11501 ) ;
#3163 = LINE ( 'NONE', #360, #2480 ) ;
#3164 = EDGE_CURVE ( 'NONE', #11547, #8104, #10749, .T. ) ;
#3165 = ORIENTED_EDGE ( 'NONE', *, *, #3956, .F. ) ;
#3166 = CARTESIAN_POINT ( 'NONE',  ( -6.030000000000002025, 0.7200000000000000844, -3.074999999999999734 ) ) ;
#3167 = EDGE_LOOP ( 'NONE', ( #9151, #3529, #11665, #10871 ) ) ;
#3168 = ORIENTED_EDGE ( 'NONE', *, *, #5451, .F. ) ;
#3169 = LINE ( 'NONE', #10893, #10248 ) ;
#3170 = PLANE ( 'NONE',  #6788 ) ;
#3171 = DIRECTION ( 'NONE',  ( 1.000000000000000000, 0.000000000000000000, 0.000000000000000000 ) ) ;
#3172 = EDGE_CURVE ( 'NONE', #9491, #713, #4256, .T. ) ;
#3173 =( LENGTH_UNIT ( ) NAMED_UNIT ( * ) SI_UNIT ( .MILLI., .METRE. ) );
#3174 = DIRECTION ( 'NONE',  ( 0.000000000000000000, 1.000000000000000000, -1.150347132610614786E-16 ) ) ;
#3175 = CARTESIAN_POINT ( 'NONE',  ( 3.974999999999997424, -3.049999999999999822, -4.336808689942017736E-16 ) ) ;
#3176 = VERTEX_POINT ( 'NONE', #6153 ) ;
#3177 = AXIS2_PLACEMENT_3D ( 'NONE', #556, #10149, #1613 ) ;
#3178 = VECTOR ( 'NONE', #4772, 1000.000000000000000 ) ;
#3179 = ORIENTED_EDGE ( 'NONE', *, *, #5029, .T. ) ;
#3180 = DIRECTION ( 'NONE',  ( -1.000000000000000000, 0.000000000000000000, 0.000000000000000000 ) ) ;
#3181 = DIRECTION ( 'NONE',  ( 0.000000000000000000, 0.000000000000000000, -1.000000000000000000 ) ) ;
#3182 = ORIENTED_EDGE ( 'NONE', *, *, #6208, .T. ) ;
#3183 = CARTESIAN_POINT ( 'NONE',  ( 9.209999999999999076, 0.9000000000000010214, -2.894999999999998241 ) ) ;
#3184 = FACE_BOUND ( 'NONE', #10857, .T. ) ;
#3185 = EDGE_CURVE ( 'NONE', #1736, #2596, #10517, .T. ) ;
#3186 = DIRECTION ( 'NONE',  ( -0.000000000000000000, -0.000000000000000000, 1.000000000000000000 ) ) ;
#3187 = AXIS2_PLACEMENT_3D ( 'NONE', #12279, #10503, #10375 ) ;
#3188 = FACE_OUTER_BOUND ( 'NONE', #2300, .T. ) ;
#3189 = CARTESIAN_POINT ( 'NONE',  ( 14.63000000000000078, 0.5700000000000003952, 0.6649999999999998135 ) ) ;
#3190 = EDGE_LOOP ( 'NONE', ( #9391, #6249, #9789, #3035 ) ) ;
#3191 = DIRECTION ( 'NONE',  ( 0.000000000000000000, 0.000000000000000000, -1.000000000000000000 ) ) ;
#3192 = VERTEX_POINT ( 'NONE', #8074 ) ;
#3193 = VECTOR ( 'NONE', #10545, 1000.000000000000000 ) ;
#3194 = CARTESIAN_POINT ( 'NONE',  ( 5.490000000000001990, 1.870000000000000551, 0.6649999999999998135 ) ) ;
#3195 = ORIENTED_EDGE ( 'NONE', *, *, #11447, .T. ) ;
#3196 = DIRECTION ( 'NONE',  ( 0.000000000000000000, 0.000000000000000000, -1.000000000000000000 ) ) ;
#3197 = DIRECTION ( 'NONE',  ( -0.000000000000000000, -0.000000000000000000, 1.000000000000000000 ) ) ;
#3198 = CARTESIAN_POINT ( 'NONE',  ( -11.89000000000000767, 1.870000000000000551, 0.6649999999999998135 ) ) ;
#3199 = LINE ( 'NONE', #7016, #725 ) ;
#3200 = ORIENTED_EDGE ( 'NONE', *, *, #1403, .F. ) ;
#3201 = CARTESIAN_POINT ( 'NONE',  ( -13.65000000000000213, 0.9000000000000005773, 0.4649999999999996914 ) ) ;
#3202 = EDGE_CURVE ( 'NONE', #260, #589, #11847, .T. ) ;
#3203 = DIRECTION ( 'NONE',  ( -0.000000000000000000, -0.000000000000000000, 1.000000000000000000 ) ) ;
#3204 = DIRECTION ( 'NONE',  ( -1.000000000000000000, 0.000000000000000000, 0.000000000000000000 ) ) ;
#3205 = ORIENTED_EDGE ( 'NONE', *, *, #1036, .F. ) ;
#3206 = DIRECTION ( 'NONE',  ( 1.000000000000000000, 0.000000000000000000, 0.000000000000000000 ) ) ;
#3207 = EDGE_CURVE ( 'NONE', #5298, #6108, #4196, .T. ) ;
#3208 = CARTESIAN_POINT ( 'NONE',  ( -12.09000000000000341, 1.870000000000000551, -1.875000000000000000 ) ) ;
#3209 = DIRECTION ( 'NONE',  ( -1.000000000000000000, 0.000000000000000000, 0.000000000000000000 ) ) ;
#3210 = DIRECTION ( 'NONE',  ( 1.000000000000000000, 0.000000000000000000, 0.000000000000000000 ) ) ;
#3211 = VECTOR ( 'NONE', #6961, 1000.000000000000000 ) ;
#3212 = CARTESIAN_POINT ( 'NONE',  ( 3.489999999999998437, 1.540000000000000480, 3.382601427321023646 ) ) ;
#3213 = EDGE_LOOP ( 'NONE', ( #28, #9374 ) ) ;
#3214 = ADVANCED_FACE ( 'NONE', ( #3147 ), #10808, .F. ) ;
#3215 = CARTESIAN_POINT ( 'NONE',  ( -13.31000000000000227, 0.5700000000000003952, 0.6649999999999998135 ) ) ;
#3216 = EDGE_LOOP ( 'NONE', ( #11408, #6978, #11079, #9615 ) ) ;
#3217 = ORIENTED_EDGE ( 'NONE', *, *, #837, .T. ) ;
#3218 = DIRECTION ( 'NONE',  ( -0.000000000000000000, 1.000000000000000000, 1.150347132610614786E-16 ) ) ;
#3219 = ADVANCED_FACE ( 'NONE', ( #7146 ), #3266, .F. ) ;
#3220 = AXIS2_PLACEMENT_3D ( 'NONE', #7367, #3494, #634 ) ;
#3221 = EDGE_CURVE ( 'NONE', #2070, #9546, #8136, .T. ) ;
#3222 = ADVANCED_FACE ( 'NONE', ( #10868 ), #10928, .F. ) ;
#3223 = ORIENTED_EDGE ( 'NONE', *, *, #3118, .F. ) ;
#3224 = LINE ( 'NONE', #7039, #2922 ) ;
#3225 = ORIENTED_EDGE ( 'NONE', *, *, #11737, .F. ) ;
#3226 = EDGE_LOOP ( 'NONE', ( #5749, #5182, #6708, #2846 ) ) ;
#3227 = CARTESIAN_POINT ( 'NONE',  ( -0.6100000000000012079, 0.5700000000000003952, -1.674999999999999822 ) ) ;
#3228 = CARTESIAN_POINT ( 'NONE',  ( -5.690000000000002167, 0.5700000000000003952, -1.875000000000000000 ) ) ;
#3229 = VECTOR ( 'NONE', #8791, 1000.000000000000000 ) ;
#3230 = CARTESIAN_POINT ( 'NONE',  ( 14.29000000000000092, 0.9000000000000005773, -2.894999999999997797 ) ) ;
#3231 = DIRECTION ( 'NONE',  ( -1.000000000000000000, 0.000000000000000000, 0.000000000000000000 ) ) ;
#3232 = DIRECTION ( 'NONE',  ( 1.000000000000000000, 0.000000000000000000, 0.000000000000000000 ) ) ;
#3233 = ORIENTED_EDGE ( 'NONE', *, *, #7188, .T. ) ;
#3234 = DIRECTION ( 'NONE',  ( 0.3892816206350239172, 0.3892816206350261377, -0.8348171294789875629 ) ) ;
#3235 = EDGE_CURVE ( 'NONE', #4656, #6108, #4836, .T. ) ;
#3236 = VERTEX_POINT ( 'NONE', #2337 ) ;
#3237 = ADVANCED_FACE ( 'NONE', ( #9069 ), #9940, .T. ) ;
#3238 = ORIENTED_EDGE ( 'NONE', *, *, #8951, .T. ) ;
#3239 = AXIS2_PLACEMENT_3D ( 'NONE', #10242, #718, #11962 ) ;
#3240 = EDGE_CURVE ( 'NONE', #6523, #1314, #342, .T. ) ;
#3241 = DIRECTION ( 'NONE',  ( 1.000000000000000000, 0.000000000000000000, -0.000000000000000000 ) ) ;
#3242 = ORIENTED_EDGE ( 'NONE', *, *, #9689, .T. ) ;
#3243 = DIRECTION ( 'NONE',  ( 0.000000000000000000, 0.000000000000000000, 1.000000000000000000 ) ) ;
#3244 = ORIENTED_EDGE ( 'NONE', *, *, #7046, .T. ) ;
#3245 = DIRECTION ( 'NONE',  ( -0.000000000000000000, 0.000000000000000000, 1.000000000000000000 ) ) ;
#3246 = EDGE_LOOP ( 'NONE', ( #5596, #9026, #5565, #1729 ) ) ;
#3247 = FACE_BOUND ( 'NONE', #4356, .T. ) ;
#3248 = FILL_AREA_STYLE_COLOUR ( '', #7801 ) ;
#3249 = CARTESIAN_POINT ( 'NONE',  ( -7.010000000000004228, 1.870000000000000551, 0.6649999999999998135 ) ) ;
#3250 = LINE ( 'NONE', #4998, #51 ) ;
#3251 = DIRECTION ( 'NONE',  ( -0.3892816206350259711, -0.8348171294789868968, -0.3892816206350259711 ) ) ;
#3252 = CIRCLE ( 'NONE', #7438, 0.1999999999999953204 ) ;
#3253 = EDGE_LOOP ( 'NONE', ( #12023, #7295 ) ) ;
#3254 = DIRECTION ( 'NONE',  ( 0.000000000000000000, 0.000000000000000000, 1.000000000000000000 ) ) ;
#3255 = ORIENTED_EDGE ( 'NONE', *, *, #8398, .F. ) ;
#3256 = EDGE_CURVE ( 'NONE', #8560, #6420, #460, .T. ) ;
#3257 = VECTOR ( 'NONE', #2094, 999.9999999999998863 ) ;
#3258 = DIRECTION ( 'NONE',  ( -1.000000000000000000, 0.000000000000000000, 0.000000000000000000 ) ) ;
#3259 = EDGE_LOOP ( 'NONE', ( #548, #8825, #11595, #11891 ) ) ;
#3260 = PLANE ( 'NONE',  #8085 ) ;
#3261 = CARTESIAN_POINT ( 'NONE',  ( 6.669999999999999041, 0.7200000000000001954, -3.074999999999999734 ) ) ;
#3262 = CARTESIAN_POINT ( 'NONE',  ( -3.490000000000001990, 0.9000000000000005773, 3.382601427321023646 ) ) ;
#3263 = CARTESIAN_POINT ( 'NONE',  ( -0.8955169586153336470, -4.206925115746958710, -3.020516958615332648 ) ) ;
#3264 = LINE ( 'NONE', #7080, #1143 ) ;
#3265 = VECTOR ( 'NONE', #3701, 1000.000000000000000 ) ;
#3266 = PLANE ( 'NONE',  #129 ) ;
#3267 = LINE ( 'NONE', #3148, #1450 ) ;
#3268 = ORIENTED_EDGE ( 'NONE', *, *, #7668, .T. ) ;
#3269 = DIRECTION ( 'NONE',  ( 0.000000000000000000, -1.000000000000000000, 1.150347132610614786E-16 ) ) ;
#3270 = AXIS2_PLACEMENT_3D ( 'NONE', #9933, #4247, #8126 ) ;
#3271 = EDGE_LOOP ( 'NONE', ( #5939, #7120 ) ) ;
#3272 = AXIS2_PLACEMENT_3D ( 'NONE', #7599, #9468, #1919 ) ;
#3273 = CIRCLE ( 'NONE', #1884, 0.1999999999999953204 ) ;
#3274 = CARTESIAN_POINT ( 'NONE',  ( 6.669999999999999041, 0.9000000000000012434, -2.894999999999998241 ) ) ;
#3275 =( LENGTH_UNIT ( ) NAMED_UNIT ( * ) SI_UNIT ( .MILLI., .METRE. ) );
#3276 = AXIS2_PLACEMENT_3D ( 'NONE', #9247, #899, #12262 ) ;
#3277 = CARTESIAN_POINT ( 'NONE',  ( -14.63000000000000433, 1.870000000000000551, -1.875000000000000000 ) ) ;
#3278 = EDGE_CURVE ( 'NONE', #2630, #2114, #5505, .T. ) ;
#3279 = LINE ( 'NONE', #3158, #9276 ) ;
#3280 = EDGE_LOOP ( 'NONE', ( #7214, #10755, #4933, #9117 ) ) ;
#3281 = LINE ( 'NONE', #11001, #3352 ) ;
#3282 = AXIS2_PLACEMENT_3D ( 'NONE', #11223, #11452, #7678 ) ;
#3283 = ORIENTED_EDGE ( 'NONE', *, *, #11929, .T. ) ;
#3284 = VERTEX_POINT ( 'NONE', #2272 ) ;
#3285 = FACE_OUTER_BOUND ( 'NONE', #10520, .T. ) ;
#3286 = VECTOR ( 'NONE', #11004, 1000.000000000000000 ) ;
#3287 = AXIS2_PLACEMENT_3D ( 'NONE', #11207, #12071, #5491 ) ;
#3288 = EDGE_CURVE ( 'NONE', #4289, #516, #8321, .T. ) ;
#3289 = ORIENTED_EDGE ( 'NONE', *, *, #4612, .T. ) ;
#3290 = DIRECTION ( 'NONE',  ( -0.000000000000000000, 1.000000000000000000, 1.150347132610614786E-16 ) ) ;
#3291 = AXIS2_PLACEMENT_3D ( 'NONE', #1539, #4575, #4395 ) ;
#3292 = ORIENTED_EDGE ( 'NONE', *, *, #10635, .T. ) ;
#3293 = EDGE_CURVE ( 'NONE', #9958, #1349, #6105, .T. ) ;
#3294 = DIRECTION ( 'NONE',  ( -0.000000000000000000, -0.000000000000000000, -1.000000000000000000 ) ) ;
#3295 = DIRECTION ( 'NONE',  ( 0.000000000000000000, 0.000000000000000000, -1.000000000000000000 ) ) ;
#3296 = PLANE ( 'NONE',  #601 ) ;
#3297 = CARTESIAN_POINT ( 'NONE',  ( -0.9500000000000011768, 0.7200000000000001954, -3.714999999999999414 ) ) ;
#3298 = VECTOR ( 'NONE', #5894, 1000.000000000000000 ) ;
#3299 = FACE_OUTER_BOUND ( 'NONE', #8704, .T. ) ;
#3300 = EDGE_LOOP ( 'NONE', ( #10487, #2837, #8172, #7557 ) ) ;
#3301 = CARTESIAN_POINT ( 'NONE',  ( 9.209999999999999076, 0.7200000000000001954, -3.074999999999999734 ) ) ;
#3302 = AXIS2_PLACEMENT_3D ( 'NONE', #9573, #6782, #9444 ) ;
#3303 = VERTEX_POINT ( 'NONE', #8946 ) ;
#3304 = CARTESIAN_POINT ( 'NONE',  ( -15.24000000000000199, 0.000000000000000000, 0.4649999999999996914 ) ) ;
#3305 = AXIS2_PLACEMENT_3D ( 'NONE', #4618, #6515, #10419 ) ;
#3306 = LINE ( 'NONE', #5178, #3473 ) ;
#3307 = ORIENTED_EDGE ( 'NONE', *, *, #362, .T. ) ;
#3308 = EDGE_CURVE ( 'NONE', #8637, #10179, #351, .T. ) ;
#3309 = LINE ( 'NONE', #8342, #11453 ) ;
#3310 = ORIENTED_EDGE ( 'NONE', *, *, #3761, .T. ) ;
#3311 = AXIS2_PLACEMENT_3D ( 'NONE', #1405, #3329, #11783 ) ;
#3312 = CARTESIAN_POINT ( 'NONE',  ( -2.950000000000006395, 0.5700000000000003952, 0.6649999999999998135 ) ) ;
#3313 = CARTESIAN_POINT ( 'NONE',  ( -9.210000000000002629, -3.049999999999999822, -3.075000000000000178 ) ) ;
#3314 = DIRECTION ( 'NONE',  ( 0.000000000000000000, -1.000000000000000000, 0.000000000000000000 ) ) ;
#3315 = DIRECTION ( 'NONE',  ( 0.3892816206350276365, 0.3892816206350255825, 0.8348171294789862307 ) ) ;
#3316 = ORIENTED_EDGE ( 'NONE', *, *, #1487, .F. ) ;
#3317 = ADVANCED_FACE ( 'NONE', ( #8256 ), #7200, .T. ) ;
#3318 = DIRECTION ( 'NONE',  ( 0.000000000000000000, 0.000000000000000000, -1.000000000000000000 ) ) ;
#3319 = EDGE_LOOP ( 'NONE', ( #6072, #10451 ) ) ;
#3320 = AXIS2_PLACEMENT_3D ( 'NONE', #7395, #11184, #6111 ) ;
#3321 = DIRECTION ( 'NONE',  ( 0.000000000000000000, 5.421010862427481938E-15, -1.000000000000000000 ) ) ;
#3322 = ORIENTED_EDGE ( 'NONE', *, *, #5242, .T. ) ;
#3323 = ADVANCED_FACE ( 'NONE', ( #2450 ), #3513, .T. ) ;
#3324 = CARTESIAN_POINT ( 'NONE',  ( -1.590000000000001190, -2.717601427321017837, -3.714999999999999858 ) ) ;
#3325 = DIRECTION ( 'NONE',  ( 0.000000000000000000, 1.000000000000000000, 1.150347132610614786E-16 ) ) ;
#3326 = DIRECTION ( 'NONE',  ( 0.000000000000000000, -0.9063077870366494926, -0.4226182617407005515 ) ) ;
#3327 = PLANE ( 'NONE',  #5607 ) ;
#3328 = LINE ( 'NONE', #275, #10879 ) ;
#3329 = DIRECTION ( 'NONE',  ( 0.000000000000000000, 1.000000000000000000, 0.000000000000000000 ) ) ;
#3330 = LINE ( 'NONE', #1285, #11571 ) ;
#3331 = VECTOR ( 'NONE', #4061, 1000.000000000000000 ) ;
#3332 = ORIENTED_EDGE ( 'NONE', *, *, #10539, .T. ) ;
#3333 = EDGE_CURVE ( 'NONE', #8882, #6890, #10061, .T. ) ;
#3334 = VECTOR ( 'NONE', #637, 1000.000000000000000 ) ;
#3335 = CARTESIAN_POINT ( 'NONE',  ( -11.75000000000000178, 0.7200000000000008615, -3.074999999999999734 ) ) ;
#3336 = ORIENTED_EDGE ( 'NONE', *, *, #5439, .T. ) ;
#3337 = VECTOR ( 'NONE', #807, 1000.000000000000000 ) ;
#3338 = AXIS2_PLACEMENT_3D ( 'NONE', #2239, #1311, #5039 ) ;
#3339 = FACE_OUTER_BOUND ( 'NONE', #3300, .T. ) ;
#3340 = VECTOR ( 'NONE', #9138, 1000.000000000000000 ) ;
#3341 = ORIENTED_EDGE ( 'NONE', *, *, #7127, .T. ) ;
#3342 = CARTESIAN_POINT ( 'NONE',  ( 1.269999999999996909, 0.7199999999999999734, -2.894999999999998241 ) ) ;
#3343 = SHAPE_DEFINITION_REPRESENTATION ( #8135, #11270 ) ;
#3344 = CARTESIAN_POINT ( 'NONE',  ( 5.689999999999996838, 1.870000000000000551, 0.6649999999999998135 ) ) ;
#3345 = FACE_OUTER_BOUND ( 'NONE', #2380, .T. ) ;
#3346 = ORIENTED_EDGE ( 'NONE', *, *, #6215, .T. ) ;
#3347 = VECTOR ( 'NONE', #10571, 1000.000000000000000 ) ;
#3348 = CARTESIAN_POINT ( 'NONE',  ( 3.974999999999999201, -2.174999999999998934, 3.715000000000003855 ) ) ;
#3349 = EDGE_CURVE ( 'NONE', #5778, #1951, #6398, .T. ) ;
#3350 = EDGE_LOOP ( 'NONE', ( #1441, #8925 ) ) ;
#3351 = CARTESIAN_POINT ( 'NONE',  ( -3.349999999999996980, 0.5700000000000003952, -1.875000000000000000 ) ) ;
#3352 = VECTOR ( 'NONE', #10883, 1000.000000000000000 ) ;
#3353 = EDGE_LOOP ( 'NONE', ( #3255, #4673, #1622, #11221 ) ) ;
#3354 = EDGE_CURVE ( 'NONE', #3499, #11721, #10177, .T. ) ;
#3355 = VERTEX_POINT ( 'NONE', #4383 ) ;
#3356 = CARTESIAN_POINT ( 'NONE',  ( -11.75000000000000178, 0.9000000000000005773, -2.894999999999997797 ) ) ;
#3357 = CARTESIAN_POINT ( 'NONE',  ( -8.570000000000002061, 0.7199999999999999734, -2.894999999999998241 ) ) ;
#3358 = DIRECTION ( 'NONE',  ( -1.000000000000000000, 0.000000000000000000, 0.000000000000000000 ) ) ;
#3359 = PLANE ( 'NONE',  #151 ) ;
#3360 = EDGE_CURVE ( 'NONE', #10128, #168, #10310, .T. ) ;
#3361 = LINE ( 'NONE', #7111, #62 ) ;
#3362 = EDGE_LOOP ( 'NONE', ( #4067, #4763, #736, #7276 ) ) ;
#3363 = CARTESIAN_POINT ( 'NONE',  ( 6.029999999999998472, 1.540000000000000924, -2.894999999999998241 ) ) ;
#3364 = ORIENTED_EDGE ( 'NONE', *, *, #1483, .F. ) ;
#3365 = EDGE_CURVE ( 'NONE', #9546, #4116, #8193, .T. ) ;
#3366 = ORIENTED_EDGE ( 'NONE', *, *, #5980, .F. ) ;
#3367 = PLANE ( 'NONE',  #11489 ) ;
#3368 = EDGE_LOOP ( 'NONE', ( #3606, #329, #9362, #4951 ) ) ;
#3369 = CARTESIAN_POINT ( 'NONE',  ( -3.975000000000000977, -3.049999999999999822, -3.714999999999999858 ) ) ;
#3370 = VERTEX_POINT ( 'NONE', #12027 ) ;
#3371 = ORIENTED_EDGE ( 'NONE', *, *, #10025, .F. ) ;
#3372 = DIRECTION ( 'NONE',  ( -0.000000000000000000, -0.000000000000000000, -1.000000000000000000 ) ) ;
#3373 = CARTESIAN_POINT ( 'NONE',  ( -6.670000000000002593, 0.7200000000000000844, -3.074999999999999734 ) ) ;
#3374 = FACE_OUTER_BOUND ( 'NONE', #2469, .T. ) ;
#3375 = DIRECTION ( 'NONE',  ( 0.000000000000000000, 0.000000000000000000, -1.000000000000000000 ) ) ;
#3376 = DIRECTION ( 'NONE',  ( -1.000000000000000000, 0.000000000000000000, 0.000000000000000000 ) ) ;
#3377 = EDGE_LOOP ( 'NONE', ( #4889, #7017, #4444, #6243 ) ) ;
#3378 = DIRECTION ( 'NONE',  ( 1.000000000000000000, 0.000000000000000000, 0.000000000000000000 ) ) ;
#3379 = ADVANCED_FACE ( 'NONE', ( #11961 ), #3446, .T. ) ;
#3380 = ORIENTED_EDGE ( 'NONE', *, *, #499, .T. ) ;
#3381 = DIRECTION ( 'NONE',  ( 1.000000000000000000, 0.000000000000000000, -0.000000000000000000 ) ) ;
#3382 = EDGE_CURVE ( 'NONE', #3236, #3592, #4358, .T. ) ;
#3383 = CARTESIAN_POINT ( 'NONE',  ( -1.730000000000007532, 1.870000000000000551, 0.6649999999999998135 ) ) ;
#3384 = LINE ( 'NONE', #7379, #3683 ) ;
#3385 = AXIS2_PLACEMENT_3D ( 'NONE', #7657, #2905, #9457 ) ;
#3386 = ORIENTED_EDGE ( 'NONE', *, *, #611, .T. ) ;
#3387 = DIRECTION ( 'NONE',  ( 1.000000000000000000, 0.000000000000000000, 0.000000000000000000 ) ) ;
#3388 = LINE ( 'NONE', #2449, #2715 ) ;
#3389 = CARTESIAN_POINT ( 'NONE',  ( 2.540000000000000036, -3.049999999999999822, -4.336808689942017736E-16 ) ) ;
#3390 = DIRECTION ( 'NONE',  ( 0.000000000000000000, 0.000000000000000000, 1.000000000000000000 ) ) ;
#3391 = VERTEX_POINT ( 'NONE', #1382 ) ;
#3392 = ORIENTED_EDGE ( 'NONE', *, *, #6123, .T. ) ;
#3393 = CARTESIAN_POINT ( 'NONE',  ( 9.209999999999999076, -2.717601427321017837, -3.075000000000000178 ) ) ;
#3394 = ADVANCED_FACE ( 'NONE', ( #10032 ), #3367, .F. ) ;
#3395 = ORIENTED_EDGE ( 'NONE', *, *, #8199, .F. ) ;
#3396 = VECTOR ( 'NONE', #7517, 999.9999999999998863 ) ;
#3397 = PLANE ( 'NONE',  #11795 ) ;
#3398 = ADVANCED_FACE ( 'NONE', ( #5301 ), #5115, .T. ) ;
#3399 = DIRECTION ( 'NONE',  ( 1.000000000000000000, 0.000000000000000000, -0.000000000000000000 ) ) ;
#3400 = CARTESIAN_POINT ( 'NONE',  ( 12.08999999999999986, 0.5700000000000003952, 0.6649999999999998135 ) ) ;
#3401 = ORIENTED_EDGE ( 'NONE', *, *, #9292, .F. ) ;
#3402 = ORIENTED_EDGE ( 'NONE', *, *, #8839, .F. ) ;
#3403 = DIRECTION ( 'NONE',  ( -0.000000000000000000, -0.000000000000000000, 1.000000000000000000 ) ) ;
#3404 = ORIENTED_EDGE ( 'NONE', *, *, #10952, .F. ) ;
#3405 = CARTESIAN_POINT ( 'NONE',  ( -8.570000000000002061, 0.9000000000000005773, 3.382601427321023646 ) ) ;
#3406 = VERTEX_POINT ( 'NONE', #1438 ) ;
#3407 = VERTEX_POINT ( 'NONE', #11881 ) ;
#3408 = VECTOR ( 'NONE', #4078, 1000.000000000000000 ) ;
#3409 = EDGE_CURVE ( 'NONE', #6523, #2247, #8979, .T. ) ;
#3410 = ORIENTED_EDGE ( 'NONE', *, *, #11639, .F. ) ;
#3411 = CARTESIAN_POINT ( 'NONE',  ( 8.570000000000000284, 1.540000000000000480, 3.382601427321023646 ) ) ;
#3412 = PLANE ( 'NONE',  #11045 ) ;
#3413 = DIRECTION ( 'NONE',  ( 1.000000000000000000, 0.000000000000000000, -0.000000000000000000 ) ) ;
#3414 = FACE_OUTER_BOUND ( 'NONE', #2095, .T. ) ;
#3415 = CARTESIAN_POINT ( 'NONE',  ( 11.42999999999999972, 0.7199999999999999734, -2.894999999999998241 ) ) ;
#3416 = ORIENTED_EDGE ( 'NONE', *, *, #3988, .T. ) ;
#3417 = DIRECTION ( 'NONE',  ( 0.3892816206350276365, 0.3892816206350255825, 0.8348171294789862307 ) ) ;
#3418 = VECTOR ( 'NONE', #2431, 1000.000000000000000 ) ;
#3419 = ORIENTED_EDGE ( 'NONE', *, *, #8839, .T. ) ;
#3420 = ORIENTED_EDGE ( 'NONE', *, *, #9376, .T. ) ;
#3421 = DIRECTION ( 'NONE',  ( -1.000000000000000000, 0.000000000000000000, -0.000000000000000000 ) ) ;
#3422 = EDGE_LOOP ( 'NONE', ( #4999, #3471, #4582, #1697 ) ) ;
#3423 = AXIS2_PLACEMENT_3D ( 'NONE', #2770, #3896, #3960 ) ;
#3424 = PLANE ( 'NONE',  #11815 ) ;
#3425 = EDGE_LOOP ( 'NONE', ( #6365, #948, #12048, #2357 ) ) ;
#3426 = LINE ( 'NONE', #3312, #1216 ) ;
#3427 = LINE ( 'NONE', #12075, #846 ) ;
#3428 = EDGE_CURVE ( 'NONE', #8809, #11547, #6743, .T. ) ;
#3429 = CARTESIAN_POINT ( 'NONE',  ( 8.570000000000000284, 0.9000000000000013545, 3.382601427321023646 ) ) ;
#3430 = FACE_OUTER_BOUND ( 'NONE', #11271, .T. ) ;
#3431 = DIRECTION ( 'NONE',  ( -0.000000000000000000, -0.000000000000000000, -1.000000000000000000 ) ) ;
#3432 = ORIENTED_EDGE ( 'NONE', *, *, #4934, .T. ) ;
#3433 = PLANE ( 'NONE',  #3671 ) ;
#3434 = AXIS2_PLACEMENT_3D ( 'NONE', #8375, #12146, #3633 ) ;
#3435 = ORIENTED_EDGE ( 'NONE', *, *, #8670, .T. ) ;
#3436 = EDGE_CURVE ( 'NONE', #578, #944, #6995, .T. ) ;
#3437 = LINE ( 'NONE', #10118, #3084 ) ;
#3438 = DIRECTION ( 'NONE',  ( 0.000000000000000000, 5.421010862427481938E-15, -1.000000000000000000 ) ) ;
#3439 = CARTESIAN_POINT ( 'NONE',  ( 9.209999999999999076, 0.9000000000000005773, 3.715000000000003411 ) ) ;
#3440 = ORIENTED_EDGE ( 'NONE', *, *, #7037, .T. ) ;
#3441 = DIRECTION ( 'NONE',  ( 1.000000000000000000, 0.000000000000000000, -0.000000000000000000 ) ) ;
#3442 = AXIS2_PLACEMENT_3D ( 'NONE', #1992, #7611, #2932 ) ;
#3443 = CARTESIAN_POINT ( 'NONE',  ( -6.670000000000002593, 0.9000000000000010214, -2.894999999999998241 ) ) ;
#3444 = EDGE_CURVE ( 'NONE', #4476, #5393, #9885, .T. ) ;
#3445 = DIRECTION ( 'NONE',  ( 1.000000000000000000, 0.000000000000000000, 0.000000000000000000 ) ) ;
#3446 = PLANE ( 'NONE',  #963 ) ;
#3447 = CARTESIAN_POINT ( 'NONE',  ( 6.349999999999997868, 0.7199999999999999734, -2.894999999999998241 ) ) ;
#3448 = ORIENTED_EDGE ( 'NONE', *, *, #7576, .F. ) ;
#3449 = ORIENTED_EDGE ( 'NONE', *, *, #4215, .T. ) ;
#3450 = CARTESIAN_POINT ( 'NONE',  ( 4.129999999999998117, 1.540000000000000480, 3.715000000000003411 ) ) ;
#3451 = ADVANCED_FACE ( 'NONE', ( #5047 ), #315, .T. ) ;
#3452 = EDGE_CURVE ( 'NONE', #3944, #9258, #5236, .T. ) ;
#3453 = AXIS2_PLACEMENT_3D ( 'NONE', #7729, #4031, #7843 ) ;
#3454 = DIRECTION ( 'NONE',  ( -0.000000000000000000, -0.000000000000000000, -1.000000000000000000 ) ) ;
#3455 = CARTESIAN_POINT ( 'NONE',  ( -3.490000000000001990, -2.717601427321017837, -3.714999999999999858 ) ) ;
#3456 = AXIS2_PLACEMENT_3D ( 'NONE', #5013, #3024, #7959 ) ;
#3457 =( NAMED_UNIT ( * ) SI_UNIT ( $, .STERADIAN. ) SOLID_ANGLE_UNIT ( ) );
#3458 = UNCERTAINTY_MEASURE_WITH_UNIT (LENGTH_MEASURE( 1.000000000000000082E-05 ), #2448, 'distance_accuracy_value', 'NONE');
#3459 = DIRECTION ( 'NONE',  ( -0.000000000000000000, 0.000000000000000000, -1.000000000000000000 ) ) ;
#3460 = LINE ( 'NONE', #1599, #1703 ) ;
#3461 = ADVANCED_FACE ( 'NONE', ( #4174 ), #11938, .F. ) ;
#3462 = ORIENTED_EDGE ( 'NONE', *, *, #2344, .T. ) ;
#3463 = LINE ( 'NONE', #4457, #242 ) ;
#3464 = AXIS2_PLACEMENT_3D ( 'NONE', #9690, #5956, #7705 ) ;
#3465 = ORIENTED_EDGE ( 'NONE', *, *, #5091, .F. ) ;
#3466 = DIRECTION ( 'NONE',  ( 0.000000000000000000, 0.000000000000000000, -1.000000000000000000 ) ) ;
#3467 = ORIENTED_EDGE ( 'NONE', *, *, #6303, .F. ) ;
#3468 = ORIENTED_EDGE ( 'NONE', *, *, #4357, .F. ) ;
#3469 = FACE_OUTER_BOUND ( 'NONE', #2638, .T. ) ;
#3470 = ADVANCED_FACE ( 'NONE', ( #4232 ), #8047, .F. ) ;
#3471 = ORIENTED_EDGE ( 'NONE', *, *, #8611, .F. ) ;
#3472 = CIRCLE ( 'NONE', #11800, 0.1999999999999953204 ) ;
#3473 = VECTOR ( 'NONE', #6247, 999.9999999999998863 ) ;
#3474 = ORIENTED_EDGE ( 'NONE', *, *, #5242, .F. ) ;
#3475 = CARTESIAN_POINT ( 'NONE',  ( 5.689999999999996838, 1.870000000000000551, -1.875000000000000000 ) ) ;
#3476 = DIRECTION ( 'NONE',  ( 0.000000000000000000, -1.000000000000000000, 1.150347132610614786E-16 ) ) ;
#3477 = EDGE_CURVE ( 'NONE', #5845, #8096, #4530, .T. ) ;
#3478 = AXIS2_PLACEMENT_3D ( 'NONE', #515, #10795, #8062 ) ;
#3479 = AXIS2_PLACEMENT_3D ( 'NONE', #9349, #11263, #7665 ) ;
#3480 = DIRECTION ( 'NONE',  ( 0.3892816206350259711, 0.8348171294789868968, -0.3892816206350259711 ) ) ;
#3481 = CARTESIAN_POINT ( 'NONE',  ( -1.590000000000001190, 0.9000000000000005773, 3.382601427321023646 ) ) ;
#3482 = FACE_OUTER_BOUND ( 'NONE', #4083, .T. ) ;
#3483 = ORIENTED_EDGE ( 'NONE', *, *, #3019, .T. ) ;
#3484 = DIRECTION ( 'NONE',  ( 1.000000000000000000, 0.000000000000000000, -0.000000000000000000 ) ) ;
#3485 = AXIS2_PLACEMENT_3D ( 'NONE', #9114, #380, #502 ) ;
#3486 = EDGE_CURVE ( 'NONE', #2768, #10192, #8692, .T. ) ;
#3487 = EDGE_LOOP ( 'NONE', ( #6873, #719, #11883, #9155 ) ) ;
#3488 = VECTOR ( 'NONE', #9964, 1000.000000000000000 ) ;
#3489 = DIRECTION ( 'NONE',  ( -1.000000000000000000, 0.000000000000000000, 0.000000000000000000 ) ) ;
#3490 = ORIENTED_EDGE ( 'NONE', *, *, #2399, .T. ) ;
#3491 = DIRECTION ( 'NONE',  ( 1.000000000000000000, 0.000000000000000000, 0.000000000000000000 ) ) ;
#3492 = EDGE_LOOP ( 'NONE', ( #11053, #11449, #8751, #5963 ) ) ;
#3493 = DIRECTION ( 'NONE',  ( 0.9063077870366486044, -4.861577055822993677E-17, -0.4226182617407024389 ) ) ;
#3494 = DIRECTION ( 'NONE',  ( 0.000000000000000000, -1.000000000000000000, -0.000000000000000000 ) ) ;
#3495 = CARTESIAN_POINT ( 'NONE',  ( -13.50999999999999801, 0.5700000000000003952, 0.4649999999999996914 ) ) ;
#3496 = VECTOR ( 'NONE', #5022, 1000.000000000000000 ) ;
#3497 = DIRECTION ( 'NONE',  ( 0.000000000000000000, 0.000000000000000000, -1.000000000000000000 ) ) ;
#3498 = DIRECTION ( 'NONE',  ( 1.000000000000000000, 0.000000000000000000, -0.000000000000000000 ) ) ;
#3499 = VERTEX_POINT ( 'NONE', #6056 ) ;
#3500 = ADVANCED_FACE ( 'NONE', ( #6185 ), #4117, .F. ) ;
#3501 = CARTESIAN_POINT ( 'NONE',  ( -13.31000000000000227, 0.5700000000000003952, -1.875000000000000000 ) ) ;
#3502 = ORIENTED_EDGE ( 'NONE', *, *, #5146, .T. ) ;
#3503 = AXIS2_PLACEMENT_3D ( 'NONE', #8878, #8818, #7822 ) ;
#3504 = EDGE_CURVE ( 'NONE', #3574, #11671, #10783, .T. ) ;
#3505 = PLANE ( 'NONE',  #1108 ) ;
#3506 = ORIENTED_EDGE ( 'NONE', *, *, #9501, .T. ) ;
#3507 = CARTESIAN_POINT ( 'NONE',  ( 13.11000000000000298, 1.870000000000000551, -1.875000000000000000 ) ) ;
#3508 = CARTESIAN_POINT ( 'NONE',  ( 27.94000000000000128, -3.049999999999999822, -3.559999999999999165 ) ) ;
#3509 = EDGE_LOOP ( 'NONE', ( #10309, #11652 ) ) ;
#3510 = DIRECTION ( 'NONE',  ( 1.000000000000000000, 0.000000000000000000, 0.000000000000000000 ) ) ;
#3511 = DIRECTION ( 'NONE',  ( -1.000000000000000000, 0.000000000000000000, 0.000000000000000000 ) ) ;
#3512 = FACE_OUTER_BOUND ( 'NONE', #6166, .T. ) ;
#3513 = PLANE ( 'NONE',  #10505 ) ;
#3514 = VECTOR ( 'NONE', #5181, 1000.000000000000000 ) ;
#3515 = LINE ( 'NONE', #7441, #6641 ) ;
#3516 = ORIENTED_EDGE ( 'NONE', *, *, #10918, .T. ) ;
#3517 = ADVANCED_FACE ( 'NONE', ( #2360 ), #8332, .F. ) ;
#3518 = ORIENTED_EDGE ( 'NONE', *, *, #1051, .T. ) ;
#3519 = CARTESIAN_POINT ( 'NONE',  ( -10.77000000000000135, 0.5700000000000003952, 0.6649999999999998135 ) ) ;
#3520 = AXIS2_PLACEMENT_3D ( 'NONE', #3711, #7521, #3295 ) ;
#3521 = EDGE_CURVE ( 'NONE', #6766, #12168, #5529, .T. ) ;
#3522 = AXIS2_PLACEMENT_3D ( 'NONE', #3356, #7166, #8842 ) ;
#3523 = DIRECTION ( 'NONE',  ( 0.000000000000000000, 0.000000000000000000, -1.000000000000000000 ) ) ;
#3524 = PLANE ( 'NONE',  #11055 ) ;
#3525 = VECTOR ( 'NONE', #1210, 1000.000000000000000 ) ;
#3526 = CARTESIAN_POINT ( 'NONE',  ( 7.009999999999998899, 0.5700000000000003952, 0.6649999999999998135 ) ) ;
#3527 = DIRECTION ( 'NONE',  ( 0.000000000000000000, 5.421010862427481938E-15, -1.000000000000000000 ) ) ;
#3528 = VECTOR ( 'NONE', #3619, 1000.000000000000000 ) ;
#3529 = ORIENTED_EDGE ( 'NONE', *, *, #9405, .F. ) ;
#3530 = FACE_OUTER_BOUND ( 'NONE', #10610, .T. ) ;
#3531 = FACE_OUTER_BOUND ( 'NONE', #564, .T. ) ;
#3532 = ORIENTED_EDGE ( 'NONE', *, *, #5705, .T. ) ;
#3533 = DIRECTION ( 'NONE',  ( 0.000000000000000000, 1.000000000000000000, -1.150347132610614786E-16 ) ) ;
#3534 = CARTESIAN_POINT ( 'NONE',  ( -3.349999999999996980, 0.5700000000000003952, 0.6649999999999998135 ) ) ;
#3535 = ORIENTED_EDGE ( 'NONE', *, *, #2049, .T. ) ;
#3536 = CIRCLE ( 'NONE', #11093, 0.1999999999999952094 ) ;
#3537 = ADVANCED_FACE ( 'NONE', ( #3530 ), #9330, .T. ) ;
#3538 = AXIS2_PLACEMENT_3D ( 'NONE', #11116, #585, #6341 ) ;
#3539 = ORIENTED_EDGE ( 'NONE', *, *, #8498, .T. ) ;
#3540 = DIRECTION ( 'NONE',  ( -0.3892816206350239172, 0.3892816206350261377, 0.8348171294789875629 ) ) ;
#3541 = ORIENTED_EDGE ( 'NONE', *, *, #10268, .F. ) ;
#3542 = DIRECTION ( 'NONE',  ( 0.000000000000000000, 0.000000000000000000, -1.000000000000000000 ) ) ;
#3543 = EDGE_CURVE ( 'NONE', #3636, #9146, #8449, .T. ) ;
#3544 = LINE ( 'NONE', #6422, #7884 ) ;
#3545 = VECTOR ( 'NONE', #5533, 1000.000000000000000 ) ;
#3546 = LINE ( 'NONE', #4222, #10350 ) ;
#3547 = DIRECTION ( 'NONE',  ( 0.000000000000000000, -1.150347132610614786E-16, -1.000000000000000000 ) ) ;
#3548 = CARTESIAN_POINT ( 'NONE',  ( 3.149999999999996358, 1.870000000000000551, 0.6649999999999998135 ) ) ;
#3549 = ORIENTED_EDGE ( 'NONE', *, *, #2428, .T. ) ;
#3550 = LINE ( 'NONE', #11017, #11431 ) ;
#3551 = VERTEX_POINT ( 'NONE', #10256 ) ;
#3552 = AXIS2_PLACEMENT_3D ( 'NONE', #4547, #4660, #9410 ) ;
#3553 = EDGE_CURVE ( 'NONE', #676, #11469, #10894, .T. ) ;
#3554 = DIRECTION ( 'NONE',  ( 0.000000000000000000, -1.000000000000000000, 0.000000000000000000 ) ) ;
#3555 = ORIENTED_EDGE ( 'NONE', *, *, #11080, .T. ) ;
#3556 = PLANE ( 'NONE',  #4678 ) ;
#3557 = ORIENTED_EDGE ( 'NONE', *, *, #11412, .T. ) ;
#3558 = DIRECTION ( 'NONE',  ( -1.000000000000000000, 0.000000000000000000, 0.000000000000000000 ) ) ;
#3559 = DIRECTION ( 'NONE',  ( -0.000000000000000000, -0.000000000000000000, -1.000000000000000000 ) ) ;
#3560 = CARTESIAN_POINT ( 'NONE',  ( 3.644999999999999130, -3.049999999999999822, -4.336808689942017736E-16 ) ) ;
#3561 = DIRECTION ( 'NONE',  ( 0.000000000000000000, 0.000000000000000000, 1.000000000000000000 ) ) ;
#3562 = LINE ( 'NONE', #5562, #2340 ) ;
#3563 = ORIENTED_EDGE ( 'NONE', *, *, #4118, .T. ) ;
#3564 = ORIENTED_EDGE ( 'NONE', *, *, #10143, .F. ) ;
#3565 = CARTESIAN_POINT ( 'NONE',  ( 13.65000000000000036, -3.049999999999999822, -3.230000000000000870 ) ) ;
#3566 = EDGE_LOOP ( 'NONE', ( #7676, #9642 ) ) ;
#3567 = ADVANCED_FACE ( 'NONE', ( #426 ), #6409, .F. ) ;
#3568 = CARTESIAN_POINT ( 'NONE',  ( -6.670000000000002593, 0.7200000000000000844, -3.714999999999999414 ) ) ;
#3569 = DIRECTION ( 'NONE',  ( -1.000000000000000000, 0.000000000000000000, 0.000000000000000000 ) ) ;
#3570 = FACE_OUTER_BOUND ( 'NONE', #855, .T. ) ;
#3571 = LINE ( 'NONE', #10059, #1047 ) ;
#3572 = DIRECTION ( 'NONE',  ( -1.000000000000000000, 0.000000000000000000, 0.000000000000000000 ) ) ;
#3573 = CARTESIAN_POINT ( 'NONE',  ( 11.10999999999999943, -2.717601427321017837, -3.075000000000000178 ) ) ;
#3574 = VERTEX_POINT ( 'NONE', #9965 ) ;
#3575 = ADVANCED_FACE ( 'NONE', ( #8272 ), #1779, .T. ) ;
#3576 = VERTEX_POINT ( 'NONE', #1723 ) ;
#3577 = DIRECTION ( 'NONE',  ( -0.000000000000000000, -0.000000000000000000, -1.000000000000000000 ) ) ;
#3578 = VERTEX_POINT ( 'NONE', #5167 ) ;
#3579 = AXIS2_PLACEMENT_3D ( 'NONE', #55, #3857, #11328 ) ;
#3580 = DIRECTION ( 'NONE',  ( 0.000000000000000000, 1.189977994191405372E-15, -1.000000000000000000 ) ) ;
#3581 = DIRECTION ( 'NONE',  ( -0.000000000000000000, -0.000000000000000000, -1.000000000000000000 ) ) ;
#3582 = EDGE_CURVE ( 'NONE', #10113, #10031, #11129, .T. ) ;
#3583 = DIRECTION ( 'NONE',  ( -0.000000000000000000, 0.000000000000000000, -1.000000000000000000 ) ) ;
#3584 = DIRECTION ( 'NONE',  ( -0.000000000000000000, -0.000000000000000000, -1.000000000000000000 ) ) ;
#3585 = EDGE_LOOP ( 'NONE', ( #2435, #11007, #11362, #6318 ) ) ;
#3586 = CARTESIAN_POINT ( 'NONE',  ( 7.620000000000000107, -3.049999999999999822, -3.559999999999999165 ) ) ;
#3587 = CARTESIAN_POINT ( 'NONE',  ( -15.24000000000000199, 2.410000000000000142, 0.4649999999999996914 ) ) ;
#3588 = EDGE_LOOP ( 'NONE', ( #5942, #6162, #9364, #11624 ) ) ;
#3589 = FACE_OUTER_BOUND ( 'NONE', #7977, .T. ) ;
#3590 = VECTOR ( 'NONE', #2333, 1000.000000000000000 ) ;
#3591 = LINE ( 'NONE', #4583, #6259 ) ;
#3592 = VERTEX_POINT ( 'NONE', #7455 ) ;
#3593 = DIRECTION ( 'NONE',  ( 0.000000000000000000, 0.000000000000000000, 1.000000000000000000 ) ) ;
#3595 = ADVANCED_FACE ( 'NONE', ( #1429 ), #8388, .F. ) ;
#3594 = VECTOR ( 'NONE', #5817, 1000.000000000000000 ) ;
#3596 = VERTEX_POINT ( 'NONE', #5226 ) ;
#3597 = DIRECTION ( 'NONE',  ( 0.000000000000000000, 0.000000000000000000, -1.000000000000000000 ) ) ;
#3598 = PLANE ( 'NONE',  #10454 ) ;
#3599 = ORIENTED_EDGE ( 'NONE', *, *, #14, .T. ) ;
#3600 = CARTESIAN_POINT ( 'NONE',  ( 8.570000000000000284, 1.540000000000000480, 3.715000000000003411 ) ) ;
#3601 = EDGE_CURVE ( 'NONE', #4423, #10459, #1334, .T. ) ;
#3602 = CARTESIAN_POINT ( 'NONE',  ( -8.429999999999996163, 0.5700000000000003952, 0.6649999999999998135 ) ) ;
#3603 = DIRECTION ( 'NONE',  ( -0.000000000000000000, 0.000000000000000000, 1.000000000000000000 ) ) ;
#3604 = ORIENTED_EDGE ( 'NONE', *, *, #5275, .F. ) ;
#3605 = DIRECTION ( 'NONE',  ( -1.000000000000000000, 0.000000000000000000, 0.000000000000000000 ) ) ;
#3606 = ORIENTED_EDGE ( 'NONE', *, *, #10989, .T. ) ;
#3607 = ADVANCED_FACE ( 'NONE', ( #8036 ), #6535, .F. ) ;
#3608 = EDGE_CURVE ( 'NONE', #2752, #8551, #4301, .T. ) ;
#3609 = DIRECTION ( 'NONE',  ( -1.000000000000000000, 0.000000000000000000, 0.000000000000000000 ) ) ;
#3610 = EDGE_LOOP ( 'NONE', ( #5466, #3871, #7943, #7099 ) ) ;
#3611 = FACE_OUTER_BOUND ( 'NONE', #4508, .T. ) ;
#3612 = VERTEX_POINT ( 'NONE', #2713 ) ;
#3613 = FACE_OUTER_BOUND ( 'NONE', #2184, .T. ) ;
#3614 = AXIS2_PLACEMENT_3D ( 'NONE', #6825, #10603, #7872 ) ;
#3615 = DIRECTION ( 'NONE',  ( 0.000000000000000000, -1.000000000000000000, -1.150347132610614786E-16 ) ) ;
#3616 = EDGE_CURVE ( 'NONE', #11721, #7495, #2592, .T. ) ;
#3617 = CARTESIAN_POINT ( 'NONE',  ( -1.105000000000001759, -3.049999999999999822, -3.559999999999999165 ) ) ;
#3618 = DIRECTION ( 'NONE',  ( -0.000000000000000000, -0.000000000000000000, 1.000000000000000000 ) ) ;
#3619 = DIRECTION ( 'NONE',  ( 0.000000000000000000, -1.000000000000000000, 1.150347132610614786E-16 ) ) ;
#3620 = ORIENTED_EDGE ( 'NONE', *, *, #1592, .T. ) ;
#3621 = ADVANCED_FACE ( 'NONE', ( #856 ), #733, .T. ) ;
#3622 = ORIENTED_EDGE ( 'NONE', *, *, #3900, .F. ) ;
#3623 = CIRCLE ( 'NONE', #11954, 0.1999999999999953204 ) ;
#3624 = CARTESIAN_POINT ( 'NONE',  ( 14.63000000000000078, 0.5700000000000003952, 0.6649999999999998135 ) ) ;
#3625 = ORIENTED_EDGE ( 'NONE', *, *, #8563, .F. ) ;
#3626 = CARTESIAN_POINT ( 'NONE',  ( 1.589999999999997637, 0.9000000000000005773, 3.715000000000003411 ) ) ;
#3627 = CARTESIAN_POINT ( 'NONE',  ( 11.10999999999999943, 1.540000000000000480, -2.894999999999997797 ) ) ;
#3628 = ORIENTED_EDGE ( 'NONE', *, *, #10862, .F. ) ;
#3629 = FACE_OUTER_BOUND ( 'NONE', #9623, .T. ) ;
#3630 = LINE ( 'NONE', #1766, #5811 ) ;
#3631 = EDGE_CURVE ( 'NONE', #6287, #8104, #7903, .T. ) ;
#3632 = DIRECTION ( 'NONE',  ( 0.000000000000000000, 1.000000000000000000, -1.150347132610614786E-16 ) ) ;
#3633 = DIRECTION ( 'NONE',  ( -0.000000000000000000, 0.000000000000000000, 1.000000000000000000 ) ) ;
#3634 = VECTOR ( 'NONE', #6023, 1000.000000000000000 ) ;
#3635 = ORIENTED_EDGE ( 'NONE', *, *, #11525, .F. ) ;
#3636 = VERTEX_POINT ( 'NONE', #4699 ) ;
#3637 = LINE ( 'NONE', #8324, #12194 ) ;
#3638 = EDGE_CURVE ( 'NONE', #5247, #628, #3959, .T. ) ;
#3639 = VECTOR ( 'NONE', #9139, 1000.000000000000000 ) ;
#3640 = CARTESIAN_POINT ( 'NONE',  ( 8.229999999999996874, 1.870000000000000551, -1.875000000000000000 ) ) ;
#3641 = LINE ( 'NONE', #4392, #1507 ) ;
#3642 = DIRECTION ( 'NONE',  ( 0.000000000000000000, 0.000000000000000000, -1.000000000000000000 ) ) ;
#3643 = CARTESIAN_POINT ( 'NONE',  ( 6.029999999999998472, -2.717601427321017837, -3.075000000000000178 ) ) ;
#3644 = LINE ( 'NONE', #11974, #2694 ) ;
#3645 = VERTEX_POINT ( 'NONE', #9697 ) ;
#3646 = DIRECTION ( 'NONE',  ( -0.000000000000000000, 0.000000000000000000, 1.000000000000000000 ) ) ;
#3647 = CARTESIAN_POINT ( 'NONE',  ( -11.75000000000000178, -2.717601427321017837, -3.714999999999999858 ) ) ;
#3648 = ORIENTED_EDGE ( 'NONE', *, *, #1093, .F. ) ;
#3649 = CARTESIAN_POINT ( 'NONE',  ( 9.749999999999994671, 0.5700000000000003952, 0.4649999999999996914 ) ) ;
#3650 = ORIENTED_EDGE ( 'NONE', *, *, #9717, .T. ) ;
#3651 = EDGE_LOOP ( 'NONE', ( #9592, #4744, #6604, #4343 ) ) ;
#3652 = CARTESIAN_POINT ( 'NONE',  ( 20.32000000000000028, 1.385000000000000897, 3.715000000000003411 ) ) ;
#3653 = CIRCLE ( 'NONE', #11203, 0.8200000000000012834 ) ;
#3654 = EDGE_CURVE ( 'NONE', #6923, #5472, #11548, .T. ) ;
#3655 = PLANE ( 'NONE',  #947 ) ;
#3656 = VERTEX_POINT ( 'NONE', #7643 ) ;
#3657 = VECTOR ( 'NONE', #8225, 999.9999999999998863 ) ;
#3658 = DIRECTION ( 'NONE',  ( 0.000000000000000000, 1.189977994191405372E-15, -1.000000000000000000 ) ) ;
#3659 = DIRECTION ( 'NONE',  ( -0.000000000000000000, -0.000000000000000000, -1.000000000000000000 ) ) ;
#3660 = CARTESIAN_POINT ( 'NONE',  ( -9.550000000000002487, 1.870000000000000551, 0.6649999999999998135 ) ) ;
#3661 = CARTESIAN_POINT ( 'NONE',  ( 27.94000000000000128, 1.385000000000000897, 3.715000000000003411 ) ) ;
#3662 = CIRCLE ( 'NONE', #4064, 0.1999999999999953204 ) ;
#3663 = CARTESIAN_POINT ( 'NONE',  ( -9.749999999999998224, 1.870000000000000551, 0.6649999999999998135 ) ) ;
#3664 = ORIENTED_EDGE ( 'NONE', *, *, #10575, .T. ) ;
#3665 = LINE ( 'NONE', #44, #8656 ) ;
#3666 = ORIENTED_EDGE ( 'NONE', *, *, #10473, .F. ) ;
#3667 = EDGE_CURVE ( 'NONE', #8902, #6184, #9633, .T. ) ;
#3668 = VECTOR ( 'NONE', #7153, 1000.000000000000000 ) ;
#3669 = EDGE_CURVE ( 'NONE', #11506, #7851, #10378, .T. ) ;
#3670 = CARTESIAN_POINT ( 'NONE',  ( -4.130000000000001670, -2.717601427321017837, -3.075000000000000178 ) ) ;
#3671 = AXIS2_PLACEMENT_3D ( 'NONE', #3501, #3254, #876 ) ;
#3672 = AXIS2_PLACEMENT_3D ( 'NONE', #5665, #110, #12239 ) ;
#3673 = ORIENTED_EDGE ( 'NONE', *, *, #2690, .T. ) ;
#3674 = CARTESIAN_POINT ( 'NONE',  ( -14.29000000000000270, 0.9000000000000005773, -2.894999999999997797 ) ) ;
#3675 = EDGE_LOOP ( 'NONE', ( #9621, #10584, #1617, #3738 ) ) ;
#3676 = DIRECTION ( 'NONE',  ( -0.000000000000000000, 0.000000000000000000, -1.000000000000000000 ) ) ;
#3677 = CIRCLE ( 'NONE', #4068, 0.1800000000000013256 ) ;
#3678 = DIRECTION ( 'NONE',  ( 0.000000000000000000, -1.000000000000000000, 1.150347132610614786E-16 ) ) ;
#3679 = FILL_AREA_STYLE ('',( #1075 ) ) ;
#3680 = LINE ( 'NONE', #7491, #6255 ) ;
#3681 = CARTESIAN_POINT ( 'NONE',  ( -8.570000000000002061, 1.540000000000000480, -2.894999999999997797 ) ) ;
#3682 = ORIENTED_EDGE ( 'NONE', *, *, #4754, .F. ) ;
#3683 = VECTOR ( 'NONE', #10979, 1000.000000000000000 ) ;
#3684 = VECTOR ( 'NONE', #3206, 1000.000000000000000 ) ;
#3685 = ORIENTED_EDGE ( 'NONE', *, *, #9549, .F. ) ;
#3686 = VECTOR ( 'NONE', #6097, 1000.000000000000000 ) ;
#3687 = EDGE_CURVE ( 'NONE', #149, #1660, #3117, .T. ) ;
#3688 = CIRCLE ( 'NONE', #4477, 0.1999999999999953204 ) ;
#3689 = CARTESIAN_POINT ( 'NONE',  ( 12.70000000000000107, 1.385000000000000897, 3.715000000000003411 ) ) ;
#3690 = ORIENTED_EDGE ( 'NONE', *, *, #4835, .T. ) ;
#3691 = DIRECTION ( 'NONE',  ( 0.000000000000000000, 1.000000000000000000, 0.000000000000000000 ) ) ;
#3692 = AXIS2_PLACEMENT_3D ( 'NONE', #599, #541, #11066 ) ;
#3693 = CARTESIAN_POINT ( 'NONE',  ( 13.40702044662142356, -7.643577671652601602, -5.372020446621423417 ) ) ;
#3694 = CARTESIAN_POINT ( 'NONE',  ( 4.469999999999997975, 0.5700000000000003952, -1.875000000000000000 ) ) ;
#3695 = ADVANCED_FACE ( 'NONE', ( #10438 ), #3893, .T. ) ;
#3696 = DIRECTION ( 'NONE',  ( -0.000000000000000000, -0.000000000000000000, -1.000000000000000000 ) ) ;
#3697 = LINE ( 'NONE', #7506, #12173 ) ;
#3698 = ORIENTED_EDGE ( 'NONE', *, *, #9159, .T. ) ;
#3699 = AXIS2_PLACEMENT_3D ( 'NONE', #9133, #8249, #3438 ) ;
#3700 = EDGE_LOOP ( 'NONE', ( #6014, #10943, #7970, #1237 ) ) ;
#3701 = DIRECTION ( 'NONE',  ( -0.000000000000000000, 1.000000000000000000, 1.150347132610614786E-16 ) ) ;
#3702 = EDGE_CURVE ( 'NONE', #5189, #9433, #2769, .T. ) ;
#3703 = DIRECTION ( 'NONE',  ( 1.000000000000000000, 0.000000000000000000, 0.000000000000000000 ) ) ;
#3704 = CARTESIAN_POINT ( 'NONE',  ( -1.590000000000001190, 1.540000000000000480, -1.674999999999999822 ) ) ;
#3705 = FACE_BOUND ( 'NONE', #3319, .T. ) ;
#3706 = VECTOR ( 'NONE', #966, 1000.000000000000000 ) ;
#3707 = DIRECTION ( 'NONE',  ( -1.000000000000000000, 0.000000000000000000, -0.000000000000000000 ) ) ;
#3708 = PLANE ( 'NONE',  #3302 ) ;
#3709 = ADVANCED_FACE ( 'NONE', ( #7768 ), #5716, .F. ) ;
#3710 = ORIENTED_EDGE ( 'NONE', *, *, #7743, .T. ) ;
#3711 = CARTESIAN_POINT ( 'NONE',  ( 11.59499999999999886, -3.049999999999999822, -4.336808689942017736E-16 ) ) ;
#3712 = CARTESIAN_POINT ( 'NONE',  ( -6.670000000000002593, 0.9000000000000005773, -2.894999999999997797 ) ) ;
#3713 = CIRCLE ( 'NONE', #11852, 0.1999999999999953204 ) ;
#3714 = ORIENTED_EDGE ( 'NONE', *, *, #3730, .T. ) ;
#3715 = CARTESIAN_POINT ( 'NONE',  ( 0.4100000000000007527, 1.870000000000000551, -1.674999999999999822 ) ) ;
#3716 = CARTESIAN_POINT ( 'NONE',  ( -1.590000000000001190, 0.7200000000000001954, -3.714999999999999414 ) ) ;
#3717 = AXIS2_PLACEMENT_3D ( 'NONE', #552, #1735, #9161 ) ;
#3718 = VECTOR ( 'NONE', #5819, 1000.000000000000000 ) ;
#3719 = CARTESIAN_POINT ( 'NONE',  ( 6.029999999999998472, 0.7200000000000001954, -3.074999999999999734 ) ) ;
#3720 = VERTEX_POINT ( 'NONE', #11422 ) ;
#3721 = DIRECTION ( 'NONE',  ( 0.000000000000000000, 1.000000000000000000, -1.150347132610614786E-16 ) ) ;
#3722 = LINE ( 'NONE', #5915, #1316 ) ;
#3723 = ADVANCED_FACE ( 'NONE', ( #9574 ), #1045, .F. ) ;
#3724 = CIRCLE ( 'NONE', #5938, 0.1999999999999953204 ) ;
#3725 = DIRECTION ( 'NONE',  ( -0.000000000000000000, -0.000000000000000000, 1.000000000000000000 ) ) ;
#3726 = DIRECTION ( 'NONE',  ( -0.000000000000000000, 1.000000000000000000, 1.150347132610614786E-16 ) ) ;
#3727 = LINE ( 'NONE', #4777, #5251 ) ;
#3728 = LINE ( 'NONE', #2976, #8458 ) ;
#3729 = VECTOR ( 'NONE', #11573, 1000.000000000000000 ) ;
#3730 = EDGE_CURVE ( 'NONE', #3645, #11716, #11465, .T. ) ;
#3731 = VECTOR ( 'NONE', #1575, 1000.000000000000000 ) ;
#3732 = ORIENTED_EDGE ( 'NONE', *, *, #9143, .F. ) ;
#3733 = LINE ( 'NONE', #2789, #2278 ) ;
#3734 = EDGE_LOOP ( 'NONE', ( #8996, #4234, #6156, #1782 ) ) ;
#3735 = ORIENTED_EDGE ( 'NONE', *, *, #1572, .T. ) ;
#3736 = ORIENTED_EDGE ( 'NONE', *, *, #9672, .T. ) ;
#3737 = DIRECTION ( 'NONE',  ( -1.000000000000000000, 0.000000000000000000, 0.000000000000000000 ) ) ;
#3738 = ORIENTED_EDGE ( 'NONE', *, *, #1858, .F. ) ;
#3739 = EDGE_CURVE ( 'NONE', #1873, #10508, #8300, .T. ) ;
#3740 = DIRECTION ( 'NONE',  ( 0.000000000000000000, 0.000000000000000000, -1.000000000000000000 ) ) ;
#3741 = CARTESIAN_POINT ( 'NONE',  ( 0.9499999999999977351, 0.7200000000000001954, -3.714999999999999414 ) ) ;
#3742 = DIRECTION ( 'NONE',  ( -0.9063077870366503808, -4.861577055822948687E-17, -0.4226182617406985531 ) ) ;
#3743 = AXIS2_PLACEMENT_3D ( 'NONE', #5782, #3778, #5844 ) ;
#3744 = DIRECTION ( 'NONE',  ( 0.000000000000000000, 1.189977994191405372E-15, -1.000000000000000000 ) ) ;
#3745 = DIRECTION ( 'NONE',  ( -1.000000000000000000, 0.000000000000000000, 0.000000000000000000 ) ) ;
#3746 = ORIENTED_EDGE ( 'NONE', *, *, #9424, .T. ) ;
#3747 = EDGE_CURVE ( 'NONE', #3391, #268, #11491, .T. ) ;
#3748 = AXIS2_PLACEMENT_3D ( 'NONE', #4183, #7130, #6196 ) ;
#3749 = ORIENTED_EDGE ( 'NONE', *, *, #859, .T. ) ;
#3750 = CARTESIAN_POINT ( 'NONE',  ( -14.63000000000000433, 1.870000000000000551, -1.674999999999999822 ) ) ;
#3751 = EDGE_LOOP ( 'NONE', ( #8427, #10769, #909, #8339 ) ) ;
#3752 = CARTESIAN_POINT ( 'NONE',  ( -3.150000000000001688, 0.5700000000000003952, 0.6649999999999998135 ) ) ;
#3753 = LINE ( 'NONE', #7621, #4389 ) ;
#3754 = CARTESIAN_POINT ( 'NONE',  ( -9.749999999999998224, 1.870000000000000551, -1.875000000000000000 ) ) ;
#3755 = LINE ( 'NONE', #9682, #6127 ) ;
#3756 = DIRECTION ( 'NONE',  ( -0.000000000000000000, -0.000000000000000000, 1.000000000000000000 ) ) ;
#3757 = VERTEX_POINT ( 'NONE', #3769 ) ;
#3758 = EDGE_CURVE ( 'NONE', #4189, #6592, #10620, .T. ) ;
#3759 = EDGE_LOOP ( 'NONE', ( #5736, #2801 ) ) ;
#3760 = CARTESIAN_POINT ( 'NONE',  ( -6.030000000000002025, 1.540000000000000480, -1.674999999999999822 ) ) ;
#3761 = EDGE_CURVE ( 'NONE', #11675, #8628, #2084, .T. ) ;
#3762 = ORIENTED_EDGE ( 'NONE', *, *, #9544, .F. ) ;
#3763 = ADVANCED_FACE ( 'NONE', ( #4761 ), #7829, .T. ) ;
#3764 = DIRECTION ( 'NONE',  ( -0.9063077870366493816, -0.4226182617407006625, 0.000000000000000000 ) ) ;
#3765 = DIRECTION ( 'NONE',  ( 0.000000000000000000, 1.000000000000000000, -1.150347132610614786E-16 ) ) ;
#3766 = FACE_BOUND ( 'NONE', #4169, .T. ) ;
#3767 = FACE_OUTER_BOUND ( 'NONE', #10173, .T. ) ;
#3768 = CARTESIAN_POINT ( 'NONE',  ( 9.209999999999999076, 0.9000000000000005773, 3.382601427321023646 ) ) ;
#3769 = CARTESIAN_POINT ( 'NONE',  ( 6.029999999999998472, 0.9000000000000012434, -2.894999999999998241 ) ) ;
#3770 = LINE ( 'NONE', #11673, #2635 ) ;
#3771 = EDGE_LOOP ( 'NONE', ( #6428, #5507, #4977, #5703 ) ) ;
#3772 = ORIENTED_EDGE ( 'NONE', *, *, #6608, .F. ) ;
#3774 = ADVANCED_FACE ( 'NONE', ( #922 ), #7578, .T. ) ;
#3773 = CARTESIAN_POINT ( 'NONE',  ( 3.489999999999998437, 0.9000000000000005773, -1.674999999999999822 ) ) ;
#3775 = VECTOR ( 'NONE', #11513, 1000.000000000000000 ) ;
#3776 = LINE ( 'NONE', #9580, #10027 ) ;
#3777 = EDGE_CURVE ( 'NONE', #5986, #9052, #3328, .T. ) ;
#3778 = DIRECTION ( 'NONE',  ( 0.000000000000000000, -0.9063077870366494926, -0.4226182617407005515 ) ) ;
#3779 = EDGE_LOOP ( 'NONE', ( #5877, #2537, #10736, #4136 ) ) ;
#3780 = CARTESIAN_POINT ( 'NONE',  ( -15.24000000000000199, 0.000000000000000000, -1.674999999999999822 ) ) ;
#3781 = CARTESIAN_POINT ( 'NONE',  ( 6.669999999999999041, 0.9000000000000005773, 3.382601427321023646 ) ) ;
#3782 = AXIS2_PLACEMENT_3D ( 'NONE', #729, #3399, #3583 ) ;
#3783 = CARTESIAN_POINT ( 'NONE',  ( -1.435000000000000497, -3.049999999999999822, -3.230000000000000870 ) ) ;
#3784 = DIRECTION ( 'NONE',  ( -0.000000000000000000, -0.000000000000000000, -1.000000000000000000 ) ) ;
#3785 = DIRECTION ( 'NONE',  ( 0.3892816206350239172, 0.3892816206350261377, -0.8348171294789875629 ) ) ;
#3786 = LINE ( 'NONE', #5733, #1682 ) ;
#3787 = DIRECTION ( 'NONE',  ( 1.000000000000000000, 0.000000000000000000, 0.000000000000000000 ) ) ;
#3788 = EDGE_CURVE ( 'NONE', #10407, #11149, #10747, .T. ) ;
#3789 = ORIENTED_EDGE ( 'NONE', *, *, #10025, .T. ) ;
#3790 = CARTESIAN_POINT ( 'NONE',  ( 0.9499999999999977351, 1.540000000000000480, 3.382601427321023646 ) ) ;
#3791 = ORIENTED_EDGE ( 'NONE', *, *, #10075, .T. ) ;
#3792 = FACE_OUTER_BOUND ( 'NONE', #37, .T. ) ;
#3793 = ORIENTED_EDGE ( 'NONE', *, *, #9700, .F. ) ;
#3794 = VERTEX_POINT ( 'NONE', #4080 ) ;
#3795 = LINE ( 'NONE', #12307, #9769 ) ;
#3796 = FACE_OUTER_BOUND ( 'NONE', #4681, .T. ) ;
#3797 = LINE ( 'NONE', #6691, #10308 ) ;
#3798 = AXIS2_PLACEMENT_3D ( 'NONE', #7607, #1012, #3676 ) ;
#3799 = DIRECTION ( 'NONE',  ( 1.000000000000000000, 0.000000000000000000, -0.000000000000000000 ) ) ;
#3800 = CARTESIAN_POINT ( 'NONE',  ( -13.65000000000000213, 0.9000000000000010214, -2.894999999999998241 ) ) ;
#3801 = VERTEX_POINT ( 'NONE', #9996 ) ;
#3802 = EDGE_LOOP ( 'NONE', ( #7722, #6809, #931, #9414 ) ) ;
#3803 = VECTOR ( 'NONE', #7754, 1000.000000000000000 ) ;
#3804 = CARTESIAN_POINT ( 'NONE',  ( -11.75000000000000178, 1.540000000000000480, -2.894999999999997797 ) ) ;
#3805 = EDGE_CURVE ( 'NONE', #2815, #2807, #3713, .T. ) ;
#3806 = ORIENTED_EDGE ( 'NONE', *, *, #1563, .T. ) ;
#3807 = CARTESIAN_POINT ( 'NONE',  ( 9.054999999999999716, -2.174999999999998934, 3.715000000000003855 ) ) ;
#3808 = ORIENTED_EDGE ( 'NONE', *, *, #10041, .F. ) ;
#3809 = CARTESIAN_POINT ( 'NONE',  ( 5.689999999999996838, 1.870000000000000551, 0.6649999999999998135 ) ) ;
#3810 = CARTESIAN_POINT ( 'NONE',  ( -11.11000000000000121, 1.540000000000000480, 3.382601427321023646 ) ) ;
#3811 = CARTESIAN_POINT ( 'NONE',  ( 3.489999999999998437, 0.7200000000000001954, -3.074999999999999734 ) ) ;
#3812 = CARTESIAN_POINT ( 'NONE',  ( -0.9500000000000011768, -2.717601427321017837, -3.714999999999999858 ) ) ;
#3813 = ORIENTED_EDGE ( 'NONE', *, *, #9257, .T. ) ;
#3814 = ORIENTED_EDGE ( 'NONE', *, *, #9915, .T. ) ;
#3815 = CARTESIAN_POINT ( 'NONE',  ( 6.669999999999999041, 0.000000000000000000, -1.674999999999999822 ) ) ;
#3816 = AXIS2_PLACEMENT_3D ( 'NONE', #11886, #7241, #11030 ) ;
#3817 = ADVANCED_FACE ( 'NONE', ( #9810 ), #7893, .F. ) ;
#3818 = EDGE_LOOP ( 'NONE', ( #1229, #1066, #5649, #2109 ) ) ;
#3819 = DIRECTION ( 'NONE',  ( 0.3892816206350259711, 0.8348171294789868968, -0.3892816206350259711 ) ) ;
#3820 = EDGE_CURVE ( 'NONE', #7832, #359, #3146, .T. ) ;
#3821 = EDGE_LOOP ( 'NONE', ( #434, #10079, #5978, #6109 ) ) ;
#3822 = CARTESIAN_POINT ( 'NONE',  ( 3.489999999999998437, 0.9000000000000010214, -2.894999999999998241 ) ) ;
#3823 = FACE_BOUND ( 'NONE', #11320, .T. ) ;
#3824 = CARTESIAN_POINT ( 'NONE',  ( 0.7070204466214230488, -7.643577671652601602, -5.372020446621423417 ) ) ;
#3825 = VECTOR ( 'NONE', #9003, 1000.000000000000000 ) ;
#3826 = DIRECTION ( 'NONE',  ( -1.000000000000000000, 0.000000000000000000, 0.000000000000000000 ) ) ;
#3827 = ORIENTED_EDGE ( 'NONE', *, *, #4249, .F. ) ;
#3828 = CARTESIAN_POINT ( 'NONE',  ( 3.349999999999991651, 1.870000000000000551, 0.6649999999999998135 ) ) ;
#3829 = CARTESIAN_POINT ( 'NONE',  ( -2.129999999999998117, 1.870000000000000551, -1.875000000000000000 ) ) ;
#3830 = ADVANCED_FACE ( 'NONE', ( #11728 ), #2390, .F. ) ;
#3831 = VERTEX_POINT ( 'NONE', #3201 ) ;
#3832 = CARTESIAN_POINT ( 'NONE',  ( 7.009999999999998899, 0.5700000000000003952, 0.6649999999999998135 ) ) ;
#3833 = DIRECTION ( 'NONE',  ( 0.000000000000000000, -0.000000000000000000, -1.000000000000000000 ) ) ;
#3834 = AXIS2_PLACEMENT_3D ( 'NONE', #4490, #7426, #3497 ) ;
#3835 = EDGE_CURVE ( 'NONE', #7011, #10294, #10807, .T. ) ;
#3836 = DIRECTION ( 'NONE',  ( 0.000000000000000000, 1.189977994191405372E-15, -1.000000000000000000 ) ) ;
#3837 = ORIENTED_EDGE ( 'NONE', *, *, #5504, .F. ) ;
#3838 = DIRECTION ( 'NONE',  ( -0.3892816206350259711, 0.8348171294789868968, -0.3892816206350259711 ) ) ;
#3839 = CARTESIAN_POINT ( 'NONE',  ( 8.570000000000000284, -3.049999999999999822, -3.230000000000000870 ) ) ;
#3840 = CYLINDRICAL_SURFACE ( 'NONE', #9744, 0.1999999999999953204 ) ;
#3841 = AXIS2_PLACEMENT_3D ( 'NONE', #7857, #8736, #187 ) ;
#3842 = EDGE_CURVE ( 'NONE', #5247, #8809, #5077, .T. ) ;
#3843 = DIRECTION ( 'NONE',  ( -0.000000000000000000, -0.000000000000000000, -1.000000000000000000 ) ) ;
#3844 = CARTESIAN_POINT ( 'NONE',  ( -6.030000000000002025, 0.9000000000000005773, -2.894999999999997797 ) ) ;
#3845 = ORIENTED_EDGE ( 'NONE', *, *, #2276, .T. ) ;
#3846 = CARTESIAN_POINT ( 'NONE',  ( -11.75000000000000178, 0.000000000000000000, -1.674999999999999822 ) ) ;
#3847 = ORIENTED_EDGE ( 'NONE', *, *, #35, .F. ) ;
#3848 = ORIENTED_EDGE ( 'NONE', *, *, #7817, .T. ) ;
#3849 = AXIS2_PLACEMENT_3D ( 'NONE', #5842, #3964, #4151 ) ;
#3850 = ADVANCED_FACE ( 'NONE', ( #1404 ), #8009, .F. ) ;
#3851 = CARTESIAN_POINT ( 'NONE',  ( 0.000000000000000000, 0.9000000000000005773, -1.674999999999999822 ) ) ;
#3852 = ORIENTED_EDGE ( 'NONE', *, *, #1943, .T. ) ;
#3853 = DIRECTION ( 'NONE',  ( -0.000000000000000000, -0.000000000000000000, 1.000000000000000000 ) ) ;
#3854 = EDGE_LOOP ( 'NONE', ( #9904, #4797, #5295, #2940 ) ) ;
#3855 = PLANE ( 'NONE',  #3282 ) ;
#3856 = AXIS2_PLACEMENT_3D ( 'NONE', #9007, #5263, #1532 ) ;
#3857 = DIRECTION ( 'NONE',  ( 0.000000000000000000, 0.000000000000000000, 1.000000000000000000 ) ) ;
#3858 = PLANE ( 'NONE',  #438 ) ;
#3859 = EDGE_CURVE ( 'NONE', #7006, #1420, #5521, .T. ) ;
#3860 = FACE_OUTER_BOUND ( 'NONE', #7508, .T. ) ;
#3861 = FACE_OUTER_BOUND ( 'NONE', #8092, .T. ) ;
#3862 = LINE ( 'NONE', #11278, #5933 ) ;
#3863 = VECTOR ( 'NONE', #11180, 1000.000000000000000 ) ;
#3864 = ORIENTED_EDGE ( 'NONE', *, *, #7717, .T. ) ;
#3865 = AXIS2_PLACEMENT_3D ( 'NONE', #9749, #6899, #6837 ) ;
#3866 = ORIENTED_EDGE ( 'NONE', *, *, #553, .T. ) ;
#3867 = AXIS2_PLACEMENT_3D ( 'NONE', #4559, #12139, #8247 ) ;
#3868 = FACE_OUTER_BOUND ( 'NONE', #6842, .T. ) ;
#3869 = EDGE_LOOP ( 'NONE', ( #1886, #5761, #9917, #9831 ) ) ;
#3870 = DIRECTION ( 'NONE',  ( 1.000000000000000000, 0.000000000000000000, 0.000000000000000000 ) ) ;
#3871 = ORIENTED_EDGE ( 'NONE', *, *, #11598, .T. ) ;
#3872 = DIRECTION ( 'NONE',  ( -0.000000000000000000, -0.000000000000000000, 1.000000000000000000 ) ) ;
#3873 = PLANE ( 'NONE',  #8797 ) ;
#3874 = ADVANCED_FACE ( 'NONE', ( #11606 ), #9068, .F. ) ;
#3875 = DIRECTION ( 'NONE',  ( -1.000000000000000000, 0.000000000000000000, 0.000000000000000000 ) ) ;
#3876 = VECTOR ( 'NONE', #5101, 1000.000000000000000 ) ;
#3877 = DIRECTION ( 'NONE',  ( 1.000000000000000000, 0.000000000000000000, -0.000000000000000000 ) ) ;
#3878 = AXIS2_PLACEMENT_3D ( 'NONE', #1002, #4717, #10397 ) ;
#3879 = ORIENTED_EDGE ( 'NONE', *, *, #819, .T. ) ;
#3880 = ORIENTED_EDGE ( 'NONE', *, *, #1654, .T. ) ;
#3881 = CYLINDRICAL_SURFACE ( 'NONE', #6271, 0.1999999999999953204 ) ;
#3882 = CIRCLE ( 'NONE', #8076, 0.1999999999999953204 ) ;
#3883 = ADVANCED_FACE ( 'NONE', ( #9001 ), #4195, .F. ) ;
#3884 = ORIENTED_EDGE ( 'NONE', *, *, #3087, .F. ) ;
#3885 = AXIS2_PLACEMENT_3D ( 'NONE', #7094, #4209, #10758 ) ;
#3886 = PLANE ( 'NONE',  #10823 ) ;
#3887 = ORIENTED_EDGE ( 'NONE', *, *, #859, .F. ) ;
#3888 = LINE ( 'NONE', #981, #5900 ) ;
#3889 = FACE_BOUND ( 'NONE', #2686, .T. ) ;
#3890 = PLANE ( 'NONE',  #8965 ) ;
#3891 = CARTESIAN_POINT ( 'NONE',  ( 5.490000000000001990, 1.870000000000000551, -1.674999999999999822 ) ) ;
#3892 = EDGE_LOOP ( 'NONE', ( #2023, #2962, #2539, #5883 ) ) ;
#3893 = PLANE ( 'NONE',  #6120 ) ;
#3894 = EDGE_CURVE ( 'NONE', #4437, #9707, #3264, .T. ) ;
#3895 = AXIS2_PLACEMENT_3D ( 'NONE', #11239, #4816, #1959 ) ;
#3896 = DIRECTION ( 'NONE',  ( 0.000000000000000000, 0.000000000000000000, 1.000000000000000000 ) ) ;
#3897 = VERTEX_POINT ( 'NONE', #10867 ) ;
#3898 = AXIS2_PLACEMENT_3D ( 'NONE', #1896, #87, #5714 ) ;
#3899 = CARTESIAN_POINT ( 'NONE',  ( 11.10999999999999943, 0.9000000000000005773, -2.894999999999997797 ) ) ;
#3900 = EDGE_CURVE ( 'NONE', #2029, #4716, #3082, .T. ) ;
#3901 = CIRCLE ( 'NONE', #5102, 0.8200000000000012834 ) ;
#3902 = FACE_OUTER_BOUND ( 'NONE', #6267, .T. ) ;
#3903 = VERTEX_POINT ( 'NONE', #2270 ) ;
#3904 = FILL_AREA_STYLE ('',( #2096 ) ) ;
#3905 = VECTOR ( 'NONE', #10906, 999.9999999999998863 ) ;
#3906 = DIRECTION ( 'NONE',  ( 0.000000000000000000, -1.150347132610614786E-16, -1.000000000000000000 ) ) ;
#3907 = CARTESIAN_POINT ( 'NONE',  ( 0.9499999999999977351, 0.9000000000000012434, -2.894999999999998241 ) ) ;
#3908 = DIRECTION ( 'NONE',  ( 1.000000000000000000, 0.000000000000000000, 0.000000000000000000 ) ) ;
#3909 = LINE ( 'NONE', #2103, #2548 ) ;
#3910 = VECTOR ( 'NONE', #1188, 1000.000000000000000 ) ;
#3911 = LINE ( 'NONE', #3972, #11403 ) ;
#3912 = CARTESIAN_POINT ( 'NONE',  ( 4.129999999999998117, -3.049999999999999822, -3.075000000000000178 ) ) ;
#3913 = EDGE_CURVE ( 'NONE', #9467, #11490, #7955, .T. ) ;
#3914 = AXIS2_PLACEMENT_3D ( 'NONE', #8883, #6084, #8945 ) ;
#3915 = ORIENTED_EDGE ( 'NONE', *, *, #12003, .F. ) ;
#3916 = ADVANCED_FACE ( 'NONE', ( #2336 ), #11846, .T. ) ;
#3917 = EDGE_LOOP ( 'NONE', ( #3961, #2813, #8944, #1471 ) ) ;
#3918 = DIRECTION ( 'NONE',  ( 1.000000000000000000, 0.000000000000000000, 0.000000000000000000 ) ) ;
#3919 = ORIENTED_EDGE ( 'NONE', *, *, #11164, .F. ) ;
#3920 = DIRECTION ( 'NONE',  ( -1.000000000000000000, 0.000000000000000000, 0.000000000000000000 ) ) ;
#3921 = VERTEX_POINT ( 'NONE', #10306 ) ;
#3922 = FACE_OUTER_BOUND ( 'NONE', #4072, .T. ) ;
#3923 = VECTOR ( 'NONE', #1389, 1000.000000000000000 ) ;
#3924 = CARTESIAN_POINT ( 'NONE',  ( -1.730000000000007532, 1.870000000000000551, -1.674999999999999822 ) ) ;
#3925 = CARTESIAN_POINT ( 'NONE',  ( -1.590000000000001190, -3.049999999999999822, -3.714999999999999858 ) ) ;
#3926 = VECTOR ( 'NONE', #5807, 1000.000000000000000 ) ;
#3927 = CARTESIAN_POINT ( 'NONE',  ( -5.490000000000007319, 0.5700000000000003952, 0.6649999999999998135 ) ) ;
#3928 = LINE ( 'NONE', #7746, #1743 ) ;
#3929 = EDGE_CURVE ( 'NONE', #8841, #4769, #7383, .T. ) ;
#3930 = VECTOR ( 'NONE', #7466, 1000.000000000000000 ) ;
#3931 = ORIENTED_EDGE ( 'NONE', *, *, #349, .T. ) ;
#3932 = AXIS2_PLACEMENT_3D ( 'NONE', #8160, #5360, #9224 ) ;
#3933 = ADVANCED_FACE ( 'NONE', ( #10176 ), #9316, .F. ) ;
#3934 = AXIS2_PLACEMENT_3D ( 'NONE', #10190, #9209, #668 ) ;
#3935 = LINE ( 'NONE', #7866, #6284 ) ;
#3936 = VERTEX_POINT ( 'NONE', #1525 ) ;
#3937 = CARTESIAN_POINT ( 'NONE',  ( 6.810000000000003162, 0.5700000000000003952, 0.6649999999999998135 ) ) ;
#3938 = ORIENTED_EDGE ( 'NONE', *, *, #7840, .F. ) ;
#3939 = CARTESIAN_POINT ( 'NONE',  ( 11.10999999999999943, 0.9000000000000013545, 3.382601427321023646 ) ) ;
#3940 = DIRECTION ( 'NONE',  ( 1.000000000000000000, 0.000000000000000000, 0.000000000000000000 ) ) ;
#3941 = DIRECTION ( 'NONE',  ( 0.000000000000000000, 0.000000000000000000, -1.000000000000000000 ) ) ;
#3942 = LINE ( 'NONE', #3812, #5235 ) ;
#3943 = AXIS2_PLACEMENT_3D ( 'NONE', #2468, #5277, #4341 ) ;
#3944 = VERTEX_POINT ( 'NONE', #11902 ) ;
#3945 = ORIENTED_EDGE ( 'NONE', *, *, #9023, .T. ) ;
#3946 = DIRECTION ( 'NONE',  ( 0.000000000000000000, -1.000000000000000000, 1.150347132610614786E-16 ) ) ;
#3947 = ORIENTED_EDGE ( 'NONE', *, *, #11562, .T. ) ;
#3948 = CLOSED_SHELL ( 'NONE', ( #326, #1728, #6, #9947, #1303, #10194, #4346, #1952, #6176, #2164, #11012, #777, #1337, #2627, #9776, #4881, #579, #4424, #1286, #2637, #3237, #4597 ) ) ;
#3949 = EDGE_CURVE ( 'NONE', #2792, #8723, #3388, .T. ) ;
#3950 = LINE ( 'NONE', #1161, #10429 ) ;
#3951 = EDGE_LOOP ( 'NONE', ( #2554, #5347, #1984, #3416 ) ) ;
#3952 = SURFACE_STYLE_USAGE ( .BOTH. , #2763 ) ;
#3953 = FACE_OUTER_BOUND ( 'NONE', #181, .T. ) ;
#3954 = ORIENTED_EDGE ( 'NONE', *, *, #273, .F. ) ;
#3955 = CARTESIAN_POINT ( 'NONE',  ( 1.730000000000002425, 0.5700000000000003952, -1.875000000000000000 ) ) ;
#3956 = EDGE_CURVE ( 'NONE', #578, #5875, #8896, .T. ) ;
#3957 = CARTESIAN_POINT ( 'NONE',  ( -4.130000000000001670, 1.540000000000000480, 3.715000000000003411 ) ) ;
#3958 = ORIENTED_EDGE ( 'NONE', *, *, #6847, .F. ) ;
#3959 = LINE ( 'NONE', #5899, #10480 ) ;
#3960 = DIRECTION ( 'NONE',  ( 1.000000000000000000, 0.000000000000000000, 0.000000000000000000 ) ) ;
#3961 = ORIENTED_EDGE ( 'NONE', *, *, #3859, .F. ) ;
#3962 = DIRECTION ( 'NONE',  ( 0.000000000000000000, 0.000000000000000000, -1.000000000000000000 ) ) ;
#3963 = EDGE_CURVE ( 'NONE', #2397, #1094, #8703, .T. ) ;
#3964 = DIRECTION ( 'NONE',  ( 0.000000000000000000, -1.150347132610614786E-16, -1.000000000000000000 ) ) ;
#3965 = ORIENTED_EDGE ( 'NONE', *, *, #10798, .T. ) ;
#3966 = DIRECTION ( 'NONE',  ( -0.000000000000000000, -0.000000000000000000, -1.000000000000000000 ) ) ;
#3967 = ORIENTED_EDGE ( 'NONE', *, *, #8149, .F. ) ;
#3968 = DIRECTION ( 'NONE',  ( 0.000000000000000000, -0.000000000000000000, 1.000000000000000000 ) ) ;
#3969 = EDGE_CURVE ( 'NONE', #2162, #8502, #584, .T. ) ;
#3970 = DIRECTION ( 'NONE',  ( -1.000000000000000000, 0.000000000000000000, 0.000000000000000000 ) ) ;
#3971 = PLANE ( 'NONE',  #9325 ) ;
#3972 = CARTESIAN_POINT ( 'NONE',  ( -11.75000000000000178, 1.540000000000000480, 3.382601427321023646 ) ) ;
#3973 = CARTESIAN_POINT ( 'NONE',  ( -3.150000000000001688, 0.5700000000000003952, 0.6649999999999998135 ) ) ;
#3974 = EDGE_CURVE ( 'NONE', #6356, #2915, #10240, .T. ) ;
#3975 = ORIENTED_EDGE ( 'NONE', *, *, #2819, .F. ) ;
#3976 = VERTEX_POINT ( 'NONE', #11960 ) ;
#3977 = CARTESIAN_POINT ( 'NONE',  ( -13.31000000000000227, 0.5700000000000003952, 0.4649999999999996914 ) ) ;
#3978 = ORIENTED_EDGE ( 'NONE', *, *, #10021, .F. ) ;
#3979 = CYLINDRICAL_SURFACE ( 'NONE', #6087, 0.8200000000000012834 ) ;
#3980 = EDGE_LOOP ( 'NONE', ( #3516, #10908, #7190, #9295 ) ) ;
#3981 = EDGE_CURVE ( 'NONE', #11564, #6420, #8254, .T. ) ;
#3982 = DIRECTION ( 'NONE',  ( -0.000000000000000000, -0.000000000000000000, -1.000000000000000000 ) ) ;
#3983 = DIRECTION ( 'NONE',  ( -1.000000000000000000, 0.000000000000000000, 0.000000000000000000 ) ) ;
#3984 = CARTESIAN_POINT ( 'NONE',  ( 3.489999999999998437, -2.717601427321017837, -3.714999999999999858 ) ) ;
#3985 = LINE ( 'NONE', #9777, #3729 ) ;
#3986 = DIRECTION ( 'NONE',  ( 1.000000000000000000, 0.000000000000000000, 0.000000000000000000 ) ) ;
#3987 = ORIENTED_EDGE ( 'NONE', *, *, #9568, .T. ) ;
#3988 = EDGE_CURVE ( 'NONE', #2768, #5843, #5388, .T. ) ;
#3989 = LINE ( 'NONE', #5042, #4076 ) ;
#3990 = VECTOR ( 'NONE', #2531, 1000.000000000000000 ) ;
#3991 = ORIENTED_EDGE ( 'NONE', *, *, #10114, .T. ) ;
#3992 = DIRECTION ( 'NONE',  ( -1.000000000000000000, 0.000000000000000000, 0.000000000000000000 ) ) ;
#3993 = EDGE_LOOP ( 'NONE', ( #1644, #11953, #5798, #8112 ) ) ;
#3994 = EDGE_CURVE ( 'NONE', #333, #8568, #9307, .T. ) ;
#3995 = LINE ( 'NONE', #10599, #2116 ) ;
#3996 = VECTOR ( 'NONE', #2874, 1000.000000000000000 ) ;
#3997 = ORIENTED_EDGE ( 'NONE', *, *, #10006, .T. ) ;
#3998 = FACE_BOUND ( 'NONE', #8248, .T. ) ;
#3999 = CARTESIAN_POINT ( 'NONE',  ( -4.470000000000003304, 1.870000000000000551, 0.4649999999999996914 ) ) ;
#4000 = DIRECTION ( 'NONE',  ( -0.3892816206350259711, 0.8348171294789868968, -0.3892816206350259711 ) ) ;
#4001 = ORIENTED_EDGE ( 'NONE', *, *, #8029, .F. ) ;
#4002 = ADVANCED_FACE ( 'NONE', ( #3512 ), #11050, .T. ) ;
#4003 = VERTEX_POINT ( 'NONE', #6340 ) ;
#4004 = DIRECTION ( 'NONE',  ( -0.000000000000000000, -0.000000000000000000, -1.000000000000000000 ) ) ;
#4005 = EDGE_LOOP ( 'NONE', ( #9337, #11413, #2829, #10078 ) ) ;
#4006 = VECTOR ( 'NONE', #6705, 1000.000000000000000 ) ;
#4007 = DIRECTION ( 'NONE',  ( 0.000000000000000000, 0.000000000000000000, -1.000000000000000000 ) ) ;
#4008 = ORIENTED_EDGE ( 'NONE', *, *, #5750, .F. ) ;
#4009 = ADVANCED_FACE ( 'NONE', ( #9253 ), #6270, .F. ) ;
#4010 = ORIENTED_EDGE ( 'NONE', *, *, #1968, .T. ) ;
#4011 = CARTESIAN_POINT ( 'NONE',  ( 0.000000000000000000, 1.540000000000000480, -1.674999999999999822 ) ) ;
#4012 = CARTESIAN_POINT ( 'NONE',  ( -13.31000000000000227, 0.5700000000000003952, 0.6649999999999998135 ) ) ;
#4013 = LINE ( 'NONE', #211, #10753 ) ;
#4014 = LINE ( 'NONE', #7826, #9979 ) ;
#4015 = ORIENTED_EDGE ( 'NONE', *, *, #4020, .F. ) ;
#4016 = DIRECTION ( 'NONE',  ( 0.000000000000000000, -1.000000000000000000, 1.150347132610614786E-16 ) ) ;
#4017 = DIRECTION ( 'NONE',  ( 1.000000000000000000, 0.000000000000000000, 0.000000000000000000 ) ) ;
#4018 = MECHANICAL_DESIGN_GEOMETRIC_PRESENTATION_REPRESENTATION (  '', ( #4214 ), #7211 ) ;
#4019 = EDGE_LOOP ( 'NONE', ( #1277, #2612, #9104, #5207 ) ) ;
#4020 = EDGE_CURVE ( 'NONE', #6227, #7538, #1929, .T. ) ;
#4021 = VERTEX_POINT ( 'NONE', #717 ) ;
#4022 = FACE_OUTER_BOUND ( 'NONE', #11690, .T. ) ;
#4023 = AXIS2_PLACEMENT_3D ( 'NONE', #11608, #11784, #6086 ) ;
#4024 = LINE ( 'NONE', #11681, #8441 ) ;
#4025 = ORIENTED_EDGE ( 'NONE', *, *, #1686, .F. ) ;
#4026 = SURFACE_STYLE_FILL_AREA ( #7963 ) ;
#4027 = EDGE_LOOP ( 'NONE', ( #479, #8052, #2242, #10381 ) ) ;
#4028 = DIRECTION ( 'NONE',  ( -0.000000000000000000, -0.000000000000000000, -1.000000000000000000 ) ) ;
#4029 = LINE ( 'NONE', #7158, #712 ) ;
#4030 = EDGE_CURVE ( 'NONE', #5528, #6745, #8904, .T. ) ;
#4031 = DIRECTION ( 'NONE',  ( -0.9063077870366493816, -0.4226182617407006625, 0.000000000000000000 ) ) ;
#4032 = ORIENTED_EDGE ( 'NONE', *, *, #6698, .T. ) ;
#4033 = DIRECTION ( 'NONE',  ( 0.000000000000000000, 1.000000000000000000, 0.000000000000000000 ) ) ;
#4034 = VECTOR ( 'NONE', #9926, 1000.000000000000000 ) ;
#4035 = ORIENTED_EDGE ( 'NONE', *, *, #7102, .F. ) ;
#4036 = EDGE_CURVE ( 'NONE', #2052, #9077, #4505, .T. ) ;
#4037 = ORIENTED_EDGE ( 'NONE', *, *, #8139, .F. ) ;
#4038 = ORIENTED_EDGE ( 'NONE', *, *, #1138, .T. ) ;
#4039 = DIRECTION ( 'NONE',  ( -1.000000000000000000, 0.000000000000000000, 0.000000000000000000 ) ) ;
#4040 = ORIENTED_EDGE ( 'NONE', *, *, #11878, .T. ) ;
#4041 = AXIS2_PLACEMENT_3D ( 'NONE', #1252, #2051, #1195 ) ;
#4042 = ORIENTED_EDGE ( 'NONE', *, *, #9101, .F. ) ;
#4043 = DIRECTION ( 'NONE',  ( -0.000000000000000000, -0.000000000000000000, -1.000000000000000000 ) ) ;
#4044 = CARTESIAN_POINT ( 'NONE',  ( 6.029999999999998472, 0.9000000000000013545, 3.382601427321023646 ) ) ;
#4045 = DIRECTION ( 'NONE',  ( -0.000000000000000000, 1.000000000000000000, 1.150347132610614786E-16 ) ) ;
#4046 = FACE_OUTER_BOUND ( 'NONE', #6147, .T. ) ;
#4047 = EDGE_CURVE ( 'NONE', #5472, #5462, #12026, .T. ) ;
#4048 = DIRECTION ( 'NONE',  ( 0.000000000000000000, 0.000000000000000000, 1.000000000000000000 ) ) ;
#4049 = DIRECTION ( 'NONE',  ( 0.000000000000000000, 1.189977994191405372E-15, -1.000000000000000000 ) ) ;
#4050 = CIRCLE ( 'NONE', #8640, 0.1800000000000013256 ) ;
#4051 = EDGE_CURVE ( 'NONE', #11085, #4929, #11674, .T. ) ;
#4052 = VERTEX_POINT ( 'NONE', #1948 ) ;
#4053 = VECTOR ( 'NONE', #6846, 1000.000000000000000 ) ;
#4054 = LINE ( 'NONE', #4801, #287 ) ;
#4055 = ORIENTED_EDGE ( 'NONE', *, *, #6656, .T. ) ;
#4056 = DIRECTION ( 'NONE',  ( 0.000000000000000000, 0.000000000000000000, -1.000000000000000000 ) ) ;
#4057 = ORIENTED_EDGE ( 'NONE', *, *, #8432, .F. ) ;
#4058 = DIRECTION ( 'NONE',  ( 0.3892816206350276365, 0.3892816206350255825, 0.8348171294789862307 ) ) ;
#4059 = AXIS2_PLACEMENT_3D ( 'NONE', #2200, #6715, #10556 ) ;
#4060 = CARTESIAN_POINT ( 'NONE',  ( -6.185000000000001386, -2.174999999999998934, 3.715000000000003855 ) ) ;
#4061 = DIRECTION ( 'NONE',  ( -0.000000000000000000, 1.000000000000000000, 1.150347132610614786E-16 ) ) ;
#4062 = CARTESIAN_POINT ( 'NONE',  ( 11.75000000000000000, 0.9000000000000013545, 3.382601427321023646 ) ) ;
#4063 = PLANE ( 'NONE',  #3748 ) ;
#4064 = AXIS2_PLACEMENT_3D ( 'NONE', #3068, #7702, #5953 ) ;
#4065 = CARTESIAN_POINT ( 'NONE',  ( 1.730000000000002425, 0.5700000000000003952, 0.6649999999999998135 ) ) ;
#4066 = EDGE_CURVE ( 'NONE', #10294, #9620, #4688, .T. ) ;
#4067 = ORIENTED_EDGE ( 'NONE', *, *, #6039, .T. ) ;
#4068 = AXIS2_PLACEMENT_3D ( 'NONE', #133, #1146, #8801 ) ;
#4069 = CARTESIAN_POINT ( 'NONE',  ( 0.9499999999999977351, 0.9000000000000005773, 0.4649999999999996914 ) ) ;
#4070 = EDGE_CURVE ( 'NONE', #12104, #6619, #11343, .T. ) ;
#4071 = ORIENTED_EDGE ( 'NONE', *, *, #5300, .F. ) ;
#4072 = EDGE_LOOP ( 'NONE', ( #6697, #6909, #466, #5449 ) ) ;
#4073 = LINE ( 'NONE', #7888, #3298 ) ;
#4074 = DIRECTION ( 'NONE',  ( -0.000000000000000000, -0.000000000000000000, 1.000000000000000000 ) ) ;
#4075 = VECTOR ( 'NONE', #7014, 1000.000000000000000 ) ;
#4076 = VECTOR ( 'NONE', #374, 1000.000000000000000 ) ;
#4077 = CARTESIAN_POINT ( 'NONE',  ( -7.010000000000004228, 1.870000000000000551, -1.875000000000000000 ) ) ;
#4078 = DIRECTION ( 'NONE',  ( 0.000000000000000000, 0.000000000000000000, -1.000000000000000000 ) ) ;
#4079 = ORIENTED_EDGE ( 'NONE', *, *, #8377, .F. ) ;
#4080 = CARTESIAN_POINT ( 'NONE',  ( 13.11000000000000298, 1.870000000000000551, -1.674999999999999822 ) ) ;
#4081 = CARTESIAN_POINT ( 'NONE',  ( 4.129999999999998117, 0.9000000000000010214, -2.894999999999998241 ) ) ;
#4082 = VECTOR ( 'NONE', #10540, 1000.000000000000000 ) ;
#4083 = EDGE_LOOP ( 'NONE', ( #3736, #11798, #9763, #8989 ) ) ;
#4084 = PLANE ( 'NONE',  #3456 ) ;
#4085 = EDGE_CURVE ( 'NONE', #2112, #4703, #3755, .T. ) ;
#4086 = EDGE_LOOP ( 'NONE', ( #9882, #4549, #5958, #4211 ) ) ;
#4087 = AXIS2_PLACEMENT_3D ( 'NONE', #2658, #616, #7469 ) ;
#4088 = VECTOR ( 'NONE', #10873, 1000.000000000000000 ) ;
#4089 = AXIS2_PLACEMENT_3D ( 'NONE', #10785, #4175, #10844 ) ;
#4090 = CARTESIAN_POINT ( 'NONE',  ( 11.75000000000000000, 0.9000000000000005773, -2.894999999999997797 ) ) ;
#4091 = ADVANCED_FACE ( 'NONE', ( #11288 ), #905, .F. ) ;
#4092 = ORIENTED_EDGE ( 'NONE', *, *, #6170, .T. ) ;
#4093 = LINE ( 'NONE', #6095, #9854 ) ;
#4094 = AXIS2_PLACEMENT_3D ( 'NONE', #1472, #10133, #9081 ) ;
#4095 = DIRECTION ( 'NONE',  ( 0.000000000000000000, 0.000000000000000000, 1.000000000000000000 ) ) ;
#4096 = DIRECTION ( 'NONE',  ( 0.000000000000000000, 0.000000000000000000, -1.000000000000000000 ) ) ;
#4097 = VECTOR ( 'NONE', #170, 1000.000000000000000 ) ;
#4098 =( LENGTH_UNIT ( ) NAMED_UNIT ( * ) SI_UNIT ( .MILLI., .METRE. ) );
#4099 = ORIENTED_EDGE ( 'NONE', *, *, #5722, .T. ) ;
#4100 = PLANE ( 'NONE',  #1302 ) ;
#4101 = CIRCLE ( 'NONE', #2900, 0.1999999999999953204 ) ;
#4102 = EDGE_CURVE ( 'NONE', #4289, #4476, #2757, .T. ) ;
#4103 = ORIENTED_EDGE ( 'NONE', *, *, #1998, .T. ) ;
#4104 = LINE ( 'NONE', #11694, #1732 ) ;
#4105 = ORIENTED_EDGE ( 'NONE', *, *, #7481, .F. ) ;
#4106 = DIRECTION ( 'NONE',  ( -0.000000000000000000, -0.000000000000000000, -1.000000000000000000 ) ) ;
#4107 = AXIS2_PLACEMENT_3D ( 'NONE', #1023, #7692, #10542 ) ;
#4108 = CARTESIAN_POINT ( 'NONE',  ( -1.930000000000002824, 1.870000000000000551, 0.6649999999999998135 ) ) ;
#4109 = CARTESIAN_POINT ( 'NONE',  ( -6.515000000000001457, -2.174999999999998934, 3.715000000000003855 ) ) ;
#4110 = EDGE_CURVE ( 'NONE', #4870, #10499, #10604, .T. ) ;
#4111 = FACE_OUTER_BOUND ( 'NONE', #10157, .T. ) ;
#4112 = CARTESIAN_POINT ( 'NONE',  ( 6.029999999999998472, -2.717601427321017837, -3.714999999999999858 ) ) ;
#4113 = DIRECTION ( 'NONE',  ( -0.000000000000000000, -0.000000000000000000, -1.000000000000000000 ) ) ;
#4114 = VECTOR ( 'NONE', #8134, 1000.000000000000000 ) ;
#4115 = ORIENTED_EDGE ( 'NONE', *, *, #376, .F. ) ;
#4116 = VERTEX_POINT ( 'NONE', #2811 ) ;
#4117 = PLANE ( 'NONE',  #4132 ) ;
#4118 = EDGE_CURVE ( 'NONE', #2821, #713, #15, .T. ) ;
#4119 = AXIS2_PLACEMENT_3D ( 'NONE', #7504, #7564, #3006 ) ;
#4120 = DIRECTION ( 'NONE',  ( -0.000000000000000000, -0.000000000000000000, -1.000000000000000000 ) ) ;
#4121 = ORIENTED_EDGE ( 'NONE', *, *, #535, .F. ) ;
#4122 = VECTOR ( 'NONE', #1329, 1000.000000000000000 ) ;
#4123 = CARTESIAN_POINT ( 'NONE',  ( 9.054999999999999716, 1.055000000000000382, 3.715000000000003411 ) ) ;
#4124 = DIRECTION ( 'NONE',  ( 0.000000000000000000, -0.000000000000000000, 1.000000000000000000 ) ) ;
#4125 = CARTESIAN_POINT ( 'NONE',  ( 10.96999999999999353, 1.870000000000000551, -1.674999999999999822 ) ) ;
#4126 = CARTESIAN_POINT ( 'NONE',  ( 0.000000000000000000, 1.540000000000000480, 0.4649999999999996914 ) ) ;
#4127 = CARTESIAN_POINT ( 'NONE',  ( -11.75000000000000178, 0.9000000000000005773, -1.674999999999999822 ) ) ;
#4128 = DIRECTION ( 'NONE',  ( 0.000000000000000000, 0.000000000000000000, -1.000000000000000000 ) ) ;
#4129 = ORIENTED_EDGE ( 'NONE', *, *, #6663, .F. ) ;
#4130 = CARTESIAN_POINT ( 'NONE',  ( 0.8099999999999911715, 1.870000000000000551, 0.6649999999999998135 ) ) ;
#4131 = VECTOR ( 'NONE', #12061, 1000.000000000000000 ) ;
#4132 = AXIS2_PLACEMENT_3D ( 'NONE', #8109, #7930, #6245 ) ;
#4133 = VERTEX_POINT ( 'NONE', #9559 ) ;
#4134 = CARTESIAN_POINT ( 'NONE',  ( 13.65000000000000036, 1.540000000000000480, 3.382601427321023646 ) ) ;
#4135 = EDGE_LOOP ( 'NONE', ( #6291, #11467, #11921, #7580 ) ) ;
#4136 = ORIENTED_EDGE ( 'NONE', *, *, #5932, .F. ) ;
#4137 = CARTESIAN_POINT ( 'NONE',  ( -11.11000000000000121, 0.9000000000000005773, 3.715000000000003411 ) ) ;
#4138 = DIRECTION ( 'NONE',  ( 1.000000000000000000, 0.000000000000000000, -0.000000000000000000 ) ) ;
#4139 = VECTOR ( 'NONE', #11070, 1000.000000000000000 ) ;
#4140 = FACE_OUTER_BOUND ( 'NONE', #965, .T. ) ;
#4141 = CARTESIAN_POINT ( 'NONE',  ( 1.104999999999998428, 1.385000000000000897, 3.715000000000003411 ) ) ;
#4142 = EDGE_CURVE ( 'NONE', #6945, #10142, #10489, .T. ) ;
#4143 = ORIENTED_EDGE ( 'NONE', *, *, #10513, .F. ) ;
#4144 = DIRECTION ( 'NONE',  ( 0.000000000000000000, 0.000000000000000000, 1.000000000000000000 ) ) ;
#4145 = DIRECTION ( 'NONE',  ( -0.000000000000000000, 1.000000000000000000, 1.150347132610614786E-16 ) ) ;
#4146 = LINE ( 'NONE', #9754, #5228 ) ;
#4147 = ORIENTED_EDGE ( 'NONE', *, *, #10266, .F. ) ;
#4148 = DIRECTION ( 'NONE',  ( 0.3892816206350276365, 0.3892816206350255825, 0.8348171294789862307 ) ) ;
#4149 = EDGE_CURVE ( 'NONE', #4338, #10142, #2006, .T. ) ;
#4150 = CIRCLE ( 'NONE', #9529, 0.1999999999999953204 ) ;
#4151 = DIRECTION ( 'NONE',  ( 0.000000000000000000, 1.000000000000000000, -1.150347132610614786E-16 ) ) ;
#4152 = DIRECTION ( 'NONE',  ( -0.000000000000000000, -0.000000000000000000, 1.000000000000000000 ) ) ;
#4153 = CARTESIAN_POINT ( 'NONE',  ( 6.669999999999999041, 0.9000000000000005773, 3.382601427321023646 ) ) ;
#4154 = DIRECTION ( 'NONE',  ( -0.000000000000000000, 0.000000000000000000, -1.000000000000000000 ) ) ;
#4155 = EDGE_CURVE ( 'NONE', #8217, #8902, #971, .T. ) ;
#4156 = DIRECTION ( 'NONE',  ( 1.000000000000000000, 0.000000000000000000, 0.000000000000000000 ) ) ;
#4157 = VERTEX_POINT ( 'NONE', #2066 ) ;
#4158 = ORIENTED_EDGE ( 'NONE', *, *, #6383, .T. ) ;
#4159 = DIRECTION ( 'NONE',  ( 1.000000000000000000, 0.000000000000000000, -0.000000000000000000 ) ) ;
#4160 = EDGE_CURVE ( 'NONE', #9153, #7356, #7697, .T. ) ;
#4161 = EDGE_LOOP ( 'NONE', ( #8067, #7642, #2009, #7867 ) ) ;
#4162 = CARTESIAN_POINT ( 'NONE',  ( -4.130000000000001670, -2.717601427321017837, -3.714999999999999858 ) ) ;
#4163 = EDGE_LOOP ( 'NONE', ( #7123, #9278 ) ) ;
#4164 = ORIENTED_EDGE ( 'NONE', *, *, #1120, .T. ) ;
#4165 = CARTESIAN_POINT ( 'NONE',  ( 6.514999999999997904, -3.049999999999999822, -3.075000000000000178 ) ) ;
#4166 = CARTESIAN_POINT ( 'NONE',  ( -2.129999999999998117, 1.870000000000000551, -1.674999999999999822 ) ) ;
#4167 = PLANE ( 'NONE',  #1439 ) ;
#4168 = LINE ( 'NONE', #7982, #10612 ) ;
#4169 = EDGE_LOOP ( 'NONE', ( #3307, #9748 ) ) ;
#4170 = CARTESIAN_POINT ( 'NONE',  ( 7.009999999999998899, 0.5700000000000003952, -1.875000000000000000 ) ) ;
#4171 = ORIENTED_EDGE ( 'NONE', *, *, #2467, .T. ) ;
#4172 = AXIS2_PLACEMENT_3D ( 'NONE', #1805, #953, #5558 ) ;
#4173 = ORIENTED_EDGE ( 'NONE', *, *, #2100, .F. ) ;
#4174 = FACE_OUTER_BOUND ( 'NONE', #4086, .T. ) ;
#4175 = DIRECTION ( 'NONE',  ( 1.000000000000000000, 0.000000000000000000, -0.000000000000000000 ) ) ;
#4176 = VERTEX_POINT ( 'NONE', #3811 ) ;
#4177 = DIRECTION ( 'NONE',  ( -1.000000000000000000, -0.000000000000000000, 0.000000000000000000 ) ) ;
#4178 = DIRECTION ( 'NONE',  ( 0.000000000000000000, 0.000000000000000000, -1.000000000000000000 ) ) ;
#4179 = CARTESIAN_POINT ( 'NONE',  ( -6.030000000000002025, 1.540000000000000480, 0.4649999999999996914 ) ) ;
#4180 = DIRECTION ( 'NONE',  ( 0.3892816206350259711, 0.8348171294789868968, -0.3892816206350259711 ) ) ;
#4181 = VECTOR ( 'NONE', #983, 1000.000000000000000 ) ;
#4182 = DIRECTION ( 'NONE',  ( 0.000000000000000000, 0.000000000000000000, 1.000000000000000000 ) ) ;
#4183 = CARTESIAN_POINT ( 'NONE',  ( 6.184999999999999609, -3.049999999999999822, -4.336808689942017736E-16 ) ) ;
#4184 = EDGE_LOOP ( 'NONE', ( #4733, #5108, #11994, #8781 ) ) ;
#4185 = CARTESIAN_POINT ( 'NONE',  ( -14.29000000000000270, 1.540000000000000480, -1.674999999999999822 ) ) ;
#4186 = ADVANCED_FACE ( 'NONE', ( #10548 ), #8617, .F. ) ;
#4187 = CIRCLE ( 'NONE', #11740, 0.1999999999999953204 ) ;
#4188 = DIRECTION ( 'NONE',  ( 1.000000000000000000, 0.000000000000000000, -0.000000000000000000 ) ) ;
#4189 = VERTEX_POINT ( 'NONE', #6827 ) ;
#4190 = DIRECTION ( 'NONE',  ( 0.000000000000000000, -1.150347132610614786E-16, 1.000000000000000000 ) ) ;
#4191 = CARTESIAN_POINT ( 'NONE',  ( 0.4100000000000007527, 1.870000000000000551, -1.875000000000000000 ) ) ;
#4192 = CARTESIAN_POINT ( 'NONE',  ( 4.129999999999998117, -3.049999999999999822, -3.075000000000000178 ) ) ;
#4193 = PLANE ( 'NONE',  #6100 ) ;
#4194 = EDGE_LOOP ( 'NONE', ( #11231, #10543, #1579, #7645 ) ) ;
#4195 = PLANE ( 'NONE',  #132 ) ;
#4196 = LINE ( 'NONE', #7726, #5538 ) ;
#4197 = CARTESIAN_POINT ( 'NONE',  ( 11.10999999999999943, 0.9000000000000005773, 3.715000000000003411 ) ) ;
#4198 = ORIENTED_EDGE ( 'NONE', *, *, #1871, .F. ) ;
#4199 = EDGE_CURVE ( 'NONE', #6329, #9620, #71, .T. ) ;
#4200 = CARTESIAN_POINT ( 'NONE',  ( -14.29000000000000270, 1.540000000000000480, 3.382601427321023646 ) ) ;
#4201 = VERTEX_POINT ( 'NONE', #4745 ) ;
#4202 = EDGE_CURVE ( 'NONE', #6108, #3551, #6926, .T. ) ;
#4203 = FACE_OUTER_BOUND ( 'NONE', #6055, .T. ) ;
#4204 = CYLINDRICAL_SURFACE ( 'NONE', #12030, 0.1999999999999953204 ) ;
#4205 = DIRECTION ( 'NONE',  ( 0.000000000000000000, 0.000000000000000000, 1.000000000000000000 ) ) ;
#4206 = ADVANCED_FACE ( 'NONE', ( #5630 ), #9431, .F. ) ;
#4207 = DIRECTION ( 'NONE',  ( -1.000000000000000000, 0.000000000000000000, 0.000000000000000000 ) ) ;
#4208 = VECTOR ( 'NONE', #6064, 1000.000000000000000 ) ;
#4209 = DIRECTION ( 'NONE',  ( 0.000000000000000000, 1.000000000000000000, 0.000000000000000000 ) ) ;
#4210 = CARTESIAN_POINT ( 'NONE',  ( 4.033014284694890428, 1.443014284694892124, 3.590587964983397828 ) ) ;
#4211 = ORIENTED_EDGE ( 'NONE', *, *, #7947, .T. ) ;
#4212 = ORIENTED_EDGE ( 'NONE', *, *, #8893, .T. ) ;
#4213 = CARTESIAN_POINT ( 'NONE',  ( -5.889999999999997904, 0.5700000000000003952, 0.6649999999999998135 ) ) ;
#4214 = STYLED_ITEM ( 'NONE', ( #1865 ), #9127 ) ;
#4215 = EDGE_CURVE ( 'NONE', #7757, #11016, #2876, .T. ) ;
#4216 = EDGE_LOOP ( 'NONE', ( #2045, #6364, #6570, #3468 ) ) ;
#4217 = CARTESIAN_POINT ( 'NONE',  ( 1.929999999999997717, 0.5700000000000003952, -1.674999999999999822 ) ) ;
#4218 = ORIENTED_EDGE ( 'NONE', *, *, #3761, .F. ) ;
#4219 = EDGE_CURVE ( 'NONE', #8624, #10491, #7755, .T. ) ;
#4220 = LINE ( 'NONE', #7043, #4469 ) ;
#4221 = DIRECTION ( 'NONE',  ( 0.000000000000000000, -1.000000000000000000, 1.150347132610614786E-16 ) ) ;
#4222 = CARTESIAN_POINT ( 'NONE',  ( 7.209999999999993747, 0.5700000000000003952, 0.6649999999999998135 ) ) ;
#4223 = CIRCLE ( 'NONE', #4023, 0.1999999999999953204 ) ;
#4224 = DIRECTION ( 'NONE',  ( 0.000000000000000000, 0.000000000000000000, 1.000000000000000000 ) ) ;
#4225 = PLANE ( 'NONE',  #11611 ) ;
#4226 = ORIENTED_EDGE ( 'NONE', *, *, #6257, .T. ) ;
#4227 = CARTESIAN_POINT ( 'NONE',  ( -6.030000000000002025, 0.9000000000000005773, 3.382601427321023646 ) ) ;
#4228 = VERTEX_POINT ( 'NONE', #1266 ) ;
#4229 = EDGE_CURVE ( 'NONE', #8171, #7631, #4239, .T. ) ;
#4230 = ORIENTED_EDGE ( 'NONE', *, *, #11935, .T. ) ;
#4231 = AXIS2_PLACEMENT_3D ( 'NONE', #586, #3390, #4565 ) ;
#4232 = FACE_OUTER_BOUND ( 'NONE', #3818, .T. ) ;
#4233 = FACE_OUTER_BOUND ( 'NONE', #10595, .T. ) ;
#4234 = ORIENTED_EDGE ( 'NONE', *, *, #10778, .T. ) ;
#4235 = EDGE_CURVE ( 'NONE', #8723, #8841, #2253, .T. ) ;
#4236 = LINE ( 'NONE', #7532, #6112 ) ;
#4237 = FACE_BOUND ( 'NONE', #10882, .T. ) ;
#4238 = LINE ( 'NONE', #8117, #9988 ) ;
#4239 = LINE ( 'NONE', #10791, #8309 ) ;
#4240 = CARTESIAN_POINT ( 'NONE',  ( -11.11000000000000121, 0.9000000000000005773, 3.382601427321023646 ) ) ;
#4241 = CARTESIAN_POINT ( 'NONE',  ( 1.046985715305106979, 0.9969857153051095988, 3.590587964983398717 ) ) ;
#4242 = AXIS2_PLACEMENT_3D ( 'NONE', #7551, #1867, #6567 ) ;
#4243 = ORIENTED_EDGE ( 'NONE', *, *, #11965, .T. ) ;
#4244 = DIRECTION ( 'NONE',  ( -0.000000000000000000, 1.000000000000000000, 1.150347132610614786E-16 ) ) ;
#4245 = ORIENTED_EDGE ( 'NONE', *, *, #7422, .F. ) ;
#4246 = VECTOR ( 'NONE', #7961, 999.9999999999998863 ) ;
#4247 = DIRECTION ( 'NONE',  ( 0.000000000000000000, 0.000000000000000000, 1.000000000000000000 ) ) ;
#4248 = ORIENTED_EDGE ( 'NONE', *, *, #10562, .T. ) ;
#4249 = EDGE_CURVE ( 'NONE', #11368, #8469, #3128, .T. ) ;
#4250 = CARTESIAN_POINT ( 'NONE',  ( -4.130000000000001670, 1.540000000000000924, -2.894999999999998241 ) ) ;
#4251 = CARTESIAN_POINT ( 'NONE',  ( -9.550000000000002487, 1.870000000000000551, 0.6649999999999998135 ) ) ;
#4252 = DIRECTION ( 'NONE',  ( -0.3892816206350259711, -0.8348171294789868968, -0.3892816206350259711 ) ) ;
#4253 = CARTESIAN_POINT ( 'NONE',  ( 1.929999999999997717, 0.5700000000000003952, 0.6649999999999998135 ) ) ;
#4254 = CARTESIAN_POINT ( 'NONE',  ( 14.29000000000000092, 0.9000000000000005773, -2.894999999999997797 ) ) ;
#4255 = VECTOR ( 'NONE', #2951, 1000.000000000000000 ) ;
#4256 = LINE ( 'NONE', #6964, #8514 ) ;
#4257 = PLANE ( 'NONE',  #451 ) ;
#4258 = ORIENTED_EDGE ( 'NONE', *, *, #1241, .F. ) ;
#4259 = ADVANCED_FACE ( 'NONE', ( #256 ), #7003, .T. ) ;
#4260 = FACE_OUTER_BOUND ( 'NONE', #6401, .T. ) ;
#4261 = VECTOR ( 'NONE', #394, 1000.000000000000000 ) ;
#4262 = ORIENTED_EDGE ( 'NONE', *, *, #9501, .F. ) ;
#4263 = VECTOR ( 'NONE', #4074, 1000.000000000000000 ) ;
#4264 = AXIS2_PLACEMENT_3D ( 'NONE', #8026, #1301, #6979 ) ;
#4265 = CARTESIAN_POINT ( 'NONE',  ( 14.43000000000000504, 0.5700000000000003952, 0.6649999999999998135 ) ) ;
#4266 = ORIENTED_EDGE ( 'NONE', *, *, #5772, .F. ) ;
#4267 = FILL_AREA_STYLE_COLOUR ( '', #5087 ) ;
#4268 = EDGE_CURVE ( 'NONE', #4176, #5557, #11710, .T. ) ;
#4269 = AXIS2_PLACEMENT_3D ( 'NONE', #2126, #10597, #5752 ) ;
#4270 = DIRECTION ( 'NONE',  ( -0.000000000000000000, -0.000000000000000000, -1.000000000000000000 ) ) ;
#4271 = DIRECTION ( 'NONE',  ( 1.000000000000000000, 0.000000000000000000, 0.000000000000000000 ) ) ;
#4272 = ORIENTED_EDGE ( 'NONE', *, *, #1530, .T. ) ;
#4273 = EDGE_CURVE ( 'NONE', #8320, #1518, #7995, .T. ) ;
#4274 = LINE ( 'NONE', #3348, #12081 ) ;
#4275 = AXIS2_PLACEMENT_3D ( 'NONE', #11195, #812, #7287 ) ;
#4276 = ORIENTED_EDGE ( 'NONE', *, *, #40, .T. ) ;
#4277 = ORIENTED_EDGE ( 'NONE', *, *, #10400, .T. ) ;
#4278 = FACE_OUTER_BOUND ( 'NONE', #3213, .T. ) ;
#4279 = VECTOR ( 'NONE', #7024, 1000.000000000000000 ) ;
#4280 = ORIENTED_EDGE ( 'NONE', *, *, #11075, .F. ) ;
#4281 = CARTESIAN_POINT ( 'NONE',  ( 11.89000000000000412, 0.5700000000000003952, 0.4649999999999996914 ) ) ;
#4282 = AXIS2_PLACEMENT_3D ( 'NONE', #4906, #6670, #3970 ) ;
#4283 = LINE ( 'NONE', #6931, #9459 ) ;
#4284 = DIRECTION ( 'NONE',  ( -0.000000000000000000, -0.000000000000000000, 1.000000000000000000 ) ) ;
#4285 = EDGE_CURVE ( 'NONE', #11506, #6981, #1327, .T. ) ;
#4286 = DIRECTION ( 'NONE',  ( -0.000000000000000000, -0.000000000000000000, -1.000000000000000000 ) ) ;
#4287 = STYLED_ITEM ( 'NONE', ( #1099 ), #805 ) ;
#4288 = DIRECTION ( 'NONE',  ( -0.000000000000000000, -0.000000000000000000, -1.000000000000000000 ) ) ;
#4289 = VERTEX_POINT ( 'NONE', #10913 ) ;
#4290 = CARTESIAN_POINT ( 'NONE',  ( -13.65000000000000213, 0.9000000000000005773, 3.382601427321023646 ) ) ;
#4291 = ORIENTED_EDGE ( 'NONE', *, *, #5435, .T. ) ;
#4292 = CIRCLE ( 'NONE', #3898, 0.1999999999999953204 ) ;
#4293 = EDGE_CURVE ( 'NONE', #3162, #2059, #7873, .T. ) ;
#4294 = EDGE_LOOP ( 'NONE', ( #1678, #9141, #396, #5740 ) ) ;
#4295 = DIRECTION ( 'NONE',  ( 0.000000000000000000, 5.421010862427481938E-15, -1.000000000000000000 ) ) ;
#4296 = VECTOR ( 'NONE', #6204, 1000.000000000000000 ) ;
#4297 = DIRECTION ( 'NONE',  ( -0.000000000000000000, -0.000000000000000000, 1.000000000000000000 ) ) ;
#4298 = VERTEX_POINT ( 'NONE', #5185 ) ;
#4299 = FACE_OUTER_BOUND ( 'NONE', #7213, .T. ) ;
#4300 = ORIENTED_EDGE ( 'NONE', *, *, #197, .T. ) ;
#4301 = CIRCLE ( 'NONE', #7715, 0.1999999999999953204 ) ;
#4302 = FACE_OUTER_BOUND ( 'NONE', #4810, .T. ) ;
#4303 = DIRECTION ( 'NONE',  ( -1.000000000000000000, 0.000000000000000000, 0.000000000000000000 ) ) ;
#4304 = EDGE_CURVE ( 'NONE', #6903, #5517, #6948, .T. ) ;
#4305 = DIRECTION ( 'NONE',  ( -0.000000000000000000, -1.000000000000000000, -0.000000000000000000 ) ) ;
#4306 = DIRECTION ( 'NONE',  ( 1.000000000000000000, 0.000000000000000000, 0.000000000000000000 ) ) ;
#4307 = CARTESIAN_POINT ( 'NONE',  ( 3.489999999999998437, 0.9000000000000005773, -2.894999999999997797 ) ) ;
#4308 = ORIENTED_EDGE ( 'NONE', *, *, #6509, .T. ) ;
#4309 = AXIS2_PLACEMENT_3D ( 'NONE', #7671, #2921, #2294 ) ;
#4310 = DIRECTION ( 'NONE',  ( 0.000000000000000000, -1.150347132610614786E-16, -1.000000000000000000 ) ) ;
#4311 = EDGE_CURVE ( 'NONE', #7568, #3407, #6193, .T. ) ;
#4312 = ORIENTED_EDGE ( 'NONE', *, *, #5151, .F. ) ;
#4313 = VECTOR ( 'NONE', #3875, 1000.000000000000000 ) ;
#4314 = LINE ( 'NONE', #6332, #6668 ) ;
#4315 = ORIENTED_EDGE ( 'NONE', *, *, #793, .T. ) ;
#4316 = LINE ( 'NONE', #11897, #7688 ) ;
#4317 = DIRECTION ( 'NONE',  ( 0.000000000000000000, 0.000000000000000000, 1.000000000000000000 ) ) ;
#4318 = CARTESIAN_POINT ( 'NONE',  ( -6.350000000000003197, 0.7199999999999999734, -2.894999999999998241 ) ) ;
#4319 = CARTESIAN_POINT ( 'NONE',  ( 10.16000000000000014, -3.049999999999999822, -3.230000000000000870 ) ) ;
#4320 = DIRECTION ( 'NONE',  ( 1.000000000000000000, 0.000000000000000000, 0.000000000000000000 ) ) ;
#4321 = DIRECTION ( 'NONE',  ( -0.3892816206350259711, 0.8348171294789868968, -0.3892816206350259711 ) ) ;
#4322 = FACE_OUTER_BOUND ( 'NONE', #8753, .T. ) ;
#4323 = COLOUR_RGB ( '',0.7960784313725489669, 0.8235294117647058432, 0.9372549019607843146 ) ;
#4324 = ORIENTED_EDGE ( 'NONE', *, *, #2721, .F. ) ;
#4325 = AXIS2_PLACEMENT_3D ( 'NONE', #8239, #10165, #4491 ) ;
#4326 = VERTEX_POINT ( 'NONE', #10668 ) ;
#4327 = CARTESIAN_POINT ( 'NONE',  ( -1.590000000000001190, -2.717601427321017837, -3.075000000000000178 ) ) ;
#4328 = ADVANCED_FACE ( 'NONE', ( #11769 ), #10730, .T. ) ;
#4329 = EDGE_LOOP ( 'NONE', ( #11924, #9485, #9866, #3958 ) ) ;
#4330 = VECTOR ( 'NONE', #11502, 1000.000000000000000 ) ;
#4331 = EDGE_CURVE ( 'NONE', #4558, #10064, #757, .T. ) ;
#4332 = FACE_OUTER_BOUND ( 'NONE', #4194, .T. ) ;
#4333 = DIRECTION ( 'NONE',  ( 0.000000000000000000, 1.150347132610614786E-16, -1.000000000000000000 ) ) ;
#4334 =( NAMED_UNIT ( * ) PLANE_ANGLE_UNIT ( ) SI_UNIT ( $, .RADIAN. ) );
#4335 = UNCERTAINTY_MEASURE_WITH_UNIT (LENGTH_MEASURE( 1.000000000000000082E-05 ), #3275, 'distance_accuracy_value', 'NONE');
#4336 = PLANE ( 'NONE',  #10343 ) ;
#4337 = FACE_OUTER_BOUND ( 'NONE', #3779, .T. ) ;
#4338 = VERTEX_POINT ( 'NONE', #2321 ) ;
#4339 = VECTOR ( 'NONE', #993, 1000.000000000000000 ) ;
#4340 = ORIENTED_EDGE ( 'NONE', *, *, #9234, .T. ) ;
#4341 = DIRECTION ( 'NONE',  ( 0.000000000000000000, 0.000000000000000000, -1.000000000000000000 ) ) ;
#4342 = ORIENTED_EDGE ( 'NONE', *, *, #5179, .F. ) ;
#4343 = ORIENTED_EDGE ( 'NONE', *, *, #2545, .T. ) ;
#4344 = LINE ( 'NONE', #11922, #3286 ) ;
#4345 = VERTEX_POINT ( 'NONE', #6134 ) ;
#4346 = ADVANCED_FACE ( 'NONE', ( #3063 ), #7128, .F. ) ;
#4347 = ORIENTED_EDGE ( 'NONE', *, *, #10884, .T. ) ;
#4348 = DIRECTION ( 'NONE',  ( 1.000000000000000000, 0.000000000000000000, -0.000000000000000000 ) ) ;
#4349 = FACE_OUTER_BOUND ( 'NONE', #9569, .T. ) ;
#4350 = PLANE ( 'NONE',  #8552 ) ;
#4351 = DIRECTION ( 'NONE',  ( -1.000000000000000000, 0.000000000000000000, 0.000000000000000000 ) ) ;
#4352 = DIRECTION ( 'NONE',  ( 0.000000000000000000, 0.000000000000000000, 1.000000000000000000 ) ) ;
#4353 = ORIENTED_EDGE ( 'NONE', *, *, #10511, .F. ) ;
#4354 = LINE ( 'NONE', #7357, #4662 ) ;
#4355 = EDGE_CURVE ( 'NONE', #10689, #11566, #8931, .T. ) ;
#4356 = EDGE_LOOP ( 'NONE', ( #3847, #626 ) ) ;
#4357 = EDGE_CURVE ( 'NONE', #6807, #6746, #2132, .T. ) ;
#4358 = LINE ( 'NONE', #7176, #6713 ) ;
#4359 = ORIENTED_EDGE ( 'NONE', *, *, #5838, .T. ) ;
#4360 = DIRECTION ( 'NONE',  ( 0.000000000000000000, 0.000000000000000000, -1.000000000000000000 ) ) ;
#4361 = VERTEX_POINT ( 'NONE', #198 ) ;
#4362 = EDGE_CURVE ( 'NONE', #4482, #6333, #5523, .T. ) ;
#4363 = DIRECTION ( 'NONE',  ( -1.000000000000000000, 0.000000000000000000, 0.000000000000000000 ) ) ;
#4364 = LINE ( 'NONE', #1689, #10784 ) ;
#4365 = DIRECTION ( 'NONE',  ( 0.000000000000000000, 0.000000000000000000, -1.000000000000000000 ) ) ;
#4366 = AXIS2_PLACEMENT_3D ( 'NONE', #9344, #3725, #10335 ) ;
#4367 = CARTESIAN_POINT ( 'NONE',  ( 11.10999999999999943, -2.717601427321017837, -3.714999999999999858 ) ) ;
#4368 = CARTESIAN_POINT ( 'NONE',  ( -9.210000000000002629, 0.7200000000000008615, -3.074999999999999734 ) ) ;
#4369 = ORIENTED_EDGE ( 'NONE', *, *, #10611, .T. ) ;
#4370 = AXIS2_PLACEMENT_3D ( 'NONE', #1057, #5846, #2098 ) ;
#4371 = CARTESIAN_POINT ( 'NONE',  ( -11.75000000000000178, 1.540000000000001146, -2.894999999999998241 ) ) ;
#4372 = EDGE_LOOP ( 'NONE', ( #7085, #690 ) ) ;
#4373 = ADVANCED_FACE ( 'NONE', ( #6006 ), #9794, .T. ) ;
#4374 = AXIS2_PLACEMENT_3D ( 'NONE', #6868, #6114, #3983 ) ;
#4375 = DIRECTION ( 'NONE',  ( 1.000000000000000000, 0.000000000000000000, 0.000000000000000000 ) ) ;
#4376 = VERTEX_POINT ( 'NONE', #6252 ) ;
#4377 = LINE ( 'NONE', #9190, #10660 ) ;
#4378 = FACE_OUTER_BOUND ( 'NONE', #707, .T. ) ;
#4379 = DIRECTION ( 'NONE',  ( 0.000000000000000000, 0.000000000000000000, -1.000000000000000000 ) ) ;
#4380 = CARTESIAN_POINT ( 'NONE',  ( 9.749999999999994671, 0.5700000000000003952, -1.674999999999999822 ) ) ;
#4381 = ADVANCED_FACE ( 'NONE', ( #8118 ), #8175, .T. ) ;
#4382 = DIRECTION ( 'NONE',  ( 0.000000000000000000, 0.000000000000000000, 1.000000000000000000 ) ) ;
#4383 = CARTESIAN_POINT ( 'NONE',  ( -11.75000000000000178, 1.540000000000000480, 0.4649999999999996914 ) ) ;
#4384 = FACE_OUTER_BOUND ( 'NONE', #7493, .T. ) ;
#4385 = EDGE_LOOP ( 'NONE', ( #1763, #4035 ) ) ;
#4386 = ORIENTED_EDGE ( 'NONE', *, *, #7549, .F. ) ;
#4387 = DIRECTION ( 'NONE',  ( 1.000000000000000000, 0.000000000000000000, 0.000000000000000000 ) ) ;
#4388 = ORIENTED_EDGE ( 'NONE', *, *, #2871, .F. ) ;
#4389 = VECTOR ( 'NONE', #9613, 1000.000000000000000 ) ;
#4390 = EDGE_CURVE ( 'NONE', #6356, #10875, #11087, .T. ) ;
#4391 = DIRECTION ( 'NONE',  ( 0.000000000000000000, -1.000000000000000000, -0.000000000000000000 ) ) ;
#4392 = CARTESIAN_POINT ( 'NONE',  ( 11.75000000000000000, -3.049999999999999822, -3.714999999999999858 ) ) ;
#4393 =( LENGTH_UNIT ( ) NAMED_UNIT ( * ) SI_UNIT ( .MILLI., .METRE. ) );
#4394 = FACE_OUTER_BOUND ( 'NONE', #4432, .T. ) ;
#4395 = DIRECTION ( 'NONE',  ( -1.000000000000000000, 0.000000000000000000, 0.000000000000000000 ) ) ;
#4396 = ADVANCED_FACE ( 'NONE', ( #9121 ), #7306, .T. ) ;
#4397 = VERTEX_POINT ( 'NONE', #3617 ) ;
#4398 = VECTOR ( 'NONE', #11389, 1000.000000000000000 ) ;
#4399 = DIRECTION ( 'NONE',  ( 0.000000000000000000, 0.000000000000000000, -1.000000000000000000 ) ) ;
#4400 = ORIENTED_EDGE ( 'NONE', *, *, #12276, .F. ) ;
#4401 = DIRECTION ( 'NONE',  ( -1.000000000000000000, 0.000000000000000000, -0.000000000000000000 ) ) ;
#4402 = VERTEX_POINT ( 'NONE', #7368 ) ;
#4403 = ORIENTED_EDGE ( 'NONE', *, *, #7878, .F. ) ;
#4404 = DIRECTION ( 'NONE',  ( 1.000000000000000000, 0.000000000000000000, 0.000000000000000000 ) ) ;
#4405 = ORIENTED_EDGE ( 'NONE', *, *, #2814, .T. ) ;
#4406 = AXIS2_PLACEMENT_3D ( 'NONE', #4319, #7198, #4743 ) ;
#4407 = ORIENTED_EDGE ( 'NONE', *, *, #9376, .F. ) ;
#4408 = CARTESIAN_POINT ( 'NONE',  ( 2.950000000000001066, 1.870000000000000551, 0.4649999999999996914 ) ) ;
#4409 = DIRECTION ( 'NONE',  ( -0.000000000000000000, -0.000000000000000000, 1.000000000000000000 ) ) ;
#4410 = EDGE_CURVE ( 'NONE', #7495, #1551, #2501, .T. ) ;
#4411 = DIRECTION ( 'NONE',  ( 1.000000000000000000, 0.000000000000000000, 0.000000000000000000 ) ) ;
#4412 = CARTESIAN_POINT ( 'NONE',  ( 1.104999999999998428, -3.049999999999999822, -3.559999999999999165 ) ) ;
#4413 = DIRECTION ( 'NONE',  ( 1.000000000000000000, 0.000000000000000000, 0.000000000000000000 ) ) ;
#4414 = LINE ( 'NONE', #8106, #488 ) ;
#4415 =( GEOMETRIC_REPRESENTATION_CONTEXT ( 3 ) GLOBAL_UNCERTAINTY_ASSIGNED_CONTEXT ( ( #4452 ) ) GLOBAL_UNIT_ASSIGNED_CONTEXT ( ( #1627, #11100, #10966 ) ) REPRESENTATION_CONTEXT ( 'NONE', 'WORKASPACE' ) );
#4416 = ADVANCED_FACE ( 'NONE', ( #3374 ), #11211, .T. ) ;
#4417 = ORIENTED_EDGE ( 'NONE', *, *, #1874, .F. ) ;
#4418 = ORIENTED_EDGE ( 'NONE', *, *, #10533, .T. ) ;
#4419 = PLANE ( 'NONE',  #5303 ) ;
#4420 = EDGE_LOOP ( 'NONE', ( #3200, #2739, #5500, #6751 ) ) ;
#4421 = VECTOR ( 'NONE', #2301, 1000.000000000000000 ) ;
#4422 = CARTESIAN_POINT ( 'NONE',  ( 6.810000000000003162, 0.5700000000000003952, -1.674999999999999822 ) ) ;
#4423 = VERTEX_POINT ( 'NONE', #5496 ) ;
#4424 = ADVANCED_FACE ( 'NONE', ( #11101 ), #2678, .F. ) ;
#4425 = DIRECTION ( 'NONE',  ( -0.000000000000000000, 0.000000000000000000, 1.000000000000000000 ) ) ;
#4426 = DIRECTION ( 'NONE',  ( 1.000000000000000000, 0.000000000000000000, 0.000000000000000000 ) ) ;
#4427 = DIRECTION ( 'NONE',  ( -1.000000000000000000, 0.000000000000000000, 0.000000000000000000 ) ) ;
#4428 = CARTESIAN_POINT ( 'NONE',  ( -3.150000000000001688, 0.5700000000000003952, -1.875000000000000000 ) ) ;
#4429 = VERTEX_POINT ( 'NONE', #3495 ) ;
#4430 = ADVANCED_FACE ( 'NONE', ( #7183 ), #570, .T. ) ;
#4431 = DIRECTION ( 'NONE',  ( -0.000000000000000000, -0.000000000000000000, -1.000000000000000000 ) ) ;
#4432 = EDGE_LOOP ( 'NONE', ( #11927, #10482 ) ) ;
#4433 = FACE_OUTER_BOUND ( 'NONE', #1448, .T. ) ;
#4434 = ORIENTED_EDGE ( 'NONE', *, *, #8377, .T. ) ;
#4435 = CARTESIAN_POINT ( 'NONE',  ( -4.130000000000001670, -2.717601427321017837, -3.075000000000000178 ) ) ;
#4436 = CARTESIAN_POINT ( 'NONE',  ( -8.030000000000006466, 0.5700000000000003952, 0.6649999999999998135 ) ) ;
#4437 = VERTEX_POINT ( 'NONE', #5310 ) ;
#4438 = CARTESIAN_POINT ( 'NONE',  ( -6.185000000000003162, -3.049999999999999822, -4.336808689942017736E-16 ) ) ;
#4439 = VECTOR ( 'NONE', #8177, 1000.000000000000000 ) ;
#4440 = DIRECTION ( 'NONE',  ( 1.000000000000000000, 0.000000000000000000, -0.000000000000000000 ) ) ;
#4441 = DIRECTION ( 'NONE',  ( 0.000000000000000000, 0.000000000000000000, -1.000000000000000000 ) ) ;
#4442 = CARTESIAN_POINT ( 'NONE',  ( -1.590000000000001190, 1.540000000000000480, 3.382601427321023646 ) ) ;
#4443 = DIRECTION ( 'NONE',  ( 0.000000000000000000, -1.000000000000000000, 1.150347132610614786E-16 ) ) ;
#4444 = ORIENTED_EDGE ( 'NONE', *, *, #7434, .T. ) ;
#4445 = EDGE_CURVE ( 'NONE', #4376, #1467, #2564, .T. ) ;
#4446 = ORIENTED_EDGE ( 'NONE', *, *, #5579, .F. ) ;
#4447 = CARTESIAN_POINT ( 'NONE',  ( -11.75000000000000178, 0.9000000000000005773, 0.4649999999999996914 ) ) ;
#4448 = AXIS2_PLACEMENT_3D ( 'NONE', #11558, #10704, #6922 ) ;
#4449 = ADVANCED_FACE ( 'NONE', ( #7242 ), #769, .F. ) ;
#4450 = CARTESIAN_POINT ( 'NONE',  ( -10.57000000000000561, 0.5700000000000003952, -1.875000000000000000 ) ) ;
#4451 = CARTESIAN_POINT ( 'NONE',  ( -8.230000000000000426, 0.5700000000000003952, 0.6649999999999998135 ) ) ;
#4452 = UNCERTAINTY_MEASURE_WITH_UNIT (LENGTH_MEASURE( 1.000000000000000082E-05 ), #1627, 'distance_accuracy_value', 'NONE');
#4453 = DIRECTION ( 'NONE',  ( -1.000000000000000000, 0.000000000000000000, 0.000000000000000000 ) ) ;
#4454 = LINE ( 'NONE', #8386, #1119 ) ;
#4455 = ORIENTED_EDGE ( 'NONE', *, *, #8322, .F. ) ;
#4456 = DIRECTION ( 'NONE',  ( -0.000000000000000000, -0.000000000000000000, -1.000000000000000000 ) ) ;
#4457 = CARTESIAN_POINT ( 'NONE',  ( 11.75000000000000000, 0.9000000000000005773, 3.715000000000003411 ) ) ;
#4458 = CIRCLE ( 'NONE', #2465, 0.8200000000000012834 ) ;
#4459 = ORIENTED_EDGE ( 'NONE', *, *, #8958, .F. ) ;
#4461 = EDGE_CURVE ( 'NONE', #168, #10128, #6932, .T. ) ;
#4460 = LINE ( 'NONE', #6167, #1366 ) ;
#4462 = DIRECTION ( 'NONE',  ( 0.000000000000000000, 0.000000000000000000, 1.000000000000000000 ) ) ;
#4463 = VECTOR ( 'NONE', #6071, 1000.000000000000000 ) ;
#4464 = EDGE_CURVE ( 'NONE', #10368, #10267, #8510, .T. ) ;
#4465 = AXIS2_PLACEMENT_3D ( 'NONE', #9131, #4188, #3321 ) ;
#4466 = ORIENTED_EDGE ( 'NONE', *, *, #8893, .F. ) ;
#4467 = CYLINDRICAL_SURFACE ( 'NONE', #770, 0.1800000000000013256 ) ;
#4468 = CARTESIAN_POINT ( 'NONE',  ( -9.210000000000002629, -3.049999999999999822, -3.230000000000000870 ) ) ;
#4469 = VECTOR ( 'NONE', #554, 1000.000000000000000 ) ;
#4470 = VECTOR ( 'NONE', #4840, 1000.000000000000000 ) ;
#4471 = CARTESIAN_POINT ( 'NONE',  ( -11.75000000000000178, 1.540000000000000480, 3.382601427321023646 ) ) ;
#4472 = CARTESIAN_POINT ( 'NONE',  ( -8.570000000000002061, -3.049999999999999822, -3.714999999999999858 ) ) ;
#4473 = PLANE ( 'NONE',  #8828 ) ;
#4474 = ORIENTED_EDGE ( 'NONE', *, *, #11688, .T. ) ;
#4475 = DIRECTION ( 'NONE',  ( 0.000000000000000000, 0.000000000000000000, -1.000000000000000000 ) ) ;
#4476 = VERTEX_POINT ( 'NONE', #4488 ) ;
#4477 = AXIS2_PLACEMENT_3D ( 'NONE', #662, #8266, #1596 ) ;
#4478 = EDGE_CURVE ( 'NONE', #9663, #4429, #8110, .T. ) ;
#4479 = VECTOR ( 'NONE', #6736, 1000.000000000000000 ) ;
#4480 = VERTEX_POINT ( 'NONE', #1573 ) ;
#4481 = DIRECTION ( 'NONE',  ( 1.000000000000000000, 0.000000000000000000, 0.000000000000000000 ) ) ;
#4482 = VERTEX_POINT ( 'NONE', #5371 ) ;
#4483 = LINE ( 'NONE', #6379, #2687 ) ;
#4484 = EDGE_CURVE ( 'NONE', #8594, #3391, #10693, .T. ) ;
#4485 = ORIENTED_EDGE ( 'NONE', *, *, #3019, .F. ) ;
#4486 = CIRCLE ( 'NONE', #11444, 0.1999999999999953204 ) ;
#4487 = LINE ( 'NONE', #11028, #7583 ) ;
#4488 = CARTESIAN_POINT ( 'NONE',  ( 11.10999999999999943, 0.7200000000000001954, -3.714999999999999414 ) ) ;
#4489 = VECTOR ( 'NONE', #7905, 1000.000000000000000 ) ;
#4490 = CARTESIAN_POINT ( 'NONE',  ( 8.889999999999998792, 0.7199999999999999734, -2.894999999999998241 ) ) ;
#4491 = DIRECTION ( 'NONE',  ( -1.000000000000000000, 0.000000000000000000, 0.000000000000000000 ) ) ;
#4492 = VERTEX_POINT ( 'NONE', #8237 ) ;
#4493 = VERTEX_POINT ( 'NONE', #5681 ) ;
#4494 = COLOUR_RGB ( '',0.7960784313725489669, 0.8235294117647058432, 0.9372549019607843146 ) ;
#4495 = ADVANCED_FACE ( 'NONE', ( #3860 ), #4853, .F. ) ;
#4496 = VECTOR ( 'NONE', #9997, 1000.000000000000000 ) ;
#4497 = DIRECTION ( 'NONE',  ( -0.000000000000000000, 0.000000000000000000, 1.000000000000000000 ) ) ;
#4498 = EDGE_CURVE ( 'NONE', #6372, #7350, #5805, .T. ) ;
#4499 = ORIENTED_EDGE ( 'NONE', *, *, #9332, .T. ) ;
#4500 = CARTESIAN_POINT ( 'NONE',  ( 0.000000000000000000, 1.540000000000000480, -1.674999999999999822 ) ) ;
#4501 = DIRECTION ( 'NONE',  ( -1.000000000000000000, 0.000000000000000000, 0.000000000000000000 ) ) ;
#4502 = ORIENTED_EDGE ( 'NONE', *, *, #5625, .T. ) ;
#4503 = CARTESIAN_POINT ( 'NONE',  ( 2.540000000000000036, 1.385000000000000897, 3.715000000000003411 ) ) ;
#4504 = LINE ( 'NONE', #12144, #6417 ) ;
#4505 = LINE ( 'NONE', #650, #2339 ) ;
#4506 = AXIS2_PLACEMENT_3D ( 'NONE', #7059, #5876, #7751 ) ;
#4507 = FACE_OUTER_BOUND ( 'NONE', #10963, .T. ) ;
#4508 = EDGE_LOOP ( 'NONE', ( #4485, #9502, #8769, #513 ) ) ;
#4509 = EDGE_LOOP ( 'NONE', ( #9283, #11579, #3402, #6554 ) ) ;
#4510 = DIRECTION ( 'NONE',  ( 0.000000000000000000, 0.000000000000000000, 1.000000000000000000 ) ) ;
#4511 = VECTOR ( 'NONE', #214, 1000.000000000000000 ) ;
#4512 = EDGE_CURVE ( 'NONE', #8882, #1667, #7610, .T. ) ;
#4513 = AXIS2_PLACEMENT_3D ( 'NONE', #8907, #6982, #2172 ) ;
#4514 = DIRECTION ( 'NONE',  ( 1.000000000000000000, 0.000000000000000000, -0.000000000000000000 ) ) ;
#4515 = ADVANCED_FACE ( 'NONE', ( #11392 ), #2862, .F. ) ;
#4516 = AXIS2_PLACEMENT_3D ( 'NONE', #4564, #8374, #6519 ) ;
#4517 = FACE_OUTER_BOUND ( 'NONE', #3044, .T. ) ;
#4518 = DIRECTION ( 'NONE',  ( 1.000000000000000000, 0.000000000000000000, -0.000000000000000000 ) ) ;
#4519 = VECTOR ( 'NONE', #8362, 1000.000000000000000 ) ;
#4520 = ORIENTED_EDGE ( 'NONE', *, *, #11929, .F. ) ;
#4521 = CARTESIAN_POINT ( 'NONE',  ( -14.29000000000000270, 0.9000000000000013545, 3.382601427321023646 ) ) ;
#4522 = CARTESIAN_POINT ( 'NONE',  ( 13.65000000000000036, -2.717601427321017837, -3.714999999999999858 ) ) ;
#4523 = EDGE_CURVE ( 'NONE', #11490, #1569, #3797, .T. ) ;
#4524 = ORIENTED_EDGE ( 'NONE', *, *, #4721, .T. ) ;
#4525 = DIRECTION ( 'NONE',  ( 1.000000000000000000, 0.000000000000000000, 0.000000000000000000 ) ) ;
#4526 = ORIENTED_EDGE ( 'NONE', *, *, #10735, .F. ) ;
#4527 = DIRECTION ( 'NONE',  ( 1.000000000000000000, 0.000000000000000000, -0.000000000000000000 ) ) ;
#4528 = EDGE_LOOP ( 'NONE', ( #10699, #6458, #3852, #10761 ) ) ;
#4529 = VECTOR ( 'NONE', #1431, 1000.000000000000227 ) ;
#4530 = CIRCLE ( 'NONE', #11682, 0.1999999999999953204 ) ;
#4531 = EDGE_CURVE ( 'NONE', #1504, #11547, #9417, .T. ) ;
#4532 = VERTEX_POINT ( 'NONE', #5617 ) ;
#4533 = ORIENTED_EDGE ( 'NONE', *, *, #8184, .T. ) ;
#4534 = CARTESIAN_POINT ( 'NONE',  ( -14.13500000000000156, -3.049999999999999822, -3.559999999999999165 ) ) ;
#4535 = VERTEX_POINT ( 'NONE', #890 ) ;
#4536 = DIRECTION ( 'NONE',  ( 0.000000000000000000, -1.000000000000000000, -0.000000000000000000 ) ) ;
#4537 = FACE_OUTER_BOUND ( 'NONE', #7603, .T. ) ;
#4538 = VECTOR ( 'NONE', #2909, 1000.000000000000000 ) ;
#4539 = LINE ( 'NONE', #2842, #4781 ) ;
#4540 = ADVANCED_FACE ( 'NONE', ( #10291 ), #9481, .T. ) ;
#4541 = CARTESIAN_POINT ( 'NONE',  ( 6.514999999999997904, -3.049999999999999822, -3.230000000000000870 ) ) ;
#4542 = LINE ( 'NONE', #6739, #4646 ) ;
#4543 = ORIENTED_EDGE ( 'NONE', *, *, #3608, .F. ) ;
#4544 = DIRECTION ( 'NONE',  ( 0.000000000000000000, -1.000000000000000000, 1.150347132610614786E-16 ) ) ;
#4545 = ORIENTED_EDGE ( 'NONE', *, *, #9986, .F. ) ;
#4546 = EDGE_CURVE ( 'NONE', #7162, #7347, #3536, .T. ) ;
#4547 = CARTESIAN_POINT ( 'NONE',  ( 8.570000000000000284, 0.9000000000000005773, -2.894999999999997797 ) ) ;
#4548 = VERTEX_POINT ( 'NONE', #10534 ) ;
#4549 = ORIENTED_EDGE ( 'NONE', *, *, #9708, .T. ) ;
#4550 = LINE ( 'NONE', #883, #2493 ) ;
#4551 = ORIENTED_EDGE ( 'NONE', *, *, #3504, .F. ) ;
#4552 = FACE_OUTER_BOUND ( 'NONE', #1624, .T. ) ;
#4553 = ADVANCED_FACE ( 'NONE', ( #4670 ), #7489, .T. ) ;
#4554 = CARTESIAN_POINT ( 'NONE',  ( 14.63000000000000078, 0.5700000000000003952, 0.4649999999999996914 ) ) ;
#4555 = LINE ( 'NONE', #8361, #8033 ) ;
#4556 = CARTESIAN_POINT ( 'NONE',  ( -4.130000000000001670, -2.717601427321017837, -3.714999999999999858 ) ) ;
#4557 = EDGE_LOOP ( 'NONE', ( #6168, #10003, #7187, #267 ) ) ;
#4558 = VERTEX_POINT ( 'NONE', #5745 ) ;
#4559 = CARTESIAN_POINT ( 'NONE',  ( -11.75000000000000178, -3.049999999999999822, -3.075000000000000178 ) ) ;
#4560 = ORIENTED_EDGE ( 'NONE', *, *, #8154, .F. ) ;
#4561 = DIRECTION ( 'NONE',  ( -1.000000000000000000, 0.000000000000000000, 0.000000000000000000 ) ) ;
#4562 = FACE_OUTER_BOUND ( 'NONE', #10570, .T. ) ;
#4563 = LINE ( 'NONE', #5443, #8581 ) ;
#4564 = CARTESIAN_POINT ( 'NONE',  ( -3.810000000000002718, 0.7199999999999999734, -2.894999999999998241 ) ) ;
#4565 = DIRECTION ( 'NONE',  ( 1.000000000000000000, 0.000000000000000000, -0.000000000000000000 ) ) ;
#4566 = ORIENTED_EDGE ( 'NONE', *, *, #5195, .T. ) ;
#4567 = ORIENTED_EDGE ( 'NONE', *, *, #1261, .T. ) ;
#4568 = CARTESIAN_POINT ( 'NONE',  ( -9.210000000000002629, 0.7200000000000001954, -3.074999999999999734 ) ) ;
#4569 = ADVANCED_FACE ( 'NONE', ( #12252 ), #11330, .F. ) ;
#4570 = VECTOR ( 'NONE', #6305, 1000.000000000000000 ) ;
#4571 = CARTESIAN_POINT ( 'NONE',  ( -9.210000000000002629, 1.540000000000000480, 3.382601427321023646 ) ) ;
#4572 = DIRECTION ( 'NONE',  ( 0.000000000000000000, -0.4226182617407006625, 0.9063077870366493816 ) ) ;
#4573 = DIRECTION ( 'NONE',  ( 0.000000000000000000, 1.000000000000000000, 0.000000000000000000 ) ) ;
#4574 = MANIFOLD_SOLID_BREP ( 'LPattern2[9]', #3948 ) ;
#4575 = DIRECTION ( 'NONE',  ( -0.000000000000000000, -0.000000000000000000, -1.000000000000000000 ) ) ;
#4576 = ORIENTED_EDGE ( 'NONE', *, *, #8580, .T. ) ;
#4577 = DIRECTION ( 'NONE',  ( -1.000000000000000000, 0.000000000000000000, 0.000000000000000000 ) ) ;
#4578 = ADVANCED_FACE ( 'NONE', ( #4046 ), #8419, .T. ) ;
#4579 = LINE ( 'NONE', #7274, #9999 ) ;
#4580 = ORIENTED_EDGE ( 'NONE', *, *, #75, .F. ) ;
#4581 = DIRECTION ( 'NONE',  ( -1.000000000000000000, 0.000000000000000000, 0.000000000000000000 ) ) ;
#4582 = ORIENTED_EDGE ( 'NONE', *, *, #1037, .T. ) ;
#4583 = CARTESIAN_POINT ( 'NONE',  ( 0.9499999999999977351, -3.049999999999999822, -3.714999999999999858 ) ) ;
#4584 = EDGE_CURVE ( 'NONE', #8409, #8628, #2179, .T. ) ;
#4585 = ADVANCED_FACE ( 'NONE', ( #371 ), #9668, .F. ) ;
#4586 = ORIENTED_EDGE ( 'NONE', *, *, #10935, .F. ) ;
#4587 = FACE_OUTER_BOUND ( 'NONE', #6977, .T. ) ;
#4588 = AXIS2_PLACEMENT_3D ( 'NONE', #9557, #12202, #2809 ) ;
#4589 = ORIENTED_EDGE ( 'NONE', *, *, #2101, .F. ) ;
#4590 = CARTESIAN_POINT ( 'NONE',  ( 0.000000000000000000, 0.9000000000000005773, -1.674999999999999822 ) ) ;
#4591 = DIRECTION ( 'NONE',  ( -0.000000000000000000, -0.000000000000000000, 1.000000000000000000 ) ) ;
#4592 = CARTESIAN_POINT ( 'NONE',  ( 9.209999999999999076, 0.7200000000000000844, -3.074999999999999734 ) ) ;
#4593 = FACE_OUTER_BOUND ( 'NONE', #1189, .T. ) ;
#4594 = CARTESIAN_POINT ( 'NONE',  ( -4.130000000000001670, 1.540000000000000480, 0.4649999999999996914 ) ) ;
#4595 = DIRECTION ( 'NONE',  ( 1.000000000000000000, 0.000000000000000000, 0.000000000000000000 ) ) ;
#4596 = MANIFOLD_SOLID_BREP ( 'Chamfer1', #5149 ) ;
#4597 = ADVANCED_FACE ( 'NONE', ( #7856 ), #7981, .T. ) ;
#4598 = VERTEX_POINT ( 'NONE', #5934 ) ;
#4599 = CIRCLE ( 'NONE', #3614, 0.8200000000000012834 ) ;
#4600 = EDGE_CURVE ( 'NONE', #11134, #5553, #5169, .T. ) ;
#4601 = LINE ( 'NONE', #1566, #5908 ) ;
#4602 = VERTEX_POINT ( 'NONE', #2050 ) ;
#4603 = PLANE ( 'NONE',  #2883 ) ;
#4604 = VERTEX_POINT ( 'NONE', #1194 ) ;
#4605 = CARTESIAN_POINT ( 'NONE',  ( -8.030000000000006466, 0.5700000000000003952, 0.4649999999999996914 ) ) ;
#4606 = AXIS2_PLACEMENT_3D ( 'NONE', #8669, #9775, #6934 ) ;
#4607 = DIRECTION ( 'NONE',  ( -0.9063077870366503808, -4.861577055822948687E-17, -0.4226182617406985531 ) ) ;
#4608 = CARTESIAN_POINT ( 'NONE',  ( -0.9500000000000011768, 0.9000000000000013545, 3.382601427321023646 ) ) ;
#4609 = LINE ( 'NONE', #8605, #11788 ) ;
#4610 = LINE ( 'NONE', #572, #1159 ) ;
#4611 = VERTEX_POINT ( 'NONE', #8916 ) ;
#4612 = EDGE_CURVE ( 'NONE', #4338, #1915, #8972, .T. ) ;
#4613 = ORIENTED_EDGE ( 'NONE', *, *, #8969, .F. ) ;
#4614 = VECTOR ( 'NONE', #9387, 1000.000000000000000 ) ;
#4615 = EDGE_CURVE ( 'NONE', #9233, #2821, #4924, .T. ) ;
#4616 = CARTESIAN_POINT ( 'NONE',  ( -11.11000000000000121, 0.9000000000000005773, 3.382601427321023646 ) ) ;
#4617 = EDGE_LOOP ( 'NONE', ( #9473, #7802 ) ) ;
#4618 = CARTESIAN_POINT ( 'NONE',  ( 7.009999999999998899, 0.5700000000000003952, -1.674999999999999822 ) ) ;
#4619 = CYLINDRICAL_SURFACE ( 'NONE', #1024, 0.1999999999999953204 ) ;
#4620 = DIRECTION ( 'NONE',  ( 0.000000000000000000, 0.000000000000000000, -1.000000000000000000 ) ) ;
#4621 = CARTESIAN_POINT ( 'NONE',  ( 11.10999999999999943, 0.7200000000000000844, -3.074999999999999734 ) ) ;
#4622 = CARTESIAN_POINT ( 'NONE',  ( 0.8099999999999911715, 1.870000000000000551, 0.6649999999999998135 ) ) ;
#4623 = AXIS2_PLACEMENT_3D ( 'NONE', #7996, #5187, #8987 ) ;
#4624 = ORIENTED_EDGE ( 'NONE', *, *, #1648, .T. ) ;
#4625 = ORIENTED_EDGE ( 'NONE', *, *, #9689, .F. ) ;
#4626 = LINE ( 'NONE', #3815, #10821 ) ;
#4627 = EDGE_CURVE ( 'NONE', #6710, #4532, #11640, .T. ) ;
#4628 = VECTOR ( 'NONE', #1153, 1000.000000000000000 ) ;
#4629 = DIRECTION ( 'NONE',  ( 0.3892816206350276365, 0.3892816206350255825, 0.8348171294789862307 ) ) ;
#4630 = DIRECTION ( 'NONE',  ( -1.000000000000000000, 0.000000000000000000, 0.000000000000000000 ) ) ;
#4631 = FACE_OUTER_BOUND ( 'NONE', #5823, .T. ) ;
#4632 = DIRECTION ( 'NONE',  ( -1.000000000000000000, 0.000000000000000000, 0.000000000000000000 ) ) ;
#4633 = EDGE_CURVE ( 'NONE', #7701, #6311, #7919, .T. ) ;
#4634 = PLANE ( 'NONE',  #5497 ) ;
#4635 = ORIENTED_EDGE ( 'NONE', *, *, #8087, .F. ) ;
#4636 = DIRECTION ( 'NONE',  ( -0.000000000000000000, -0.4226182617407006625, -0.9063077870366493816 ) ) ;
#4637 = CARTESIAN_POINT ( 'NONE',  ( -9.210000000000002629, 0.9000000000000010214, -2.894999999999998241 ) ) ;
#4638 = VERTEX_POINT ( 'NONE', #3114 ) ;
#4639 = DIRECTION ( 'NONE',  ( -1.000000000000000000, 0.000000000000000000, 0.000000000000000000 ) ) ;
#4640 = ORIENTED_EDGE ( 'NONE', *, *, #3444, .T. ) ;
#4641 = CARTESIAN_POINT ( 'NONE',  ( 9.350000000000004974, 0.5700000000000003952, 0.6649999999999998135 ) ) ;
#4642 = AXIS2_PLACEMENT_3D ( 'NONE', #2418, #1558, #6425 ) ;
#4643 = EDGE_CURVE ( 'NONE', #10720, #7917, #3985, .T. ) ;
#4644 = AXIS2_PLACEMENT_3D ( 'NONE', #10944, #5469, #609 ) ;
#4645 = ORIENTED_EDGE ( 'NONE', *, *, #1772, .F. ) ;
#4646 = VECTOR ( 'NONE', #2662, 1000.000000000000227 ) ;
#4647 = DIRECTION ( 'NONE',  ( 1.000000000000000000, 0.000000000000000000, 0.000000000000000000 ) ) ;
#4648 = ADVANCED_FACE ( 'NONE', ( #4111 ), #1251, .F. ) ;
#4649 = CARTESIAN_POINT ( 'NONE',  ( -10.57000000000000561, 0.5700000000000003952, 0.6649999999999998135 ) ) ;
#4650 = DIRECTION ( 'NONE',  ( -0.000000000000000000, -0.000000000000000000, 1.000000000000000000 ) ) ;
#4651 = CARTESIAN_POINT ( 'NONE',  ( -1.590000000000001190, -3.049999999999999822, -3.714999999999999858 ) ) ;
#4652 = AXIS2_PLACEMENT_3D ( 'NONE', #5635, #5704, #9436 ) ;
#4653 = CARTESIAN_POINT ( 'NONE',  ( 15.23999999999999844, 2.410000000000000142, 0.4649999999999996914 ) ) ;
#4654 = ORIENTED_EDGE ( 'NONE', *, *, #731, .F. ) ;
#4655 = CARTESIAN_POINT ( 'NONE',  ( -13.65000000000000213, 0.000000000000000000, 0.4649999999999996914 ) ) ;
#4656 = VERTEX_POINT ( 'NONE', #5106 ) ;
#4657 = DIRECTION ( 'NONE',  ( -0.000000000000000000, 0.000000000000000000, 1.000000000000000000 ) ) ;
#4658 = AXIS2_PLACEMENT_3D ( 'NONE', #11856, #660, #8265 ) ;
#4659 = ORIENTED_EDGE ( 'NONE', *, *, #2649, .F. ) ;
#4660 = DIRECTION ( 'NONE',  ( 1.000000000000000000, 0.000000000000000000, 0.000000000000000000 ) ) ;
#4661 = VECTOR ( 'NONE', #4886, 999.9999999999998863 ) ;
#4662 = VECTOR ( 'NONE', #5362, 1000.000000000000000 ) ;
#4663 = ORIENTED_EDGE ( 'NONE', *, *, #11574, .F. ) ;
#4664 = LINE ( 'NONE', #10106, #7083 ) ;
#4665 = VERTEX_POINT ( 'NONE', #9102 ) ;
#4666 = ADVANCED_FACE ( 'NONE', ( #618 ), #11145, .F. ) ;
#4667 = LINE ( 'NONE', #887, #6585 ) ;
#4668 = AXIS2_PLACEMENT_3D ( 'NONE', #5438, #12017, #12083 ) ;
#4669 = SURFACE_STYLE_FILL_AREA ( #2861 ) ;
#4670 = FACE_OUTER_BOUND ( 'NONE', #5688, .T. ) ;
#4671 = CARTESIAN_POINT ( 'NONE',  ( -3.490000000000001990, 0.7199999999999999734, -2.894999999999998241 ) ) ;
#4672 = DIRECTION ( 'NONE',  ( -0.000000000000000000, -0.000000000000000000, -1.000000000000000000 ) ) ;
#4673 = ORIENTED_EDGE ( 'NONE', *, *, #7208, .F. ) ;
#4674 = EDGE_CURVE ( 'NONE', #4708, #2647, #2417, .T. ) ;
#4675 = CIRCLE ( 'NONE', #8661, 0.1999999999999953204 ) ;
#4676 = VECTOR ( 'NONE', #6907, 1000.000000000000000 ) ;
#4677 = ORIENTED_EDGE ( 'NONE', *, *, #11179, .F. ) ;
#4678 = AXIS2_PLACEMENT_3D ( 'NONE', #5427, #5366, #2673 ) ;
#4679 = VECTOR ( 'NONE', #5153, 1000.000000000000000 ) ;
#4680 = CARTESIAN_POINT ( 'NONE',  ( 15.23999999999999844, 2.410000000000000142, -1.674999999999999822 ) ) ;
#4681 = EDGE_LOOP ( 'NONE', ( #9169, #9008, #1631, #3490 ) ) ;
#4682 = EDGE_CURVE ( 'NONE', #8779, #5043, #7354, .T. ) ;
#4683 = FACE_OUTER_BOUND ( 'NONE', #9784, .T. ) ;
#4684 = EDGE_CURVE ( 'NONE', #3897, #1504, #6370, .T. ) ;
#4685 = CIRCLE ( 'NONE', #6505, 0.1999999999999953204 ) ;
#4686 = CARTESIAN_POINT ( 'NONE',  ( -8.230000000000000426, 0.5700000000000003952, 0.6649999999999998135 ) ) ;
#4687 = PLANE ( 'NONE',  #1814 ) ;
#4688 = LINE ( 'NONE', #8499, #6330 ) ;
#4689 = CARTESIAN_POINT ( 'NONE',  ( 13.30999999999999872, 1.870000000000000551, -1.875000000000000000 ) ) ;
#4690 = EDGE_LOOP ( 'NONE', ( #8353, #2666, #12011, #2274 ) ) ;
#4691 = EDGE_CURVE ( 'NONE', #10861, #11312, #6177, .T. ) ;
#4692 = EDGE_LOOP ( 'NONE', ( #11585, #7341 ) ) ;
#4693 = CARTESIAN_POINT ( 'NONE',  ( 6.810000000000003162, 0.5700000000000003952, 0.6649999999999998135 ) ) ;
#4694 = DIRECTION ( 'NONE',  ( 0.000000000000000000, 1.000000000000000000, 1.150347132610614786E-16 ) ) ;
#4695 = FACE_BOUND ( 'NONE', #3167, .T. ) ;
#4696 = FACE_OUTER_BOUND ( 'NONE', #9093, .T. ) ;
#4697 = DIRECTION ( 'NONE',  ( 1.000000000000000000, 0.000000000000000000, -0.000000000000000000 ) ) ;
#4698 = ORIENTED_EDGE ( 'NONE', *, *, #3436, .T. ) ;
#4699 = CARTESIAN_POINT ( 'NONE',  ( -9.054999999999999716, -3.049999999999999822, -3.559999999999999165 ) ) ;
#4700 = DIRECTION ( 'NONE',  ( -1.000000000000000000, 0.000000000000000000, -0.000000000000000000 ) ) ;
#4701 = VECTOR ( 'NONE', #10322, 1000.000000000000000 ) ;
#4702 = VERTEX_POINT ( 'NONE', #4412 ) ;
#4703 = VERTEX_POINT ( 'NONE', #6238 ) ;
#4704 = CYLINDRICAL_SURFACE ( 'NONE', #1565, 0.1999999999999953204 ) ;
#4705 = ADVANCED_FACE ( 'NONE', ( #10150 ), #10953, .F. ) ;
#4706 = FACE_OUTER_BOUND ( 'NONE', #1354, .T. ) ;
#4707 = VECTOR ( 'NONE', #2633, 1000.000000000000000 ) ;
#4708 = VERTEX_POINT ( 'NONE', #5483 ) ;
#4709 = CARTESIAN_POINT ( 'NONE',  ( 6.669999999999999041, -3.049999999999999822, -3.559999999999999165 ) ) ;
#4710 = ORIENTED_EDGE ( 'NONE', *, *, #1018, .T. ) ;
#4711 = CARTESIAN_POINT ( 'NONE',  ( 4.184483041384665647, -4.206925115746958710, -3.020516958615332648 ) ) ;
#4712 = LINE ( 'NONE', #1181, #4097 ) ;
#4713 = LINE ( 'NONE', #8528, #2918 ) ;
#4714 = CARTESIAN_POINT ( 'NONE',  ( 6.669999999999999041, -2.717601427321017837, -3.714999999999999858 ) ) ;
#4715 = DIRECTION ( 'NONE',  ( 0.000000000000000000, 1.000000000000000000, 0.000000000000000000 ) ) ;
#4716 = VERTEX_POINT ( 'NONE', #10026 ) ;
#4717 = DIRECTION ( 'NONE',  ( 0.000000000000000000, 0.000000000000000000, 1.000000000000000000 ) ) ;
#4718 = AXIS2_PLACEMENT_3D ( 'NONE', #11820, #9040, #2424 ) ;
#4719 = VERTEX_POINT ( 'NONE', #3297 ) ;
#4720 = LINE ( 'NONE', #8534, #8457 ) ;
#4721 = EDGE_CURVE ( 'NONE', #4604, #3921, #5230, .T. ) ;
#4722 = ORIENTED_EDGE ( 'NONE', *, *, #8706, .T. ) ;
#4723 = DIRECTION ( 'NONE',  ( 0.000000000000000000, -0.9063077870366494926, -0.4226182617407005515 ) ) ;
#4724 = AXIS2_PLACEMENT_3D ( 'NONE', #8591, #11375, #2844 ) ;
#4725 = ORIENTED_EDGE ( 'NONE', *, *, #1543, .T. ) ;
#4726 = LINE ( 'NONE', #8538, #3092 ) ;
#4727 = VERTEX_POINT ( 'NONE', #4541 ) ;
#4728 = DIRECTION ( 'NONE',  ( -0.000000000000000000, 1.000000000000000000, 1.150347132610614786E-16 ) ) ;
#4729 =( LENGTH_UNIT ( ) NAMED_UNIT ( * ) SI_UNIT ( .MILLI., .METRE. ) );
#4730 = EDGE_CURVE ( 'NONE', #6929, #1253, #2550, .T. ) ;
#4731 = CARTESIAN_POINT ( 'NONE',  ( 12.28999999999999559, 0.5700000000000003952, 0.6649999999999998135 ) ) ;
#4732 = CARTESIAN_POINT ( 'NONE',  ( -0.4100000000000059153, 0.5700000000000003952, -1.674999999999999822 ) ) ;
#4733 = ORIENTED_EDGE ( 'NONE', *, *, #11322, .T. ) ;
#4734 = VECTOR ( 'NONE', #10509, 1000.000000000000000 ) ;
#4735 = EDGE_CURVE ( 'NONE', #10648, #4719, #11874, .T. ) ;
#4736 = ORIENTED_EDGE ( 'NONE', *, *, #1383, .T. ) ;
#4737 = ADVANCED_FACE ( 'NONE', ( #490 ), #9165, .F. ) ;
#4738 = CARTESIAN_POINT ( 'NONE',  ( 13.65000000000000036, -2.717601427321017837, -3.075000000000000178 ) ) ;
#4739 = ORIENTED_EDGE ( 'NONE', *, *, #11280, .T. ) ;
#4740 = DIRECTION ( 'NONE',  ( -0.000000000000000000, -0.000000000000000000, -1.000000000000000000 ) ) ;
#4741 = ORIENTED_EDGE ( 'NONE', *, *, #12135, .F. ) ;
#4742 = CARTESIAN_POINT ( 'NONE',  ( -13.11000000000000654, 0.5700000000000003952, -1.674999999999999822 ) ) ;
#4743 = DIRECTION ( 'NONE',  ( 1.000000000000000000, 0.000000000000000000, 0.000000000000000000 ) ) ;
#4744 = ORIENTED_EDGE ( 'NONE', *, *, #220, .F. ) ;
#4745 = CARTESIAN_POINT ( 'NONE',  ( -11.11000000000000121, 0.9000000000000005773, -1.674999999999999822 ) ) ;
#4746 = PLANE ( 'NONE',  #7430 ) ;
#4747 = ORIENTED_EDGE ( 'NONE', *, *, #6562, .T. ) ;
#4748 = ORIENTED_EDGE ( 'NONE', *, *, #7775, .F. ) ;
#4749 = CARTESIAN_POINT ( 'NONE',  ( -3.975000000000000977, -3.049999999999999822, -3.559999999999999165 ) ) ;
#4750 = EDGE_CURVE ( 'NONE', #5843, #6945, #2606, .T. ) ;
#4751 = ORIENTED_EDGE ( 'NONE', *, *, #4512, .F. ) ;
#4752 = AXIS2_PLACEMENT_3D ( 'NONE', #10205, #7472, #2907 ) ;
#4753 = LINE ( 'NONE', #2706, #1484 ) ;
#4754 = EDGE_CURVE ( 'NONE', #8675, #4638, #7229, .T. ) ;
#4755 = EDGE_LOOP ( 'NONE', ( #4741, #312, #7699, #9185 ) ) ;
#4756 = FACE_OUTER_BOUND ( 'NONE', #9511, .T. ) ;
#4757 = FACE_BOUND ( 'NONE', #5025, .T. ) ;
#4758 = DIRECTION ( 'NONE',  ( 1.000000000000000000, 0.000000000000000000, 0.000000000000000000 ) ) ;
#4759 = DIRECTION ( 'NONE',  ( 1.000000000000000000, 0.000000000000000000, 0.000000000000000000 ) ) ;
#4760 = ORIENTED_EDGE ( 'NONE', *, *, #7743, .F. ) ;
#4761 = FACE_OUTER_BOUND ( 'NONE', #3425, .T. ) ;
#4762 = PLANE ( 'NONE',  #3037 ) ;
#4763 = ORIENTED_EDGE ( 'NONE', *, *, #6879, .T. ) ;
#4764 = DIRECTION ( 'NONE',  ( 0.000000000000000000, 0.000000000000000000, -1.000000000000000000 ) ) ;
#4765 = CARTESIAN_POINT ( 'NONE',  ( 3.489999999999998437, -2.717601427321017837, -3.714999999999999858 ) ) ;
#4766 = ADVANCED_FACE ( 'NONE', ( #3414 ), #11014, .F. ) ;
#4767 = AXIS2_PLACEMENT_3D ( 'NONE', #539, #4270, #7093 ) ;
#4768 = EDGE_CURVE ( 'NONE', #4665, #12208, #9967, .T. ) ;
#4769 = VERTEX_POINT ( 'NONE', #8102 ) ;
#4770 = FACE_OUTER_BOUND ( 'NONE', #1218, .T. ) ;
#4771 = EDGE_LOOP ( 'NONE', ( #5952, #4917, #3371, #1190 ) ) ;
#4772 = DIRECTION ( 'NONE',  ( -0.000000000000000000, -0.000000000000000000, -1.000000000000000000 ) ) ;
#4773 = DIRECTION ( 'NONE',  ( -1.000000000000000000, 0.000000000000000000, 0.000000000000000000 ) ) ;
#4774 = AXIS2_PLACEMENT_3D ( 'NONE', #1361, #1415, #9267 ) ;
#4775 = CARTESIAN_POINT ( 'NONE',  ( 9.054999999999997939, -3.049999999999999822, -3.230000000000000870 ) ) ;
#4776 = FACE_OUTER_BOUND ( 'NONE', #6264, .T. ) ;
#4777 = CARTESIAN_POINT ( 'NONE',  ( -2.129999999999998117, 1.870000000000000551, 0.6649999999999998135 ) ) ;
#4778 = ORIENTED_EDGE ( 'NONE', *, *, #3333, .T. ) ;
#4779 = CARTESIAN_POINT ( 'NONE',  ( -13.65000000000000213, 0.7200000000000001954, -3.074999999999999734 ) ) ;
#4780 = ORIENTED_EDGE ( 'NONE', *, *, #8683, .F. ) ;
#4781 = VECTOR ( 'NONE', #5482, 1000.000000000000000 ) ;
#4782 = AXIS2_PLACEMENT_3D ( 'NONE', #5323, #2574, #3387 ) ;
#4783 = ORIENTED_EDGE ( 'NONE', *, *, #6925, .T. ) ;
#4784 = ADVANCED_FACE ( 'NONE', ( #6306 ), #3359, .T. ) ;
#4785 = DIRECTION ( 'NONE',  ( 0.000000000000000000, -1.000000000000000000, 0.000000000000000000 ) ) ;
#4786 = EDGE_LOOP ( 'NONE', ( #9712, #231, #208, #9107 ) ) ;
#4787 = DIRECTION ( 'NONE',  ( 0.000000000000000000, -1.150347132610614786E-16, -1.000000000000000000 ) ) ;
#4788 = VERTEX_POINT ( 'NONE', #3481 ) ;
#4789 = DIRECTION ( 'NONE',  ( 0.000000000000000000, 0.000000000000000000, -1.000000000000000000 ) ) ;
#4790 = PLANE ( 'NONE',  #4172 ) ;
#4791 = CARTESIAN_POINT ( 'NONE',  ( 25.40000000000000213, 1.385000000000000897, 3.715000000000003411 ) ) ;
#4792 = EDGE_CURVE ( 'NONE', #10947, #7040, #12294, .T. ) ;
#4793 = CARTESIAN_POINT ( 'NONE',  ( 0.6099999999999959899, 1.870000000000000551, -1.875000000000000000 ) ) ;
#4794 = DIRECTION ( 'NONE',  ( -0.9063077870366493816, -0.4226182617407006625, 0.000000000000000000 ) ) ;
#4795 = EDGE_LOOP ( 'NONE', ( #11683, #4566, #1333, #7271 ) ) ;
#4796 = LINE ( 'NONE', #59, #8311 ) ;
#4797 = ORIENTED_EDGE ( 'NONE', *, *, #10389, .F. ) ;
#4798 = VERTEX_POINT ( 'NONE', #1975 ) ;
#4799 = EDGE_CURVE ( 'NONE', #10655, #7163, #10336, .T. ) ;
#4800 = CIRCLE ( 'NONE', #8198, 0.1999999999999953204 ) ;
#4801 = CARTESIAN_POINT ( 'NONE',  ( 6.126985715305107938, 0.9969857153051095988, 3.590587964983398717 ) ) ;
#4802 = ORIENTED_EDGE ( 'NONE', *, *, #6345, .F. ) ;
#4803 = LINE ( 'NONE', #9493, #3706 ) ;
#4804 = ORIENTED_EDGE ( 'NONE', *, *, #10320, .F. ) ;
#4805 = FACE_OUTER_BOUND ( 'NONE', #5150, .T. ) ;
#4806 = LINE ( 'NONE', #6768, #31 ) ;
#4807 = ADVANCED_FACE ( 'NONE', ( #4593 ), #10394, .F. ) ;
#4808 = CARTESIAN_POINT ( 'NONE',  ( -3.490000000000001990, 0.9000000000000010214, -2.894999999999998241 ) ) ;
#4809 = PLANE ( 'NONE',  #4829 ) ;
#4810 = EDGE_LOOP ( 'NONE', ( #3002, #8597 ) ) ;
#4811 = ORIENTED_EDGE ( 'NONE', *, *, #1820, .F. ) ;
#4812 = CARTESIAN_POINT ( 'NONE',  ( 13.50999999999999446, 1.870000000000000551, 0.6649999999999998135 ) ) ;
#4813 = ORIENTED_EDGE ( 'NONE', *, *, #12123, .F. ) ;
#4814 = DIRECTION ( 'NONE',  ( -0.000000000000000000, -0.000000000000000000, 1.000000000000000000 ) ) ;
#4815 = ORIENTED_EDGE ( 'NONE', *, *, #1469, .T. ) ;
#4816 = DIRECTION ( 'NONE',  ( -0.000000000000000000, -0.000000000000000000, -1.000000000000000000 ) ) ;
#4817 = CARTESIAN_POINT ( 'NONE',  ( -3.490000000000001990, 1.540000000000000480, 3.715000000000003411 ) ) ;
#4818 = CARTESIAN_POINT ( 'NONE',  ( -6.670000000000002593, 1.540000000000000480, 0.4649999999999996914 ) ) ;
#4819 = AXIS2_PLACEMENT_3D ( 'NONE', #5530, #5587, #8450 ) ;
#4820 = DIRECTION ( 'NONE',  ( -0.000000000000000000, 1.000000000000000000, 1.150347132610614786E-16 ) ) ;
#4821 = ADVANCED_FACE ( 'NONE', ( #8467 ), #9588, .T. ) ;
#4822 = ORIENTED_EDGE ( 'NONE', *, *, #11909, .F. ) ;
#4823 = DIRECTION ( 'NONE',  ( -0.000000000000000000, -0.000000000000000000, -1.000000000000000000 ) ) ;
#4824 = PLANE ( 'NONE',  #5426 ) ;
#4825 = EDGE_LOOP ( 'NONE', ( #10709, #5128, #951, #7139 ) ) ;
#4826 = CARTESIAN_POINT ( 'NONE',  ( 7.009999999999998899, 0.5700000000000003952, 0.6649999999999998135 ) ) ;
#4827 = LINE ( 'NONE', #8639, #5281 ) ;
#4828 = EDGE_CURVE ( 'NONE', #4656, #11217, #7594, .T. ) ;
#4829 = AXIS2_PLACEMENT_3D ( 'NONE', #4689, #8434, #12206 ) ;
#4830 = CARTESIAN_POINT ( 'NONE',  ( 11.10999999999999943, -2.717601427321017837, -3.714999999999999858 ) ) ;
#4831 = VERTEX_POINT ( 'NONE', #1060 ) ;
#4832 = DIRECTION ( 'NONE',  ( -1.000000000000000000, 0.000000000000000000, 0.000000000000000000 ) ) ;
#4833 = FACE_OUTER_BOUND ( 'NONE', #8130, .T. ) ;
#4834 = CYLINDRICAL_SURFACE ( 'NONE', #4282, 0.1999999999999953204 ) ;
#4835 = EDGE_CURVE ( 'NONE', #8992, #3284, #7473, .T. ) ;
#4836 = LINE ( 'NONE', #6737, #1358 ) ;
#4837 = VECTOR ( 'NONE', #2799, 1000.000000000000227 ) ;
#4838 = DIRECTION ( 'NONE',  ( 0.000000000000000000, 0.000000000000000000, -1.000000000000000000 ) ) ;
#4839 = DIRECTION ( 'NONE',  ( -0.000000000000000000, -1.000000000000000000, 0.000000000000000000 ) ) ;
#4840 = DIRECTION ( 'NONE',  ( -0.000000000000000000, -1.000000000000000000, 0.000000000000000000 ) ) ;
#4841 = ADVANCED_FACE ( 'NONE', ( #7661 ), #11259, .F. ) ;
#4842 = EDGE_LOOP ( 'NONE', ( #3462, #11983 ) ) ;
#4843 = ORIENTED_EDGE ( 'NONE', *, *, #11517, .T. ) ;
#4844 = AXIS2_PLACEMENT_3D ( 'NONE', #8642, #99, #7026 ) ;
#4845 = CARTESIAN_POINT ( 'NONE',  ( 2.129999999999992788, 0.5700000000000003952, 0.4649999999999996914 ) ) ;
#4846 = ORIENTED_EDGE ( 'NONE', *, *, #10442, .F. ) ;
#4847 = CARTESIAN_POINT ( 'NONE',  ( -6.810000000000008491, 1.870000000000000551, -1.875000000000000000 ) ) ;
#4848 = ORIENTED_EDGE ( 'NONE', *, *, #3601, .T. ) ;
#4849 = DIRECTION ( 'NONE',  ( 0.9063077870366486044, -4.861577055822993677E-17, -0.4226182617407024389 ) ) ;
#4850 = VECTOR ( 'NONE', #3577, 1000.000000000000000 ) ;
#4851 = DIRECTION ( 'NONE',  ( 1.000000000000000000, 0.000000000000000000, -0.000000000000000000 ) ) ;
#4852 = LINE ( 'NONE', #1074, #10590 ) ;
#4853 = PLANE ( 'NONE',  #8911 ) ;
#4854 = PLANE ( 'NONE',  #9027 ) ;
#4855 = ORIENTED_EDGE ( 'NONE', *, *, #10442, .T. ) ;
#4856 = FACE_OUTER_BOUND ( 'NONE', #8337, .T. ) ;
#4857 = AXIS2_PLACEMENT_3D ( 'NONE', #8327, #6404, #1650 ) ;
#4858 = EDGE_CURVE ( 'NONE', #788, #7334, #10518, .T. ) ;
#4859 = AXIS2_PLACEMENT_3D ( 'NONE', #8123, #11892, #3378 ) ;
#4860 = ORIENTED_EDGE ( 'NONE', *, *, #6562, .F. ) ;
#4861 = VECTOR ( 'NONE', #11442, 1000.000000000000000 ) ;
#4862 = EDGE_CURVE ( 'NONE', #9215, #2873, #9400, .T. ) ;
#4863 = AXIS2_PLACEMENT_3D ( 'NONE', #2368, #1503, #3181 ) ;
#4864 = LINE ( 'NONE', #8548, #2868 ) ;
#4865 = ORIENTED_EDGE ( 'NONE', *, *, #10199, .T. ) ;
#4866 = CARTESIAN_POINT ( 'NONE',  ( -12.09000000000000341, 1.870000000000000551, 0.6649999999999998135 ) ) ;
#4867 = ORIENTED_EDGE ( 'NONE', *, *, #7345, .T. ) ;
#4868 = LINE ( 'NONE', #3939, #6803 ) ;
#4869 = CARTESIAN_POINT ( 'NONE',  ( 13.65000000000000036, 1.540000000000000480, 3.382601427321023646 ) ) ;
#4870 = VERTEX_POINT ( 'NONE', #4714 ) ;
#4871 = CARTESIAN_POINT ( 'NONE',  ( -13.65000000000000213, 0.7199999999999999734, -2.894999999999998241 ) ) ;
#4872 = AXIS2_PLACEMENT_3D ( 'NONE', #3227, #2298, #1372 ) ;
#4873 = PLANE ( 'NONE',  #11969 ) ;
#4874 = VECTOR ( 'NONE', #5280, 1000.000000000000000 ) ;
#4875 = ORIENTED_EDGE ( 'NONE', *, *, #7827, .F. ) ;
#4876 = EDGE_CURVE ( 'NONE', #2445, #3936, #935, .T. ) ;
#4877 = ORIENTED_EDGE ( 'NONE', *, *, #11979, .T. ) ;
#4878 = PLANE ( 'NONE',  #896 ) ;
#4879 = VERTEX_POINT ( 'NONE', #11439 ) ;
#4880 = AXIS2_PLACEMENT_3D ( 'NONE', #8954, #7155, #7090 ) ;
#4881 = ADVANCED_FACE ( 'NONE', ( #6552 ), #9462, .F. ) ;
#4882 = AXIS2_PLACEMENT_3D ( 'NONE', #10817, #2402, #6975 ) ;
#4883 = CARTESIAN_POINT ( 'NONE',  ( 6.029999999999998472, 1.540000000000000480, -2.894999999999997797 ) ) ;
#4884 = ORIENTED_EDGE ( 'NONE', *, *, #10899, .F. ) ;
#4885 = DIRECTION ( 'NONE',  ( 0.000000000000000000, 1.000000000000000000, -1.150347132610614786E-16 ) ) ;
#4886 = DIRECTION ( 'NONE',  ( -0.3892816206350259711, -0.8348171294789868968, -0.3892816206350259711 ) ) ;
#4887 = DIRECTION ( 'NONE',  ( 1.000000000000000000, 0.000000000000000000, -0.000000000000000000 ) ) ;
#4888 = DIRECTION ( 'NONE',  ( -0.3892816206350239172, 0.3892816206350261377, 0.8348171294789875629 ) ) ;
#4889 = ORIENTED_EDGE ( 'NONE', *, *, #7408, .F. ) ;
#4890 = DIRECTION ( 'NONE',  ( 0.000000000000000000, 0.000000000000000000, 1.000000000000000000 ) ) ;
#4891 = VECTOR ( 'NONE', #8758, 999.9999999999998863 ) ;
#4892 = DIRECTION ( 'NONE',  ( 1.000000000000000000, 0.000000000000000000, -0.000000000000000000 ) ) ;
#4893 = ORIENTED_EDGE ( 'NONE', *, *, #11423, .F. ) ;
#4894 = EDGE_CURVE ( 'NONE', #670, #406, #5661, .T. ) ;
#4895 = AXIS2_PLACEMENT_3D ( 'NONE', #8447, #7575, #9383 ) ;
#4896 = DIRECTION ( 'NONE',  ( -0.000000000000000000, -0.000000000000000000, 1.000000000000000000 ) ) ;
#4897 = ADVANCED_FACE ( 'NONE', ( #7411 ), #12174, .F. ) ;
#4898 = VECTOR ( 'NONE', #838, 1000.000000000000000 ) ;
#4899 = AXIS2_PLACEMENT_3D ( 'NONE', #118, #6806, #10583 ) ;
#4900 = CARTESIAN_POINT ( 'NONE',  ( 1.589999999999997637, 1.540000000000000480, 3.382601427321023646 ) ) ;
#4901 = LINE ( 'NONE', #4709, #9130 ) ;
#4902 = EDGE_CURVE ( 'NONE', #866, #6592, #815, .T. ) ;
#4903 = AXIS2_PLACEMENT_3D ( 'NONE', #9446, #8574, #5835 ) ;
#4904 = ORIENTED_EDGE ( 'NONE', *, *, #5416, .T. ) ;
#4905 = DIRECTION ( 'NONE',  ( 0.000000000000000000, -1.150347132610614786E-16, 1.000000000000000000 ) ) ;
#4906 = CARTESIAN_POINT ( 'NONE',  ( -9.550000000000002487, 1.870000000000000551, 0.6649999999999998135 ) ) ;
#4907 = LINE ( 'NONE', #1182, #6349 ) ;
#4908 = CARTESIAN_POINT ( 'NONE',  ( 8.030000000000002913, 1.870000000000000551, -1.674999999999999822 ) ) ;
#4909 = CARTESIAN_POINT ( 'NONE',  ( 15.23999999999999844, 0.000000000000000000, 0.4649999999999996914 ) ) ;
#4910 = AXIS2_PLACEMENT_3D ( 'NONE', #8700, #3021, #7713 ) ;
#4911 = ADVANCED_FACE ( 'NONE', ( #4776 ), #8529, .T. ) ;
#4912 = ORIENTED_EDGE ( 'NONE', *, *, #8706, .F. ) ;
#4913 = ORIENTED_EDGE ( 'NONE', *, *, #574, .F. ) ;
#4914 = LINE ( 'NONE', #1982, #1917 ) ;
#4915 = ORIENTED_EDGE ( 'NONE', *, *, #2767, .F. ) ;
#4916 = CARTESIAN_POINT ( 'NONE',  ( 8.030000000000002913, 1.870000000000000551, -1.875000000000000000 ) ) ;
#4917 = ORIENTED_EDGE ( 'NONE', *, *, #3091, .T. ) ;
#4918 = EDGE_CURVE ( 'NONE', #10739, #4598, #2783, .T. ) ;
#4919 = CARTESIAN_POINT ( 'NONE',  ( -13.65000000000000213, -2.717601427321017837, -3.714999999999999858 ) ) ;
#4920 = AXIS2_PLACEMENT_3D ( 'NONE', #3429, #9981, #2432 ) ;
#4921 = DIRECTION ( 'NONE',  ( 0.000000000000000000, 0.000000000000000000, -1.000000000000000000 ) ) ;
#4922 = LINE ( 'NONE', #184, #6024 ) ;
#4923 = VECTOR ( 'NONE', #6874, 1000.000000000000000 ) ;
#4924 = LINE ( 'NONE', #7797, #1157 ) ;
#4925 = CARTESIAN_POINT ( 'NONE',  ( 1.434999999999998721, 1.385000000000000897, 3.715000000000003411 ) ) ;
#4926 = EDGE_LOOP ( 'NONE', ( #2521, #1704 ) ) ;
#4927 = DIRECTION ( 'NONE',  ( 1.000000000000000000, 0.000000000000000000, -0.000000000000000000 ) ) ;
#4928 = EDGE_CURVE ( 'NONE', #589, #578, #6920, .T. ) ;
#4929 = VERTEX_POINT ( 'NONE', #8651 ) ;
#4930 = VECTOR ( 'NONE', #6871, 1000.000000000000000 ) ;
#4931 = AXIS2_PLACEMENT_3D ( 'NONE', #11258, #9530, #998 ) ;
#4932 = DIRECTION ( 'NONE',  ( 0.3892816206350259711, 0.8348171294789868968, -0.3892816206350259711 ) ) ;
#4933 = ORIENTED_EDGE ( 'NONE', *, *, #6201, .T. ) ;
#4934 = EDGE_CURVE ( 'NONE', #437, #8171, #8716, .T. ) ;
#4935 = FACE_OUTER_BOUND ( 'NONE', #8025, .T. ) ;
#4936 = ORIENTED_EDGE ( 'NONE', *, *, #7818, .F. ) ;
#4937 = PRESENTATION_LAYER_ASSIGNMENT (  '', '', ( #5345 ) ) ;
#4938 = CLOSED_SHELL ( 'NONE', ( #3500, #10822, #5910, #7647, #4515, #2981, #5544, #12015, #8816, #1235, #929, #4585, #4666, #4381, #2743, #6352, #5822, #2615, #11703, #3058, #750, #4416 ) ) ;
#4939 = FACE_BOUND ( 'NONE', #1499, .T. ) ;
#4940 = CARTESIAN_POINT ( 'NONE',  ( 3.149999999999996358, 1.870000000000000551, -1.875000000000000000 ) ) ;
#4941 = CARTESIAN_POINT ( 'NONE',  ( 3.247020446621422085, -7.643577671652601602, -5.372020446621423417 ) ) ;
#4942 = CARTESIAN_POINT ( 'NONE',  ( 6.029999999999998472, 0.000000000000000000, -1.674999999999999822 ) ) ;
#4943 = CIRCLE ( 'NONE', #8921, 0.1999999999999953204 ) ;
#4944 = ORIENTED_EDGE ( 'NONE', *, *, #8325, .T. ) ;
#4945 = ORIENTED_EDGE ( 'NONE', *, *, #5608, .F. ) ;
#4946 = FACE_OUTER_BOUND ( 'NONE', #5898, .T. ) ;
#4947 = ORIENTED_EDGE ( 'NONE', *, *, #4584, .F. ) ;
#4948 = LINE ( 'NONE', #8755, #7061 ) ;
#4949 = ORIENTED_EDGE ( 'NONE', *, *, #3842, .T. ) ;
#4950 = EDGE_CURVE ( 'NONE', #9491, #4361, #2166, .T. ) ;
#4951 = ORIENTED_EDGE ( 'NONE', *, *, #9672, .F. ) ;
#4952 = DIRECTION ( 'NONE',  ( 0.000000000000000000, 0.000000000000000000, -1.000000000000000000 ) ) ;
#4953 = LINE ( 'NONE', #8759, #1101 ) ;
#4954 = CARTESIAN_POINT ( 'NONE',  ( 15.24000000000000021, 1.055000000000000382, 3.715000000000003411 ) ) ;
#4955 = CARTESIAN_POINT ( 'NONE',  ( 0.9499999999999977351, 1.540000000000000480, 3.715000000000003411 ) ) ;
#4956 = VERTEX_POINT ( 'NONE', #11689 ) ;
#4957 = DIRECTION ( 'NONE',  ( 0.3892816206350239172, 0.3892816206350261377, -0.8348171294789875629 ) ) ;
#4958 = DIRECTION ( 'NONE',  ( 0.000000000000000000, 0.000000000000000000, 1.000000000000000000 ) ) ;
#4959 = EDGE_LOOP ( 'NONE', ( #2055, #10255, #4243, #4988 ) ) ;
#4960 = ADVANCED_FACE ( 'NONE', ( #8834 ), #9649, .T. ) ;
#4961 = EDGE_LOOP ( 'NONE', ( #7837, #3887, #2408, #7454 ) ) ;
#4962 = LINE ( 'NONE', #10751, #6857 ) ;
#4963 = CARTESIAN_POINT ( 'NONE',  ( -11.26500000000000057, 1.385000000000000897, 3.715000000000003411 ) ) ;
#4964 = ORIENTED_EDGE ( 'NONE', *, *, #6242, .T. ) ;
#4965 = EDGE_CURVE ( 'NONE', #8008, #5610, #9716, .T. ) ;
#4966 = PLANE ( 'NONE',  #813 ) ;
#4967 = DIRECTION ( 'NONE',  ( -0.000000000000000000, -0.000000000000000000, 1.000000000000000000 ) ) ;
#4968 = ADVANCED_FACE ( 'NONE', ( #6976 ), #357, .F. ) ;
#4969 = LINE ( 'NONE', #7782, #11987 ) ;
#4970 = CARTESIAN_POINT ( 'NONE',  ( 13.80500000000000149, -2.174999999999998934, 3.715000000000003855 ) ) ;
#4971 = MANIFOLD_SOLID_BREP ( 'LPattern2[11]', #167 ) ;
#4972 = ORIENTED_EDGE ( 'NONE', *, *, #3138, .T. ) ;
#4973 = EDGE_LOOP ( 'NONE', ( #5050, #5760, #7787, #2912 ) ) ;
#4974 = VECTOR ( 'NONE', #11636, 999.9999999999998863 ) ;
#4975 = FACE_OUTER_BOUND ( 'NONE', #6573, .T. ) ;
#4976 = CIRCLE ( 'NONE', #2781, 0.1999999999999953204 ) ;
#4977 = ORIENTED_EDGE ( 'NONE', *, *, #9922, .T. ) ;
#4978 = ORIENTED_EDGE ( 'NONE', *, *, #6217, .F. ) ;
#4979 = PLANE ( 'NONE',  #12214 ) ;
#4980 = DIRECTION ( 'NONE',  ( 0.000000000000000000, -0.000000000000000000, 1.000000000000000000 ) ) ;
#4981 = CARTESIAN_POINT ( 'NONE',  ( -1.590000000000001190, 0.9000000000000013545, 3.382601427321023646 ) ) ;
#4982 = ADVANCED_FACE ( 'NONE', ( #2286 ), #9896, .F. ) ;
#4983 = CARTESIAN_POINT ( 'NONE',  ( 14.29000000000000092, -2.717601427321017837, -3.714999999999999858 ) ) ;
#4984 = PLANE ( 'NONE',  #7633 ) ;
#4985 = DIRECTION ( 'NONE',  ( -0.000000000000000000, 1.000000000000000000, 1.150347132610614786E-16 ) ) ;
#4986 = CIRCLE ( 'NONE', #4, 0.1999999999999953204 ) ;
#4987 = EDGE_CURVE ( 'NONE', #9506, #8150, #4907, .T. ) ;
#4988 = ORIENTED_EDGE ( 'NONE', *, *, #5535, .T. ) ;
#4989 = DIRECTION ( 'NONE',  ( -0.000000000000000000, -0.000000000000000000, -1.000000000000000000 ) ) ;
#4990 = EDGE_LOOP ( 'NONE', ( #11648, #11634, #9612, #4171 ) ) ;
#4991 = LINE ( 'NONE', #3183, #1135 ) ;
#4992 = VECTOR ( 'NONE', #10964, 1000.000000000000000 ) ;
#4993 = PRODUCT_DEFINITION_CONTEXT ( 'detailed design', #8328, 'design' ) ;
#4994 = FACE_BOUND ( 'NONE', #9350, .T. ) ;
#4995 = CARTESIAN_POINT ( 'NONE',  ( -3.490000000000001990, 0.9000000000000005773, 3.382601427321023646 ) ) ;
#4996 = EDGE_CURVE ( 'NONE', #11346, #8614, #3909, .T. ) ;
#4997 = DIRECTION ( 'NONE',  ( -0.000000000000000000, 0.000000000000000000, 1.000000000000000000 ) ) ;
#4998 = CARTESIAN_POINT ( 'NONE',  ( -14.29000000000000270, 0.7200000000000000844, -3.714999999999999414 ) ) ;
#4999 = ORIENTED_EDGE ( 'NONE', *, *, #7289, .F. ) ;
#5000 = CARTESIAN_POINT ( 'NONE',  ( -9.210000000000002629, 1.540000000000000480, 3.715000000000003411 ) ) ;
#5001 = ORIENTED_EDGE ( 'NONE', *, *, #2161, .T. ) ;
#5002 = AXIS2_PLACEMENT_3D ( 'NONE', #3694, #12266, #2944 ) ;
#5003 = CARTESIAN_POINT ( 'NONE',  ( -8.570000000000002061, -2.717601427321017837, -3.714999999999999858 ) ) ;
#5004 = EDGE_LOOP ( 'NONE', ( #7664, #4057, #5164, #3975 ) ) ;
#5005 = ORIENTED_EDGE ( 'NONE', *, *, #8962, .F. ) ;
#5006 = DIRECTION ( 'NONE',  ( 0.000000000000000000, 0.000000000000000000, -1.000000000000000000 ) ) ;
#5007 = DIRECTION ( 'NONE',  ( -1.000000000000000000, 0.000000000000000000, 0.000000000000000000 ) ) ;
#5008 = LINE ( 'NONE', #10803, #5787 ) ;
#5009 = CARTESIAN_POINT ( 'NONE',  ( -9.350000000000006750, 1.870000000000000551, 0.4649999999999996914 ) ) ;
#5010 = EDGE_LOOP ( 'NONE', ( #657, #4407, #576, #4624 ) ) ;
#5011 = CARTESIAN_POINT ( 'NONE',  ( -3.645000000000000462, -2.174999999999998934, 3.715000000000003855 ) ) ;
#5012 = DIRECTION ( 'NONE',  ( 0.000000000000000000, 0.000000000000000000, -1.000000000000000000 ) ) ;
#5013 = CARTESIAN_POINT ( 'NONE',  ( 8.229999999999996874, 1.870000000000000551, -1.875000000000000000 ) ) ;
#5014 = ADVANCED_FACE ( 'NONE', ( #1238 ), #5093, .T. ) ;
#5015 = VECTOR ( 'NONE', #2150, 1000.000000000000000 ) ;
#5016 = ADVANCED_FACE ( 'NONE', ( #5849 ), #3971, .F. ) ;
#5017 = DIRECTION ( 'NONE',  ( 0.000000000000000000, 0.000000000000000000, -1.000000000000000000 ) ) ;
#5018 = ORIENTED_EDGE ( 'NONE', *, *, #518, .T. ) ;
#5019 = CARTESIAN_POINT ( 'NONE',  ( 0.9499999999999977351, 1.540000000000000480, -1.674999999999999822 ) ) ;
#5020 = EDGE_LOOP ( 'NONE', ( #5306, #6374, #8241, #8355 ) ) ;
#5021 = PLANE ( 'NONE',  #1200 ) ;
#5022 = DIRECTION ( 'NONE',  ( -0.000000000000000000, -0.000000000000000000, -1.000000000000000000 ) ) ;
#5023 = ORIENTED_EDGE ( 'NONE', *, *, #12193, .T. ) ;
#5024 = ORIENTED_EDGE ( 'NONE', *, *, #3122, .T. ) ;
#5025 = EDGE_LOOP ( 'NONE', ( #2201, #4038 ) ) ;
#5026 = LINE ( 'NONE', #10820, #1102 ) ;
#5027 = AXIS2_PLACEMENT_3D ( 'NONE', #8685, #5759, #1088 ) ;
#5028 = AXIS2_PLACEMENT_3D ( 'NONE', #10667, #1150, #1209 ) ;
#5029 = EDGE_CURVE ( 'NONE', #8211, #8452, #163, .T. ) ;
#5030 = ADVANCED_FACE ( 'NONE', ( #10014 ), #6412, .F. ) ;
#5031 = ORIENTED_EDGE ( 'NONE', *, *, #4682, .T. ) ;
#5032 = CARTESIAN_POINT ( 'NONE',  ( 9.209999999999999076, 0.9000000000000005773, -2.894999999999997797 ) ) ;
#5033 = ORIENTED_EDGE ( 'NONE', *, *, #8643, .F. ) ;
#5034 = VECTOR ( 'NONE', #4306, 1000.000000000000000 ) ;
#5035 = ORIENTED_EDGE ( 'NONE', *, *, #12209, .F. ) ;
#5036 = CARTESIAN_POINT ( 'NONE',  ( -3.490000000000001990, 0.7200000000000001954, -3.074999999999999734 ) ) ;
#5037 = CARTESIAN_POINT ( 'NONE',  ( -0.9500000000000011768, 0.9000000000000005773, -2.894999999999997797 ) ) ;
#5038 = DIRECTION ( 'NONE',  ( -0.000000000000000000, -0.000000000000000000, 1.000000000000000000 ) ) ;
#5039 = DIRECTION ( 'NONE',  ( -1.000000000000000000, 0.000000000000000000, 0.000000000000000000 ) ) ;
#5040 = CARTESIAN_POINT ( 'NONE',  ( -4.470000000000003304, 1.870000000000000551, 0.6649999999999998135 ) ) ;
#5041 = ORIENTED_EDGE ( 'NONE', *, *, #1648, .F. ) ;
#5042 = CARTESIAN_POINT ( 'NONE',  ( 6.669999999999999041, 0.9000000000000013545, 3.382601427321023646 ) ) ;
#5043 = VERTEX_POINT ( 'NONE', #6289 ) ;
#5044 = AXIS2_PLACEMENT_3D ( 'NONE', #2217, #11736, #5909 ) ;
#5045 = ORIENTED_EDGE ( 'NONE', *, *, #11670, .T. ) ;
#5046 = EDGE_CURVE ( 'NONE', #3903, #2880, #4274, .T. ) ;
#5047 = FACE_OUTER_BOUND ( 'NONE', #8461, .T. ) ;
#5048 = AXIS2_PLACEMENT_3D ( 'NONE', #2702, #10312, #11233 ) ;
#5049 = CARTESIAN_POINT ( 'NONE',  ( 12.08999999999999986, 0.5700000000000003952, 0.4649999999999996914 ) ) ;
#5050 = ORIENTED_EDGE ( 'NONE', *, *, #6834, .F. ) ;
#5051 = FACE_OUTER_BOUND ( 'NONE', #9576, .T. ) ;
#5052 = ADVANCED_FACE ( 'NONE', ( #11133 ), #7097, .T. ) ;
#5053 = DIRECTION ( 'NONE',  ( 0.000000000000000000, 1.000000000000000000, 0.000000000000000000 ) ) ;
#5054 = CIRCLE ( 'NONE', #8451, 0.1999999999999953204 ) ;
#5055 = FACE_OUTER_BOUND ( 'NONE', #8974, .T. ) ;
#5056 = CARTESIAN_POINT ( 'NONE',  ( 8.570000000000000284, 0.7200000000000008615, -3.074999999999999734 ) ) ;
#5057 = DIRECTION ( 'NONE',  ( 1.000000000000000000, 0.000000000000000000, -0.000000000000000000 ) ) ;
#5058 = CARTESIAN_POINT ( 'NONE',  ( 11.26500000000000057, -3.049999999999999822, -3.559999999999999165 ) ) ;
#5059 = EDGE_LOOP ( 'NONE', ( #1602, #7902, #4280, #9865 ) ) ;
#5060 = VECTOR ( 'NONE', #10428, 1000.000000000000000 ) ;
#5061 = LINE ( 'NONE', #2010, #2859 ) ;
#5062 = ORIENTED_EDGE ( 'NONE', *, *, #7598, .T. ) ;
#5063 = AXIS2_PLACEMENT_3D ( 'NONE', #8049, #8860, #7989 ) ;
#5064 = EDGE_CURVE ( 'NONE', #6943, #8469, #12049, .T. ) ;
#5065 = ADVANCED_FACE ( 'NONE', ( #2595 ), #2352, .T. ) ;
#5066 = CARTESIAN_POINT ( 'NONE',  ( -1.590000000000001190, 0.9000000000000010214, -2.894999999999998241 ) ) ;
#5067 = VERTEX_POINT ( 'NONE', #8091 ) ;
#5068 = VERTEX_POINT ( 'NONE', #9154 ) ;
#5069 = CARTESIAN_POINT ( 'NONE',  ( -10.77000000000000135, 0.5700000000000003952, -1.875000000000000000 ) ) ;
#5070 = DIRECTION ( 'NONE',  ( 0.000000000000000000, 0.000000000000000000, -1.000000000000000000 ) ) ;
#5071 = AXIS2_PLACEMENT_3D ( 'NONE', #6205, #1521, #9062 ) ;
#5072 = VECTOR ( 'NONE', #9715, 1000.000000000000000 ) ;
#5073 = LINE ( 'NONE', #6206, #3590 ) ;
#5074 = LINE ( 'NONE', #1402, #2309 ) ;
#5075 = ADVANCED_FACE ( 'NONE', ( #11862 ), #1419, .F. ) ;
#5076 = ORIENTED_EDGE ( 'NONE', *, *, #8424, .F. ) ;
#5077 = LINE ( 'NONE', #1460, #5307 ) ;
#5078 = DIRECTION ( 'NONE',  ( -0.000000000000000000, -0.000000000000000000, 1.000000000000000000 ) ) ;
#5079 = LINE ( 'NONE', #4081, #5015 ) ;
#5080 = AXIS2_PLACEMENT_3D ( 'NONE', #6620, #4787, #1861 ) ;
#5081 = ORIENTED_EDGE ( 'NONE', *, *, #1050, .T. ) ;
#5082 = EDGE_LOOP ( 'NONE', ( #3987, #10280, #2384, #6805 ) ) ;
#5083 = DIRECTION ( 'NONE',  ( -1.000000000000000000, 0.000000000000000000, 0.000000000000000000 ) ) ;
#5084 = AXIS2_PLACEMENT_3D ( 'NONE', #868, #1738, #1612 ) ;
#5085 = CARTESIAN_POINT ( 'NONE',  ( 8.570000000000000284, -3.049999999999999822, -3.075000000000000178 ) ) ;
#5086 = CARTESIAN_POINT ( 'NONE',  ( -9.550000000000002487, 1.870000000000000551, -1.674999999999999822 ) ) ;
#5087 = COLOUR_RGB ( '',0.7960784313725489669, 0.8235294117647058432, 0.9372549019607843146 ) ;
#5088 = ORIENTED_EDGE ( 'NONE', *, *, #10798, .F. ) ;
#5089 = DIRECTION ( 'NONE',  ( 0.000000000000000000, 0.000000000000000000, 1.000000000000000000 ) ) ;
#5090 = CARTESIAN_POINT ( 'NONE',  ( 14.29000000000000092, 0.9000000000000005773, 3.715000000000003411 ) ) ;
#5091 = EDGE_CURVE ( 'NONE', #11175, #2015, #9089, .T. ) ;
#5092 = AXIS2_PLACEMENT_3D ( 'NONE', #9268, #10073, #10254 ) ;
#5093 = CYLINDRICAL_SURFACE ( 'NONE', #9126, 0.1999999999999953204 ) ;
#5094 = EDGE_LOOP ( 'NONE', ( #6642, #5018, #8601, #6659 ) ) ;
#5095 = LINE ( 'NONE', #3105, #1696 ) ;
#5096 = VECTOR ( 'NONE', #10615, 1000.000000000000000 ) ;
#5097 = ORIENTED_EDGE ( 'NONE', *, *, #3981, .T. ) ;
#5098 = CARTESIAN_POINT ( 'NONE',  ( 6.810000000000003162, 0.5700000000000003952, 0.4649999999999996914 ) ) ;
#5099 = ORIENTED_EDGE ( 'NONE', *, *, #6908, .T. ) ;
#5100 = EDGE_LOOP ( 'NONE', ( #5781, #9718 ) ) ;
#5101 = DIRECTION ( 'NONE',  ( 1.000000000000000000, 0.000000000000000000, 0.000000000000000000 ) ) ;
#5102 = AXIS2_PLACEMENT_3D ( 'NONE', #1790, #5478, #3658 ) ;
#5103 = VECTOR ( 'NONE', #11507, 1000.000000000000000 ) ;
#5104 = DIRECTION ( 'NONE',  ( 0.000000000000000000, 1.000000000000000000, 0.000000000000000000 ) ) ;
#5105 = LINE ( 'NONE', #3984, #11561 ) ;
#5106 = CARTESIAN_POINT ( 'NONE',  ( -13.65000000000000213, -2.717601427321017837, -3.075000000000000178 ) ) ;
#5107 = DIRECTION ( 'NONE',  ( -0.3892816206350259711, -0.8348171294789868968, -0.3892816206350259711 ) ) ;
#5108 = ORIENTED_EDGE ( 'NONE', *, *, #2106, .F. ) ;
#5109 = DIRECTION ( 'NONE',  ( 1.000000000000000000, 0.000000000000000000, 0.000000000000000000 ) ) ;
#5110 = AXIS2_PLACEMENT_3D ( 'NONE', #9517, #1835, #5643 ) ;
#5111 = EDGE_CURVE ( 'NONE', #7363, #2305, #2538, .T. ) ;
#5112 = ORIENTED_EDGE ( 'NONE', *, *, #4066, .F. ) ;
#5113 = ORIENTED_EDGE ( 'NONE', *, *, #114, .T. ) ;
#5114 = CIRCLE ( 'NONE', #5314, 0.1999999999999953204 ) ;
#5115 = CYLINDRICAL_SURFACE ( 'NONE', #10874, 0.1999999999999953204 ) ;
#5116 = AXIS2_PLACEMENT_3D ( 'NONE', #9137, #1767, #1586 ) ;
#5117 = FACE_OUTER_BOUND ( 'NONE', #678, .T. ) ;
#5118 = ORIENTED_EDGE ( 'NONE', *, *, #3207, .F. ) ;
#5119 = AXIS2_PLACEMENT_3D ( 'NONE', #8933, #1268, #11771 ) ;
#5120 = CARTESIAN_POINT ( 'NONE',  ( -4.130000000000001670, 1.540000000000001146, -2.894999999999998241 ) ) ;
#5121 = EDGE_CURVE ( 'NONE', #5621, #6923, #5157, .T. ) ;
#5122 = EDGE_LOOP ( 'NONE', ( #367, #4037, #9456, #9635 ) ) ;
#5123 = CARTESIAN_POINT ( 'NONE',  ( -0.9500000000000011768, 0.9000000000000005773, -2.894999999999997797 ) ) ;
#5124 = PRESENTATION_STYLE_ASSIGNMENT (( #5947 ) ) ;
#5125 = DIRECTION ( 'NONE',  ( -1.000000000000000000, 0.000000000000000000, 0.000000000000000000 ) ) ;
#5126 = DIRECTION ( 'NONE',  ( 0.000000000000000000, 0.000000000000000000, -1.000000000000000000 ) ) ;
#5127 = LINE ( 'NONE', #4241, #8114 ) ;
#5128 = ORIENTED_EDGE ( 'NONE', *, *, #8392, .T. ) ;
#5129 = EDGE_CURVE ( 'NONE', #8164, #11522, #9212, .T. ) ;
#5130 = DIRECTION ( 'NONE',  ( 0.000000000000000000, 1.000000000000000000, -1.150347132610614786E-16 ) ) ;
#5131 = VECTOR ( 'NONE', #1673, 1000.000000000000000 ) ;
#5132 = AXIS2_PLACEMENT_3D ( 'NONE', #1461, #5259, #3908 ) ;
#5133 = ORIENTED_EDGE ( 'NONE', *, *, #2804, .T. ) ;
#5134 = DIRECTION ( 'NONE',  ( -1.000000000000000000, -0.000000000000000000, 0.000000000000000000 ) ) ;
#5135 = ORIENTED_EDGE ( 'NONE', *, *, #10305, .T. ) ;
#5136 = CARTESIAN_POINT ( 'NONE',  ( -9.210000000000002629, -3.049999999999999822, -3.075000000000000178 ) ) ;
#5137 = CARTESIAN_POINT ( 'NONE',  ( 6.669999999999999041, -3.049999999999999822, -3.075000000000000178 ) ) ;
#5138 = AXIS2_PLACEMENT_3D ( 'NONE', #5730, #3784, #2727 ) ;
#5139 = DIRECTION ( 'NONE',  ( -1.000000000000000000, 0.000000000000000000, 0.000000000000000000 ) ) ;
#5140 = CARTESIAN_POINT ( 'NONE',  ( -7.209999999999999076, 1.870000000000000551, 0.4649999999999996914 ) ) ;
#5141 = ORIENTED_EDGE ( 'NONE', *, *, #3086, .T. ) ;
#5142 = CARTESIAN_POINT ( 'NONE',  ( 9.350000000000004974, 0.5700000000000003952, 0.6649999999999998135 ) ) ;
#5143 = DIRECTION ( 'NONE',  ( 0.000000000000000000, 0.000000000000000000, -1.000000000000000000 ) ) ;
#5144 = DIRECTION ( 'NONE',  ( -0.000000000000000000, -0.000000000000000000, -1.000000000000000000 ) ) ;
#5145 = ORIENTED_EDGE ( 'NONE', *, *, #6638, .F. ) ;
#5146 = EDGE_CURVE ( 'NONE', #2880, #8902, #1478, .T. ) ;
#5147 = ORIENTED_EDGE ( 'NONE', *, *, #11350, .F. ) ;
#5148 = DIRECTION ( 'NONE',  ( 0.000000000000000000, 1.000000000000000000, 0.000000000000000000 ) ) ;
#5149 = CLOSED_SHELL ( 'NONE', ( #12047, #10367, #12120, #8270, #4091, #5613, #4897, #790, #7328, #889, #3219, #9494, #9088, #10146, #9120, #11429, #12243, #3517, #2622, #11496, #290, #9593 ) ) ;
#5150 = EDGE_LOOP ( 'NONE', ( #6050, #1155, #7233, #4400 ) ) ;
#5151 = EDGE_CURVE ( 'NONE', #8104, #3897, #3281, .T. ) ;
#5152 = CYLINDRICAL_SURFACE ( 'NONE', #6278, 0.1999999999999953204 ) ;
#5153 = DIRECTION ( 'NONE',  ( 0.000000000000000000, 0.000000000000000000, -1.000000000000000000 ) ) ;
#5154 = DIRECTION ( 'NONE',  ( 0.000000000000000000, -0.9063077870366494926, -0.4226182617407005515 ) ) ;
#5155 = CARTESIAN_POINT ( 'NONE',  ( 0.000000000000000000, 1.540000000000000480, 0.4649999999999996914 ) ) ;
#5156 = CARTESIAN_POINT ( 'NONE',  ( -6.670000000000002593, 0.7200000000000008615, -3.074999999999999734 ) ) ;
#5158 = EDGE_CURVE ( 'NONE', #3407, #4702, #4460, .T. ) ;
#5157 = LINE ( 'NONE', #7342, #11105 ) ;
#5159 = VERTEX_POINT ( 'NONE', #8276 ) ;
#5160 = DIRECTION ( 'NONE',  ( 0.000000000000000000, -1.000000000000000000, 1.150347132610614786E-16 ) ) ;
#5161 = EDGE_CURVE ( 'NONE', #11016, #11772, #8212, .T. ) ;
#5162 = EDGE_LOOP ( 'NONE', ( #2377, #4455, #9991, #7958 ) ) ;
#5163 = CARTESIAN_POINT ( 'NONE',  ( 11.75000000000000000, -2.717601427321017837, -3.075000000000000178 ) ) ;
#5164 = ORIENTED_EDGE ( 'NONE', *, *, #4273, .F. ) ;
#5165 = ORIENTED_EDGE ( 'NONE', *, *, #8356, .F. ) ;
#5166 = CARTESIAN_POINT ( 'NONE',  ( -9.054999999999999716, -3.049999999999999822, -3.230000000000000870 ) ) ;
#5167 = CARTESIAN_POINT ( 'NONE',  ( -14.29000000000000270, 0.9000000000000012434, -2.894999999999998241 ) ) ;
#5168 = DIRECTION ( 'NONE',  ( 0.000000000000000000, 5.421010862427481938E-15, -1.000000000000000000 ) ) ;
#5169 = LINE ( 'NONE', #5865, #2345 ) ;
#5170 = FACE_OUTER_BOUND ( 'NONE', #799, .T. ) ;
#5171 = ORIENTED_EDGE ( 'NONE', *, *, #4965, .T. ) ;
#5172 = CARTESIAN_POINT ( 'NONE',  ( -14.29000000000000270, -2.717601427321017837, -3.075000000000000178 ) ) ;
#5173 = VERTEX_POINT ( 'NONE', #9955 ) ;
#5174 = VECTOR ( 'NONE', #826, 1000.000000000000000 ) ;
#5175 = ADVANCED_FACE ( 'NONE', ( #8148 ), #11918, .F. ) ;
#5176 = EDGE_LOOP ( 'NONE', ( #11019, #8710, #382, #1542 ) ) ;
#5177 = DIRECTION ( 'NONE',  ( 0.000000000000000000, -0.000000000000000000, 1.000000000000000000 ) ) ;
#5178 = CARTESIAN_POINT ( 'NONE',  ( 10.86702044662142441, -7.643577671652601602, -5.372020446621423417 ) ) ;
#5179 = EDGE_CURVE ( 'NONE', #8153, #3612, #4943, .T. ) ;
#5180 = VERTEX_POINT ( 'NONE', #3715 ) ;
#5181 = DIRECTION ( 'NONE',  ( -1.000000000000000000, 0.000000000000000000, 0.000000000000000000 ) ) ;
#5182 = ORIENTED_EDGE ( 'NONE', *, *, #7962, .F. ) ;
#5183 = FACE_BOUND ( 'NONE', #2393, .T. ) ;
#5184 = DIRECTION ( 'NONE',  ( 1.000000000000000000, 0.000000000000000000, 0.000000000000000000 ) ) ;
#5185 = CARTESIAN_POINT ( 'NONE',  ( -6.670000000000002593, -2.717601427321017837, -3.075000000000000178 ) ) ;
#5186 = AXIS2_PLACEMENT_3D ( 'NONE', #9204, #11182, #3459 ) ;
#5187 = DIRECTION ( 'NONE',  ( -0.000000000000000000, -0.000000000000000000, 1.000000000000000000 ) ) ;
#5188 = DIRECTION ( 'NONE',  ( -1.000000000000000000, 0.000000000000000000, 0.000000000000000000 ) ) ;
#5189 = VERTEX_POINT ( 'NONE', #1902 ) ;
#5190 = LINE ( 'NONE', #11952, #8652 ) ;
#5191 = EDGE_CURVE ( 'NONE', #9813, #7568, #6598, .T. ) ;
#5192 = ORIENTED_EDGE ( 'NONE', *, *, #1169, .T. ) ;
#5193 = CIRCLE ( 'NONE', #6200, 0.1999999999999953204 ) ;
#5194 = CARTESIAN_POINT ( 'NONE',  ( -14.29000000000000270, 0.9000000000000005773, 3.715000000000003411 ) ) ;
#5195 = EDGE_CURVE ( 'NONE', #11758, #5381, #10261, .T. ) ;
#5196 = ORIENTED_EDGE ( 'NONE', *, *, #10233, .T. ) ;
#5197 = LINE ( 'NONE', #4137, #9867 ) ;
#5198 = LINE ( 'NONE', #2386, #5672 ) ;
#5199 = DIRECTION ( 'NONE',  ( 1.000000000000000000, 0.000000000000000000, 0.000000000000000000 ) ) ;
#5200 = DIRECTION ( 'NONE',  ( 0.9063077870366486044, -4.861577055822993677E-17, -0.4226182617407024389 ) ) ;
#5201 = CARTESIAN_POINT ( 'NONE',  ( 8.570000000000000284, 1.540000000000000480, 3.715000000000003411 ) ) ;
#5202 = CARTESIAN_POINT ( 'NONE',  ( 22.86000000000000298, -3.049999999999999822, -3.230000000000000870 ) ) ;
#5203 = CARTESIAN_POINT ( 'NONE',  ( 4.129999999999998117, 0.7200000000000008615, -3.074999999999999734 ) ) ;
#5204 = ORIENTED_EDGE ( 'NONE', *, *, #3521, .T. ) ;
#5205 = ORIENTED_EDGE ( 'NONE', *, *, #9793, .T. ) ;
#5206 = DIRECTION ( 'NONE',  ( -0.000000000000000000, 0.000000000000000000, -1.000000000000000000 ) ) ;
#5207 = ORIENTED_EDGE ( 'NONE', *, *, #6485, .F. ) ;
#5208 = DIRECTION ( 'NONE',  ( -0.000000000000000000, 0.000000000000000000, -1.000000000000000000 ) ) ;
#5209 = ADVANCED_FACE ( 'NONE', ( #803 ), #5467, .T. ) ;
#5210 = ORIENTED_EDGE ( 'NONE', *, *, #4768, .F. ) ;
#5211 = SURFACE_SIDE_STYLE ('',( #1414 ) ) ;
#5212 = DIRECTION ( 'NONE',  ( -0.000000000000000000, 1.000000000000000000, 1.150347132610614786E-16 ) ) ;
#5213 = VECTOR ( 'NONE', #10850, 1000.000000000000000 ) ;
#5214 = LINE ( 'NONE', #2223, #6093 ) ;
#5215 = ORIENTED_EDGE ( 'NONE', *, *, #7913, .F. ) ;
#5216 = EDGE_CURVE ( 'NONE', #4480, #2749, #11364, .T. ) ;
#5217 = CARTESIAN_POINT ( 'NONE',  ( -6.670000000000002593, 1.540000000000000480, -2.894999999999997797 ) ) ;
#5218 = ORIENTED_EDGE ( 'NONE', *, *, #5668, .F. ) ;
#5219 = CARTESIAN_POINT ( 'NONE',  ( 8.429999999999992610, 1.870000000000000551, -1.674999999999999822 ) ) ;
#5220 = STYLED_ITEM ( 'NONE', ( #8174 ), #8991 ) ;
#5221 = ADVANCED_FACE ( 'NONE', ( #3589 ), #7525, .F. ) ;
#5222 = ORIENTED_EDGE ( 'NONE', *, *, #5564, .F. ) ;
#5223 = CARTESIAN_POINT ( 'NONE',  ( 3.349999999999991651, 1.870000000000000551, 0.4649999999999996914 ) ) ;
#5224 = ORIENTED_EDGE ( 'NONE', *, *, #6973, .F. ) ;
#5225 = CARTESIAN_POINT ( 'NONE',  ( 13.30999999999999872, 1.870000000000000551, 0.6649999999999998135 ) ) ;
#5226 = CARTESIAN_POINT ( 'NONE',  ( -9.350000000000006750, 1.870000000000000551, 0.6649999999999998135 ) ) ;
#5227 = CARTESIAN_POINT ( 'NONE',  ( -10.96999999999999709, 0.5700000000000003952, 0.6649999999999998135 ) ) ;
#5228 = VECTOR ( 'NONE', #2392, 1000.000000000000000 ) ;
#5229 = EDGE_CURVE ( 'NONE', #11071, #6416, #4150, .T. ) ;
#5230 = LINE ( 'NONE', #11083, #4529 ) ;
#5231 = CARTESIAN_POINT ( 'NONE',  ( 0.000000000000000000, 0.9000000000000005773, 0.4649999999999996914 ) ) ;
#5232 = VERTEX_POINT ( 'NONE', #3649 ) ;
#5233 = CARTESIAN_POINT ( 'NONE',  ( 8.570000000000000284, -2.717601427321017837, -3.075000000000000178 ) ) ;
#5234 = EDGE_LOOP ( 'NONE', ( #9129, #3622, #863, #6732 ) ) ;
#5235 = VECTOR ( 'NONE', #1949, 1000.000000000000000 ) ;
#5236 = LINE ( 'NONE', #8168, #3905 ) ;
#5237 = CYLINDRICAL_SURFACE ( 'NONE', #3485, 0.1999999999999953204 ) ;
#5238 = EDGE_LOOP ( 'NONE', ( #11989, #2310, #11333, #11338 ) ) ;
#5239 = DIRECTION ( 'NONE',  ( 1.000000000000000000, 0.000000000000000000, -0.000000000000000000 ) ) ;
#5240 = CARTESIAN_POINT ( 'NONE',  ( -2.950000000000006395, 0.5700000000000003952, -1.674999999999999822 ) ) ;
#5241 = FACE_OUTER_BOUND ( 'NONE', #882, .T. ) ;
#5242 = EDGE_CURVE ( 'NONE', #260, #6372, #2772, .T. ) ;
#5243 = CARTESIAN_POINT ( 'NONE',  ( -14.63000000000000433, 1.870000000000000551, -1.674999999999999822 ) ) ;
#5244 = CYLINDRICAL_SURFACE ( 'NONE', #3834, 0.8200000000000012834 ) ;
#5245 = CARTESIAN_POINT ( 'NONE',  ( 13.65000000000000036, 0.7199999999999999734, -2.894999999999998241 ) ) ;
#5246 = CIRCLE ( 'NONE', #1269, 0.1999999999999953204 ) ;
#5247 = VERTEX_POINT ( 'NONE', #7459 ) ;
#5248 = CARTESIAN_POINT ( 'NONE',  ( -6.670000000000002593, -3.049999999999999822, -3.075000000000000178 ) ) ;
#5249 = CIRCLE ( 'NONE', #10621, 0.1999999999999953204 ) ;
#5250 = VERTEX_POINT ( 'NONE', #925 ) ;
#5251 = VECTOR ( 'NONE', #7537, 1000.000000000000000 ) ;
#5252 = DIRECTION ( 'NONE',  ( -0.000000000000000000, -0.4226182617407006625, -0.9063077870366493816 ) ) ;
#5253 = LINE ( 'NONE', #3568, #1320 ) ;
#5254 = LINE ( 'NONE', #6393, #11036 ) ;
#5255 = DIRECTION ( 'NONE',  ( 0.000000000000000000, 0.000000000000000000, -1.000000000000000000 ) ) ;
#5256 = DIRECTION ( 'NONE',  ( -1.000000000000000000, 0.000000000000000000, 0.000000000000000000 ) ) ;
#5257 = DIRECTION ( 'NONE',  ( -0.000000000000000000, 1.000000000000000000, 1.150347132610614786E-16 ) ) ;
#5258 = CIRCLE ( 'NONE', #2472, 0.1999999999999953204 ) ;
#5259 = DIRECTION ( 'NONE',  ( 0.000000000000000000, 0.000000000000000000, 1.000000000000000000 ) ) ;
#5260 = CARTESIAN_POINT ( 'NONE',  ( 6.669999999999999041, 1.540000000000000480, 3.382601427321023646 ) ) ;
#5261 = ORIENTED_EDGE ( 'NONE', *, *, #8782, .F. ) ;
#5262 = VERTEX_POINT ( 'NONE', #2831 ) ;
#5263 = DIRECTION ( 'NONE',  ( -0.000000000000000000, -0.000000000000000000, 1.000000000000000000 ) ) ;
#5264 = CIRCLE ( 'NONE', #8646, 0.1999999999999953204 ) ;
#5265 = ADVANCED_FACE ( 'NONE', ( #12226 ), #4704, .T. ) ;
#5266 = ORIENTED_EDGE ( 'NONE', *, *, #5121, .T. ) ;
#5267 = AXIS2_PLACEMENT_3D ( 'NONE', #3508, #11044, #4501 ) ;
#5268 = AXIS2_PLACEMENT_3D ( 'NONE', #9970, #1255, #6180 ) ;
#5269 = PLANE ( 'NONE',  #898 ) ;
#5270 = DIRECTION ( 'NONE',  ( -1.000000000000000000, 0.000000000000000000, 0.000000000000000000 ) ) ;
#5271 = VECTOR ( 'NONE', #779, 1000.000000000000000 ) ;
#5272 = FACE_OUTER_BOUND ( 'NONE', #10680, .T. ) ;
#5273 = DIRECTION ( 'NONE',  ( -0.000000000000000000, -0.000000000000000000, 1.000000000000000000 ) ) ;
#5274 = VERTEX_POINT ( 'NONE', #3773 ) ;
#5275 = EDGE_CURVE ( 'NONE', #6865, #667, #5351, .T. ) ;
#5276 = ORIENTED_EDGE ( 'NONE', *, *, #6158, .T. ) ;
#5277 = DIRECTION ( 'NONE',  ( 1.000000000000000000, 0.000000000000000000, -0.000000000000000000 ) ) ;
#5278 = VECTOR ( 'NONE', #3294, 1000.000000000000000 ) ;
#5279 = ORIENTED_EDGE ( 'NONE', *, *, #5738, .T. ) ;
#5280 = DIRECTION ( 'NONE',  ( 0.000000000000000000, 0.000000000000000000, -1.000000000000000000 ) ) ;
#5281 = VECTOR ( 'NONE', #1841, 1000.000000000000000 ) ;
#5282 = EDGE_CURVE ( 'NONE', #8323, #5775, #5589, .T. ) ;
#5283 = VERTEX_POINT ( 'NONE', #9390 ) ;
#5284 = VECTOR ( 'NONE', #6750, 1000.000000000000000 ) ;
#5285 = ADVANCED_FACE ( 'NONE', ( #12285 ), #860, .T. ) ;
#5286 = ADVANCED_FACE ( 'NONE', ( #10443 ), #8453, .F. ) ;
#5287 = ORIENTED_EDGE ( 'NONE', *, *, #93, .F. ) ;
#5288 = DIRECTION ( 'NONE',  ( -1.000000000000000000, 0.000000000000000000, 0.000000000000000000 ) ) ;
#5289 = VECTOR ( 'NONE', #3584, 1000.000000000000000 ) ;
#5290 = CARTESIAN_POINT ( 'NONE',  ( 14.13499999999999979, -3.049999999999999822, -3.230000000000000870 ) ) ;
#5291 = DIRECTION ( 'NONE',  ( -0.000000000000000000, -0.000000000000000000, -1.000000000000000000 ) ) ;
#5292 = CARTESIAN_POINT ( 'NONE',  ( 13.65000000000000036, 0.7200000000000000844, -3.714999999999999414 ) ) ;
#5293 = VECTOR ( 'NONE', #7255, 1000.000000000000000 ) ;
#5294 = CARTESIAN_POINT ( 'NONE',  ( 0.4100000000000007527, 1.870000000000000551, 0.6649999999999998135 ) ) ;
#5295 = ORIENTED_EDGE ( 'NONE', *, *, #3638, .T. ) ;
#5296 = CARTESIAN_POINT ( 'NONE',  ( 9.209999999999999076, -3.049999999999999822, -3.075000000000000178 ) ) ;
#5297 = EDGE_CURVE ( 'NONE', #6929, #11758, #10193, .T. ) ;
#5298 = VERTEX_POINT ( 'NONE', #33 ) ;
#5299 = ORIENTED_EDGE ( 'NONE', *, *, #2308, .T. ) ;
#5300 = EDGE_CURVE ( 'NONE', #10529, #10117, #10122, .T. ) ;
#5301 = FACE_OUTER_BOUND ( 'NONE', #11167, .T. ) ;
#5302 = AXIS2_PLACEMENT_3D ( 'NONE', #6189, #9977, #3542 ) ;
#5303 = AXIS2_PLACEMENT_3D ( 'NONE', #8230, #11999, #1859 ) ;
#5304 = ORIENTED_EDGE ( 'NONE', *, *, #1417, .F. ) ;
#5305 = CARTESIAN_POINT ( 'NONE',  ( -13.74698571530510982, 1.443014284694892124, 3.590587964983397828 ) ) ;
#5306 = ORIENTED_EDGE ( 'NONE', *, *, #7747, .T. ) ;
#5307 = VECTOR ( 'NONE', #5257, 1000.000000000000000 ) ;
#5308 = CARTESIAN_POINT ( 'NONE',  ( 9.209999999999999076, 1.540000000000001146, -2.894999999999998241 ) ) ;
#5309 = PLANE ( 'NONE',  #5615 ) ;
#5310 = CARTESIAN_POINT ( 'NONE',  ( 6.029999999999998472, 1.540000000000000480, 3.382601427321023646 ) ) ;
#5311 = PLANE ( 'NONE',  #2640 ) ;
#5312 = DIRECTION ( 'NONE',  ( 0.000000000000000000, -1.150347132610614786E-16, 1.000000000000000000 ) ) ;
#5313 = ORIENTED_EDGE ( 'NONE', *, *, #10013, .F. ) ;
#5314 = AXIS2_PLACEMENT_3D ( 'NONE', #12167, #12109, #10330 ) ;
#5315 = CARTESIAN_POINT ( 'NONE',  ( 0.8099999999999911715, 1.870000000000000551, -1.875000000000000000 ) ) ;
#5316 = ORIENTED_EDGE ( 'NONE', *, *, #3354, .F. ) ;
#5317 = AXIS2_PLACEMENT_3D ( 'NONE', #10851, #3186, #5125 ) ;
#5318 = ADVANCED_FACE ( 'NONE', ( #7398 ), #2648, .F. ) ;
#5319 = CARTESIAN_POINT ( 'NONE',  ( 11.75000000000000000, 0.7200000000000008615, -3.074999999999999734 ) ) ;
#5320 = VERTEX_POINT ( 'NONE', #258 ) ;
#5321 = CYLINDRICAL_SURFACE ( 'NONE', #12038, 0.1999999999999953204 ) ;
#5322 = CARTESIAN_POINT ( 'NONE',  ( -4.669999999999999041, 1.870000000000000551, 0.6649999999999998135 ) ) ;
#5323 = CARTESIAN_POINT ( 'NONE',  ( -1.930000000000002824, 1.870000000000000551, -1.875000000000000000 ) ) ;
#5324 = PLANE ( 'NONE',  #7206 ) ;
#5325 = DIRECTION ( 'NONE',  ( -1.000000000000000000, 0.000000000000000000, 0.000000000000000000 ) ) ;
#5326 = DIRECTION ( 'NONE',  ( -1.000000000000000000, 0.000000000000000000, 0.000000000000000000 ) ) ;
#5327 = FACE_OUTER_BOUND ( 'NONE', #6675, .T. ) ;
#5328 = VECTOR ( 'NONE', #6566, 1000.000000000000000 ) ;
#5329 = EDGE_LOOP ( 'NONE', ( #4417, #4580, #6823, #3915 ) ) ;
#5330 = AXIS2_PLACEMENT_3D ( 'NONE', #12133, #5312, #831 ) ;
#5331 = ORIENTED_EDGE ( 'NONE', *, *, #9108, .T. ) ;
#5332 = DIRECTION ( 'NONE',  ( -0.000000000000000000, 0.000000000000000000, -1.000000000000000000 ) ) ;
#5333 = ORIENTED_EDGE ( 'NONE', *, *, #8506, .T. ) ;
#5334 = EDGE_CURVE ( 'NONE', #9258, #437, #6951, .T. ) ;
#5335 = AXIS2_PLACEMENT_3D ( 'NONE', #2406, #7161, #11797 ) ;
#5336 = DIRECTION ( 'NONE',  ( -0.000000000000000000, -0.000000000000000000, -1.000000000000000000 ) ) ;
#5337 = ORIENTED_EDGE ( 'NONE', *, *, #4612, .F. ) ;
#5338 = DIRECTION ( 'NONE',  ( -0.000000000000000000, -0.000000000000000000, 1.000000000000000000 ) ) ;
#5339 = FILL_AREA_STYLE ('',( #2529 ) ) ;
#5340 = UNCERTAINTY_MEASURE_WITH_UNIT (LENGTH_MEASURE( 1.000000000000000082E-05 ), #6528, 'distance_accuracy_value', 'NONE');
#5341 = DIRECTION ( 'NONE',  ( -0.000000000000000000, -0.000000000000000000, 1.000000000000000000 ) ) ;
#5342 = ADVANCED_FACE ( 'NONE', ( #2196 ), #4063, .T. ) ;
#5343 = DIRECTION ( 'NONE',  ( 0.000000000000000000, 0.000000000000000000, 1.000000000000000000 ) ) ;
#5344 = ORIENTED_EDGE ( 'NONE', *, *, #4445, .T. ) ;
#5345 = STYLED_ITEM ( 'NONE', ( #100 ), #612 ) ;
#5346 = DIRECTION ( 'NONE',  ( -0.000000000000000000, 0.000000000000000000, 1.000000000000000000 ) ) ;
#5347 = ORIENTED_EDGE ( 'NONE', *, *, #8432, .T. ) ;
#5348 = DIRECTION ( 'NONE',  ( 1.000000000000000000, 0.000000000000000000, 0.000000000000000000 ) ) ;
#5349 = EDGE_LOOP ( 'NONE', ( #3168, #4884 ) ) ;
#5350 = DIRECTION ( 'NONE',  ( -1.000000000000000000, 0.000000000000000000, 0.000000000000000000 ) ) ;
#5351 = CIRCLE ( 'NONE', #2156, 0.1999999999999953204 ) ;
#5352 = EDGE_LOOP ( 'NONE', ( #7623, #3217 ) ) ;
#5353 = EDGE_CURVE ( 'NONE', #4956, #9546, #10854, .T. ) ;
#5354 = ORIENTED_EDGE ( 'NONE', *, *, #9602, .F. ) ;
#5355 = PLANE ( 'NONE',  #10876 ) ;
#5356 = VERTEX_POINT ( 'NONE', #1049 ) ;
#5357 = EDGE_CURVE ( 'NONE', #8576, #7363, #1391, .T. ) ;
#5358 = PLANE ( 'NONE',  #5084 ) ;
#5359 = FACE_OUTER_BOUND ( 'NONE', #12019, .T. ) ;
#5360 = DIRECTION ( 'NONE',  ( 0.000000000000000000, 1.000000000000000000, 0.000000000000000000 ) ) ;
#5361 = CARTESIAN_POINT ( 'NONE',  ( -14.43000000000000860, 1.870000000000000551, 0.6649999999999998135 ) ) ;
#5362 = DIRECTION ( 'NONE',  ( 1.000000000000000000, 0.000000000000000000, -0.000000000000000000 ) ) ;
#5363 = ORIENTED_EDGE ( 'NONE', *, *, #1921, .F. ) ;
#5364 = ORIENTED_EDGE ( 'NONE', *, *, #10640, .T. ) ;
#5365 = VERTEX_POINT ( 'NONE', #1967 ) ;
#5366 = DIRECTION ( 'NONE',  ( 1.000000000000000000, 0.000000000000000000, 0.000000000000000000 ) ) ;
#5367 = EDGE_LOOP ( 'NONE', ( #11293, #7655, #2867, #8901 ) ) ;
#5368 = ADVANCED_FACE ( 'NONE', ( #10915 ), #9796, .T. ) ;
#5369 = LINE ( 'NONE', #1687, #4992 ) ;
#5370 = PLANE ( 'NONE',  #3816 ) ;
#5371 = CARTESIAN_POINT ( 'NONE',  ( -4.669999999999999041, 1.870000000000000551, 0.4649999999999996914 ) ) ;
#5372 = AXIS2_PLACEMENT_3D ( 'NONE', #6175, #11143, #3358 ) ;
#5373 = LINE ( 'NONE', #11032, #11982 ) ;
#5374 = DIRECTION ( 'NONE',  ( 0.000000000000000000, 0.000000000000000000, 1.000000000000000000 ) ) ;
#5375 = VERTEX_POINT ( 'NONE', #5058 ) ;
#5376 = EDGE_CURVE ( 'NONE', #5843, #9377, #7941, .T. ) ;
#5377 = AXIS2_PLACEMENT_3D ( 'NONE', #6851, #3906, #7724 ) ;
#5378 = FACE_OUTER_BOUND ( 'NONE', #11315, .T. ) ;
#5379 = ORIENTED_EDGE ( 'NONE', *, *, #3788, .T. ) ;
#5380 = FACE_OUTER_BOUND ( 'NONE', #3675, .T. ) ;
#5381 = VERTEX_POINT ( 'NONE', #7942 ) ;
#5382 = ADVANCED_FACE ( 'NONE', ( #10793 ), #6136, .F. ) ;
#5383 = DIRECTION ( 'NONE',  ( 1.000000000000000000, 0.000000000000000000, 0.000000000000000000 ) ) ;
#5384 = CARTESIAN_POINT ( 'NONE',  ( -3.490000000000001990, -3.049999999999999822, -3.075000000000000178 ) ) ;
#5385 = CIRCLE ( 'NONE', #6983, 0.8200000000000012834 ) ;
#5386 = CARTESIAN_POINT ( 'NONE',  ( 11.10999999999999943, -3.049999999999999822, -3.075000000000000178 ) ) ;
#5387 = PRESENTATION_STYLE_ASSIGNMENT (( #785 ) ) ;
#5388 = LINE ( 'NONE', #10982, #4707 ) ;
#5389 = DIRECTION ( 'NONE',  ( -0.000000000000000000, -0.000000000000000000, 1.000000000000000000 ) ) ;
#5390 = CYLINDRICAL_SURFACE ( 'NONE', #9022, 0.8200000000000012834 ) ;
#5391 = ORIENTED_EDGE ( 'NONE', *, *, #8127, .T. ) ;
#5392 = EDGE_CURVE ( 'NONE', #8045, #8558, #2376, .T. ) ;
#5393 = VERTEX_POINT ( 'NONE', #7066 ) ;
#5394 = DIRECTION ( 'NONE',  ( -0.000000000000000000, -0.000000000000000000, 1.000000000000000000 ) ) ;
#5395 = CARTESIAN_POINT ( 'NONE',  ( 9.549999999999998934, 0.5700000000000003952, 0.6649999999999998135 ) ) ;
#5396 = FACE_OUTER_BOUND ( 'NONE', #10553, .T. ) ;
#5397 = SURFACE_STYLE_FILL_AREA ( #5339 ) ;
#5398 = PLANE ( 'NONE',  #3782 ) ;
#5399 = CARTESIAN_POINT ( 'NONE',  ( 13.80500000000000149, -3.049999999999999822, -3.559999999999999165 ) ) ;
#5400 = ORIENTED_EDGE ( 'NONE', *, *, #9082, .T. ) ;
#5401 = CARTESIAN_POINT ( 'NONE',  ( 0.000000000000000000, 0.9000000000000005773, -1.674999999999999822 ) ) ;
#5402 = EDGE_LOOP ( 'NONE', ( #3, #155 ) ) ;
#5403 = DIRECTION ( 'NONE',  ( 0.000000000000000000, -0.000000000000000000, -1.000000000000000000 ) ) ;
#5404 = ADVANCED_FACE ( 'NONE', ( #6067 ), #9927, .T. ) ;
#5405 = ORIENTED_EDGE ( 'NONE', *, *, #9756, .F. ) ;
#5406 = DIRECTION ( 'NONE',  ( -0.000000000000000000, -0.000000000000000000, -1.000000000000000000 ) ) ;
#5407 = ORIENTED_EDGE ( 'NONE', *, *, #567, .T. ) ;
#5408 = ADVANCED_FACE ( 'NONE', ( #8988 ), #11890, .T. ) ;
#5409 = AXIS2_PLACEMENT_3D ( 'NONE', #2875, #5697, #10363 ) ;
#5410 = ORIENTED_EDGE ( 'NONE', *, *, #4730, .T. ) ;
#5411 = LINE ( 'NONE', #12056, #10902 ) ;
#5412 = ORIENTED_EDGE ( 'NONE', *, *, #518, .F. ) ;
#5413 = DIRECTION ( 'NONE',  ( -0.000000000000000000, -0.000000000000000000, 1.000000000000000000 ) ) ;
#5414 = DIRECTION ( 'NONE',  ( 0.000000000000000000, -0.9063077870366494926, -0.4226182617407005515 ) ) ;
#5415 = CARTESIAN_POINT ( 'NONE',  ( -4.130000000000001670, 0.9000000000000010214, -2.894999999999998241 ) ) ;
#5416 = EDGE_CURVE ( 'NONE', #11279, #6981, #11658, .T. ) ;
#5417 = DIRECTION ( 'NONE',  ( 0.000000000000000000, 0.000000000000000000, 1.000000000000000000 ) ) ;
#5418 = EDGE_LOOP ( 'NONE', ( #8654, #3059, #8909, #1204 ) ) ;
#5419 = DIRECTION ( 'NONE',  ( 1.000000000000000000, 0.000000000000000000, 0.000000000000000000 ) ) ;
#5420 = VECTOR ( 'NONE', #1806, 1000.000000000000000 ) ;
#5421 = VERTEX_POINT ( 'NONE', #448 ) ;
#5422 = EDGE_CURVE ( 'NONE', #6061, #9034, #5127, .T. ) ;
#5423 = ORIENTED_EDGE ( 'NONE', *, *, #3159, .T. ) ;
#5424 = DIRECTION ( 'NONE',  ( 0.000000000000000000, 0.000000000000000000, 1.000000000000000000 ) ) ;
#5425 = ORIENTED_EDGE ( 'NONE', *, *, #6879, .F. ) ;
#5426 = AXIS2_PLACEMENT_3D ( 'NONE', #1107, #6594, #7644 ) ;
#5427 = CARTESIAN_POINT ( 'NONE',  ( 13.65000000000000036, -3.049999999999999822, -3.075000000000000178 ) ) ;
#5428 = ORIENTED_EDGE ( 'NONE', *, *, #4160, .F. ) ;
#5429 = CYLINDRICAL_SURFACE ( 'NONE', #11551, 0.1999999999999953204 ) ;
#5430 = DIRECTION ( 'NONE',  ( -0.000000000000000000, -0.000000000000000000, -1.000000000000000000 ) ) ;
#5431 = ADVANCED_FACE ( 'NONE', ( #5776 ), #9983, .T. ) ;
#5432 = FACE_OUTER_BOUND ( 'NONE', #1307, .T. ) ;
#5433 = LINE ( 'NONE', #9239, #11676 ) ;
#5434 = ORIENTED_EDGE ( 'NONE', *, *, #7494, .F. ) ;
#5435 = EDGE_CURVE ( 'NONE', #6184, #7363, #6727, .T. ) ;
#5436 = ORIENTED_EDGE ( 'NONE', *, *, #494, .F. ) ;
#5437 = ADVANCED_FACE ( 'NONE', ( #10112 ), #7370, .F. ) ;
#5438 = CARTESIAN_POINT ( 'NONE',  ( -9.054999999999999716, -3.049999999999999822, -4.336808689942017736E-16 ) ) ;
#5439 = EDGE_CURVE ( 'NONE', #8628, #7033, #7186, .T. ) ;
#5440 = ORIENTED_EDGE ( 'NONE', *, *, #10579, .T. ) ;
#5441 = DIRECTION ( 'NONE',  ( -0.000000000000000000, -0.000000000000000000, -1.000000000000000000 ) ) ;
#5442 = PLANE ( 'NONE',  #5267 ) ;
#5443 = CARTESIAN_POINT ( 'NONE',  ( -11.75000000000000178, -2.717601427321017837, -3.075000000000000178 ) ) ;
#5444 = VECTOR ( 'NONE', #5417, 1000.000000000000000 ) ;
#5445 = LINE ( 'NONE', #3443, #9781 ) ;
#5446 = DIRECTION ( 'NONE',  ( -0.000000000000000000, -0.000000000000000000, -1.000000000000000000 ) ) ;
#5447 = DIRECTION ( 'NONE',  ( -0.9063077870366503808, -4.861577055822948687E-17, -0.4226182617406985531 ) ) ;
#5448 = ORIENTED_EDGE ( 'NONE', *, *, #4199, .T. ) ;
#5449 = ORIENTED_EDGE ( 'NONE', *, *, #320, .F. ) ;
#5450 = DIRECTION ( 'NONE',  ( -0.000000000000000000, -0.000000000000000000, 1.000000000000000000 ) ) ;
#5451 = EDGE_CURVE ( 'NONE', #6344, #7115, #2533, .T. ) ;
#5452 = EDGE_LOOP ( 'NONE', ( #1497, #4736, #12270, #4802 ) ) ;
#5453 = ADVANCED_FACE ( 'NONE', ( #11949 ), #7427, .T. ) ;
#5454 = AXIS2_PLACEMENT_3D ( 'NONE', #5977, #9589, #11623 ) ;
#5455 = CARTESIAN_POINT ( 'NONE',  ( 12.28999999999999559, 0.5700000000000003952, -1.674999999999999822 ) ) ;
#5456 = ADVANCED_FACE ( 'NONE', ( #9303 ), #11213, .T. ) ;
#5457 = SURFACE_SIDE_STYLE ('',( #11124 ) ) ;
#5458 = AXIS2_PLACEMENT_3D ( 'NONE', #8561, #1713, #19 ) ;
#5459 = CARTESIAN_POINT ( 'NONE',  ( 0.000000000000000000, 0.000000000000000000, 0.000000000000000000 ) ) ;
#5460 = DIRECTION ( 'NONE',  ( -0.000000000000000000, -0.000000000000000000, -1.000000000000000000 ) ) ;
#5461 = FACE_OUTER_BOUND ( 'NONE', #9733, .T. ) ;
#5462 = VERTEX_POINT ( 'NONE', #7308 ) ;
#5463 = DIRECTION ( 'NONE',  ( 0.000000000000000000, 1.000000000000000000, -1.150347132610614786E-16 ) ) ;
#5464 = DIRECTION ( 'NONE',  ( 0.000000000000000000, 0.000000000000000000, -1.000000000000000000 ) ) ;
#5465 = VECTOR ( 'NONE', #2583, 999.9999999999998863 ) ;
#5466 = ORIENTED_EDGE ( 'NONE', *, *, #9009, .T. ) ;
#5467 = CYLINDRICAL_SURFACE ( 'NONE', #2556, 0.8200000000000012834 ) ;
#5468 = ORIENTED_EDGE ( 'NONE', *, *, #10981, .F. ) ;
#5469 = DIRECTION ( 'NONE',  ( 0.000000000000000000, 0.000000000000000000, 1.000000000000000000 ) ) ;
#5470 = ORIENTED_EDGE ( 'NONE', *, *, #6146, .T. ) ;
#5471 = AXIS2_PLACEMENT_3D ( 'NONE', #942, #6678, #12298 ) ;
#5472 = VERTEX_POINT ( 'NONE', #9123 ) ;
#5473 = CIRCLE ( 'NONE', #91, 0.1800000000000013256 ) ;
#5474 = EDGE_CURVE ( 'NONE', #10739, #2881, #6325, .T. ) ;
#5475 = ORIENTED_EDGE ( 'NONE', *, *, #1003, .F. ) ;
#5476 = LINE ( 'NONE', #9281, #3930 ) ;
#5477 = ORIENTED_EDGE ( 'NONE', *, *, #8741, .F. ) ;
#5478 = DIRECTION ( 'NONE',  ( 1.000000000000000000, 0.000000000000000000, -0.000000000000000000 ) ) ;
#5479 = CARTESIAN_POINT ( 'NONE',  ( 13.65000000000000036, 0.9000000000000010214, -2.894999999999998241 ) ) ;
#5480 = CIRCLE ( 'NONE', #2091, 0.1999999999999953204 ) ;
#5481 = VECTOR ( 'NONE', #3417, 1000.000000000000000 ) ;
#5482 = DIRECTION ( 'NONE',  ( 1.000000000000000000, 0.000000000000000000, 0.000000000000000000 ) ) ;
#5483 = CARTESIAN_POINT ( 'NONE',  ( 5.889999999999992575, 1.870000000000000551, 0.6649999999999998135 ) ) ;
#5484 = CARTESIAN_POINT ( 'NONE',  ( -3.490000000000001990, -2.717601427321017837, -3.075000000000000178 ) ) ;
#5485 = DIRECTION ( 'NONE',  ( 1.000000000000000000, 0.000000000000000000, 0.000000000000000000 ) ) ;
#5486 = ORIENTED_EDGE ( 'NONE', *, *, #495, .T. ) ;
#5487 = AXIS2_PLACEMENT_3D ( 'NONE', #2889, #7707, #4630 ) ;
#5488 = CIRCLE ( 'NONE', #106, 0.1999999999999953204 ) ;
#5489 = CARTESIAN_POINT ( 'NONE',  ( 11.75000000000000000, 0.9000000000000010214, -2.894999999999998241 ) ) ;
#5490 = VERTEX_POINT ( 'NONE', #10293 ) ;
#5491 = DIRECTION ( 'NONE',  ( -1.000000000000000000, 0.000000000000000000, 0.000000000000000000 ) ) ;
#5492 = ORIENTED_EDGE ( 'NONE', *, *, #9351, .T. ) ;
#5493 = CARTESIAN_POINT ( 'NONE',  ( -1.930000000000002824, 1.870000000000000551, -1.875000000000000000 ) ) ;
#5494 = DIRECTION ( 'NONE',  ( 0.000000000000000000, -1.150347132610614786E-16, -1.000000000000000000 ) ) ;
#5495 = EDGE_CURVE ( 'NONE', #1314, #6923, #9361, .T. ) ;
#5496 = CARTESIAN_POINT ( 'NONE',  ( 4.669999999999993712, 0.5700000000000003952, -1.875000000000000000 ) ) ;
#5497 = AXIS2_PLACEMENT_3D ( 'NONE', #7766, #6653, #2892 ) ;
#5498 = DIRECTION ( 'NONE',  ( 0.3892816206350239172, 0.3892816206350261377, -0.8348171294789875629 ) ) ;
#5499 = CARTESIAN_POINT ( 'NONE',  ( 13.97000000000000064, 0.7199999999999999734, -2.894999999999998241 ) ) ;
#5500 = ORIENTED_EDGE ( 'NONE', *, *, #11464, .T. ) ;
#5501 = ORIENTED_EDGE ( 'NONE', *, *, #6275, .T. ) ;
#5502 = AXIS2_PLACEMENT_3D ( 'NONE', #12264, #7619, #3870 ) ;
#5503 = CIRCLE ( 'NONE', #2134, 0.1999999999999953204 ) ;
#5504 = EDGE_CURVE ( 'NONE', #11149, #7712, #11033, .T. ) ;
#5505 = CIRCLE ( 'NONE', #7103, 0.1999999999999953204 ) ;
#5506 = CARTESIAN_POINT ( 'NONE',  ( -6.030000000000002025, 0.7199999999999999734, -2.894999999999998241 ) ) ;
#5507 = ORIENTED_EDGE ( 'NONE', *, *, #12166, .F. ) ;
#5508 = LINE ( 'NONE', #8313, #7091 ) ;
#5509 = CARTESIAN_POINT ( 'NONE',  ( -13.80500000000000149, 1.385000000000000897, 3.715000000000003411 ) ) ;
#5510 = ORIENTED_EDGE ( 'NONE', *, *, #4464, .F. ) ;
#5511 = CARTESIAN_POINT ( 'NONE',  ( 14.63000000000000078, 0.5700000000000003952, 0.6649999999999998135 ) ) ;
#5512 = CARTESIAN_POINT ( 'NONE',  ( -11.75000000000000178, 0.9000000000000005773, 3.715000000000003411 ) ) ;
#5513 = ADVANCED_FACE ( 'NONE', ( #1630 ), #12079, .T. ) ;
#5514 = CARTESIAN_POINT ( 'NONE',  ( 12.08999999999999986, 0.5700000000000003952, 0.4649999999999996914 ) ) ;
#5515 = CYLINDRICAL_SURFACE ( 'NONE', #3239, 0.1999999999999953204 ) ;
#5516 = VECTOR ( 'NONE', #10103, 1000.000000000000000 ) ;
#5517 = VERTEX_POINT ( 'NONE', #4556 ) ;
#5518 = EDGE_LOOP ( 'NONE', ( #9115, #2429, #3283, #9626 ) ) ;
#5519 = LINE ( 'NONE', #6644, #4850 ) ;
#5520 = EDGE_CURVE ( 'NONE', #9655, #10689, #11162, .T. ) ;
#5521 = CIRCLE ( 'NONE', #6512, 0.1999999999999952094 ) ;
#5522 = FACE_OUTER_BOUND ( 'NONE', #7194, .T. ) ;
#5523 = CIRCLE ( 'NONE', #1537, 0.1999999999999953204 ) ;
#5524 = LINE ( 'NONE', #664, #10555 ) ;
#5525 = LINE ( 'NONE', #3957, #6894 ) ;
#5526 = EDGE_CURVE ( 'NONE', #7778, #6061, #3562, .T. ) ;
#5527 = VECTOR ( 'NONE', #4985, 1000.000000000000000 ) ;
#5528 = VERTEX_POINT ( 'NONE', #12010 ) ;
#5529 = LINE ( 'NONE', #1656, #7731 ) ;
#5530 = CARTESIAN_POINT ( 'NONE',  ( 11.10999999999999943, 0.9000000000000013545, 3.382601427321023646 ) ) ;
#5531 = ORIENTED_EDGE ( 'NONE', *, *, #1317, .T. ) ;
#5532 = ORIENTED_EDGE ( 'NONE', *, *, #2011, .T. ) ;
#5533 = DIRECTION ( 'NONE',  ( 0.000000000000000000, 1.000000000000000000, -1.150347132610614786E-16 ) ) ;
#5534 = FACE_OUTER_BOUND ( 'NONE', #10346, .T. ) ;
#5535 = EDGE_CURVE ( 'NONE', #5800, #516, #4610, .T. ) ;
#5536 = VERTEX_POINT ( 'NONE', #10044 ) ;
#5537 = VECTOR ( 'NONE', #4286, 1000.000000000000000 ) ;
#5538 = VECTOR ( 'NONE', #8010, 1000.000000000000000 ) ;
#5539 = DIRECTION ( 'NONE',  ( 0.000000000000000000, 0.000000000000000000, -1.000000000000000000 ) ) ;
#5540 = AXIS2_PLACEMENT_3D ( 'NONE', #36, #6666, #7777 ) ;
#5541 = ORIENTED_EDGE ( 'NONE', *, *, #3278, .F. ) ;
#5542 = DIRECTION ( 'NONE',  ( -1.000000000000000000, 0.000000000000000000, 0.000000000000000000 ) ) ;
#5543 = FACE_OUTER_BOUND ( 'NONE', #5234, .T. ) ;
#5544 = ADVANCED_FACE ( 'NONE', ( #10970 ), #6386, .F. ) ;
#5545 = AXIS2_PLACEMENT_3D ( 'NONE', #12236, #11317, #5547 ) ;
#5546 = LINE ( 'NONE', #3600, #6121 ) ;
#5547 = DIRECTION ( 'NONE',  ( -1.000000000000000000, 0.000000000000000000, 0.000000000000000000 ) ) ;
#5548 = CARTESIAN_POINT ( 'NONE',  ( -12.28999999999999915, 1.870000000000000551, -1.875000000000000000 ) ) ;
#5549 = CARTESIAN_POINT ( 'NONE',  ( 5.490000000000001990, 1.870000000000000551, 0.6649999999999998135 ) ) ;
#5550 = EDGE_CURVE ( 'NONE', #3125, #12127, #8178, .T. ) ;
#5551 = ORIENTED_EDGE ( 'NONE', *, *, #10999, .F. ) ;
#5552 = CLOSED_SHELL ( 'NONE', ( #8810, #3470, #5221, #10729, #9616, #5209, #4841, #5030, #8122, #8579, #6375, #6012, #10456, #7677, #4569, #2945, #5793, #8701, #4373, #8350, #8795, #5853 ) ) ;
#5553 = VERTEX_POINT ( 'NONE', #2566 ) ;
#5554 = FACE_OUTER_BOUND ( 'NONE', #5010, .T. ) ;
#5555 = ORIENTED_EDGE ( 'NONE', *, *, #8028, .F. ) ;
#5556 = CARTESIAN_POINT ( 'NONE',  ( -4.470000000000003304, 1.870000000000000551, -1.875000000000000000 ) ) ;
#5557 = VERTEX_POINT ( 'NONE', #2620 ) ;
#5558 = DIRECTION ( 'NONE',  ( 1.000000000000000000, 0.000000000000000000, -0.000000000000000000 ) ) ;
#5559 = DIRECTION ( 'NONE',  ( -0.9063077870366493816, -0.4226182617407006625, 0.000000000000000000 ) ) ;
#5560 = DIRECTION ( 'NONE',  ( 0.3892816206350276365, 0.3892816206350255825, 0.8348171294789862307 ) ) ;
#5561 = CARTESIAN_POINT ( 'NONE',  ( 8.724999999999999645, -3.049999999999999822, -3.559999999999999165 ) ) ;
#5562 = CARTESIAN_POINT ( 'NONE',  ( 1.589999999999997637, 0.9000000000000005773, 3.382601427321023646 ) ) ;
#5563 = ORIENTED_EDGE ( 'NONE', *, *, #7221, .T. ) ;
#5564 = EDGE_CURVE ( 'NONE', #10608, #607, #5433, .T. ) ;
#5565 = ORIENTED_EDGE ( 'NONE', *, *, #9483, .T. ) ;
#5566 = EDGE_CURVE ( 'NONE', #6287, #9156, #10224, .T. ) ;
#5567 = FACE_OUTER_BOUND ( 'NONE', #11704, .T. ) ;
#5568 = ORIENTED_EDGE ( 'NONE', *, *, #6215, .F. ) ;
#5569 = DIRECTION ( 'NONE',  ( 0.000000000000000000, -1.000000000000000000, -1.150347132610614786E-16 ) ) ;
#5570 = DIRECTION ( 'NONE',  ( -1.000000000000000000, 0.000000000000000000, 0.000000000000000000 ) ) ;
#5571 = DIRECTION ( 'NONE',  ( 1.000000000000000000, 0.000000000000000000, -0.000000000000000000 ) ) ;
#5572 = CARTESIAN_POINT ( 'NONE',  ( 8.429999999999992610, 1.870000000000000551, 0.6649999999999998135 ) ) ;
#5573 = CARTESIAN_POINT ( 'NONE',  ( 9.209999999999999076, 0.9000000000000013545, 3.382601427321023646 ) ) ;
#5574 = EDGE_LOOP ( 'NONE', ( #6106, #3179 ) ) ;
#5575 = EDGE_CURVE ( 'NONE', #5655, #11131, #1936, .T. ) ;
#5576 = ORIENTED_EDGE ( 'NONE', *, *, #8720, .F. ) ;
#5577 = CARTESIAN_POINT ( 'NONE',  ( -11.75000000000000178, 0.9000000000000005773, 3.715000000000003411 ) ) ;
#5578 = VECTOR ( 'NONE', #4921, 1000.000000000000000 ) ;
#5579 = EDGE_CURVE ( 'NONE', #3551, #3578, #2, .T. ) ;
#5580 = LINE ( 'NONE', #5003, #11997 ) ;
#5581 = LINE ( 'NONE', #2016, #10070 ) ;
#5582 = FACE_OUTER_BOUND ( 'NONE', #8948, .T. ) ;
#5583 = CARTESIAN_POINT ( 'NONE',  ( 11.75000000000000000, -2.717601427321017837, -3.075000000000000178 ) ) ;
#5584 = FACE_OUTER_BOUND ( 'NONE', #9036, .T. ) ;
#5585 = EDGE_LOOP ( 'NONE', ( #3205, #6630, #204, #8699 ) ) ;
#5586 = CARTESIAN_POINT ( 'NONE',  ( -13.65000000000000213, 0.9000000000000013545, 3.382601427321023646 ) ) ;
#5587 = DIRECTION ( 'NONE',  ( 0.9063077870366486044, -4.861577055822993677E-17, -0.4226182617407024389 ) ) ;
#5588 = ORIENTED_EDGE ( 'NONE', *, *, #9762, .T. ) ;
#5589 = LINE ( 'NONE', #1839, #11296 ) ;
#5590 = AXIS2_PLACEMENT_3D ( 'NONE', #3526, #9382, #8145 ) ;
#5591 = ORIENTED_EDGE ( 'NONE', *, *, #977, .T. ) ;
#5592 = CARTESIAN_POINT ( 'NONE',  ( 14.63000000000000078, 0.5700000000000003952, 0.6649999999999998135 ) ) ;
#5593 = EDGE_CURVE ( 'NONE', #8477, #8628, #8544, .T. ) ;
#5594 = CARTESIAN_POINT ( 'NONE',  ( 14.29000000000000092, -3.049999999999999822, -3.559999999999999165 ) ) ;
#5595 = AXIS2_PLACEMENT_3D ( 'NONE', #4438, #12024, #8429 ) ;
#5596 = ORIENTED_EDGE ( 'NONE', *, *, #6186, .F. ) ;
#5597 = CARTESIAN_POINT ( 'NONE',  ( 1.589999999999997637, 1.540000000000001146, -2.894999999999998241 ) ) ;
#5598 = EDGE_CURVE ( 'NONE', #11480, #3592, #11394, .T. ) ;
#5599 = CARTESIAN_POINT ( 'NONE',  ( 1.929999999999997717, 0.5700000000000003952, -1.875000000000000000 ) ) ;
#5600 = DIRECTION ( 'NONE',  ( -1.000000000000000000, 0.000000000000000000, 0.000000000000000000 ) ) ;
#5601 = DIRECTION ( 'NONE',  ( 0.000000000000000000, -1.000000000000000000, 1.150347132610614786E-16 ) ) ;
#5602 = CARTESIAN_POINT ( 'NONE',  ( -6.030000000000002025, 0.9000000000000013545, 3.382601427321023646 ) ) ;
#5603 = ORIENTED_EDGE ( 'NONE', *, *, #2090, .F. ) ;
#5604 = DIRECTION ( 'NONE',  ( -0.000000000000000000, -0.000000000000000000, 1.000000000000000000 ) ) ;
#5605 = EDGE_LOOP ( 'NONE', ( #1017, #836 ) ) ;
#5606 = PLANE ( 'NONE',  #7068 ) ;
#5607 = AXIS2_PLACEMENT_3D ( 'NONE', #4955, #2146, #10745 ) ;
#5608 = EDGE_CURVE ( 'NONE', #2920, #7236, #11332, .T. ) ;
#5609 = DIRECTION ( 'NONE',  ( -1.000000000000000000, 0.000000000000000000, 0.000000000000000000 ) ) ;
#5610 = VERTEX_POINT ( 'NONE', #10412 ) ;
#5611 = DIRECTION ( 'NONE',  ( -0.000000000000000000, -0.000000000000000000, -1.000000000000000000 ) ) ;
#5612 = ORIENTED_EDGE ( 'NONE', *, *, #4142, .F. ) ;
#5613 = ADVANCED_FACE ( 'NONE', ( #2800 ), #5619, .T. ) ;
#5614 = FACE_OUTER_BOUND ( 'NONE', #6029, .T. ) ;
#5615 = AXIS2_PLACEMENT_3D ( 'NONE', #6382, #9236, #1571 ) ;
#5616 = FACE_OUTER_BOUND ( 'NONE', #9755, .T. ) ;
#5617 = CARTESIAN_POINT ( 'NONE',  ( -6.670000000000002593, 0.9000000000000005773, 3.382601427321023646 ) ) ;
#5618 = CARTESIAN_POINT ( 'NONE',  ( 14.29000000000000092, 0.9000000000000005773, 3.715000000000003411 ) ) ;
#5619 = CYLINDRICAL_SURFACE ( 'NONE', #11282, 0.8200000000000012834 ) ;
#5620 = ORIENTED_EDGE ( 'NONE', *, *, #4799, .T. ) ;
#5621 = VERTEX_POINT ( 'NONE', #9605 ) ;
#5622 = VECTOR ( 'NONE', #6724, 1000.000000000000000 ) ;
#5623 = PLANE ( 'NONE',  #4668 ) ;
#5624 = ORIENTED_EDGE ( 'NONE', *, *, #5841, .T. ) ;
#5625 = EDGE_CURVE ( 'NONE', #7236, #4003, #3862, .T. ) ;
#5626 = PLANE ( 'NONE',  #11848 ) ;
#5627 = ORIENTED_EDGE ( 'NONE', *, *, #4036, .F. ) ;
#5628 = CARTESIAN_POINT ( 'NONE',  ( 8.570000000000000284, -3.049999999999999822, -3.714999999999999858 ) ) ;
#5629 = LINE ( 'NONE', #9370, #2222 ) ;
#5630 = FACE_OUTER_BOUND ( 'NONE', #6000, .T. ) ;
#5631 = DIRECTION ( 'NONE',  ( -0.000000000000000000, 0.000000000000000000, -1.000000000000000000 ) ) ;
#5632 = AXIS2_PLACEMENT_3D ( 'NONE', #2195, #3314, #3375 ) ;
#5633 = ORIENTED_EDGE ( 'NONE', *, *, #5046, .F. ) ;
#5634 = ORIENTED_EDGE ( 'NONE', *, *, #4792, .T. ) ;
#5635 = CARTESIAN_POINT ( 'NONE',  ( -10.77000000000000135, 0.5700000000000003952, 0.6649999999999998135 ) ) ;
#5636 = VECTOR ( 'NONE', #9778, 1000.000000000000000 ) ;
#5637 = CARTESIAN_POINT ( 'NONE',  ( 1.589999999999997637, -3.049999999999999822, -3.075000000000000178 ) ) ;
#5638 = DIRECTION ( 'NONE',  ( 1.000000000000000000, 0.000000000000000000, -0.000000000000000000 ) ) ;
#5639 = PLANE ( 'NONE',  #681 ) ;
#5640 = DIRECTION ( 'NONE',  ( 0.000000000000000000, 0.000000000000000000, 1.000000000000000000 ) ) ;
#5641 = DIRECTION ( 'NONE',  ( -0.000000000000000000, -0.000000000000000000, -1.000000000000000000 ) ) ;
#5642 = ORIENTED_EDGE ( 'NONE', *, *, #7159, .T. ) ;
#5643 = DIRECTION ( 'NONE',  ( -1.000000000000000000, 0.000000000000000000, 0.000000000000000000 ) ) ;
#5644 = LINE ( 'NONE', #8702, #5622 ) ;
#5645 = EDGE_LOOP ( 'NONE', ( #3880, #5603, #10746, #3474 ) ) ;
#5646 = EDGE_CURVE ( 'NONE', #2873, #6746, #9706, .T. ) ;
#5647 = CARTESIAN_POINT ( 'NONE',  ( 3.489999999999998437, 0.9000000000000005773, -2.894999999999997797 ) ) ;
#5648 = ORIENTED_EDGE ( 'NONE', *, *, #4828, .F. ) ;
#5649 = ORIENTED_EDGE ( 'NONE', *, *, #235, .F. ) ;
#5650 = PLANE ( 'NONE',  #2057 ) ;
#5651 = AXIS2_PLACEMENT_3D ( 'NONE', #12117, #1795, #5790 ) ;
#5652 = AXIS2_PLACEMENT_3D ( 'NONE', #8827, #5904, #5083 ) ;
#5653 = CARTESIAN_POINT ( 'NONE',  ( -0.9500000000000011768, 0.000000000000000000, -1.674999999999999822 ) ) ;
#5654 = ADVANCED_FACE ( 'NONE', ( #10593 ), #7685, .T. ) ;
#5655 = VERTEX_POINT ( 'NONE', #6693 ) ;
#5656 = VECTOR ( 'NONE', #11238, 1000.000000000000227 ) ;
#5657 = LINE ( 'NONE', #10452, #12303 ) ;
#5658 = CARTESIAN_POINT ( 'NONE',  ( 6.029999999999998472, 0.9000000000000010214, -2.894999999999998241 ) ) ;
#5659 = FACE_OUTER_BOUND ( 'NONE', #11908, .T. ) ;
#5660 = EDGE_CURVE ( 'NONE', #5893, #6817, #12190, .T. ) ;
#5661 = LINE ( 'NONE', #9531, #4538 ) ;
#5662 = AXIS2_PLACEMENT_3D ( 'NONE', #3335, #11851, #5332 ) ;
#5663 = FACE_OUTER_BOUND ( 'NONE', #534, .T. ) ;
#5664 = ORIENTED_EDGE ( 'NONE', *, *, #3601, .F. ) ;
#5665 = CARTESIAN_POINT ( 'NONE',  ( 11.10999999999999943, 1.540000000000000480, -2.894999999999997797 ) ) ;
#5666 = ORIENTED_EDGE ( 'NONE', *, *, #10967, .T. ) ;
#5667 = DIRECTION ( 'NONE',  ( 0.000000000000000000, 0.000000000000000000, 1.000000000000000000 ) ) ;
#5668 = EDGE_CURVE ( 'NONE', #4003, #175, #11458, .T. ) ;
#5669 = VECTOR ( 'NONE', #9850, 1000.000000000000000 ) ;
#5670 = EDGE_LOOP ( 'NONE', ( #11379, #4502, #7377, #10467 ) ) ;
#5671 = CARTESIAN_POINT ( 'NONE',  ( 10.16000000000000014, -3.049999999999999822, -4.336808689942017736E-16 ) ) ;
#5672 = VECTOR ( 'NONE', #9249, 1000.000000000000000 ) ;
#5673 = CIRCLE ( 'NONE', #9653, 0.1999999999999953204 ) ;
#5674 = ORIENTED_EDGE ( 'NONE', *, *, #9631, .F. ) ;
#5675 = CARTESIAN_POINT ( 'NONE',  ( 5.490000000000001990, 1.870000000000000551, 0.6649999999999998135 ) ) ;
#5676 = ORIENTED_EDGE ( 'NONE', *, *, #4996, .F. ) ;
#5677 = LINE ( 'NONE', #8416, #624 ) ;
#5678 =( GEOMETRIC_REPRESENTATION_CONTEXT ( 3 ) GLOBAL_UNCERTAINTY_ASSIGNED_CONTEXT ( ( #2587 ) ) GLOBAL_UNIT_ASSIGNED_CONTEXT ( ( #4393, #4334, #3457 ) ) REPRESENTATION_CONTEXT ( 'NONE', 'WORKASPACE' ) );
#5679 = CARTESIAN_POINT ( 'NONE',  ( -1.590000000000001190, 0.7199999999999999734, -2.894999999999998241 ) ) ;
#5680 = EDGE_CURVE ( 'NONE', #1244, #11092, #9419, .T. ) ;
#5681 = CARTESIAN_POINT ( 'NONE',  ( 11.10999999999999943, 0.9000000000000005773, -1.674999999999999822 ) ) ;
#5682 = CARTESIAN_POINT ( 'NONE',  ( 15.94702044662142626, -7.643577671652601602, -5.372020446621423417 ) ) ;
#5683 = CARTESIAN_POINT ( 'NONE',  ( -1.930000000000002824, 1.870000000000000551, 0.6649999999999998135 ) ) ;
#5684 = ORIENTED_EDGE ( 'NONE', *, *, #3486, .F. ) ;
#5685 = VECTOR ( 'NONE', #7978, 1000.000000000000000 ) ;
#5686 = VECTOR ( 'NONE', #9652, 1000.000000000000000 ) ;
#5687 = ADVANCED_FACE ( 'NONE', ( #4856 ), #5867, .T. ) ;
#5688 = EDGE_LOOP ( 'NONE', ( #8182, #10101 ) ) ;
#5689 = AXIS2_PLACEMENT_3D ( 'NONE', #9175, #11155, #3737 ) ;
#5690 = ORIENTED_EDGE ( 'NONE', *, *, #1733, .T. ) ;
#5691 =( GEOMETRIC_REPRESENTATION_CONTEXT ( 3 ) GLOBAL_UNCERTAINTY_ASSIGNED_CONTEXT ( ( #4335 ) ) GLOBAL_UNIT_ASSIGNED_CONTEXT ( ( #3275, #11790, #2159 ) ) REPRESENTATION_CONTEXT ( 'NONE', 'WORKASPACE' ) );
#5692 = CARTESIAN_POINT ( 'NONE',  ( 6.573014284694891352, 1.443014284694892124, 3.590587964983397828 ) ) ;
#5693 = ORIENTED_EDGE ( 'NONE', *, *, #4750, .T. ) ;
#5694 = DIRECTION ( 'NONE',  ( 0.000000000000000000, 0.000000000000000000, -1.000000000000000000 ) ) ;
#5695 = AXIS2_PLACEMENT_3D ( 'NONE', #3099, #11687, #9765 ) ;
#5696 = FACE_OUTER_BOUND ( 'NONE', #1109, .T. ) ;
#5697 = DIRECTION ( 'NONE',  ( 0.000000000000000000, -0.4226182617407006625, 0.9063077870366493816 ) ) ;
#5698 = ADVANCED_FACE ( 'NONE', ( #957 ), #8606, .T. ) ;
#5699 = DIRECTION ( 'NONE',  ( 1.000000000000000000, 0.000000000000000000, -0.000000000000000000 ) ) ;
#5700 = DIRECTION ( 'NONE',  ( -0.000000000000000000, -0.000000000000000000, -1.000000000000000000 ) ) ;
#5701 = VERTEX_POINT ( 'NONE', #4732 ) ;
#5702 = AXIS2_PLACEMENT_3D ( 'NONE', #10558, #9509, #8629 ) ;
#5703 = ORIENTED_EDGE ( 'NONE', *, *, #4633, .T. ) ;
#5704 = DIRECTION ( 'NONE',  ( -0.000000000000000000, -0.000000000000000000, -1.000000000000000000 ) ) ;
#5705 = EDGE_CURVE ( 'NONE', #1569, #1263, #3928, .T. ) ;
#5706 = CARTESIAN_POINT ( 'NONE',  ( 9.209999999999999076, -3.049999999999999822, -3.714999999999999858 ) ) ;
#5707 = ORIENTED_EDGE ( 'NONE', *, *, #8011, .F. ) ;
#5708 = CYLINDRICAL_SURFACE ( 'NONE', #3895, 0.1999999999999953204 ) ;
#5709 = DIRECTION ( 'NONE',  ( 0.000000000000000000, 0.000000000000000000, -1.000000000000000000 ) ) ;
#5710 = VECTOR ( 'NONE', #9852, 1000.000000000000000 ) ;
#5711 = ORIENTED_EDGE ( 'NONE', *, *, #10250, .F. ) ;
#5712 = VECTOR ( 'NONE', #5609, 1000.000000000000000 ) ;
#5713 = CARTESIAN_POINT ( 'NONE',  ( 0.9499999999999977351, -2.717601427321017837, -3.714999999999999858 ) ) ;
#5714 = DIRECTION ( 'NONE',  ( -1.000000000000000000, 0.000000000000000000, 0.000000000000000000 ) ) ;
#5715 = EDGE_LOOP ( 'NONE', ( #352, #8, #1380, #10827 ) ) ;
#5716 = PLANE ( 'NONE',  #9892 ) ;
#5717 = CARTESIAN_POINT ( 'NONE',  ( -0.9500000000000011768, 0.9000000000000005773, 3.382601427321023646 ) ) ;
#5718 = VECTOR ( 'NONE', #12222, 1000.000000000000000 ) ;
#5719 = ORIENTED_EDGE ( 'NONE', *, *, #4273, .T. ) ;
#5720 = CARTESIAN_POINT ( 'NONE',  ( 1.589999999999997637, -3.049999999999999822, -3.075000000000000178 ) ) ;
#5721 = CARTESIAN_POINT ( 'NONE',  ( 15.24000000000000021, -3.049999999999999822, -4.336808689942017736E-16 ) ) ;
#5722 = EDGE_CURVE ( 'NONE', #3801, #137, #4796, .T. ) ;
#5723 = VECTOR ( 'NONE', #3290, 1000.000000000000000 ) ;
#5724 = VECTOR ( 'NONE', #4305, 1000.000000000000000 ) ;
#5725 = EDGE_CURVE ( 'NONE', #9156, #3897, #11867, .T. ) ;
#5726 = ORIENTED_EDGE ( 'NONE', *, *, #3777, .T. ) ;
#5727 = DIRECTION ( 'NONE',  ( 0.000000000000000000, 0.000000000000000000, -1.000000000000000000 ) ) ;
#5728 = LINE ( 'NONE', #6852, #6495 ) ;
#5729 = DIRECTION ( 'NONE',  ( -0.000000000000000000, -0.000000000000000000, 1.000000000000000000 ) ) ;
#5730 = CARTESIAN_POINT ( 'NONE',  ( 9.549999999999998934, 0.5700000000000003952, 0.6649999999999998135 ) ) ;
#5731 = FACE_OUTER_BOUND ( 'NONE', #8387, .T. ) ;
#5732 = ORIENTED_EDGE ( 'NONE', *, *, #11670, .F. ) ;
#5733 = CARTESIAN_POINT ( 'NONE',  ( -13.65000000000000213, 1.540000000000000480, 3.715000000000003411 ) ) ;
#5734 = COLOUR_RGB ( '',0.7960784313725489669, 0.8235294117647058432, 0.9372549019607843146 ) ;
#5735 = VECTOR ( 'NONE', #4321, 999.9999999999998863 ) ;
#5736 = ORIENTED_EDGE ( 'NONE', *, *, #8113, .F. ) ;
#5737 = ORIENTED_EDGE ( 'NONE', *, *, #5993, .T. ) ;
#5738 = EDGE_CURVE ( 'NONE', #6945, #670, #9901, .T. ) ;
#5739 = LINE ( 'NONE', #3851, #529 ) ;
#5740 = ORIENTED_EDGE ( 'NONE', *, *, #7053, .F. ) ;
#5741 = DIRECTION ( 'NONE',  ( -0.000000000000000000, -0.000000000000000000, 1.000000000000000000 ) ) ;
#5742 = ORIENTED_EDGE ( 'NONE', *, *, #1199, .F. ) ;
#5743 = DIRECTION ( 'NONE',  ( -1.000000000000000000, 0.000000000000000000, 0.000000000000000000 ) ) ;
#5744 = CARTESIAN_POINT ( 'NONE',  ( -11.75000000000000178, 0.9000000000000005773, -2.894999999999997797 ) ) ;
#5745 = CARTESIAN_POINT ( 'NONE',  ( -0.4100000000000059153, 0.5700000000000003952, 0.4649999999999996914 ) ) ;
#5746 = LINE ( 'NONE', #2863, #2256 ) ;
#5747 = CARTESIAN_POINT ( 'NONE',  ( -11.11000000000000121, 1.540000000000000480, 3.715000000000003411 ) ) ;
#5748 = VERTEX_POINT ( 'NONE', #5937 ) ;
#5749 = ORIENTED_EDGE ( 'NONE', *, *, #8046, .F. ) ;
#5750 = EDGE_CURVE ( 'NONE', #2608, #3944, #2364, .T. ) ;
#5751 = AXIS2_PLACEMENT_3D ( 'NONE', #10342, #10156, #3609 ) ;
#5752 = DIRECTION ( 'NONE',  ( -1.000000000000000000, 0.000000000000000000, 0.000000000000000000 ) ) ;
#5753 = EDGE_LOOP ( 'NONE', ( #6937, #435 ) ) ;
#5754 = CARTESIAN_POINT ( 'NONE',  ( 9.209999999999999076, -2.717601427321017837, -3.714999999999999858 ) ) ;
#5755 = CARTESIAN_POINT ( 'NONE',  ( -0.9500000000000011768, 0.7200000000000000844, -3.074999999999999734 ) ) ;
#5756 = DIRECTION ( 'NONE',  ( -1.000000000000000000, 0.000000000000000000, -0.000000000000000000 ) ) ;
#5757 = EDGE_CURVE ( 'NONE', #6592, #4719, #432, .T. ) ;
#5758 = CARTESIAN_POINT ( 'NONE',  ( 14.29000000000000092, 0.7200000000000000844, -3.074999999999999734 ) ) ;
#5759 = DIRECTION ( 'NONE',  ( -0.000000000000000000, -0.000000000000000000, -1.000000000000000000 ) ) ;
#5760 = ORIENTED_EDGE ( 'NONE', *, *, #10594, .F. ) ;
#5761 = ORIENTED_EDGE ( 'NONE', *, *, #10600, .T. ) ;
#5762 = DIRECTION ( 'NONE',  ( 0.000000000000000000, -1.000000000000000000, 1.150347132610614786E-16 ) ) ;
#5763 = VERTEX_POINT ( 'NONE', #4227 ) ;
#5764 = EDGE_CURVE ( 'NONE', #5490, #7752, #3116, .T. ) ;
#5765 = DIRECTION ( 'NONE',  ( 1.000000000000000000, 0.000000000000000000, -0.000000000000000000 ) ) ;
#5766 = ORIENTED_EDGE ( 'NONE', *, *, #7053, .T. ) ;
#5767 = CYLINDRICAL_SURFACE ( 'NONE', #5487, 0.1999999999999953204 ) ;
#5768 = CARTESIAN_POINT ( 'NONE',  ( 8.570000000000000284, 0.9000000000000005773, 3.715000000000003411 ) ) ;
#5769 = ORIENTED_EDGE ( 'NONE', *, *, #5520, .F. ) ;
#5770 = DIRECTION ( 'NONE',  ( 1.000000000000000000, 0.000000000000000000, -0.000000000000000000 ) ) ;
#5771 = DIRECTION ( 'NONE',  ( -1.000000000000000000, 0.000000000000000000, 0.000000000000000000 ) ) ;
#5772 = EDGE_CURVE ( 'NONE', #667, #6865, #146, .T. ) ;
#5773 = DIRECTION ( 'NONE',  ( -0.9063077870366503808, -4.861577055822948687E-17, -0.4226182617406985531 ) ) ;
#5774 = CARTESIAN_POINT ( 'NONE',  ( 0.000000000000000000, 0.9000000000000005773, 0.4649999999999996914 ) ) ;
#5775 = VERTEX_POINT ( 'NONE', #2120 ) ;
#5776 = FACE_OUTER_BOUND ( 'NONE', #3377, .T. ) ;
#5777 = VECTOR ( 'NONE', #11752, 1000.000000000000000 ) ;
#5778 = VERTEX_POINT ( 'NONE', #7050 ) ;
#5779 = PLANE ( 'NONE',  #8070 ) ;
#5780 = CARTESIAN_POINT ( 'NONE',  ( -0.9500000000000011768, 0.7200000000000008615, -3.074999999999999734 ) ) ;
#5781 = ORIENTED_EDGE ( 'NONE', *, *, #1710, .T. ) ;
#5782 = CARTESIAN_POINT ( 'NONE',  ( 8.570000000000000284, 1.540000000000000480, 3.382601427321023646 ) ) ;
#5783 = EDGE_LOOP ( 'NONE', ( #4524, #608, #1789, #10390 ) ) ;
#5784 = LINE ( 'NONE', #4711, #11531 ) ;
#5785 = CARTESIAN_POINT ( 'NONE',  ( 3.149999999999996358, 1.870000000000000551, 0.4649999999999996914 ) ) ;
#5786 = EDGE_CURVE ( 'NONE', #3921, #9467, #3050, .T. ) ;
#5787 = VECTOR ( 'NONE', #457, 1000.000000000000000 ) ;
#5788 = DIRECTION ( 'NONE',  ( 0.000000000000000000, 0.000000000000000000, -1.000000000000000000 ) ) ;
#5789 = CARTESIAN_POINT ( 'NONE',  ( -11.71298781283277357, 1.436334613170440644, -1.137987812832773837 ) ) ;
#5790 = DIRECTION ( 'NONE',  ( 0.000000000000000000, -1.000000000000000000, 1.150347132610614786E-16 ) ) ;
#5791 = ORIENTED_EDGE ( 'NONE', *, *, #8526, .F. ) ;
#5792 = LINE ( 'NONE', #2730, #96 ) ;
#5793 = ADVANCED_FACE ( 'NONE', ( #8852 ), #6119, .F. ) ;
#5794 = VECTOR ( 'NONE', #4058, 1000.000000000000000 ) ;
#5795 = VERTEX_POINT ( 'NONE', #6052 ) ;
#5796 = EDGE_LOOP ( 'NONE', ( #4276, #6218, #1407, #5828 ) ) ;
#5797 = CARTESIAN_POINT ( 'NONE',  ( -13.65000000000000213, 0.9000000000000005773, -1.674999999999999822 ) ) ;
#5798 = ORIENTED_EDGE ( 'NONE', *, *, #11525, .T. ) ;
#5799 = CARTESIAN_POINT ( 'NONE',  ( 6.724483041384666571, -4.206925115746958710, -3.020516958615332648 ) ) ;
#5800 = VERTEX_POINT ( 'NONE', #7800 ) ;
#5801 = CARTESIAN_POINT ( 'NONE',  ( 0.4100000000000007527, 1.870000000000000551, 0.4649999999999996914 ) ) ;
#5802 = ADVANCED_FACE ( 'NONE', ( #9780 ), #1197, .T. ) ;
#5803 = DIRECTION ( 'NONE',  ( 1.000000000000000000, 0.000000000000000000, 0.000000000000000000 ) ) ;
#5804 = DIRECTION ( 'NONE',  ( -1.000000000000000000, 0.000000000000000000, 0.000000000000000000 ) ) ;
#5805 = LINE ( 'NONE', #10349, #7133 ) ;
#5806 = FACE_OUTER_BOUND ( 'NONE', #1299, .T. ) ;
#5807 = DIRECTION ( 'NONE',  ( 1.000000000000000000, 0.000000000000000000, 0.000000000000000000 ) ) ;
#5808 = ORIENTED_EDGE ( 'NONE', *, *, #11765, .F. ) ;
#5809 = VERTEX_POINT ( 'NONE', #8919 ) ;
#5810 = ORIENTED_EDGE ( 'NONE', *, *, #46, .T. ) ;
#5811 = VECTOR ( 'NONE', #12203, 1000.000000000000000 ) ;
#5812 = DIRECTION ( 'NONE',  ( -0.000000000000000000, -0.000000000000000000, -1.000000000000000000 ) ) ;
#5813 = ORIENTED_EDGE ( 'NONE', *, *, #3654, .F. ) ;
#5814 = FACE_OUTER_BOUND ( 'NONE', #2950, .T. ) ;
#5815 = EDGE_CURVE ( 'NONE', #11416, #7236, #2181, .T. ) ;
#5816 = VERTEX_POINT ( 'NONE', #3301 ) ;
#5817 = DIRECTION ( 'NONE',  ( -0.000000000000000000, -0.000000000000000000, 1.000000000000000000 ) ) ;
#5818 = DIRECTION ( 'NONE',  ( 0.000000000000000000, -1.000000000000000000, 1.150347132610614786E-16 ) ) ;
#5819 = DIRECTION ( 'NONE',  ( 1.000000000000000000, 0.000000000000000000, 0.000000000000000000 ) ) ;
#5820 = CARTESIAN_POINT ( 'NONE',  ( -8.570000000000002061, 0.7200000000000000844, -3.074999999999999734 ) ) ;
#5821 = ORIENTED_EDGE ( 'NONE', *, *, #7361, .F. ) ;
#5822 = ADVANCED_FACE ( 'NONE', ( #10837 ), #1379, .F. ) ;
#5823 = EDGE_LOOP ( 'NONE', ( #1683, #7098, #5642, #10492 ) ) ;
#5824 = CARTESIAN_POINT ( 'NONE',  ( -14.83000000000000007, 1.870000000000000551, 0.6649999999999998135 ) ) ;
#5825 = ORIENTED_EDGE ( 'NONE', *, *, #8356, .T. ) ;
#5826 = EDGE_CURVE ( 'NONE', #4716, #6443, #1434, .T. ) ;
#5827 = PLANE ( 'NONE',  #8840 ) ;
#5828 = ORIENTED_EDGE ( 'NONE', *, *, #1556, .T. ) ;
#5829 = CARTESIAN_POINT ( 'NONE',  ( 9.350000000000004974, 0.5700000000000003952, -1.875000000000000000 ) ) ;
#5830 = FACE_BOUND ( 'NONE', #6430, .T. ) ;
#5831 = FACE_OUTER_BOUND ( 'NONE', #4509, .T. ) ;
#5832 = VECTOR ( 'NONE', #8913, 1000.000000000000000 ) ;
#5833 = CYLINDRICAL_SURFACE ( 'NONE', #10859, 0.1800000000000013256 ) ;
#5834 = ORIENTED_EDGE ( 'NONE', *, *, #3900, .T. ) ;
#5835 = DIRECTION ( 'NONE',  ( -1.000000000000000000, 0.000000000000000000, 0.000000000000000000 ) ) ;
#5836 = PLANE ( 'NONE',  #8609 ) ;
#5837 = ORIENTED_EDGE ( 'NONE', *, *, #1562, .T. ) ;
#5838 = EDGE_CURVE ( 'NONE', #239, #4289, #8796, .T. ) ;
#5839 = LINE ( 'NONE', #8888, #8838 ) ;
#5840 = AXIS2_PLACEMENT_3D ( 'NONE', #8557, #6707, #16 ) ;
#5841 = EDGE_CURVE ( 'NONE', #9707, #2015, #3989, .T. ) ;
#5842 = CARTESIAN_POINT ( 'NONE',  ( 20.32000000000000028, -2.174999999999998934, 3.715000000000003855 ) ) ;
#5843 = VERTEX_POINT ( 'NONE', #11577 ) ;
#5844 = DIRECTION ( 'NONE',  ( 1.000000000000000000, 0.000000000000000000, 0.000000000000000000 ) ) ;
#5845 = VERTEX_POINT ( 'NONE', #9730 ) ;
#5846 = DIRECTION ( 'NONE',  ( 1.000000000000000000, 0.000000000000000000, -0.000000000000000000 ) ) ;
#5847 = LINE ( 'NONE', #3839, #2502 ) ;
#5848 = AXIS2_PLACEMENT_3D ( 'NONE', #1755, #1810, #11277 ) ;
#5850 = EDGE_CURVE ( 'NONE', #10508, #238, #247, .T. ) ;
#5849 = FACE_OUTER_BOUND ( 'NONE', #2419, .T. ) ;
#5851 = DIRECTION ( 'NONE',  ( 1.000000000000000000, 0.000000000000000000, 0.000000000000000000 ) ) ;
#5852 = DIRECTION ( 'NONE',  ( -0.000000000000000000, -0.000000000000000000, -1.000000000000000000 ) ) ;
#5853 = ADVANCED_FACE ( 'NONE', ( #7925 ), #11702, .T. ) ;
#5854 = ORIENTED_EDGE ( 'NONE', *, *, #8683, .T. ) ;
#5855 = VECTOR ( 'NONE', #7720, 1000.000000000000000 ) ;
#5856 = ORIENTED_EDGE ( 'NONE', *, *, #135, .T. ) ;
#5857 = DIRECTION ( 'NONE',  ( -1.000000000000000000, 0.000000000000000000, 0.000000000000000000 ) ) ;
#5858 = ORIENTED_EDGE ( 'NONE', *, *, #1483, .T. ) ;
#5859 = LINE ( 'NONE', #5675, #10252 ) ;
#5860 = ORIENTED_EDGE ( 'NONE', *, *, #10658, .T. ) ;
#5861 = DIRECTION ( 'NONE',  ( -1.000000000000000000, 0.000000000000000000, 0.000000000000000000 ) ) ;
#5862 = VECTOR ( 'NONE', #5762, 1000.000000000000000 ) ;
#5863 = DIRECTION ( 'NONE',  ( 1.000000000000000000, 0.000000000000000000, -0.000000000000000000 ) ) ;
#5864 = CARTESIAN_POINT ( 'NONE',  ( -14.13500000000000156, -3.049999999999999822, -3.230000000000000870 ) ) ;
#5865 = CARTESIAN_POINT ( 'NONE',  ( -6.030000000000002025, 0.9000000000000010214, -2.894999999999998241 ) ) ;
#5866 = CARTESIAN_POINT ( 'NONE',  ( -3.150000000000001688, 0.5700000000000003952, 0.4649999999999996914 ) ) ;
#5867 = CYLINDRICAL_SURFACE ( 'NONE', #7914, 0.1999999999999953204 ) ;
#5868 = AXIS2_PLACEMENT_3D ( 'NONE', #1580, #6263, #3381 ) ;
#5869 = CIRCLE ( 'NONE', #1298, 0.1999999999999953204 ) ;
#5870 = ORIENTED_EDGE ( 'NONE', *, *, #2065, .T. ) ;
#5871 = VECTOR ( 'NONE', #7294, 1000.000000000000000 ) ;
#5872 = CIRCLE ( 'NONE', #4465, 0.1800000000000013256 ) ;
#5873 = CARTESIAN_POINT ( 'NONE',  ( -1.590000000000001190, 0.9000000000000005773, -1.674999999999999822 ) ) ;
#5874 = EDGE_CURVE ( 'NONE', #2507, #3370, #8163, .T. ) ;
#5875 = VERTEX_POINT ( 'NONE', #7172 ) ;
#5876 = DIRECTION ( 'NONE',  ( 0.000000000000000000, -1.000000000000000000, 0.000000000000000000 ) ) ;
#5877 = ORIENTED_EDGE ( 'NONE', *, *, #1519, .T. ) ;
#5878 = DIRECTION ( 'NONE',  ( -1.000000000000000000, 0.000000000000000000, 0.000000000000000000 ) ) ;
#5879 = CARTESIAN_POINT ( 'NONE',  ( 2.540000000000000036, 1.055000000000000382, 3.715000000000003411 ) ) ;
#5880 = CARTESIAN_POINT ( 'NONE',  ( 8.570000000000000284, -2.717601427321017837, -3.714999999999999858 ) ) ;
#5881 = DIRECTION ( 'NONE',  ( 0.000000000000000000, -1.000000000000000000, 1.150347132610614786E-16 ) ) ;
#5882 = VECTOR ( 'NONE', #7718, 1000.000000000000227 ) ;
#5883 = ORIENTED_EDGE ( 'NONE', *, *, #8923, .T. ) ;
#5884 = ORIENTED_EDGE ( 'NONE', *, *, #8871, .T. ) ;
#5885 = LINE ( 'NONE', #4065, #1283 ) ;
#5886 = VECTOR ( 'NONE', #4360, 1000.000000000000000 ) ;
#5887 = EDGE_CURVE ( 'NONE', #11564, #12111, #9226, .T. ) ;
#5888 = ORIENTED_EDGE ( 'NONE', *, *, #10098, .F. ) ;
#5889 = AXIS2_PLACEMENT_3D ( 'NONE', #12037, #4572, #795 ) ;
#5890 = VECTOR ( 'NONE', #11793, 1000.000000000000000 ) ;
#5891 = DIRECTION ( 'NONE',  ( -0.3892816206350276365, 0.3892816206350255825, -0.8348171294789862307 ) ) ;
#5892 = EDGE_CURVE ( 'NONE', #9333, #683, #4414, .T. ) ;
#5893 = VERTEX_POINT ( 'NONE', #5233 ) ;
#5894 = DIRECTION ( 'NONE',  ( 1.000000000000000000, 0.000000000000000000, 0.000000000000000000 ) ) ;
#5895 = DIRECTION ( 'NONE',  ( 1.000000000000000000, 0.000000000000000000, -0.000000000000000000 ) ) ;
#5896 = CARTESIAN_POINT ( 'NONE',  ( -11.11000000000000121, -3.049999999999999822, -3.559999999999999165 ) ) ;
#5897 = CARTESIAN_POINT ( 'NONE',  ( -6.030000000000002025, 0.9000000000000010214, -2.894999999999998241 ) ) ;
#5898 = EDGE_LOOP ( 'NONE', ( #7909, #11284, #375, #3448 ) ) ;
#5899 = CARTESIAN_POINT ( 'NONE',  ( 3.527012187167225754, 1.436334613170440644, -1.137987812832773837 ) ) ;
#5900 = VECTOR ( 'NONE', #8569, 1000.000000000000000 ) ;
#5901 = FACE_OUTER_BOUND ( 'NONE', #11544, .T. ) ;
#5902 = EDGE_CURVE ( 'NONE', #6817, #5816, #11086, .T. ) ;
#5903 = ORIENTED_EDGE ( 'NONE', *, *, #6235, .T. ) ;
#5904 = DIRECTION ( 'NONE',  ( -0.000000000000000000, -0.000000000000000000, -1.000000000000000000 ) ) ;
#5905 = ORIENTED_EDGE ( 'NONE', *, *, #1927, .T. ) ;
#5906 = ORIENTED_EDGE ( 'NONE', *, *, #9975, .F. ) ;
#5907 = AXIS2_PLACEMENT_3D ( 'NONE', #136, #8926, #2189 ) ;
#5908 = VECTOR ( 'NONE', #8479, 1000.000000000000000 ) ;
#5909 = DIRECTION ( 'NONE',  ( -1.000000000000000000, 0.000000000000000000, 0.000000000000000000 ) ) ;
#5910 = ADVANCED_FACE ( 'NONE', ( #492 ), #9035, .F. ) ;
#5911 = VERTEX_POINT ( 'NONE', #9105 ) ;
#5912 = SURFACE_SIDE_STYLE ('',( #4026 ) ) ;
#5913 = VECTOR ( 'NONE', #11357, 999.9999999999998863 ) ;
#5914 = LINE ( 'NONE', #8588, #10743 ) ;
#5915 = CARTESIAN_POINT ( 'NONE',  ( 6.669999999999999041, 0.9000000000000010214, -2.894999999999998241 ) ) ;
#5916 = EDGE_CURVE ( 'NONE', #10031, #422, #560, .T. ) ;
#5917 = DIRECTION ( 'NONE',  ( 0.000000000000000000, -1.000000000000000000, -1.150347132610614786E-16 ) ) ;
#5918 = VECTOR ( 'NONE', #11747, 1000.000000000000000 ) ;
#5919 = CARTESIAN_POINT ( 'NONE',  ( 3.489999999999998437, 0.9000000000000005773, 3.715000000000003411 ) ) ;
#5920 = LINE ( 'NONE', #4970, #2879 ) ;
#5921 = VECTOR ( 'NONE', #6769, 1000.000000000000000 ) ;
#5922 = ORIENTED_EDGE ( 'NONE', *, *, #10488, .T. ) ;
#5923 = ADVANCED_FACE ( 'NONE', ( #10152 ), #2486, .F. ) ;
#5924 = EDGE_LOOP ( 'NONE', ( #5634, #4226, #3814, #3746 ) ) ;
#5925 = PLANE ( 'NONE',  #2914 ) ;
#5926 = VERTEX_POINT ( 'NONE', #8227 ) ;
#5927 = ORIENTED_EDGE ( 'NONE', *, *, #11243, .T. ) ;
#5928 = CARTESIAN_POINT ( 'NONE',  ( 5.787020446621422565, -7.643577671652601602, -5.372020446621423417 ) ) ;
#5929 = VECTOR ( 'NONE', #8792, 1000.000000000000000 ) ;
#5930 = CARTESIAN_POINT ( 'NONE',  ( 9.549999999999998934, 0.5700000000000003952, 0.6649999999999998135 ) ) ;
#5931 = FACE_OUTER_BOUND ( 'NONE', #2330, .T. ) ;
#5932 = EDGE_CURVE ( 'NONE', #9426, #3236, #4354, .T. ) ;
#5933 = VECTOR ( 'NONE', #892, 1000.000000000000000 ) ;
#5934 = CARTESIAN_POINT ( 'NONE',  ( -3.490000000000001990, 0.9000000000000005773, -1.674999999999999822 ) ) ;
#5935 = DIRECTION ( 'NONE',  ( -0.000000000000000000, 0.000000000000000000, 1.000000000000000000 ) ) ;
#5936 = EDGE_LOOP ( 'NONE', ( #11039, #6212 ) ) ;
#5937 = CARTESIAN_POINT ( 'NONE',  ( 14.13500000000000156, 1.055000000000000382, 3.715000000000003411 ) ) ;
#5938 = AXIS2_PLACEMENT_3D ( 'NONE', #3977, #2854, #2041 ) ;
#5939 = ORIENTED_EDGE ( 'NONE', *, *, #6980, .T. ) ;
#5940 = COLOUR_RGB ( '',0.7960784313725489669, 0.8235294117647058432, 0.9372549019607843146 ) ;
#5941 = CARTESIAN_POINT ( 'NONE',  ( 0.000000000000000000, 1.540000000000000480, -1.674999999999999822 ) ) ;
#5942 = ORIENTED_EDGE ( 'NONE', *, *, #1367, .T. ) ;
#5943 = CARTESIAN_POINT ( 'NONE',  ( -11.26500000000000234, -3.049999999999999822, -3.075000000000000178 ) ) ;
#5944 = VERTEX_POINT ( 'NONE', #6373 ) ;
#5945 = AXIS2_PLACEMENT_3D ( 'NONE', #10449, #930, #165 ) ;
#5946 = FACE_BOUND ( 'NONE', #5605, .T. ) ;
#5947 = SURFACE_STYLE_USAGE ( .BOTH. , #2131 ) ;
#5948 = ADVANCED_FACE ( 'NONE', ( #1560 ), #11995, .F. ) ;
#5949 = DIRECTION ( 'NONE',  ( -0.000000000000000000, -1.000000000000000000, 1.150347132610614786E-16 ) ) ;
#5950 = CARTESIAN_POINT ( 'NONE',  ( -7.010000000000004228, 1.870000000000000551, -1.875000000000000000 ) ) ;
#5951 = AXIS2_PLACEMENT_3D ( 'NONE', #3832, #6474, #12105 ) ;
#5952 = ORIENTED_EDGE ( 'NONE', *, *, #4918, .T. ) ;
#5953 = DIRECTION ( 'NONE',  ( 1.000000000000000000, 0.000000000000000000, 0.000000000000000000 ) ) ;
#5954 = EDGE_CURVE ( 'NONE', #7949, #9506, #2552, .T. ) ;
#5955 = ORIENTED_EDGE ( 'NONE', *, *, #9194, .T. ) ;
#5956 = DIRECTION ( 'NONE',  ( 0.000000000000000000, 0.9063077870366494926, -0.4226182617407005515 ) ) ;
#5957 = ORIENTED_EDGE ( 'NONE', *, *, #10888, .T. ) ;
#5958 = ORIENTED_EDGE ( 'NONE', *, *, #758, .T. ) ;
#5959 = CYLINDRICAL_SURFACE ( 'NONE', #10470, 0.1999999999999953204 ) ;
#5960 = LINE ( 'NONE', #10681, #6673 ) ;
#5961 = CARTESIAN_POINT ( 'NONE',  ( -9.210000000000002629, 0.7199999999999999734, -2.894999999999998241 ) ) ;
#5962 = DIRECTION ( 'NONE',  ( 0.000000000000000000, 1.000000000000000000, -1.150347132610614786E-16 ) ) ;
#5963 = ORIENTED_EDGE ( 'NONE', *, *, #661, .F. ) ;
#5964 = DIRECTION ( 'NONE',  ( 1.000000000000000000, 0.000000000000000000, 0.000000000000000000 ) ) ;
#5965 = EDGE_CURVE ( 'NONE', #8551, #2752, #5673, .T. ) ;
#5966 = LINE ( 'NONE', #8075, #10596 ) ;
#5967 = ORIENTED_EDGE ( 'NONE', *, *, #8565, .F. ) ;
#5968 = EDGE_LOOP ( 'NONE', ( #10461, #2425, #5171, #8124 ) ) ;
#5969 = FACE_OUTER_BOUND ( 'NONE', #11189, .T. ) ;
#5970 = EDGE_CURVE ( 'NONE', #5875, #2395, #11877, .T. ) ;
#5971 = DIRECTION ( 'NONE',  ( -1.000000000000000000, -0.000000000000000000, 0.000000000000000000 ) ) ;
#5972 = ORIENTED_EDGE ( 'NONE', *, *, #9766, .F. ) ;
#5973 = DIRECTION ( 'NONE',  ( -1.000000000000000000, 0.000000000000000000, 0.000000000000000000 ) ) ;
#5974 = PLANE ( 'NONE',  #9860 ) ;
#5975 = VECTOR ( 'NONE', #2605, 999.9999999999998863 ) ;
#5976 = CARTESIAN_POINT ( 'NONE',  ( -13.65000000000000213, -3.049999999999999822, -3.559999999999999165 ) ) ;
#5977 = CARTESIAN_POINT ( 'NONE',  ( -9.210000000000002629, 1.540000000000000480, -2.894999999999997797 ) ) ;
#5978 = ORIENTED_EDGE ( 'NONE', *, *, #7402, .T. ) ;
#5979 = CARTESIAN_POINT ( 'NONE',  ( 4.129999999999998117, 0.9000000000000005773, 3.382601427321023646 ) ) ;
#5980 = EDGE_CURVE ( 'NONE', #9464, #4397, #3550, .T. ) ;
#5981 = CIRCLE ( 'NONE', #5372, 0.1999999999999952094 ) ;
#5982 = ADVANCED_FACE ( 'NONE', ( #10029 ), #2609, .F. ) ;
#5983 = CARTESIAN_POINT ( 'NONE',  ( -5.889999999999997904, 0.5700000000000003952, 0.6649999999999998135 ) ) ;
#5984 = CIRCLE ( 'NONE', #1604, 0.1999999999999953204 ) ;
#5985 = ORIENTED_EDGE ( 'NONE', *, *, #2896, .T. ) ;
#5986 = VERTEX_POINT ( 'NONE', #1676 ) ;
#5987 = LINE ( 'NONE', #9833, #3876 ) ;
#5988 = DIRECTION ( 'NONE',  ( 0.000000000000000000, 1.000000000000000000, -1.150347132610614786E-16 ) ) ;
#5989 = CARTESIAN_POINT ( 'NONE',  ( -10.96999999999999709, 0.5700000000000003952, 0.6649999999999998135 ) ) ;
#5990 = DIRECTION ( 'NONE',  ( -0.000000000000000000, -1.000000000000000000, 1.150347132610614786E-16 ) ) ;
#5991 = LINE ( 'NONE', #6049, #5636 ) ;
#5992 = CARTESIAN_POINT ( 'NONE',  ( 9.209999999999999076, 0.9000000000000013545, 3.382601427321023646 ) ) ;
#5993 = EDGE_CURVE ( 'NONE', #4956, #2127, #1495, .T. ) ;
#5994 = ORIENTED_EDGE ( 'NONE', *, *, #11481, .T. ) ;
#5995 = VECTOR ( 'NONE', #2943, 1000.000000000000000 ) ;
#5996 = VERTEX_POINT ( 'NONE', #8348 ) ;
#5997 = EDGE_CURVE ( 'NONE', #11416, #1885, #12119, .T. ) ;
#5998 = CARTESIAN_POINT ( 'NONE',  ( -3.150000000000001688, 0.5700000000000003952, 0.4649999999999996914 ) ) ;
#5999 = CARTESIAN_POINT ( 'NONE',  ( 0.9499999999999977351, 1.540000000000000480, 3.382601427321023646 ) ) ;
#6000 = EDGE_LOOP ( 'NONE', ( #9597, #1797, #5261, #7850 ) ) ;
#6001 = DIRECTION ( 'NONE',  ( -0.000000000000000000, -0.000000000000000000, -1.000000000000000000 ) ) ;
#6002 = AXIS2_PLACEMENT_3D ( 'NONE', #6321, #9978, #1443 ) ;
#6003 = ORIENTED_EDGE ( 'NONE', *, *, #6787, .T. ) ;
#6004 = CARTESIAN_POINT ( 'NONE',  ( -1.104999999999999982, 1.055000000000000382, 3.715000000000003411 ) ) ;
#6005 = CARTESIAN_POINT ( 'NONE',  ( -4.130000000000001670, 1.540000000000000480, 3.382601427321023646 ) ) ;
#6006 = FACE_OUTER_BOUND ( 'NONE', #9519, .T. ) ;
#6007 = DIRECTION ( 'NONE',  ( 1.000000000000000000, 0.000000000000000000, 0.000000000000000000 ) ) ;
#6008 = CARTESIAN_POINT ( 'NONE',  ( 1.589999999999997637, 0.9000000000000013545, 3.382601427321023646 ) ) ;
#6009 = DIRECTION ( 'NONE',  ( 1.000000000000000000, 0.000000000000000000, 0.000000000000000000 ) ) ;
#6010 = VERTEX_POINT ( 'NONE', #10279 ) ;
#6011 = AXIS2_PLACEMENT_3D ( 'NONE', #458, #2334, #10618 ) ;
#6012 = ADVANCED_FACE ( 'NONE', ( #1742 ), #9533, .F. ) ;
#6013 = PLANE ( 'NONE',  #4059 ) ;
#6014 = ORIENTED_EDGE ( 'NONE', *, *, #11423, .T. ) ;
#6015 = ORIENTED_EDGE ( 'NONE', *, *, #11984, .T. ) ;
#6016 = CYLINDRICAL_SURFACE ( 'NONE', #721, 0.1999999999999953204 ) ;
#6017 = CARTESIAN_POINT ( 'NONE',  ( 14.29000000000000092, 1.540000000000000480, 0.4649999999999996914 ) ) ;
#6018 = CARTESIAN_POINT ( 'NONE',  ( 9.209999999999999076, 0.9000000000000012434, -2.894999999999998241 ) ) ;
#6019 = DIRECTION ( 'NONE',  ( 0.000000000000000000, 0.000000000000000000, 1.000000000000000000 ) ) ;
#6020 = ORIENTED_EDGE ( 'NONE', *, *, #185, .T. ) ;
#6021 = DIRECTION ( 'NONE',  ( -0.000000000000000000, 1.000000000000000000, 0.000000000000000000 ) ) ;
#6022 = DIRECTION ( 'NONE',  ( 1.000000000000000000, 0.000000000000000000, 0.000000000000000000 ) ) ;
#6023 = DIRECTION ( 'NONE',  ( 0.000000000000000000, 0.000000000000000000, -1.000000000000000000 ) ) ;
#6024 = VECTOR ( 'NONE', #306, 1000.000000000000000 ) ;
#6025 = ORIENTED_EDGE ( 'NONE', *, *, #10098, .T. ) ;
#6026 = LINE ( 'NONE', #348, #4053 ) ;
#6027 = CIRCLE ( 'NONE', #1064, 0.1999999999999953204 ) ;
#6028 = DIRECTION ( 'NONE',  ( -1.000000000000000000, 0.000000000000000000, -0.000000000000000000 ) ) ;
#6029 = EDGE_LOOP ( 'NONE', ( #6232, #5113, #8963, #3762 ) ) ;
#6030 = FACE_OUTER_BOUND ( 'NONE', #10260, .T. ) ;
#6031 = CARTESIAN_POINT ( 'NONE',  ( -14.29000000000000270, -3.049999999999999822, -3.714999999999999858 ) ) ;
#6032 = EDGE_CURVE ( 'NONE', #2807, #2815, #8264, .T. ) ;
#6033 = LINE ( 'NONE', #9820, #510 ) ;
#6034 = CARTESIAN_POINT ( 'NONE',  ( 14.63000000000000078, 0.5700000000000003952, -1.875000000000000000 ) ) ;
#6035 = ORIENTED_EDGE ( 'NONE', *, *, #6383, .F. ) ;
#6036 = ORIENTED_EDGE ( 'NONE', *, *, #2188, .F. ) ;
#6037 = CARTESIAN_POINT ( 'NONE',  ( -9.210000000000002629, 0.7199999999999999734, -2.894999999999998241 ) ) ;
#6038 = VECTOR ( 'NONE', #10164, 1000.000000000000000 ) ;
#6039 = EDGE_CURVE ( 'NONE', #1885, #3831, #2913, .T. ) ;
#6040 = DIRECTION ( 'NONE',  ( -0.000000000000000000, 0.000000000000000000, -1.000000000000000000 ) ) ;
#6041 = VERTEX_POINT ( 'NONE', #7730 ) ;
#6042 = CIRCLE ( 'NONE', #675, 0.1999999999999953204 ) ;
#6043 = ORIENTED_EDGE ( 'NONE', *, *, #10708, .T. ) ;
#6044 = EDGE_CURVE ( 'NONE', #378, #5375, #11377, .T. ) ;
#6045 = CARTESIAN_POINT ( 'NONE',  ( 4.469999999999997975, 0.5700000000000003952, 0.6649999999999998135 ) ) ;
#6046 = DIRECTION ( 'NONE',  ( -0.000000000000000000, 1.000000000000000000, 0.000000000000000000 ) ) ;
#6047 = LINE ( 'NONE', #6812, #6231 ) ;
#6048 = SURFACE_STYLE_FILL_AREA ( #2302 ) ;
#6049 = CARTESIAN_POINT ( 'NONE',  ( 11.10999999999999943, -3.049999999999999822, -3.230000000000000870 ) ) ;
#6050 = ORIENTED_EDGE ( 'NONE', *, *, #8279, .F. ) ;
#6051 = ADVANCED_FACE ( 'NONE', ( #8470 ), #11504, .F. ) ;
#6052 = CARTESIAN_POINT ( 'NONE',  ( 0.4100000000000007527, 1.870000000000000551, 0.6649999999999998135 ) ) ;
#6053 = ORIENTED_EDGE ( 'NONE', *, *, #10386, .T. ) ;
#6054 = VECTOR ( 'NONE', #9401, 1000.000000000000000 ) ;
#6055 = EDGE_LOOP ( 'NONE', ( #236, #3650, #1953, #3039 ) ) ;
#6056 = CARTESIAN_POINT ( 'NONE',  ( 15.23999999999999844, 0.000000000000000000, -1.674999999999999822 ) ) ;
#6057 = DIRECTION ( 'NONE',  ( 1.000000000000000000, 0.000000000000000000, 0.000000000000000000 ) ) ;
#6058 = EDGE_LOOP ( 'NONE', ( #5313, #1242, #7177, #10377 ) ) ;
#6059 = EDGE_CURVE ( 'NONE', #1812, #9215, #3728, .T. ) ;
#6060 = DIRECTION ( 'NONE',  ( -1.000000000000000000, 0.000000000000000000, 0.000000000000000000 ) ) ;
#6061 = VERTEX_POINT ( 'NONE', #9465 ) ;
#6062 = LINE ( 'NONE', #8863, #416 ) ;
#6063 = VECTOR ( 'NONE', #3454, 1000.000000000000000 ) ;
#6064 = DIRECTION ( 'NONE',  ( -1.000000000000000000, 0.000000000000000000, 0.000000000000000000 ) ) ;
#6065 = CARTESIAN_POINT ( 'NONE',  ( 14.34448304138466845, -4.206925115746958710, -3.020516958615332648 ) ) ;
#6066 = PLANE ( 'NONE',  #7036 ) ;
#6067 = FACE_OUTER_BOUND ( 'NONE', #3771, .T. ) ;
#6068 = ORIENTED_EDGE ( 'NONE', *, *, #7389, .F. ) ;
#6069 = EDGE_CURVE ( 'NONE', #9506, #802, #9591, .T. ) ;
#6070 = AXIS2_PLACEMENT_3D ( 'NONE', #7075, #4138, #5070 ) ;
#6071 = DIRECTION ( 'NONE',  ( 1.000000000000000000, 0.000000000000000000, -0.000000000000000000 ) ) ;
#6072 = ORIENTED_EDGE ( 'NONE', *, *, #5300, .T. ) ;
#6073 = EDGE_LOOP ( 'NONE', ( #10670, #9174, #11693, #9039 ) ) ;
#6074 = LINE ( 'NONE', #10976, #8054 ) ;
#6075 = VERTEX_POINT ( 'NONE', #5549 ) ;
#6076 = ADVANCED_FACE ( 'NONE', ( #2786 ), #6800, .T. ) ;
#6077 = LINE ( 'NONE', #7950, #1906 ) ;
#6078 = FACE_OUTER_BOUND ( 'NONE', #1506, .T. ) ;
#6079 = VECTOR ( 'NONE', #9098, 1000.000000000000227 ) ;
#6080 = AXIS2_PLACEMENT_3D ( 'NONE', #1916, #6612, #6741 ) ;
#6081 = DIRECTION ( 'NONE',  ( 0.000000000000000000, -1.150347132610614786E-16, 1.000000000000000000 ) ) ;
#6082 = CARTESIAN_POINT ( 'NONE',  ( -8.429999999999996163, 0.5700000000000003952, 0.4649999999999996914 ) ) ;
#6083 = EDGE_LOOP ( 'NONE', ( #1770, #8195, #6863, #3420 ) ) ;
#6084 = DIRECTION ( 'NONE',  ( 0.000000000000000000, -1.000000000000000000, 0.000000000000000000 ) ) ;
#6085 = CARTESIAN_POINT ( 'NONE',  ( 8.570000000000000284, 1.540000000000000924, -2.894999999999998241 ) ) ;
#6086 = DIRECTION ( 'NONE',  ( 1.000000000000000000, 0.000000000000000000, 0.000000000000000000 ) ) ;
#6087 = AXIS2_PLACEMENT_3D ( 'NONE', #9662, #7675, #2793 ) ;
#6088 = ORIENTED_EDGE ( 'NONE', *, *, #130, .F. ) ;
#6089 = EDGE_CURVE ( 'NONE', #4798, #10119, #3665, .T. ) ;
#6090 = VECTOR ( 'NONE', #4152, 1000.000000000000000 ) ;
#6091 = LINE ( 'NONE', #9702, #11237 ) ;
#6092 = ORIENTED_EDGE ( 'NONE', *, *, #2106, .T. ) ;
#6093 = VECTOR ( 'NONE', #6099, 999.9999999999998863 ) ;
#6094 = CARTESIAN_POINT ( 'NONE',  ( -1.930000000000002824, 1.870000000000000551, 0.6649999999999998135 ) ) ;
#6095 = CARTESIAN_POINT ( 'NONE',  ( 0.000000000000000000, 0.9000000000000005773, 0.4649999999999996914 ) ) ;
#6096 = VECTOR ( 'NONE', #1701, 1000.000000000000000 ) ;
#6097 = DIRECTION ( 'NONE',  ( -1.000000000000000000, 0.000000000000000000, 0.000000000000000000 ) ) ;
#6098 = CARTESIAN_POINT ( 'NONE',  ( -8.570000000000002061, 0.9000000000000005773, 3.382601427321023646 ) ) ;
#6099 = DIRECTION ( 'NONE',  ( -0.3892816206350259711, -0.8348171294789868968, -0.3892816206350259711 ) ) ;
#6100 = AXIS2_PLACEMENT_3D ( 'NONE', #2081, #10805, #10866 ) ;
#6101 = EDGE_CURVE ( 'NONE', #8802, #5320, #10638, .T. ) ;
#6102 = CARTESIAN_POINT ( 'NONE',  ( 9.209999999999999076, 0.7200000000000001954, -3.714999999999999414 ) ) ;
#6103 = CIRCLE ( 'NONE', #4107, 0.1999999999999953204 ) ;
#6104 = EDGE_CURVE ( 'NONE', #1856, #239, #1853, .T. ) ;
#6105 = CIRCLE ( 'NONE', #5132, 0.1999999999999953204 ) ;
#6106 = ORIENTED_EDGE ( 'NONE', *, *, #6721, .T. ) ;
#6107 = DIRECTION ( 'NONE',  ( 1.000000000000000000, 0.000000000000000000, -0.000000000000000000 ) ) ;
#6108 = VERTEX_POINT ( 'NONE', #4779 ) ;
#6109 = ORIENTED_EDGE ( 'NONE', *, *, #10081, .F. ) ;
#6110 = LINE ( 'NONE', #8035, #8866 ) ;
#6111 = DIRECTION ( 'NONE',  ( 1.000000000000000000, 0.000000000000000000, -0.000000000000000000 ) ) ;
#6112 = VECTOR ( 'NONE', #8051, 1000.000000000000000 ) ;
#6113 = VECTOR ( 'NONE', #9471, 1000.000000000000000 ) ;
#6114 = DIRECTION ( 'NONE',  ( -0.000000000000000000, -0.000000000000000000, -1.000000000000000000 ) ) ;
#6115 = FACE_OUTER_BOUND ( 'NONE', #5670, .T. ) ;
#6116 = CARTESIAN_POINT ( 'NONE',  ( 9.054999999999997939, -3.049999999999999822, -4.336808689942017736E-16 ) ) ;
#6117 = CARTESIAN_POINT ( 'NONE',  ( 14.29000000000000092, -3.049999999999999822, -3.075000000000000178 ) ) ;
#6118 = ORIENTED_EDGE ( 'NONE', *, *, #2839, .F. ) ;
#6119 = PLANE ( 'NONE',  #6533 ) ;
#6120 = AXIS2_PLACEMENT_3D ( 'NONE', #1964, #1168, #987 ) ;
#6121 = VECTOR ( 'NONE', #12293, 1000.000000000000000 ) ;
#6122 = ORIENTED_EDGE ( 'NONE', *, *, #1781, .T. ) ;
#6123 = EDGE_CURVE ( 'NONE', #11217, #9258, #12177, .T. ) ;
#6124 = ORIENTED_EDGE ( 'NONE', *, *, #7191, .F. ) ;
#6125 = VECTOR ( 'NONE', #7224, 1000.000000000000000 ) ;
#6126 = DIRECTION ( 'NONE',  ( -1.000000000000000000, 0.000000000000000000, 0.000000000000000000 ) ) ;
#6127 = VECTOR ( 'NONE', #3696, 1000.000000000000000 ) ;
#6128 = PLANE ( 'NONE',  #98 ) ;
#6129 = ORIENTED_EDGE ( 'NONE', *, *, #9915, .F. ) ;
#6130 = AXIS2_PLACEMENT_3D ( 'NONE', #9914, #7859, #11814 ) ;
#6131 = PLANE ( 'NONE',  #12237 ) ;
#6132 = FACE_BOUND ( 'NONE', #10826, .T. ) ;
#6133 =( NAMED_UNIT ( * ) PLANE_ANGLE_UNIT ( ) SI_UNIT ( $, .RADIAN. ) );
#6134 = CARTESIAN_POINT ( 'NONE',  ( 3.489999999999998437, 0.9000000000000005773, 0.4649999999999996914 ) ) ;
#6135 = DIRECTION ( 'NONE',  ( -0.000000000000000000, 1.000000000000000000, 1.150347132610614786E-16 ) ) ;
#6136 = PLANE ( 'NONE',  #5119 ) ;
#6137 = ORIENTED_EDGE ( 'NONE', *, *, #8563, .T. ) ;
#6138 = DIRECTION ( 'NONE',  ( -0.000000000000000000, 1.000000000000000000, 1.150347132610614786E-16 ) ) ;
#6139 = AXIS2_PLACEMENT_3D ( 'NONE', #8303, #509, #12077 ) ;
#6140 = EDGE_CURVE ( 'NONE', #1885, #4003, #3786, .T. ) ;
#6141 = VECTOR ( 'NONE', #651, 1000.000000000000000 ) ;
#6142 = EDGE_LOOP ( 'NONE', ( #7071, #10642, #7207, #3020 ) ) ;
#6143 = ORIENTED_EDGE ( 'NONE', *, *, #1376, .F. ) ;
#6144 = AXIS2_PLACEMENT_3D ( 'NONE', #11192, #11986, #1610 ) ;
#6145 = DIRECTION ( 'NONE',  ( -0.000000000000000000, -0.000000000000000000, -1.000000000000000000 ) ) ;
#6146 = EDGE_CURVE ( 'NONE', #9696, #2293, #3078, .T. ) ;
#6147 = EDGE_LOOP ( 'NONE', ( #938, #4710, #2968, #12103 ) ) ;
#6148 = DIRECTION ( 'NONE',  ( -1.000000000000000000, 0.000000000000000000, 0.000000000000000000 ) ) ;
#6149 = VECTOR ( 'NONE', #4156, 1000.000000000000000 ) ;
#6150 = CARTESIAN_POINT ( 'NONE',  ( 1.434999999999996945, -3.049999999999999822, -3.075000000000000178 ) ) ;
#6151 = CARTESIAN_POINT ( 'NONE',  ( -14.29000000000000270, 1.540000000000001146, -2.894999999999998241 ) ) ;
#6152 = CARTESIAN_POINT ( 'NONE',  ( -5.690000000000002167, 0.5700000000000003952, 0.6649999999999998135 ) ) ;
#6153 = CARTESIAN_POINT ( 'NONE',  ( -5.889999999999997904, 0.5700000000000003952, 0.4649999999999996914 ) ) ;
#6154 = LINE ( 'NONE', #9881, #2236 ) ;
#6155 = EDGE_LOOP ( 'NONE', ( #8564, #112, #5821, #6500 ) ) ;
#6156 = ORIENTED_EDGE ( 'NONE', *, *, #6069, .F. ) ;
#6157 = CARTESIAN_POINT ( 'NONE',  ( 3.644999999999999130, -2.174999999999998934, 3.715000000000003855 ) ) ;
#6158 = EDGE_CURVE ( 'NONE', #3406, #12168, #3273, .T. ) ;
#6159 = ORIENTED_EDGE ( 'NONE', *, *, #8042, .T. ) ;
#6160 = PLANE ( 'NONE',  #8246 ) ;
#6161 = EDGE_CURVE ( 'NONE', #6184, #3903, #5792, .T. ) ;
#6162 = ORIENTED_EDGE ( 'NONE', *, *, #1093, .T. ) ;
#6163 = FILL_AREA_STYLE_COLOUR ( '', #11641 ) ;
#6164 = LINE ( 'NONE', #11686, #10942 ) ;
#6165 = DIRECTION ( 'NONE',  ( -0.000000000000000000, -0.000000000000000000, -1.000000000000000000 ) ) ;
#6166 = EDGE_LOOP ( 'NONE', ( #6288, #3094, #8908, #2623 ) ) ;
#6167 = CARTESIAN_POINT ( 'NONE',  ( 1.104999999999998428, -3.049999999999999822, -3.714999999999999858 ) ) ;
#6168 = ORIENTED_EDGE ( 'NONE', *, *, #7282, .F. ) ;
#6169 = DIRECTION ( 'NONE',  ( -1.000000000000000000, 0.000000000000000000, 0.000000000000000000 ) ) ;
#6170 = EDGE_CURVE ( 'NONE', #10137, #2771, #1977, .T. ) ;
#6171 = EDGE_LOOP ( 'NONE', ( #8582, #8815, #7816, #6415 ) ) ;
#6172 = CARTESIAN_POINT ( 'NONE',  ( 6.029999999999998472, -2.717601427321017837, -3.075000000000000178 ) ) ;
#6173 = CARTESIAN_POINT ( 'NONE',  ( -6.670000000000002593, 1.540000000000000924, -2.894999999999998241 ) ) ;
#6174 = CARTESIAN_POINT ( 'NONE',  ( -4.130000000000001670, 0.9000000000000005773, 3.715000000000003411 ) ) ;
#6175 = CARTESIAN_POINT ( 'NONE',  ( -0.6100000000000012079, 0.5700000000000003952, -1.674999999999999822 ) ) ;
#6176 = ADVANCED_FACE ( 'NONE', ( #6555 ), #9403, .F. ) ;
#6177 = LINE ( 'NONE', #4472, #9512 ) ;
#6178 = FACE_OUTER_BOUND ( 'NONE', #12180, .T. ) ;
#6179 = EDGE_LOOP ( 'NONE', ( #6230, #11526, #8151, #1004 ) ) ;
#6180 = DIRECTION ( 'NONE',  ( 1.000000000000000000, 0.000000000000000000, -0.000000000000000000 ) ) ;
#6181 = EDGE_LOOP ( 'NONE', ( #7870, #6694, #1256, #8040 ) ) ;
#6182 = CIRCLE ( 'NONE', #2190, 0.1999999999999953204 ) ;
#6183 = VECTOR ( 'NONE', #11499, 1000.000000000000000 ) ;
#6184 = VERTEX_POINT ( 'NONE', #5979 ) ;
#6185 = FACE_OUTER_BOUND ( 'NONE', #8784, .T. ) ;
#6186 = EDGE_CURVE ( 'NONE', #783, #10155, #6856, .T. ) ;
#6187 = CYLINDRICAL_SURFACE ( 'NONE', #8853, 0.1999999999999953204 ) ;
#6188 = ORIENTED_EDGE ( 'NONE', *, *, #6638, .T. ) ;
#6189 = CARTESIAN_POINT ( 'NONE',  ( 13.97000000000000064, 0.7199999999999999734, -2.894999999999998241 ) ) ;
#6190 = CARTESIAN_POINT ( 'NONE',  ( -14.13500000000000156, -3.049999999999999822, -4.336808689942017736E-16 ) ) ;
#6191 = LINE ( 'NONE', #9980, #10387 ) ;
#6192 = ADVANCED_FACE ( 'NONE', ( #7971 ), #2036, .F. ) ;
#6193 = LINE ( 'NONE', #4941, #6731 ) ;
#6194 = VECTOR ( 'NONE', #9893, 1000.000000000000227 ) ;
#6195 = FACE_OUTER_BOUND ( 'NONE', #10665, .T. ) ;
#6196 = DIRECTION ( 'NONE',  ( -0.000000000000000000, 0.000000000000000000, 1.000000000000000000 ) ) ;
#6197 = ORIENTED_EDGE ( 'NONE', *, *, #4950, .F. ) ;
#6198 = CARTESIAN_POINT ( 'NONE',  ( 25.40000000000000213, -3.049999999999999822, -3.559999999999999165 ) ) ;
#6199 = VERTEX_POINT ( 'NONE', #6102 ) ;
#6201 = EDGE_CURVE ( 'NONE', #6981, #5986, #10243, .T. ) ;
#6200 = AXIS2_PLACEMENT_3D ( 'NONE', #11099, #11157, #8234 ) ;
#6202 = LINE ( 'NONE', #11895, #3071 ) ;
#6203 = EDGE_LOOP ( 'NONE', ( #1900, #1371, #4129, #7049 ) ) ;
#6204 = DIRECTION ( 'NONE',  ( -1.000000000000000000, 0.000000000000000000, 0.000000000000000000 ) ) ;
#6205 = CARTESIAN_POINT ( 'NONE',  ( -13.31000000000000227, 0.5700000000000003952, -1.875000000000000000 ) ) ;
#6206 = CARTESIAN_POINT ( 'NONE',  ( 6.029999999999998472, -3.049999999999999822, -3.230000000000000870 ) ) ;
#6207 = DIRECTION ( 'NONE',  ( 0.000000000000000000, 0.000000000000000000, -1.000000000000000000 ) ) ;
#6208 = EDGE_CURVE ( 'NONE', #7554, #2038, #3163, .T. ) ;
#6209 = DIRECTION ( 'NONE',  ( 0.000000000000000000, 0.000000000000000000, -1.000000000000000000 ) ) ;
#6210 = DIRECTION ( 'NONE',  ( 0.000000000000000000, 5.421010862427481938E-15, -1.000000000000000000 ) ) ;
#6211 = DIRECTION ( 'NONE',  ( -0.000000000000000000, -0.000000000000000000, 1.000000000000000000 ) ) ;
#6212 = ORIENTED_EDGE ( 'NONE', *, *, #9703, .F. ) ;
#6213 = EDGE_LOOP ( 'NONE', ( #2785, #9949, #1026, #747 ) ) ;
#6214 = CARTESIAN_POINT ( 'NONE',  ( -0.9500000000000011768, 0.9000000000000012434, -2.894999999999998241 ) ) ;
#6215 = EDGE_CURVE ( 'NONE', #3936, #2029, #5095, .T. ) ;
#6216 = CIRCLE ( 'NONE', #834, 0.1999999999999953204 ) ;
#6217 = EDGE_CURVE ( 'NONE', #2281, #8409, #1239, .T. ) ;
#6218 = ORIENTED_EDGE ( 'NONE', *, *, #11965, .F. ) ;
#6219 = CYLINDRICAL_SURFACE ( 'NONE', #12196, 0.1999999999999953204 ) ;
#6220 =( NAMED_UNIT ( * ) SI_UNIT ( $, .STERADIAN. ) SOLID_ANGLE_UNIT ( ) );
#6221 = PLANE ( 'NONE',  #11724 ) ;
#6222 =( GEOMETRIC_REPRESENTATION_CONTEXT ( 3 ) GLOBAL_UNCERTAINTY_ASSIGNED_CONTEXT ( ( #1597 ) ) GLOBAL_UNIT_ASSIGNED_CONTEXT ( ( #8747, #6133, #10728 ) ) REPRESENTATION_CONTEXT ( 'NONE', 'WORKASPACE' ) );
#6223 = PLANE ( 'NONE',  #3885 ) ;
#6224 = ADVANCED_FACE ( 'NONE', ( #7845 ), #1365, .T. ) ;
#6225 = EDGE_LOOP ( 'NONE', ( #8482, #7973, #4780, #11633 ) ) ;
#6226 = CARTESIAN_POINT ( 'NONE',  ( 0.000000000000000000, 0.9000000000000005773, -1.674999999999999822 ) ) ;
#6227 = VERTEX_POINT ( 'NONE', #2228 ) ;
#6228 = CARTESIAN_POINT ( 'NONE',  ( 3.489999999999998437, -3.049999999999999822, -3.075000000000000178 ) ) ;
#6229 = ADVANCED_FACE ( 'NONE', ( #3285 ), #4100, .T. ) ;
#6230 = ORIENTED_EDGE ( 'NONE', *, *, #8650, .T. ) ;
#6231 = VECTOR ( 'NONE', #9836, 1000.000000000000000 ) ;
#6232 = ORIENTED_EDGE ( 'NONE', *, *, #9386, .T. ) ;
#6233 = CARTESIAN_POINT ( 'NONE',  ( -3.490000000000001990, 0.9000000000000005773, 3.715000000000003411 ) ) ;
#6234 = DIRECTION ( 'NONE',  ( -0.000000000000000000, -0.000000000000000000, -1.000000000000000000 ) ) ;
#6235 = EDGE_CURVE ( 'NONE', #10998, #4476, #5026, .T. ) ;
#6236 = PLANE ( 'NONE',  #393 ) ;
#6237 = VECTOR ( 'NONE', #10669, 1000.000000000000000 ) ;
#6238 = CARTESIAN_POINT ( 'NONE',  ( -11.89000000000000767, 1.870000000000000551, 0.4649999999999996914 ) ) ;
#6239 = DIRECTION ( 'NONE',  ( -1.000000000000000000, 0.000000000000000000, 0.000000000000000000 ) ) ;
#6240 = VERTEX_POINT ( 'NONE', #2288 ) ;
#6241 = DIRECTION ( 'NONE',  ( 1.000000000000000000, 0.000000000000000000, 0.000000000000000000 ) ) ;
#6242 = EDGE_CURVE ( 'NONE', #11480, #4402, #8837, .T. ) ;
#6243 = ORIENTED_EDGE ( 'NONE', *, *, #3820, .F. ) ;
#6244 = CIRCLE ( 'NONE', #10022, 0.1999999999999953204 ) ;
#6245 = DIRECTION ( 'NONE',  ( -0.000000000000000000, 0.000000000000000000, 1.000000000000000000 ) ) ;
#6246 = ORIENTED_EDGE ( 'NONE', *, *, #6999, .T. ) ;
#6247 = DIRECTION ( 'NONE',  ( 0.3892816206350259711, -0.8348171294789868968, -0.3892816206350259711 ) ) ;
#6248 = ORIENTED_EDGE ( 'NONE', *, *, #6461, .F. ) ;
#6249 = ORIENTED_EDGE ( 'NONE', *, *, #1037, .F. ) ;
#6250 = CYLINDRICAL_SURFACE ( 'NONE', #10759, 0.1999999999999953204 ) ;
#6251 = DIRECTION ( 'NONE',  ( -0.000000000000000000, -0.000000000000000000, 1.000000000000000000 ) ) ;
#6252 = CARTESIAN_POINT ( 'NONE',  ( -8.570000000000002061, -2.717601427321017837, -3.075000000000000178 ) ) ;
#6253 = CARTESIAN_POINT ( 'NONE',  ( -9.749999999999998224, 1.870000000000000551, 0.4649999999999996914 ) ) ;
#6254 = DIRECTION ( 'NONE',  ( 0.000000000000000000, 1.000000000000000000, 0.000000000000000000 ) ) ;
#6255 = VECTOR ( 'NONE', #2745, 1000.000000000000000 ) ;
#6256 = EDGE_LOOP ( 'NONE', ( #5684, #8297, #3555, #47 ) ) ;
#6257 = EDGE_CURVE ( 'NONE', #7040, #989, #5920, .T. ) ;
#6258 = PLANE ( 'NONE',  #3478 ) ;
#6259 = VECTOR ( 'NONE', #8395, 1000.000000000000000 ) ;
#6260 = ORIENTED_EDGE ( 'NONE', *, *, #10222, .T. ) ;
#6261 = EDGE_CURVE ( 'NONE', #325, #3176, #420, .T. ) ;
#6262 = CIRCLE ( 'NONE', #893, 0.1999999999999953204 ) ;
#6263 = DIRECTION ( 'NONE',  ( 0.000000000000000000, 0.000000000000000000, 1.000000000000000000 ) ) ;
#6264 = EDGE_LOOP ( 'NONE', ( #2296, #11273, #5884, #10089 ) ) ;
#6265 = LINE ( 'NONE', #8187, #5293 ) ;
#6266 = DIRECTION ( 'NONE',  ( -0.000000000000000000, -0.000000000000000000, -1.000000000000000000 ) ) ;
#6267 = EDGE_LOOP ( 'NONE', ( #9012, #8981, #9470, #11920 ) ) ;
#6268 = DIRECTION ( 'NONE',  ( 1.000000000000000000, 0.000000000000000000, -0.000000000000000000 ) ) ;
#6269 = DIRECTION ( 'NONE',  ( -1.000000000000000000, 0.000000000000000000, 0.000000000000000000 ) ) ;
#6270 = CYLINDRICAL_SURFACE ( 'NONE', #4516, 0.1800000000000013256 ) ;
#6271 = AXIS2_PLACEMENT_3D ( 'NONE', #10609, #1156, #9622 ) ;
#6272 = DIRECTION ( 'NONE',  ( 0.000000000000000000, 0.000000000000000000, -1.000000000000000000 ) ) ;
#6273 = CARTESIAN_POINT ( 'NONE',  ( 0.9499999999999977351, -2.717601427321017837, -3.714999999999999858 ) ) ;
#6274 = ORIENTED_EDGE ( 'NONE', *, *, #3293, .F. ) ;
#6275 = EDGE_CURVE ( 'NONE', #3355, #2771, #11560, .T. ) ;
#6276 = ORIENTED_EDGE ( 'NONE', *, *, #10522, .T. ) ;
#6277 = LINE ( 'NONE', #4327, #11992 ) ;
#6278 = AXIS2_PLACEMENT_3D ( 'NONE', #8953, #409, #9379 ) ;
#6279 = EDGE_LOOP ( 'NONE', ( #301, #6143 ) ) ;
#6280 = EDGE_CURVE ( 'NONE', #3391, #8594, #2671, .T. ) ;
#6281 = AXIS2_PLACEMENT_3D ( 'NONE', #1637, #1400, #11111 ) ;
#6282 = AXIS2_PLACEMENT_3D ( 'NONE', #9840, #7113, #11756 ) ;
#6283 = CARTESIAN_POINT ( 'NONE',  ( 8.724999999999999645, -2.174999999999998934, 3.715000000000003855 ) ) ;
#6284 = VECTOR ( 'NONE', #64, 1000.000000000000000 ) ;
#6285 = DIRECTION ( 'NONE',  ( 0.000000000000000000, 0.000000000000000000, -1.000000000000000000 ) ) ;
#6286 = PLANE ( 'NONE',  #5092 ) ;
#6287 = VERTEX_POINT ( 'NONE', #11799 ) ;
#6288 = ORIENTED_EDGE ( 'NONE', *, *, #4311, .F. ) ;
#6289 = CARTESIAN_POINT ( 'NONE',  ( 11.59500000000000064, 1.385000000000000897, 3.715000000000003411 ) ) ;
#6290 = AXIS2_PLACEMENT_3D ( 'NONE', #10023, #1488, #8910 ) ;
#6291 = ORIENTED_EDGE ( 'NONE', *, *, #5575, .T. ) ;
#6292 = ORIENTED_EDGE ( 'NONE', *, *, #7785, .F. ) ;
#6293 = CARTESIAN_POINT ( 'NONE',  ( -0.6100000000000012079, 0.5700000000000003952, -1.875000000000000000 ) ) ;
#6294 = VECTOR ( 'NONE', #11121, 1000.000000000000000 ) ;
#6295 = ORIENTED_EDGE ( 'NONE', *, *, #5146, .F. ) ;
#6296 = VECTOR ( 'NONE', #8924, 1000.000000000000227 ) ;
#6297 = EDGE_CURVE ( 'NONE', #9902, #4052, #11230, .T. ) ;
#6298 = VECTOR ( 'NONE', #2219, 1000.000000000000000 ) ;
#6299 = ORIENTED_EDGE ( 'NONE', *, *, #4828, .T. ) ;
#6300 = CARTESIAN_POINT ( 'NONE',  ( 14.63000000000000078, 0.5700000000000003952, -1.875000000000000000 ) ) ;
#6301 = VECTOR ( 'NONE', #6796, 1000.000000000000000 ) ;
#6302 = EDGE_LOOP ( 'NONE', ( #2327, #10282 ) ) ;
#6303 = EDGE_CURVE ( 'NONE', #11421, #2821, #6924, .T. ) ;
#6304 = CARTESIAN_POINT ( 'NONE',  ( -3.490000000000001990, 1.540000000000000480, 0.4649999999999996914 ) ) ;
#6305 = DIRECTION ( 'NONE',  ( -0.000000000000000000, -0.000000000000000000, 1.000000000000000000 ) ) ;
#6306 = FACE_OUTER_BOUND ( 'NONE', #6413, .T. ) ;
#6307 = MECHANICAL_DESIGN_GEOMETRIC_PRESENTATION_REPRESENTATION (  '', ( #2108 ), #7487 ) ;
#6308 = DIRECTION ( 'NONE',  ( -0.000000000000000000, -0.4226182617407006625, -0.9063077870366493816 ) ) ;
#6309 = ORIENTED_EDGE ( 'NONE', *, *, #10766, .T. ) ;
#6310 = CARTESIAN_POINT ( 'NONE',  ( -14.19301428469489323, 0.9969857153051095988, 3.590587964983398717 ) ) ;
#6311 = VERTEX_POINT ( 'NONE', #174 ) ;
#6312 = EDGE_CURVE ( 'NONE', #5809, #5173, #5249, .T. ) ;
#6313 = ORIENTED_EDGE ( 'NONE', *, *, #4304, .T. ) ;
#6314 = DIRECTION ( 'NONE',  ( 0.000000000000000000, 0.000000000000000000, 1.000000000000000000 ) ) ;
#6315 = AXIS2_PLACEMENT_3D ( 'NONE', #7435, #6574, #8368 ) ;
#6316 = EDGE_LOOP ( 'NONE', ( #7165, #8226 ) ) ;
#6317 = DIRECTION ( 'NONE',  ( 0.000000000000000000, 1.000000000000000000, -1.150347132610614786E-16 ) ) ;
#6318 = ORIENTED_EDGE ( 'NONE', *, *, #2814, .F. ) ;
#6319 = EDGE_CURVE ( 'NONE', #7732, #3574, #8152, .T. ) ;
#6320 = AXIS2_PLACEMENT_3D ( 'NONE', #7259, #11227, #8318 ) ;
#6321 = CARTESIAN_POINT ( 'NONE',  ( 22.86000000000000298, -3.049999999999999822, -4.336808689942017736E-16 ) ) ;
#6322 = PLANE ( 'NONE',  #3220 ) ;
#6323 = DIRECTION ( 'NONE',  ( -1.000000000000000000, 0.000000000000000000, 0.000000000000000000 ) ) ;
#6324 = CARTESIAN_POINT ( 'NONE',  ( -14.83000000000000007, 1.870000000000000551, -1.674999999999999822 ) ) ;
#6325 = LINE ( 'NONE', #2504, #3731 ) ;
#6326 = ORIENTED_EDGE ( 'NONE', *, *, #9245, .F. ) ;
#6327 = AXIS2_PLACEMENT_3D ( 'NONE', #7106, #6107, #6040 ) ;
#6328 = PLANE ( 'NONE',  #1681 ) ;
#6329 = VERTEX_POINT ( 'NONE', #9277 ) ;
#6330 = VECTOR ( 'NONE', #12267, 999.9999999999998863 ) ;
#6331 = VECTOR ( 'NONE', #1077, 1000.000000000000000 ) ;
#6332 = CARTESIAN_POINT ( 'NONE',  ( 15.24000000000000021, 1.385000000000000897, 3.715000000000003411 ) ) ;
#6333 = VERTEX_POINT ( 'NONE', #1421 ) ;
#6334 = ADVANCED_FACE ( 'NONE', ( #2540 ), #2597, .F. ) ;
#6335 = CARTESIAN_POINT ( 'NONE',  ( -13.11000000000000654, 0.5700000000000003952, 0.6649999999999998135 ) ) ;
#6336 = CARTESIAN_POINT ( 'NONE',  ( 11.75000000000000000, 1.540000000000000480, -1.674999999999999822 ) ) ;
#6337 = ORIENTED_EDGE ( 'NONE', *, *, #11836, .T. ) ;
#6338 = PLANE ( 'NONE',  #5595 ) ;
#6339 = SURFACE_SIDE_STYLE ('',( #11049 ) ) ;
#6340 = CARTESIAN_POINT ( 'NONE',  ( -13.65000000000000213, 1.540000000000000480, -1.674999999999999822 ) ) ;
#6341 = DIRECTION ( 'NONE',  ( -1.000000000000000000, 0.000000000000000000, 0.000000000000000000 ) ) ;
#6342 = LINE ( 'NONE', #1642, #10405 ) ;
#6343 = STYLED_ITEM ( 'NONE', ( #7047 ), #4596 ) ;
#6344 = VERTEX_POINT ( 'NONE', #3351 ) ;
#6345 = EDGE_CURVE ( 'NONE', #9205, #8164, #4344, .T. ) ;
#6346 = VECTOR ( 'NONE', #10983, 1000.000000000000000 ) ;
#6347 = ORIENTED_EDGE ( 'NONE', *, *, #10013, .T. ) ;
#6348 = CARTESIAN_POINT ( 'NONE',  ( 14.13499999999999979, -3.049999999999999822, -4.336808689942017736E-16 ) ) ;
#6349 = VECTOR ( 'NONE', #108, 1000.000000000000000 ) ;
#6350 = LINE ( 'NONE', #7089, #10225 ) ;
#6351 = FACE_OUTER_BOUND ( 'NONE', #1576, .T. ) ;
#6352 = ADVANCED_FACE ( 'NONE', ( #6362 ), #480, .F. ) ;
#6353 = UNCERTAINTY_MEASURE_WITH_UNIT (LENGTH_MEASURE( 1.000000000000000082E-05 ), #3173, 'distance_accuracy_value', 'NONE');
#6354 = CYLINDRICAL_SURFACE ( 'NONE', #7781, 0.1999999999999953204 ) ;
#6355 = CARTESIAN_POINT ( 'NONE',  ( 1.589999999999997637, 0.7200000000000000844, -3.074999999999999734 ) ) ;
#6356 = VERTEX_POINT ( 'NONE', #5219 ) ;
#6357 = CARTESIAN_POINT ( 'NONE',  ( 11.10999999999999943, 1.540000000000000480, 3.382601427321023646 ) ) ;
#6358 = CLOSED_SHELL ( 'NONE', ( #5175, #3850, #381, #1128, #475, #4430, #6818, #8030, #11942, #4968, #11745, #8559, #7216, #3323, #9202, #10782, #2997, #1032, #4259, #7173, #7691, #2570 ) ) ;
#6359 = ORIENTED_EDGE ( 'NONE', *, *, #9170, .F. ) ;
#6360 = EDGE_CURVE ( 'NONE', #11451, #5996, #8214, .T. ) ;
#6361 = DIRECTION ( 'NONE',  ( 0.000000000000000000, 0.000000000000000000, 1.000000000000000000 ) ) ;
#6362 = FACE_OUTER_BOUND ( 'NONE', #405, .T. ) ;
#6363 = AXIS2_PLACEMENT_3D ( 'NONE', #7646, #11427, #1659 ) ;
#6364 = ORIENTED_EDGE ( 'NONE', *, *, #11534, .T. ) ;
#6365 = ORIENTED_EDGE ( 'NONE', *, *, #8774, .F. ) ;
#6366 = PLANE ( 'NONE',  #3717 ) ;
#6367 = LINE ( 'NONE', #12113, #12022 ) ;
#6368 = CARTESIAN_POINT ( 'NONE',  ( 8.607012187167226713, 1.436334613170440644, -5.652012187167225754 ) ) ;
#6369 = EDGE_CURVE ( 'NONE', #3303, #9173, #6487, .T. ) ;
#6370 = LINE ( 'NONE', #557, #2543 ) ;
#6371 = CARTESIAN_POINT ( 'NONE',  ( -5.690000000000002167, 0.5700000000000003952, 0.6649999999999998135 ) ) ;
#6372 = VERTEX_POINT ( 'NONE', #7218 ) ;
#6373 = CARTESIAN_POINT ( 'NONE',  ( 4.270000000000003126, 0.5700000000000003952, 0.6649999999999998135 ) ) ;
#6374 = ORIENTED_EDGE ( 'NONE', *, *, #5892, .F. ) ;
#6375 = ADVANCED_FACE ( 'NONE', ( #10141 ), #9157, .F. ) ;
#6376 = VECTOR ( 'NONE', #4650, 1000.000000000000000 ) ;
#6377 = ORIENTED_EDGE ( 'NONE', *, *, #10450, .T. ) ;
#6378 = ORIENTED_EDGE ( 'NONE', *, *, #8322, .T. ) ;
#6379 = CARTESIAN_POINT ( 'NONE',  ( -6.030000000000002025, -2.717601427321017837, -3.714999999999999858 ) ) ;
#6380 = ORIENTED_EDGE ( 'NONE', *, *, #8098, .T. ) ;
#6381 = CARTESIAN_POINT ( 'NONE',  ( -9.210000000000002629, 0.9000000000000013545, 3.382601427321023646 ) ) ;
#6382 = CARTESIAN_POINT ( 'NONE',  ( 14.29000000000000092, 0.9000000000000005773, 3.382601427321023646 ) ) ;
#6383 = EDGE_CURVE ( 'NONE', #2410, #5421, #11981, .T. ) ;
#6384 = CARTESIAN_POINT ( 'NONE',  ( -6.632987812832774388, 1.436334613170440644, -1.137987812832773837 ) ) ;
#6385 = CARTESIAN_POINT ( 'NONE',  ( -10.77000000000000135, 0.5700000000000003952, -1.875000000000000000 ) ) ;
#6386 = PLANE ( 'NONE',  #347 ) ;
#6387 = ORIENTED_EDGE ( 'NONE', *, *, #5216, .F. ) ;
#6388 = VECTOR ( 'NONE', #3157, 1000.000000000000000 ) ;
#6389 = ADVANCED_FACE ( 'NONE', ( #4278 ), #8336, .F. ) ;
#6390 = ORIENTED_EDGE ( 'NONE', *, *, #7460, .T. ) ;
#6391 = FACE_OUTER_BOUND ( 'NONE', #8228, .T. ) ;
#6392 = LINE ( 'NONE', #3383, #9675 ) ;
#6393 = CARTESIAN_POINT ( 'NONE',  ( -4.130000000000001670, -3.049999999999999822, -3.075000000000000178 ) ) ;
#6394 = VECTOR ( 'NONE', #1401, 1000.000000000000000 ) ;
#6395 = PLANE ( 'NONE',  #9578 ) ;
#6396 = CARTESIAN_POINT ( 'NONE',  ( 12.70000000000000107, -3.049999999999999822, -3.559999999999999165 ) ) ;
#6397 = DIRECTION ( 'NONE',  ( 0.000000000000000000, 0.000000000000000000, 1.000000000000000000 ) ) ;
#6398 = LINE ( 'NONE', #11051, #3340 ) ;
#6399 = DIRECTION ( 'NONE',  ( 0.000000000000000000, 0.000000000000000000, 1.000000000000000000 ) ) ;
#6400 = ORIENTED_EDGE ( 'NONE', *, *, #10401, .T. ) ;
#6401 = EDGE_LOOP ( 'NONE', ( #1924, #5813, #6246, #2488 ) ) ;
#6402 = DIRECTION ( 'NONE',  ( 0.000000000000000000, 0.000000000000000000, 1.000000000000000000 ) ) ;
#6403 = ADVANCED_FACE ( 'NONE', ( #3469 ), #11865, .T. ) ;
#6404 = DIRECTION ( 'NONE',  ( 0.000000000000000000, 0.000000000000000000, 1.000000000000000000 ) ) ;
#6405 = CARTESIAN_POINT ( 'NONE',  ( 12.08999999999999986, 0.5700000000000003952, 0.6649999999999998135 ) ) ;
#6406 = PLANE ( 'NONE',  #3187 ) ;
#6407 = CARTESIAN_POINT ( 'NONE',  ( -5.690000000000002167, 0.5700000000000003952, 0.6649999999999998135 ) ) ;
#6408 = EDGE_LOOP ( 'NONE', ( #2985, #7084, #9746, #3435 ) ) ;
#6409 = PLANE ( 'NONE',  #6725 ) ;
#6410 = DIRECTION ( 'NONE',  ( -1.000000000000000000, 0.000000000000000000, 0.000000000000000000 ) ) ;
#6411 = ORIENTED_EDGE ( 'NONE', *, *, #2896, .F. ) ;
#6412 = CYLINDRICAL_SURFACE ( 'NONE', #3943, 0.1800000000000013256 ) ;
#6413 = EDGE_LOOP ( 'NONE', ( #9080, #1300 ) ) ;
#6414 = FACE_OUTER_BOUND ( 'NONE', #1607, .T. ) ;
#6415 = ORIENTED_EDGE ( 'NONE', *, *, #8060, .F. ) ;
#6416 = VERTEX_POINT ( 'NONE', #10016 ) ;
#6417 = VECTOR ( 'NONE', #7143, 1000.000000000000000 ) ;
#6418 = EDGE_CURVE ( 'NONE', #3831, #175, #9214, .T. ) ;
#6419 = DIRECTION ( 'NONE',  ( 0.000000000000000000, 0.000000000000000000, 1.000000000000000000 ) ) ;
#6420 = VERTEX_POINT ( 'NONE', #547 ) ;
#6421 = FACE_OUTER_BOUND ( 'NONE', #6256, .T. ) ;
#6422 = CARTESIAN_POINT ( 'NONE',  ( -3.490000000000001990, 0.9000000000000013545, 3.382601427321023646 ) ) ;
#6423 = CARTESIAN_POINT ( 'NONE',  ( -1.590000000000001190, 1.540000000000000480, 3.382601427321023646 ) ) ;
#6424 = CARTESIAN_POINT ( 'NONE',  ( -11.75000000000000178, 1.540000000000000480, 3.382601427321023646 ) ) ;
#6425 = DIRECTION ( 'NONE',  ( 0.000000000000000000, 0.000000000000000000, -1.000000000000000000 ) ) ;
#6426 = DIRECTION ( 'NONE',  ( 1.000000000000000000, 0.000000000000000000, 0.000000000000000000 ) ) ;
#6427 = VECTOR ( 'NONE', #3113, 1000.000000000000000 ) ;
#6428 = ORIENTED_EDGE ( 'NONE', *, *, #10006, .F. ) ;
#6429 = EDGE_CURVE ( 'NONE', #2114, #6344, #12051, .T. ) ;
#6430 = EDGE_LOOP ( 'NONE', ( #3074, #2110 ) ) ;
#6431 = ADVANCED_FACE ( 'NONE', ( #6414 ), #10196, .T. ) ;
#6432 = FACE_OUTER_BOUND ( 'NONE', #7687, .T. ) ;
#6433 = ORIENTED_EDGE ( 'NONE', *, *, #3739, .T. ) ;
#6434 = VECTOR ( 'NONE', #988, 1000.000000000000000 ) ;
#6435 = FACE_OUTER_BOUND ( 'NONE', #6142, .T. ) ;
#6436 = VERTEX_POINT ( 'NONE', #12106 ) ;
#6437 = EDGE_CURVE ( 'NONE', #1253, #5381, #7100, .T. ) ;
#6438 = PLANE ( 'NONE',  #10957 ) ;
#6439 = DIRECTION ( 'NONE',  ( -0.000000000000000000, -0.000000000000000000, 1.000000000000000000 ) ) ;
#6440 = DIRECTION ( 'NONE',  ( -0.3892816206350259711, -0.8348171294789868968, -0.3892816206350259711 ) ) ;
#6441 = DIRECTION ( 'NONE',  ( -0.000000000000000000, 0.000000000000000000, 1.000000000000000000 ) ) ;
#6442 = DIRECTION ( 'NONE',  ( -0.000000000000000000, -0.000000000000000000, -1.000000000000000000 ) ) ;
#6443 = VERTEX_POINT ( 'NONE', #9959 ) ;
#6444 = VECTOR ( 'NONE', #7811, 1000.000000000000000 ) ;
#6445 = ORIENTED_EDGE ( 'NONE', *, *, #3969, .F. ) ;
#6446 = ADVANCED_FACE ( 'NONE', ( #4706 ), #7461, .F. ) ;
#6447 = LINE ( 'NONE', #3689, #5271 ) ;
#6448 = ORIENTED_EDGE ( 'NONE', *, *, #9340, .F. ) ;
#6449 = DIRECTION ( 'NONE',  ( 0.9063077870366486044, -4.861577055822993677E-17, -0.4226182617407024389 ) ) ;
#6450 = CARTESIAN_POINT ( 'NONE',  ( 0.9499999999999977351, 1.540000000000000480, 3.382601427321023646 ) ) ;
#6451 = DIRECTION ( 'NONE',  ( 1.000000000000000000, 0.000000000000000000, 0.000000000000000000 ) ) ;
#6452 = AXIS2_PLACEMENT_3D ( 'NONE', #11754, #6990, #9838 ) ;
#6453 = DIRECTION ( 'NONE',  ( 0.000000000000000000, 1.000000000000000000, -1.150347132610614786E-16 ) ) ;
#6454 = EDGE_CURVE ( 'NONE', #10770, #9942, #927, .T. ) ;
#6455 = DIRECTION ( 'NONE',  ( -0.000000000000000000, -1.000000000000000000, 0.000000000000000000 ) ) ;
#6456 = PLANE ( 'NONE',  #659 ) ;
#6457 = ORIENTED_EDGE ( 'NONE', *, *, #362, .F. ) ;
#6458 = ORIENTED_EDGE ( 'NONE', *, *, #9221, .F. ) ;
#6459 = DIRECTION ( 'NONE',  ( -1.000000000000000000, 0.000000000000000000, 0.000000000000000000 ) ) ;
#6460 = VECTOR ( 'NONE', #9103, 1000.000000000000000 ) ;
#6461 = EDGE_CURVE ( 'NONE', #2870, #7033, #11250, .T. ) ;
#6462 = CARTESIAN_POINT ( 'NONE',  ( -1.493014284694891725, 0.9969857153051095988, 3.590587964983398717 ) ) ;
#6463 = ORIENTED_EDGE ( 'NONE', *, *, #2767, .T. ) ;
#6464 = CYLINDRICAL_SURFACE ( 'NONE', #4094, 0.1999999999999953204 ) ;
#6465 = AXIS2_PLACEMENT_3D ( 'NONE', #7387, #11177, #10246 ) ;
#6466 = LINE ( 'NONE', #10318, #7975 ) ;
#6467 = LINE ( 'NONE', #10188, #10657 ) ;
#6468 = ADVANCED_FACE ( 'NONE', ( #1904 ), #5650, .T. ) ;
#6469 = DIRECTION ( 'NONE',  ( 1.000000000000000000, 0.000000000000000000, 0.000000000000000000 ) ) ;
#6470 = LINE ( 'NONE', #2714, #9608 ) ;
#6471 = VECTOR ( 'NONE', #9203, 1000.000000000000000 ) ;
#6472 = ORIENTED_EDGE ( 'NONE', *, *, #11158, .T. ) ;
#6473 = ORIENTED_EDGE ( 'NONE', *, *, #4600, .F. ) ;
#6474 = DIRECTION ( 'NONE',  ( -0.000000000000000000, -0.000000000000000000, -1.000000000000000000 ) ) ;
#6475 = ORIENTED_EDGE ( 'NONE', *, *, #6429, .F. ) ;
#6476 = DIRECTION ( 'NONE',  ( -0.000000000000000000, -0.000000000000000000, -1.000000000000000000 ) ) ;
#6477 = ORIENTED_EDGE ( 'NONE', *, *, #6608, .T. ) ;
#6478 = CIRCLE ( 'NONE', #10830, 0.8200000000000012834 ) ;
#6479 = VECTOR ( 'NONE', #4113, 1000.000000000000000 ) ;
#6480 = VECTOR ( 'NONE', #1336, 1000.000000000000000 ) ;
#6481 = DIRECTION ( 'NONE',  ( -0.000000000000000000, -0.000000000000000000, -1.000000000000000000 ) ) ;
#6482 = ORIENTED_EDGE ( 'NONE', *, *, #4987, .F. ) ;
#6483 = PLANE ( 'NONE',  #1330 ) ;
#6484 = DIRECTION ( 'NONE',  ( -0.3892816206350259711, 0.8348171294789868968, -0.3892816206350259711 ) ) ;
#6485 = EDGE_CURVE ( 'NONE', #8489, #832, #991, .T. ) ;
#6486 = VECTOR ( 'NONE', #4591, 1000.000000000000000 ) ;
#6487 = CIRCLE ( 'NONE', #4644, 0.1999999999999953204 ) ;
#6488 = DIRECTION ( 'NONE',  ( -0.000000000000000000, 1.000000000000000000, 1.150347132610614786E-16 ) ) ;
#6489 = DIRECTION ( 'NONE',  ( -0.000000000000000000, 0.000000000000000000, -1.000000000000000000 ) ) ;
#6490 = FACE_OUTER_BOUND ( 'NONE', #530, .T. ) ;
#6491 = ORIENTED_EDGE ( 'NONE', *, *, #2685, .T. ) ;
#6492 = DIRECTION ( 'NONE',  ( 1.000000000000000000, 0.000000000000000000, 0.000000000000000000 ) ) ;
#6493 = EDGE_CURVE ( 'NONE', #7310, #2942, #10265, .T. ) ;
#6494 = VERTEX_POINT ( 'NONE', #4765 ) ;
#6495 = VECTOR ( 'NONE', #39, 1000.000000000000000 ) ;
#6496 = ORIENTED_EDGE ( 'NONE', *, *, #9734, .F. ) ;
#6497 = DIRECTION ( 'NONE',  ( -0.000000000000000000, -0.000000000000000000, 1.000000000000000000 ) ) ;
#6498 = EDGE_LOOP ( 'NONE', ( #4173, #7299, #11837, #63 ) ) ;
#6499 = CARTESIAN_POINT ( 'NONE',  ( -13.65000000000000213, 0.9000000000000005773, -2.894999999999997797 ) ) ;
#6500 = ORIENTED_EDGE ( 'NONE', *, *, #2049, .F. ) ;
#6501 = ADVANCED_FACE ( 'NONE', ( #10328 ), #861, .F. ) ;
#6502 = CARTESIAN_POINT ( 'NONE',  ( -15.24000000000000199, 0.000000000000000000, 0.4649999999999996914 ) ) ;
#6503 = DIRECTION ( 'NONE',  ( -1.000000000000000000, 0.000000000000000000, 0.000000000000000000 ) ) ;
#6504 = DIRECTION ( 'NONE',  ( -0.000000000000000000, -1.000000000000000000, 1.150347132610614786E-16 ) ) ;
#6505 = AXIS2_PLACEMENT_3D ( 'NONE', #1963, #2019, #5771 ) ;
#6506 = FACE_OUTER_BOUND ( 'NONE', #12016, .T. ) ;
#6507 = CARTESIAN_POINT ( 'NONE',  ( 14.29000000000000092, 0.9000000000000005773, 3.382601427321023646 ) ) ;
#6508 = ORIENTED_EDGE ( 'NONE', *, *, #7203, .F. ) ;
#6509 = EDGE_CURVE ( 'NONE', #3944, #4656, #8521, .T. ) ;
#6510 = ORIENTED_EDGE ( 'NONE', *, *, #1452, .T. ) ;
#6511 = AXIS2_PLACEMENT_3D ( 'NONE', #4866, #6001, #6060 ) ;
#6512 = AXIS2_PLACEMENT_3D ( 'NONE', #1345, #9939, #5964 ) ;
#6513 = LINE ( 'NONE', #9309, #11029 ) ;
#6514 = ORIENTED_EDGE ( 'NONE', *, *, #1199, .T. ) ;
#6515 = DIRECTION ( 'NONE',  ( -0.000000000000000000, -0.000000000000000000, 1.000000000000000000 ) ) ;
#6516 = FACE_OUTER_BOUND ( 'NONE', #6556, .T. ) ;
#6517 = DIRECTION ( 'NONE',  ( -0.3892816206350239172, 0.3892816206350261377, 0.8348171294789875629 ) ) ;
#6518 = DIRECTION ( 'NONE',  ( 0.000000000000000000, 0.000000000000000000, 1.000000000000000000 ) ) ;
#6519 = DIRECTION ( 'NONE',  ( 0.000000000000000000, 0.000000000000000000, -1.000000000000000000 ) ) ;
#6520 = FACE_OUTER_BOUND ( 'NONE', #2141, .T. ) ;
#6521 = ORIENTED_EDGE ( 'NONE', *, *, #716, .T. ) ;
#6522 = ADVANCED_FACE ( 'NONE', ( #5534 ), #5779, .T. ) ;
#6523 = VERTEX_POINT ( 'NONE', #6600 ) ;
#6524 = CARTESIAN_POINT ( 'NONE',  ( -7.209999999999999076, 1.870000000000000551, 0.6649999999999998135 ) ) ;
#6525 = AXIS2_PLACEMENT_3D ( 'NONE', #3249, #8807, #8748 ) ;
#6526 = ADVANCED_FACE ( 'NONE', ( #1785 ), #2651, .T. ) ;
#6527 = DIRECTION ( 'NONE',  ( 0.000000000000000000, 0.000000000000000000, 1.000000000000000000 ) ) ;
#6528 =( LENGTH_UNIT ( ) NAMED_UNIT ( * ) SI_UNIT ( .MILLI., .METRE. ) );
#6529 = FACE_BOUND ( 'NONE', #8805, .T. ) ;
#6530 = AXIS2_PLACEMENT_3D ( 'NONE', #10221, #701, #12008 ) ;
#6531 = FACE_OUTER_BOUND ( 'NONE', #8094, .T. ) ;
#6532 = FACE_OUTER_BOUND ( 'NONE', #11664, .T. ) ;
#6533 = AXIS2_PLACEMENT_3D ( 'NONE', #7984, #6938, #10721 ) ;
#6534 = EDGE_LOOP ( 'NONE', ( #11281, #8786, #9729, #8920 ) ) ;
#6535 = PLANE ( 'NONE',  #12054 ) ;
#6536 = LINE ( 'NONE', #12102, #8216 ) ;
#6537 = ORIENTED_EDGE ( 'NONE', *, *, #5757, .T. ) ;
#6539 = EDGE_CURVE ( 'NONE', #5159, #6420, #6661, .T. ) ;
#6538 = CARTESIAN_POINT ( 'NONE',  ( 7.009999999999998899, 0.5700000000000003952, -1.875000000000000000 ) ) ;
#6540 = ORIENTED_EDGE ( 'NONE', *, *, #263, .T. ) ;
#6541 = DIRECTION ( 'NONE',  ( 0.000000000000000000, -1.000000000000000000, 0.000000000000000000 ) ) ;
#6542 = AXIS2_PLACEMENT_3D ( 'NONE', #9180, #635, #4426 ) ;
#6543 = EDGE_CURVE ( 'NONE', #10692, #10179, #10385, .T. ) ;
#6544 = DIRECTION ( 'NONE',  ( 1.000000000000000000, 0.000000000000000000, 0.000000000000000000 ) ) ;
#6545 = CIRCLE ( 'NONE', #5540, 0.1999999999999953204 ) ;
#6546 = VECTOR ( 'NONE', #2558, 1000.000000000000000 ) ;
#6547 = ORIENTED_EDGE ( 'NONE', *, *, #3929, .T. ) ;
#6548 = DIRECTION ( 'NONE',  ( -1.000000000000000000, 0.000000000000000000, 0.000000000000000000 ) ) ;
#6549 = LINE ( 'NONE', #749, #1890 ) ;
#6550 =( GEOMETRIC_REPRESENTATION_CONTEXT ( 3 ) GLOBAL_UNCERTAINTY_ASSIGNED_CONTEXT ( ( #8205 ) ) GLOBAL_UNIT_ASSIGNED_CONTEXT ( ( #4098, #1296, #11741 ) ) REPRESENTATION_CONTEXT ( 'NONE', 'WORKASPACE' ) );
#6551 = DIRECTION ( 'NONE',  ( -1.000000000000000000, 0.000000000000000000, 0.000000000000000000 ) ) ;
#6552 = FACE_OUTER_BOUND ( 'NONE', #6213, .T. ) ;
#6553 = DIRECTION ( 'NONE',  ( 0.000000000000000000, 0.000000000000000000, 1.000000000000000000 ) ) ;
#6554 = ORIENTED_EDGE ( 'NONE', *, *, #4792, .F. ) ;
#6555 = FACE_OUTER_BOUND ( 'NONE', #8209, .T. ) ;
#6556 = EDGE_LOOP ( 'NONE', ( #1502, #6326, #11916, #3919 ) ) ;
#6557 = DIRECTION ( 'NONE',  ( 1.000000000000000000, 0.000000000000000000, 0.000000000000000000 ) ) ;
#6558 = EDGE_CURVE ( 'NONE', #5701, #765, #8455, .T. ) ;
#6559 = ORIENTED_EDGE ( 'NONE', *, *, #6698, .F. ) ;
#6560 = ORIENTED_EDGE ( 'NONE', *, *, #8943, .T. ) ;
#6561 = DIRECTION ( 'NONE',  ( 1.000000000000000000, 0.000000000000000000, -0.000000000000000000 ) ) ;
#6562 = EDGE_CURVE ( 'NONE', #1736, #411, #3776, .T. ) ;
#6563 = ORIENTED_EDGE ( 'NONE', *, *, #7827, .T. ) ;
#6564 = LINE ( 'NONE', #6502, #7968 ) ;
#6565 = CARTESIAN_POINT ( 'NONE',  ( -1.435000000000000497, -3.049999999999999822, -4.336808689942017736E-16 ) ) ;
#6566 = DIRECTION ( 'NONE',  ( -0.000000000000000000, -1.000000000000000000, 0.000000000000000000 ) ) ;
#6567 = DIRECTION ( 'NONE',  ( 0.000000000000000000, -0.000000000000000000, -1.000000000000000000 ) ) ;
#6568 = DIRECTION ( 'NONE',  ( -1.000000000000000000, 0.000000000000000000, 0.000000000000000000 ) ) ;
#6569 = EDGE_LOOP ( 'NONE', ( #3038, #10697 ) ) ;
#6570 = ORIENTED_EDGE ( 'NONE', *, *, #2525, .F. ) ;
#6571 = LINE ( 'NONE', #709, #7865 ) ;
#6572 = EDGE_CURVE ( 'NONE', #11175, #3757, #4827, .T. ) ;
#6573 = EDGE_LOOP ( 'NONE', ( #1091, #53, #12029, #12296 ) ) ;
#6574 = DIRECTION ( 'NONE',  ( 1.000000000000000000, 0.000000000000000000, -0.000000000000000000 ) ) ;
#6575 = LINE ( 'NONE', #2004, #3594 ) ;
#6576 = DIRECTION ( 'NONE',  ( 1.000000000000000000, 0.000000000000000000, 0.000000000000000000 ) ) ;
#6577 = CARTESIAN_POINT ( 'NONE',  ( 6.029999999999998472, -2.717601427321017837, -3.714999999999999858 ) ) ;
#6578 = VECTOR ( 'NONE', #4028, 1000.000000000000000 ) ;
#6579 = CARTESIAN_POINT ( 'NONE',  ( 4.129999999999998117, 0.7200000000000001954, -3.714999999999999414 ) ) ;
#6580 = ORIENTED_EDGE ( 'NONE', *, *, #10135, .T. ) ;
#6581 = ORIENTED_EDGE ( 'NONE', *, *, #5151, .T. ) ;
#6582 = CARTESIAN_POINT ( 'NONE',  ( 11.10999999999999943, 0.9000000000000005773, 0.4649999999999996914 ) ) ;
#6583 = ORIENTED_EDGE ( 'NONE', *, *, #8016, .T. ) ;
#6584 = EDGE_CURVE ( 'NONE', #9813, #9156, #3591, .T. ) ;
#6585 = VECTOR ( 'NONE', #3740, 1000.000000000000000 ) ;
#6586 = VECTOR ( 'NONE', #10865, 1000.000000000000000 ) ;
#6587 = LINE ( 'NONE', #6462, #2473 ) ;
#6588 = EDGE_CURVE ( 'NONE', #11395, #5926, #12164, .T. ) ;
#6589 = FACE_BOUND ( 'NONE', #12248, .T. ) ;
#6590 = CARTESIAN_POINT ( 'NONE',  ( -11.11000000000000121, -2.717601427321017837, -3.075000000000000178 ) ) ;
#6591 = CARTESIAN_POINT ( 'NONE',  ( -5.889999999999997904, 0.5700000000000003952, -1.875000000000000000 ) ) ;
#6592 = VERTEX_POINT ( 'NONE', #3716 ) ;
#6593 = DIRECTION ( 'NONE',  ( 0.000000000000000000, -1.000000000000000000, 1.150347132610614786E-16 ) ) ;
#6594 = DIRECTION ( 'NONE',  ( 0.000000000000000000, 1.150347132610614786E-16, -1.000000000000000000 ) ) ;
#6595 = EDGE_CURVE ( 'NONE', #7693, #5159, #1228, .T. ) ;
#6596 = EDGE_LOOP ( 'NONE', ( #279, #5165, #3945, #121 ) ) ;
#6597 = EDGE_CURVE ( 'NONE', #11092, #4201, #6026, .T. ) ;
#6598 = LINE ( 'NONE', #9450, #10512 ) ;
#6599 = AXIS2_PLACEMENT_3D ( 'NONE', #6704, #10485, #5878 ) ;
#6600 = CARTESIAN_POINT ( 'NONE',  ( -11.11000000000000121, -2.717601427321017837, -3.075000000000000178 ) ) ;
#6601 = EDGE_CURVE ( 'NONE', #5517, #680, #9814, .T. ) ;
#6602 = CARTESIAN_POINT ( 'NONE',  ( 0.000000000000000000, 0.9000000000000005773, 0.4649999999999996914 ) ) ;
#6603 = VECTOR ( 'NONE', #3126, 1000.000000000000000 ) ;
#6604 = ORIENTED_EDGE ( 'NONE', *, *, #514, .T. ) ;
#6605 = DIRECTION ( 'NONE',  ( 0.000000000000000000, 0.000000000000000000, -1.000000000000000000 ) ) ;
#6606 = CARTESIAN_POINT ( 'NONE',  ( 5.689999999999996838, 1.870000000000000551, -1.875000000000000000 ) ) ;
#6607 = CARTESIAN_POINT ( 'NONE',  ( 8.570000000000000284, -3.049999999999999822, -3.075000000000000178 ) ) ;
#6608 = EDGE_CURVE ( 'NONE', #7712, #989, #5839, .T. ) ;
#6609 = CARTESIAN_POINT ( 'NONE',  ( 1.589999999999997637, 0.7200000000000008615, -3.074999999999999734 ) ) ;
#6610 = LINE ( 'NONE', #10395, #8833 ) ;
#6611 = ORIENTED_EDGE ( 'NONE', *, *, #12257, .F. ) ;
#6612 = DIRECTION ( 'NONE',  ( 0.000000000000000000, 0.000000000000000000, 1.000000000000000000 ) ) ;
#6613 = ORIENTED_EDGE ( 'NONE', *, *, #7543, .F. ) ;
#6614 = CARTESIAN_POINT ( 'NONE',  ( -13.65000000000000213, -3.049999999999999822, -3.075000000000000178 ) ) ;
#6615 = AXIS2_PLACEMENT_3D ( 'NONE', #9695, #5200, #5962 ) ;
#6616 = ORIENTED_EDGE ( 'NONE', *, *, #9943, .F. ) ;
#6617 = ADVANCED_FACE ( 'NONE', ( #5969 ), #4084, .F. ) ;
#6618 = PLANE ( 'NONE',  #4309 ) ;
#6619 = VERTEX_POINT ( 'NONE', #11552 ) ;
#6620 = CARTESIAN_POINT ( 'NONE',  ( 25.40000000000000213, -2.174999999999998934, 3.715000000000003855 ) ) ;
#6621 = ORIENTED_EDGE ( 'NONE', *, *, #7772, .F. ) ;
#6622 = ORIENTED_EDGE ( 'NONE', *, *, #12123, .T. ) ;
#6623 = DIRECTION ( 'NONE',  ( 0.000000000000000000, 0.000000000000000000, 1.000000000000000000 ) ) ;
#6624 = AXIS2_PLACEMENT_3D ( 'NONE', #3925, #7742, #6869 ) ;
#6625 = PLANE ( 'NONE',  #1054 ) ;
#6626 = ADVANCED_FACE ( 'NONE', ( #10568 ), #2275, .T. ) ;
#6627 = SURFACE_SIDE_STYLE ('',( #2797 ) ) ;
#6628 = DIRECTION ( 'NONE',  ( 0.000000000000000000, 0.000000000000000000, 1.000000000000000000 ) ) ;
#6629 = DIRECTION ( 'NONE',  ( 1.000000000000000000, 0.000000000000000000, -0.000000000000000000 ) ) ;
#6630 = ORIENTED_EDGE ( 'NONE', *, *, #6744, .T. ) ;
#6631 = ORIENTED_EDGE ( 'NONE', *, *, #80, .T. ) ;
#6632 = CIRCLE ( 'NONE', #3423, 0.1999999999999953204 ) ;
#6633 = DIRECTION ( 'NONE',  ( -0.000000000000000000, -0.000000000000000000, 1.000000000000000000 ) ) ;
#6634 = ORIENTED_EDGE ( 'NONE', *, *, #7031, .T. ) ;
#6635 = DIRECTION ( 'NONE',  ( 0.000000000000000000, -0.000000000000000000, 1.000000000000000000 ) ) ;
#6636 = LINE ( 'NONE', #5755, #1809 ) ;
#6637 = CARTESIAN_POINT ( 'NONE',  ( 9.209999999999999076, 1.540000000000000480, 0.4649999999999996914 ) ) ;
#6638 = EDGE_CURVE ( 'NONE', #8472, #8779, #11610, .T. ) ;
#6639 = CARTESIAN_POINT ( 'NONE',  ( 14.29000000000000092, -3.049999999999999822, -3.075000000000000178 ) ) ;
#6640 = CARTESIAN_POINT ( 'NONE',  ( 13.65000000000000036, 0.9000000000000005773, -1.674999999999999822 ) ) ;
#6641 = VECTOR ( 'NONE', #7322, 1000.000000000000000 ) ;
#6642 = ORIENTED_EDGE ( 'NONE', *, *, #5029, .F. ) ;
#6643 = EDGE_LOOP ( 'NONE', ( #2230, #5860, #9562, #10011 ) ) ;
#6644 = CARTESIAN_POINT ( 'NONE',  ( -9.350000000000006750, 1.870000000000000551, 0.6649999999999998135 ) ) ;
#6645 = ADVANCED_FACE ( 'NONE', ( #4022 ), #7897, .T. ) ;
#6646 = VERTEX_POINT ( 'NONE', #10625 ) ;
#6647 = AXIS2_PLACEMENT_3D ( 'NONE', #1574, #9122, #2375 ) ;
#6648 = DIRECTION ( 'NONE',  ( 0.9063077870366486044, -4.861577055822993677E-17, -0.4226182617407024389 ) ) ;
#6649 = ORIENTED_EDGE ( 'NONE', *, *, #731, .T. ) ;
#6650 = DIRECTION ( 'NONE',  ( -1.000000000000000000, 0.000000000000000000, 0.000000000000000000 ) ) ;
#6651 = FACE_OUTER_BOUND ( 'NONE', #2979, .T. ) ;
#6652 = CARTESIAN_POINT ( 'NONE',  ( 5.689999999999996838, 1.870000000000000551, 0.6649999999999998135 ) ) ;
#6653 = DIRECTION ( 'NONE',  ( 0.000000000000000000, 0.000000000000000000, 1.000000000000000000 ) ) ;
#6654 = EDGE_LOOP ( 'NONE', ( #1260, #11034, #7648, #6712 ) ) ;
#6655 = CARTESIAN_POINT ( 'NONE',  ( -8.230000000000000426, 0.5700000000000003952, 0.6649999999999998135 ) ) ;
#6656 = EDGE_CURVE ( 'NONE', #8477, #2870, #6969, .T. ) ;
#6657 = CYLINDRICAL_SURFACE ( 'NONE', #10198, 0.1800000000000013256 ) ;
#6658 = ORIENTED_EDGE ( 'NONE', *, *, #7443, .F. ) ;
#6659 = ORIENTED_EDGE ( 'NONE', *, *, #11612, .F. ) ;
#6660 = DIRECTION ( 'NONE',  ( 1.000000000000000000, 0.000000000000000000, 0.000000000000000000 ) ) ;
#6661 = LINE ( 'NONE', #7584, #9660 ) ;
#6662 = AXIS2_PLACEMENT_3D ( 'NONE', #11417, #9571, #7637 ) ;
#6663 = EDGE_CURVE ( 'NONE', #1665, #8813, #6091, .T. ) ;
#6664 = CIRCLE ( 'NONE', #5458, 0.1999999999999953204 ) ;
#6665 = ORIENTED_EDGE ( 'NONE', *, *, #3477, .F. ) ;
#6666 = DIRECTION ( 'NONE',  ( 0.000000000000000000, 0.000000000000000000, 1.000000000000000000 ) ) ;
#6667 = ORIENTED_EDGE ( 'NONE', *, *, #2344, .F. ) ;
#6668 = VECTOR ( 'NONE', #2263, 1000.000000000000000 ) ;
#6669 = PLANE ( 'NONE',  #7373 ) ;
#6670 = DIRECTION ( 'NONE',  ( -0.000000000000000000, -0.000000000000000000, -1.000000000000000000 ) ) ;
#6671 = LINE ( 'NONE', #4592, #6376 ) ;
#6672 = CARTESIAN_POINT ( 'NONE',  ( -3.490000000000001990, 0.9000000000000005773, 3.715000000000003411 ) ) ;
#6673 = VECTOR ( 'NONE', #3016, 1000.000000000000000 ) ;
#6674 = DIRECTION ( 'NONE',  ( 0.000000000000000000, 1.000000000000000000, 0.000000000000000000 ) ) ;
#6675 = EDGE_LOOP ( 'NONE', ( #11980, #3884, #4340, #2901 ) ) ;
#6676 = DIRECTION ( 'NONE',  ( 0.000000000000000000, 1.000000000000000000, 0.000000000000000000 ) ) ;
#6677 = EDGE_CURVE ( 'NONE', #6877, #5356, #4962, .T. ) ;
#6678 = DIRECTION ( 'NONE',  ( -0.000000000000000000, -0.000000000000000000, 1.000000000000000000 ) ) ;
#6679 = AXIS2_PLACEMENT_3D ( 'NONE', #1384, #3243, #6057 ) ;
#6680 = ORIENTED_EDGE ( 'NONE', *, *, #5902, .F. ) ;
#6681 = EDGE_CURVE ( 'NONE', #5553, #5763, #94, .T. ) ;
#6682 = DIRECTION ( 'NONE',  ( -0.000000000000000000, -0.000000000000000000, 1.000000000000000000 ) ) ;
#6683 = AXIS2_PLACEMENT_3D ( 'NONE', #9191, #522, #456 ) ;
#6684 = AXIS2_PLACEMENT_3D ( 'NONE', #689, #5485, #4475 ) ;
#6685 = ORIENTED_EDGE ( 'NONE', *, *, #4684, .T. ) ;
#6686 = CARTESIAN_POINT ( 'NONE',  ( -4.130000000000001670, -3.049999999999999822, -3.230000000000000870 ) ) ;
#6687 = ORIENTED_EDGE ( 'NONE', *, *, #3360, .F. ) ;
#6688 = LINE ( 'NONE', #12186, #2382 ) ;
#6689 = PRESENTATION_LAYER_ASSIGNMENT (  '', '', ( #11432 ) ) ;
#6690 = CARTESIAN_POINT ( 'NONE',  ( -4.669999999999999041, 1.870000000000000551, 0.6649999999999998135 ) ) ;
#6691 = CARTESIAN_POINT ( 'NONE',  ( 8.666985715305109750, 0.9969857153051095988, 3.590587964983398717 ) ) ;
#6692 = DIRECTION ( 'NONE',  ( 0.000000000000000000, 1.150347132610614786E-16, -1.000000000000000000 ) ) ;
#6693 = CARTESIAN_POINT ( 'NONE',  ( 11.75000000000000000, 1.540000000000000480, 0.4649999999999996914 ) ) ;
#6694 = ORIENTED_EDGE ( 'NONE', *, *, #6597, .F. ) ;
#6695 = ADVANCED_FACE ( 'NONE', ( #7771 ), #2216, .F. ) ;
#6696 = AXIS2_PLACEMENT_3D ( 'NONE', #6866, #12142, #7852 ) ;
#6697 = ORIENTED_EDGE ( 'NONE', *, *, #6461, .T. ) ;
#6698 = EDGE_CURVE ( 'NONE', #3131, #2507, #8768, .T. ) ;
#6699 = AXIS2_PLACEMENT_3D ( 'NONE', #10878, #5338, #11181 ) ;
#6700 = LINE ( 'NONE', #1941, #2487 ) ;
#6701 = ORIENTED_EDGE ( 'NONE', *, *, #7275, .T. ) ;
#6702 = FACE_OUTER_BOUND ( 'NONE', #8349, .T. ) ;
#6703 = ORIENTED_EDGE ( 'NONE', *, *, #2482, .F. ) ;
#6704 = CARTESIAN_POINT ( 'NONE',  ( -7.010000000000004228, 1.870000000000000551, 0.4649999999999996914 ) ) ;
#6705 = DIRECTION ( 'NONE',  ( -0.000000000000000000, 1.000000000000000000, 1.150347132610614786E-16 ) ) ;
#6706 = DIRECTION ( 'NONE',  ( -0.000000000000000000, -1.000000000000000000, 1.150347132610614786E-16 ) ) ;
#6707 = DIRECTION ( 'NONE',  ( -0.000000000000000000, -0.000000000000000000, -1.000000000000000000 ) ) ;
#6708 = ORIENTED_EDGE ( 'NONE', *, *, #5850, .T. ) ;
#6709 = VECTOR ( 'NONE', #7315, 1000.000000000000000 ) ;
#6710 = VERTEX_POINT ( 'NONE', #11494 ) ;
#6711 = LINE ( 'NONE', #4693, #2661 ) ;
#6712 = ORIENTED_EDGE ( 'NONE', *, *, #1050, .F. ) ;
#6713 = VECTOR ( 'NONE', #7988, 1000.000000000000000 ) ;
#6714 = EDGE_CURVE ( 'NONE', #2630, #7115, #9758, .T. ) ;
#6715 = DIRECTION ( 'NONE',  ( -1.000000000000000000, 0.000000000000000000, 0.000000000000000000 ) ) ;
#6716 = VERTEX_POINT ( 'NONE', #2024 ) ;
#6717 = CARTESIAN_POINT ( 'NONE',  ( 14.82999999999999652, 0.5700000000000003952, 0.6649999999999998135 ) ) ;
#6718 = FACE_BOUND ( 'NONE', #9969, .T. ) ;
#6719 = AXIS2_PLACEMENT_3D ( 'NONE', #504, #9045, #12112 ) ;
#6720 = LINE ( 'NONE', #3824, #3396 ) ;
#6721 = EDGE_CURVE ( 'NONE', #8452, #8211, #3090, .T. ) ;
#6722 = LINE ( 'NONE', #10504, #7096 ) ;
#6723 = DIRECTION ( 'NONE',  ( 1.000000000000000000, 0.000000000000000000, -0.000000000000000000 ) ) ;
#6724 = DIRECTION ( 'NONE',  ( -0.000000000000000000, -0.000000000000000000, -1.000000000000000000 ) ) ;
#6725 = AXIS2_PLACEMENT_3D ( 'NONE', #6174, #800, #9270 ) ;
#6726 = ORIENTED_EDGE ( 'NONE', *, *, #3913, .T. ) ;
#6727 = LINE ( 'NONE', #9577, #9116 ) ;
#6728 = CIRCLE ( 'NONE', #1335, 0.1999999999999953204 ) ;
#6729 = CARTESIAN_POINT ( 'NONE',  ( -0.4100000000000059708, 0.5700000000000003952, 0.6649999999999998135 ) ) ;
#6730 = EDGE_CURVE ( 'NONE', #7669, #4798, #1110, .T. ) ;
#6731 = VECTOR ( 'NONE', #11656, 999.9999999999998863 ) ;
#6732 = ORIENTED_EDGE ( 'NONE', *, *, #8016, .F. ) ;
#6733 = DIRECTION ( 'NONE',  ( -0.000000000000000000, -0.000000000000000000, -1.000000000000000000 ) ) ;
#6734 = PLANE ( 'NONE',  #2984 ) ;
#6735 = ADVANCED_FACE ( 'NONE', ( #10691 ), #2454, .T. ) ;
#6736 = DIRECTION ( 'NONE',  ( -0.000000000000000000, 1.000000000000000000, 1.150347132610614786E-16 ) ) ;
#6737 = CARTESIAN_POINT ( 'NONE',  ( -13.65000000000000213, -3.049999999999999822, -3.075000000000000178 ) ) ;
#6738 = DIRECTION ( 'NONE',  ( 1.000000000000000000, 0.000000000000000000, -0.000000000000000000 ) ) ;
#6739 = CARTESIAN_POINT ( 'NONE',  ( 14.29000000000000092, 0.9000000000000005773, 3.382601427321023646 ) ) ;
#6740 = EDGE_LOOP ( 'NONE', ( #5837, #3991, #9297, #12067 ) ) ;
#6741 = DIRECTION ( 'NONE',  ( 1.000000000000000000, 0.000000000000000000, -0.000000000000000000 ) ) ;
#6742 = AXIS2_PLACEMENT_3D ( 'NONE', #2931, #7682, #9603 ) ;
#6743 = CIRCLE ( 'NONE', #735, 0.1800000000000013256 ) ;
#6744 = EDGE_CURVE ( 'NONE', #7475, #8938, #9076, .T. ) ;
#6745 = VERTEX_POINT ( 'NONE', #10002 ) ;
#6746 = VERTEX_POINT ( 'NONE', #6214 ) ;
#6747 = CARTESIAN_POINT ( 'NONE',  ( 14.43000000000000504, 0.5700000000000003952, 0.4649999999999996914 ) ) ;
#6748 = MECHANICAL_DESIGN_GEOMETRIC_PRESENTATION_REPRESENTATION (  '', ( #555 ), #6550 ) ;
#6749 = ORIENTED_EDGE ( 'NONE', *, *, #2756, .T. ) ;
#6750 = DIRECTION ( 'NONE',  ( 1.000000000000000000, 0.000000000000000000, 0.000000000000000000 ) ) ;
#6751 = ORIENTED_EDGE ( 'NONE', *, *, #7305, .T. ) ;
#6752 = EDGE_CURVE ( 'NONE', #9433, #9231, #1646, .T. ) ;
#6753 = DIRECTION ( 'NONE',  ( -0.000000000000000000, -0.000000000000000000, -1.000000000000000000 ) ) ;
#6754 = CARTESIAN_POINT ( 'NONE',  ( -12.28999999999999915, 1.870000000000000551, 0.6649999999999998135 ) ) ;
#6755 = CARTESIAN_POINT ( 'NONE',  ( -8.725000000000003197, -3.049999999999999822, -3.559999999999999165 ) ) ;
#6756 = DIRECTION ( 'NONE',  ( -1.000000000000000000, 0.000000000000000000, 0.000000000000000000 ) ) ;
#6757 = AXIS2_PLACEMENT_3D ( 'NONE', #1680, #5424, #11022 ) ;
#6758 = EDGE_CURVE ( 'NONE', #268, #469, #2491, .T. ) ;
#6759 = CARTESIAN_POINT ( 'NONE',  ( -13.97000000000000242, 0.7199999999999999734, -2.894999999999998241 ) ) ;
#6760 = EDGE_CURVE ( 'NONE', #1420, #10064, #590, .T. ) ;
#6761 = ORIENTED_EDGE ( 'NONE', *, *, #551, .T. ) ;
#6762 = PLANE ( 'NONE',  #11234 ) ;
#6763 = ORIENTED_EDGE ( 'NONE', *, *, #540, .F. ) ;
#6764 = ADVANCED_FACE ( 'NONE', ( #655 ), #2396, .F. ) ;
#6765 = LINE ( 'NONE', #5754, #7899 ) ;
#6766 = VERTEX_POINT ( 'NONE', #1591 ) ;
#6767 = CARTESIAN_POINT ( 'NONE',  ( 4.129999999999998117, 0.9000000000000005773, 3.715000000000003411 ) ) ;
#6768 = CARTESIAN_POINT ( 'NONE',  ( -4.372979553378578466, -7.643577671652601602, -5.372020446621423417 ) ) ;
#6769 = DIRECTION ( 'NONE',  ( 1.000000000000000000, 0.000000000000000000, 0.000000000000000000 ) ) ;
#6770 = LINE ( 'NONE', #10549, #1649 ) ;
#6771 = VERTEX_POINT ( 'NONE', #4447 ) ;
#6772 = EDGE_CURVE ( 'NONE', #6420, #10113, #7086, .T. ) ;
#6773 = ORIENTED_EDGE ( 'NONE', *, *, #6089, .T. ) ;
#6774 = CARTESIAN_POINT ( 'NONE',  ( -6.670000000000002593, -2.717601427321017837, -3.714999999999999858 ) ) ;
#6775 = ORIENTED_EDGE ( 'NONE', *, *, #5121, .F. ) ;
#6776 = FACE_OUTER_BOUND ( 'NONE', #3980, .T. ) ;
#6777 = EDGE_CURVE ( 'NONE', #866, #1812, #6277, .T. ) ;
#6778 = ORIENTED_EDGE ( 'NONE', *, *, #2422, .T. ) ;
#6779 = DIRECTION ( 'NONE',  ( 0.000000000000000000, -1.150347132610614786E-16, -1.000000000000000000 ) ) ;
#6780 = DIRECTION ( 'NONE',  ( 1.000000000000000000, 0.000000000000000000, 0.000000000000000000 ) ) ;
#6781 = DIRECTION ( 'NONE',  ( -0.000000000000000000, 0.000000000000000000, -1.000000000000000000 ) ) ;
#6782 = DIRECTION ( 'NONE',  ( -1.000000000000000000, 0.000000000000000000, 0.000000000000000000 ) ) ;
#6783 = ORIENTED_EDGE ( 'NONE', *, *, #6039, .F. ) ;
#6784 = DIRECTION ( 'NONE',  ( 1.000000000000000000, 0.000000000000000000, 0.000000000000000000 ) ) ;
#6785 = DIRECTION ( 'NONE',  ( 0.000000000000000000, 0.000000000000000000, 1.000000000000000000 ) ) ;
#6786 = ORIENTED_EDGE ( 'NONE', *, *, #10339, .F. ) ;
#6787 = EDGE_CURVE ( 'NONE', #11279, #2870, #12000, .T. ) ;
#6788 = AXIS2_PLACEMENT_3D ( 'NONE', #8912, #6046, #4980 ) ;
#6789 = DIRECTION ( 'NONE',  ( -0.000000000000000000, -0.000000000000000000, -1.000000000000000000 ) ) ;
#6790 = CIRCLE ( 'NONE', #10355, 0.1999999999999953204 ) ;
#6791 = CARTESIAN_POINT ( 'NONE',  ( 9.209999999999999076, 0.9000000000000005773, 3.715000000000003411 ) ) ;
#6792 = ORIENTED_EDGE ( 'NONE', *, *, #11692, .T. ) ;
#6793 = FACE_OUTER_BOUND ( 'NONE', #3353, .T. ) ;
#6794 = VERTEX_POINT ( 'NONE', #8260 ) ;
#6795 = FACE_OUTER_BOUND ( 'NONE', #6534, .T. ) ;
#6796 = DIRECTION ( 'NONE',  ( 1.000000000000000000, 0.000000000000000000, 0.000000000000000000 ) ) ;
#6797 = VECTOR ( 'NONE', #9149, 1000.000000000000000 ) ;
#6798 = DIRECTION ( 'NONE',  ( 0.000000000000000000, 1.000000000000000000, -1.150347132610614786E-16 ) ) ;
#6799 = LINE ( 'NONE', #1183, #2853 ) ;
#6800 = PLANE ( 'NONE',  #6080 ) ;
#6801 = ORIENTED_EDGE ( 'NONE', *, *, #11447, .F. ) ;
#6802 = EDGE_CURVE ( 'NONE', #8560, #7998, #11787, .T. ) ;
#6803 = VECTOR ( 'NONE', #7753, 1000.000000000000000 ) ;
#6804 = ORIENTED_EDGE ( 'NONE', *, *, #2545, .F. ) ;
#6805 = ORIENTED_EDGE ( 'NONE', *, *, #3382, .F. ) ;
#6806 = DIRECTION ( 'NONE',  ( -0.000000000000000000, -0.000000000000000000, -1.000000000000000000 ) ) ;
#6807 = VERTEX_POINT ( 'NONE', #10065 ) ;
#6808 = DIRECTION ( 'NONE',  ( 0.000000000000000000, 0.000000000000000000, -1.000000000000000000 ) ) ;
#6809 = ORIENTED_EDGE ( 'NONE', *, *, #9783, .F. ) ;
#6810 = LINE ( 'NONE', #10530, #2877 ) ;
#6811 = FACE_OUTER_BOUND ( 'NONE', #1031, .T. ) ;
#6812 = CARTESIAN_POINT ( 'NONE',  ( -1.590000000000001190, -3.049999999999999822, -3.230000000000000870 ) ) ;
#6813 = EDGE_CURVE ( 'NONE', #11134, #9321, #464, .T. ) ;
#6814 = LINE ( 'NONE', #1313, #1849 ) ;
#6815 = DIRECTION ( 'NONE',  ( 0.000000000000000000, 1.000000000000000000, 0.000000000000000000 ) ) ;
#6816 = EDGE_CURVE ( 'NONE', #3576, #6766, #9243, .T. ) ;
#6817 = VERTEX_POINT ( 'NONE', #3393 ) ;
#6818 = ADVANCED_FACE ( 'NONE', ( #4260 ), #11967, .F. ) ;
#6819 = AXIS2_PLACEMENT_3D ( 'NONE', #8848, #10591, #9601 ) ;
#6820 = FACE_OUTER_BOUND ( 'NONE', #2884, .T. ) ;
#6821 = ORIENTED_EDGE ( 'NONE', *, *, #8060, .T. ) ;
#6822 = DIRECTION ( 'NONE',  ( -0.000000000000000000, -1.000000000000000000, 1.150347132610614786E-16 ) ) ;
#6823 = ORIENTED_EDGE ( 'NONE', *, *, #4304, .F. ) ;
#6824 = FACE_BOUND ( 'NONE', #10767, .T. ) ;
#6825 = CARTESIAN_POINT ( 'NONE',  ( -4.130000000000001670, 0.7199999999999999734, -2.894999999999998241 ) ) ;
#6826 = EDGE_LOOP ( 'NONE', ( #7397, #3161, #10202, #8743 ) ) ;
#6827 = CARTESIAN_POINT ( 'NONE',  ( -1.590000000000001190, 0.7200000000000001954, -3.074999999999999734 ) ) ;
#6828 = LINE ( 'NONE', #4622, #8619 ) ;
#6829 = EDGE_LOOP ( 'NONE', ( #2208, #10890 ) ) ;
#6830 = DIRECTION ( 'NONE',  ( -1.000000000000000000, 0.000000000000000000, 0.000000000000000000 ) ) ;
#6831 = EDGE_CURVE ( 'NONE', #2233, #2305, #2342, .T. ) ;
#6832 = ORIENTED_EDGE ( 'NONE', *, *, #5786, .F. ) ;
#6833 = CARTESIAN_POINT ( 'NONE',  ( 6.669999999999999041, 1.540000000000000480, 0.4649999999999996914 ) ) ;
#6834 = EDGE_CURVE ( 'NONE', #10340, #7225, #8079, .T. ) ;
#6835 = ORIENTED_EDGE ( 'NONE', *, *, #658, .F. ) ;
#6836 = CARTESIAN_POINT ( 'NONE',  ( -7.010000000000004228, 1.870000000000000551, 0.6649999999999998135 ) ) ;
#6837 = DIRECTION ( 'NONE',  ( 1.000000000000000000, 0.000000000000000000, 0.000000000000000000 ) ) ;
#6838 = ORIENTED_EDGE ( 'NONE', *, *, #7640, .T. ) ;
#6839 = CARTESIAN_POINT ( 'NONE',  ( -8.570000000000002061, 0.9000000000000005773, 3.715000000000003411 ) ) ;
#6840 = AXIS2_PLACEMENT_3D ( 'NONE', #7957, #6211, #277 ) ;
#6841 = DIRECTION ( 'NONE',  ( 0.000000000000000000, 0.000000000000000000, 1.000000000000000000 ) ) ;
#6842 = EDGE_LOOP ( 'NONE', ( #10469, #3664, #67, #9087 ) ) ;
#6843 = DIRECTION ( 'NONE',  ( -0.3892816206350259711, -0.8348171294789868968, -0.3892816206350259711 ) ) ;
#6844 = CARTESIAN_POINT ( 'NONE',  ( 3.644999999999999130, -3.049999999999999822, -3.559999999999999165 ) ) ;
#6845 = ORIENTED_EDGE ( 'NONE', *, *, #1786, .T. ) ;
#6846 = DIRECTION ( 'NONE',  ( -0.000000000000000000, -1.000000000000000000, 0.000000000000000000 ) ) ;
#6847 = EDGE_CURVE ( 'NONE', #11069, #7778, #9142, .T. ) ;
#6848 = VECTOR ( 'NONE', #11475, 1000.000000000000000 ) ;
#6849 = FACE_OUTER_BOUND ( 'NONE', #11306, .T. ) ;
#6850 = LINE ( 'NONE', #864, #11295 ) ;
#6851 = CARTESIAN_POINT ( 'NONE',  ( 10.16000000000000014, -2.174999999999998934, 3.715000000000003855 ) ) ;
#6852 = CARTESIAN_POINT ( 'NONE',  ( 0.9499999999999977351, 0.7200000000000000844, -3.714999999999999414 ) ) ;
#6853 = VECTOR ( 'NONE', #10094, 1000.000000000000000 ) ;
#6854 = CARTESIAN_POINT ( 'NONE',  ( -4.130000000000001670, -3.049999999999999822, -3.075000000000000178 ) ) ;
#6855 = LINE ( 'NONE', #10636, #10030 ) ;
#6856 = LINE ( 'NONE', #9899, #5072 ) ;
#6857 = VECTOR ( 'NONE', #5148, 1000.000000000000000 ) ;
#6858 = ORIENTED_EDGE ( 'NONE', *, *, #10320, .T. ) ;
#6859 = VECTOR ( 'NONE', #5709, 1000.000000000000000 ) ;
#6860 = ADVANCED_FACE ( 'NONE', ( #9200 ), #12032, .T. ) ;
#6861 = ORIENTED_EDGE ( 'NONE', *, *, #11828, .T. ) ;
#6862 = CARTESIAN_POINT ( 'NONE',  ( 1.730000000000002425, 0.5700000000000003952, 0.6649999999999998135 ) ) ;
#6863 = ORIENTED_EDGE ( 'NONE', *, *, #8650, .F. ) ;
#6864 = LINE ( 'NONE', #2856, #7880 ) ;
#6865 = VERTEX_POINT ( 'NONE', #7630 ) ;
#6866 = CARTESIAN_POINT ( 'NONE',  ( 0.6099999999999959899, 1.870000000000000551, -1.875000000000000000 ) ) ;
#6867 = VECTOR ( 'NONE', #10115, 1000.000000000000000 ) ;
#6868 = CARTESIAN_POINT ( 'NONE',  ( -0.6100000000000012079, 0.5700000000000003952, 0.6649999999999998135 ) ) ;
#6869 = DIRECTION ( 'NONE',  ( 0.000000000000000000, -1.000000000000000000, -1.150347132610614786E-16 ) ) ;
#6870 = EDGE_CURVE ( 'NONE', #5375, #10998, #12093, .T. ) ;
#6871 = DIRECTION ( 'NONE',  ( 1.000000000000000000, 0.000000000000000000, 0.000000000000000000 ) ) ;
#6872 = DIRECTION ( 'NONE',  ( 1.000000000000000000, 0.000000000000000000, 0.000000000000000000 ) ) ;
#6873 = ORIENTED_EDGE ( 'NONE', *, *, #11594, .T. ) ;
#6874 = DIRECTION ( 'NONE',  ( 0.000000000000000000, -1.000000000000000000, 1.150347132610614786E-16 ) ) ;
#6875 = VECTOR ( 'NONE', #3703, 1000.000000000000000 ) ;
#6876 = CIRCLE ( 'NONE', #3272, 0.1999999999999953204 ) ;
#6877 = VERTEX_POINT ( 'NONE', #6582 ) ;
#6878 = AXIS2_PLACEMENT_3D ( 'NONE', #10096, #9168, #8291 ) ;
#6879 = EDGE_CURVE ( 'NONE', #3831, #10930, #7569, .T. ) ;
#6880 = CIRCLE ( 'NONE', #6679, 0.1999999999999953204 ) ;
#6881 = DIRECTION ( 'NONE',  ( -0.000000000000000000, 0.000000000000000000, -1.000000000000000000 ) ) ;
#6882 = VERTEX_POINT ( 'NONE', #9503 ) ;
#6883 = DIRECTION ( 'NONE',  ( 1.000000000000000000, 0.000000000000000000, 0.000000000000000000 ) ) ;
#6884 = FACE_BOUND ( 'NONE', #5936, .T. ) ;
#6885 = FILL_AREA_STYLE ('',( #3248 ) ) ;
#6886 = ADVANCED_FACE ( 'NONE', ( #7509 ), #2639, .F. ) ;
#6887 = CARTESIAN_POINT ( 'NONE',  ( -3.435516958615334460, -4.206925115746958710, -3.020516958615332648 ) ) ;
#6888 = LINE ( 'NONE', #2133, #1458 ) ;
#6889 = AXIS2_PLACEMENT_3D ( 'NONE', #9336, #9451, #3833 ) ;
#6890 = VERTEX_POINT ( 'NONE', #3760 ) ;
#6891 = LINE ( 'NONE', #5000, #9441 ) ;
#6892 = CIRCLE ( 'NONE', #1501, 0.1999999999999953204 ) ;
#6893 = ORIENTED_EDGE ( 'NONE', *, *, #8307, .F. ) ;
#6894 = VECTOR ( 'NONE', #920, 1000.000000000000000 ) ;
#6895 = CARTESIAN_POINT ( 'NONE',  ( -11.75000000000000178, 0.7199999999999999734, -2.894999999999998241 ) ) ;
#6896 = EDGE_LOOP ( 'NONE', ( #8315, #3791, #8000, #9961 ) ) ;
#6897 = ORIENTED_EDGE ( 'NONE', *, *, #9245, .T. ) ;
#6898 = FACE_OUTER_BOUND ( 'NONE', #4557, .T. ) ;
#6899 = DIRECTION ( 'NONE',  ( 0.000000000000000000, 0.000000000000000000, 1.000000000000000000 ) ) ;
#6900 = DIRECTION ( 'NONE',  ( 0.000000000000000000, -1.000000000000000000, -1.150347132610614786E-16 ) ) ;
#6901 = DIRECTION ( 'NONE',  ( -0.000000000000000000, -0.000000000000000000, -1.000000000000000000 ) ) ;
#6902 = EDGE_CURVE ( 'NONE', #1534, #8722, #3472, .T. ) ;
#6903 = VERTEX_POINT ( 'NONE', #4749 ) ;
#6904 = CARTESIAN_POINT ( 'NONE',  ( -4.130000000000001670, 1.540000000000000480, -2.894999999999997797 ) ) ;
#6905 = DIRECTION ( 'NONE',  ( -0.000000000000000000, -0.000000000000000000, -1.000000000000000000 ) ) ;
#6906 = ORIENTED_EDGE ( 'NONE', *, *, #11951, .T. ) ;
#6907 = DIRECTION ( 'NONE',  ( 0.000000000000000000, 0.000000000000000000, -1.000000000000000000 ) ) ;
#6908 = EDGE_CURVE ( 'NONE', #1206, #4703, #6664, .T. ) ;
#6909 = ORIENTED_EDGE ( 'NONE', *, *, #997, .T. ) ;
#6910 = VECTOR ( 'NONE', #8068, 1000.000000000000000 ) ;
#6911 = DIRECTION ( 'NONE',  ( 1.000000000000000000, 0.000000000000000000, -0.000000000000000000 ) ) ;
#6912 = EDGE_LOOP ( 'NONE', ( #11879, #10211, #2855, #12134 ) ) ;
#6913 = CARTESIAN_POINT ( 'NONE',  ( -11.75000000000000178, 0.9000000000000005773, 3.382601427321023646 ) ) ;
#6914 = VECTOR ( 'NONE', #8823, 1000.000000000000000 ) ;
#6915 = ORIENTED_EDGE ( 'NONE', *, *, #11984, .F. ) ;
#6916 = PLANE ( 'NONE',  #10148 ) ;
#6917 = CARTESIAN_POINT ( 'NONE',  ( -11.89000000000000767, 1.870000000000000551, 0.6649999999999998135 ) ) ;
#6918 = EDGE_CURVE ( 'NONE', #8658, #11163, #9322, .T. ) ;
#6919 = EDGE_CURVE ( 'NONE', #8469, #8138, #4626, .T. ) ;
#6920 = LINE ( 'NONE', #2225, #2355 ) ;
#6921 = AXIS2_PLACEMENT_3D ( 'NONE', #5032, #365, #6928 ) ;
#6922 = DIRECTION ( 'NONE',  ( -1.000000000000000000, 0.000000000000000000, 0.000000000000000000 ) ) ;
#6923 = VERTEX_POINT ( 'NONE', #10493 ) ;
#6924 = LINE ( 'NONE', #7783, #5686 ) ;
#6925 = EDGE_CURVE ( 'NONE', #12140, #6865, #6711, .T. ) ;
#6926 = CIRCLE ( 'NONE', #3120, 0.1800000000000013256 ) ;
#6927 = AXIS2_PLACEMENT_3D ( 'NONE', #4826, #2323, #11832 ) ;
#6928 = DIRECTION ( 'NONE',  ( -0.000000000000000000, 0.000000000000000000, 1.000000000000000000 ) ) ;
#6929 = VERTEX_POINT ( 'NONE', #8503 ) ;
#6930 = ORIENTED_EDGE ( 'NONE', *, *, #2422, .F. ) ;
#6931 = CARTESIAN_POINT ( 'NONE',  ( -4.130000000000001670, 0.000000000000000000, 0.4649999999999996914 ) ) ;
#6932 = CIRCLE ( 'NONE', #1549, 0.1999999999999953204 ) ;
#6933 = DIRECTION ( 'NONE',  ( 1.000000000000000000, 0.000000000000000000, 0.000000000000000000 ) ) ;
#6934 = DIRECTION ( 'NONE',  ( -1.000000000000000000, 0.000000000000000000, 0.000000000000000000 ) ) ;
#6935 = SURFACE_STYLE_USAGE ( .BOTH. , #11700 ) ;
#6936 = LINE ( 'NONE', #10592, #10414 ) ;
#6937 = ORIENTED_EDGE ( 'NONE', *, *, #11737, .T. ) ;
#6938 = DIRECTION ( 'NONE',  ( 0.000000000000000000, -0.9063077870366494926, -0.4226182617407005515 ) ) ;
#6939 = ADVANCED_FACE ( 'NONE', ( #1825 ), #723, .T. ) ;
#6940 = VERTEX_POINT ( 'NONE', #8438 ) ;
#6941 = VECTOR ( 'NONE', #2660, 1000.000000000000000 ) ;
#6942 = LINE ( 'NONE', #5692, #10639 ) ;
#6943 = VERTEX_POINT ( 'NONE', #12211 ) ;
#6944 = FACE_OUTER_BOUND ( 'NONE', #6171, .T. ) ;
#6945 = VERTEX_POINT ( 'NONE', #12272 ) ;
#6946 = FACE_BOUND ( 'NONE', #8978, .T. ) ;
#6947 = DIRECTION ( 'NONE',  ( 1.000000000000000000, 0.000000000000000000, 0.000000000000000000 ) ) ;
#6948 = LINE ( 'NONE', #6887, #12065 ) ;
#6949 = CARTESIAN_POINT ( 'NONE',  ( -11.75000000000000178, 0.000000000000000000, 0.4649999999999996914 ) ) ;
#6950 = VECTOR ( 'NONE', #4581, 1000.000000000000000 ) ;
#6951 = LINE ( 'NONE', #10732, #10711 ) ;
#6952 = DIRECTION ( 'NONE',  ( 0.000000000000000000, 0.000000000000000000, -1.000000000000000000 ) ) ;
#6953 = ORIENTED_EDGE ( 'NONE', *, *, #6834, .T. ) ;
#6954 = EDGE_CURVE ( 'NONE', #7895, #3284, #74, .T. ) ;
#6955 = DIRECTION ( 'NONE',  ( -0.000000000000000000, -0.000000000000000000, -1.000000000000000000 ) ) ;
#6956 = EDGE_LOOP ( 'NONE', ( #6861, #4347, #11152, #8515 ) ) ;
#6957 = ORIENTED_EDGE ( 'NONE', *, *, #5725, .F. ) ;
#6958 = FACE_OUTER_BOUND ( 'NONE', #11833, .T. ) ;
#6959 = CYLINDRICAL_SURFACE ( 'NONE', #2479, 0.1999999999999953204 ) ;
#6960 = LINE ( 'NONE', #4954, #11919 ) ;
#6961 = DIRECTION ( 'NONE',  ( -1.000000000000000000, 0.000000000000000000, 0.000000000000000000 ) ) ;
#6962 = ORIENTED_EDGE ( 'NONE', *, *, #8951, .F. ) ;
#6963 = DIRECTION ( 'NONE',  ( -0.000000000000000000, -0.000000000000000000, -1.000000000000000000 ) ) ;
#6964 = CARTESIAN_POINT ( 'NONE',  ( 0.9499999999999977351, 1.540000000000000480, 3.715000000000003411 ) ) ;
#6965 = CARTESIAN_POINT ( 'NONE',  ( -6.030000000000002025, 0.7200000000000001954, -3.074999999999999734 ) ) ;
#6966 = ORIENTED_EDGE ( 'NONE', *, *, #6572, .F. ) ;
#6967 = EDGE_CURVE ( 'NONE', #2880, #2233, #3637, .T. ) ;
#6968 = EDGE_LOOP ( 'NONE', ( #11823, #10922 ) ) ;
#6969 = LINE ( 'NONE', #1173, #4279 ) ;
#6970 = EDGE_CURVE ( 'NONE', #1802, #4176, #1887, .T. ) ;
#6971 = PLANE ( 'NONE',  #7052 ) ;
#6972 = PRESENTATION_STYLE_ASSIGNMENT (( #3156 ) ) ;
#6973 = EDGE_CURVE ( 'NONE', #1398, #5320, #5519, .T. ) ;
#6974 = LINE ( 'NONE', #10757, #1983 ) ;
#6975 = DIRECTION ( 'NONE',  ( 1.000000000000000000, 0.000000000000000000, 0.000000000000000000 ) ) ;
#6976 = FACE_OUTER_BOUND ( 'NONE', #282, .T. ) ;
#6977 = EDGE_LOOP ( 'NONE', ( #2760, #497, #92, #2455 ) ) ;
#6978 = ORIENTED_EDGE ( 'NONE', *, *, #6360, .F. ) ;
#6979 = DIRECTION ( 'NONE',  ( 1.000000000000000000, 0.000000000000000000, 0.000000000000000000 ) ) ;
#6980 = EDGE_CURVE ( 'NONE', #5068, #5365, #283, .T. ) ;
#6981 = VERTEX_POINT ( 'NONE', #4568 ) ;
#6982 = DIRECTION ( 'NONE',  ( 0.000000000000000000, -0.4226182617407006625, 0.9063077870366493816 ) ) ;
#6983 = AXIS2_PLACEMENT_3D ( 'NONE', #5961, #2388, #8071 ) ;
#6984 = ORIENTED_EDGE ( 'NONE', *, *, #6787, .F. ) ;
#6985 = EDGE_CURVE ( 'NONE', #2269, #8573, #8379, .T. ) ;
#6986 = CARTESIAN_POINT ( 'NONE',  ( 3.489999999999998437, -3.049999999999999822, -3.230000000000000870 ) ) ;
#6987 = CARTESIAN_POINT ( 'NONE',  ( 1.589999999999997637, 0.9000000000000005773, -2.894999999999997797 ) ) ;
#6988 = DIRECTION ( 'NONE',  ( -1.000000000000000000, 0.000000000000000000, 0.000000000000000000 ) ) ;
#6989 = DIRECTION ( 'NONE',  ( -0.000000000000000000, -0.000000000000000000, 1.000000000000000000 ) ) ;
#6990 = DIRECTION ( 'NONE',  ( 0.000000000000000000, 0.000000000000000000, 1.000000000000000000 ) ) ;
#6991 = DIRECTION ( 'NONE',  ( 0.9063077870366493816, -0.4226182617407006625, 0.000000000000000000 ) ) ;
#6992 = VECTOR ( 'NONE', #4379, 1000.000000000000000 ) ;
#6993 = EDGE_CURVE ( 'NONE', #7225, #3176, #9827, .T. ) ;
#6994 = ORIENTED_EDGE ( 'NONE', *, *, #3805, .F. ) ;
#6995 = LINE ( 'NONE', #563, #8294 ) ;
#6996 = ORIENTED_EDGE ( 'NONE', *, *, #11006, .F. ) ;
#6997 = LINE ( 'NONE', #3369, #5886 ) ;
#6998 = ORIENTED_EDGE ( 'NONE', *, *, #10495, .T. ) ;
#6999 = EDGE_CURVE ( 'NONE', #6923, #8756, #11409, .T. ) ;
#7000 = PLANE ( 'NONE',  #5907 ) ;
#7001 = FACE_BOUND ( 'NONE', #6279, .T. ) ;
#7002 = LINE ( 'NONE', #8929, #2624 ) ;
#7003 = PLANE ( 'NONE',  #11479 ) ;
#7004 = DIRECTION ( 'NONE',  ( -0.000000000000000000, -0.000000000000000000, 1.000000000000000000 ) ) ;
#7005 = DIRECTION ( 'NONE',  ( 0.000000000000000000, -1.000000000000000000, 1.150347132610614786E-16 ) ) ;
#7006 = VERTEX_POINT ( 'NONE', #11536 ) ;
#7007 = FACE_OUTER_BOUND ( 'NONE', #8663, .T. ) ;
#7008 = EDGE_LOOP ( 'NONE', ( #158, #4164, #1813, #6537 ) ) ;
#7009 = AXIS2_PLACEMENT_3D ( 'NONE', #9496, #969, #4620 ) ;
#7010 = LINE ( 'NONE', #11775, #9057 ) ;
#7011 = VERTEX_POINT ( 'NONE', #8622 ) ;
#7012 = ADVANCED_FACE ( 'NONE', ( #7007 ), #4878, .F. ) ;
#7013 = CARTESIAN_POINT ( 'NONE',  ( -12.09000000000000341, 1.870000000000000551, 0.6649999999999998135 ) ) ;
#7014 = DIRECTION ( 'NONE',  ( -0.000000000000000000, -0.000000000000000000, -1.000000000000000000 ) ) ;
#7015 = DIRECTION ( 'NONE',  ( -0.000000000000000000, -0.000000000000000000, 1.000000000000000000 ) ) ;
#7016 = CARTESIAN_POINT ( 'NONE',  ( 0.9870121871672268288, 1.436334613170440644, -5.652012187167225754 ) ) ;
#7017 = ORIENTED_EDGE ( 'NONE', *, *, #7070, .T. ) ;
#7018 = CARTESIAN_POINT ( 'NONE',  ( 8.724999999999999645, -3.049999999999999822, -3.714999999999999858 ) ) ;
#7019 = DIRECTION ( 'NONE',  ( -1.000000000000000000, 0.000000000000000000, 0.000000000000000000 ) ) ;
#7020 = LINE ( 'NONE', #10809, #10985 ) ;
#7021 = VECTOR ( 'NONE', #9416, 1000.000000000000000 ) ;
#7022 = ORIENTED_EDGE ( 'NONE', *, *, #11646, .F. ) ;
#7023 = EDGE_CURVE ( 'NONE', #4133, #9319, #1092, .T. ) ;
#7024 = DIRECTION ( 'NONE',  ( -0.000000000000000000, -1.000000000000000000, 1.150347132610614786E-16 ) ) ;
#7025 = CIRCLE ( 'NONE', #10398, 0.1999999999999953204 ) ;
#7026 = DIRECTION ( 'NONE',  ( -1.000000000000000000, 0.000000000000000000, 0.000000000000000000 ) ) ;
#7027 = CARTESIAN_POINT ( 'NONE',  ( 14.29000000000000092, 1.540000000000001146, -2.894999999999998241 ) ) ;
#7028 = EDGE_CURVE ( 'NONE', #406, #11149, #1034, .T. ) ;
#7029 = CARTESIAN_POINT ( 'NONE',  ( 8.570000000000000284, 1.540000000000001146, -2.894999999999998241 ) ) ;
#7030 = FACE_OUTER_BOUND ( 'NONE', #10383, .T. ) ;
#7031 = EDGE_CURVE ( 'NONE', #566, #7162, #328, .T. ) ;
#7032 = CARTESIAN_POINT ( 'NONE',  ( 27.94000000000000128, -3.049999999999999822, -4.336808689942017736E-16 ) ) ;
#7033 = VERTEX_POINT ( 'NONE', #1954 ) ;
#7034 = ORIENTED_EDGE ( 'NONE', *, *, #11191, .T. ) ;
#7035 = DIRECTION ( 'NONE',  ( 1.000000000000000000, 0.000000000000000000, 0.000000000000000000 ) ) ;
#7036 = AXIS2_PLACEMENT_3D ( 'NONE', #4062, #2322, #5881 ) ;
#7037 = EDGE_CURVE ( 'NONE', #7381, #1958, #5885, .T. ) ;
#7038 = ORIENTED_EDGE ( 'NONE', *, *, #8098, .F. ) ;
#7039 = CARTESIAN_POINT ( 'NONE',  ( 1.589999999999997637, 0.9000000000000005773, 3.715000000000003411 ) ) ;
#7040 = VERTEX_POINT ( 'NONE', #2135 ) ;
#7041 = VECTOR ( 'NONE', #7230, 1000.000000000000000 ) ;
#7042 = EDGE_LOOP ( 'NONE', ( #10567, #3563, #3136, #5088 ) ) ;
#7043 = CARTESIAN_POINT ( 'NONE',  ( -3.490000000000001990, 0.7200000000000000844, -3.074999999999999734 ) ) ;
#7044 = DIRECTION ( 'NONE',  ( 0.000000000000000000, 1.000000000000000000, 0.000000000000000000 ) ) ;
#7045 = DIRECTION ( 'NONE',  ( -1.000000000000000000, 0.000000000000000000, -0.000000000000000000 ) ) ;
#7046 = EDGE_CURVE ( 'NONE', #7831, #8502, #7260, .T. ) ;
#7047 = PRESENTATION_STYLE_ASSIGNMENT (( #6935 ) ) ;
#7048 = LINE ( 'NONE', #10834, #12179 ) ;
#7049 = ORIENTED_EDGE ( 'NONE', *, *, #1261, .F. ) ;
#7050 = CARTESIAN_POINT ( 'NONE',  ( -14.29000000000000270, 0.7200000000000001954, -3.074999999999999734 ) ) ;
#7051 = EDGE_LOOP ( 'NONE', ( #12299, #7359, #5363, #3041 ) ) ;
#7052 = AXIS2_PLACEMENT_3D ( 'NONE', #5085, #11497, #5017 ) ;
#7053 = EDGE_CURVE ( 'NONE', #683, #4480, #2198, .T. ) ;
#7054 = ORIENTED_EDGE ( 'NONE', *, *, #2252, .T. ) ;
#7055 = CARTESIAN_POINT ( 'NONE',  ( -4.470000000000003304, 1.870000000000000551, 0.6649999999999998135 ) ) ;
#7056 = AXIS2_PLACEMENT_3D ( 'NONE', #7446, #4510, #11347 ) ;
#7057 = DIRECTION ( 'NONE',  ( 1.000000000000000000, 0.000000000000000000, -0.000000000000000000 ) ) ;
#7058 = ORIENTED_EDGE ( 'NONE', *, *, #7549, .T. ) ;
#7059 = CARTESIAN_POINT ( 'NONE',  ( -1.590000000000001190, 1.540000000000000480, -2.894999999999997797 ) ) ;
#7060 = FACE_BOUND ( 'NONE', #6316, .T. ) ;
#7061 = VECTOR ( 'NONE', #4007, 1000.000000000000000 ) ;
#7062 = EDGE_CURVE ( 'NONE', #7202, #11618, #3009, .T. ) ;
#7063 = DIRECTION ( 'NONE',  ( -0.3892816206350259711, 0.8348171294789868968, -0.3892816206350259711 ) ) ;
#7064 = AXIS2_PLACEMENT_3D ( 'NONE', #2782, #5729, #1848 ) ;
#7065 = DIRECTION ( 'NONE',  ( -0.000000000000000000, -0.000000000000000000, -1.000000000000000000 ) ) ;
#7066 = CARTESIAN_POINT ( 'NONE',  ( 11.10999999999999943, 1.540000000000001146, -2.894999999999998241 ) ) ;
#7067 = ORIENTED_EDGE ( 'NONE', *, *, #611, .F. ) ;
#7068 = AXIS2_PLACEMENT_3D ( 'NONE', #6614, #7541, #4657 ) ;
#7069 = LINE ( 'NONE', #5248, #7862 ) ;
#7070 = EDGE_CURVE ( 'NONE', #3720, #5232, #261, .T. ) ;
#7071 = ORIENTED_EDGE ( 'NONE', *, *, #9654, .T. ) ;
#7072 = DIRECTION ( 'NONE',  ( 0.000000000000000000, 1.000000000000000000, 0.000000000000000000 ) ) ;
#7073 = ORIENTED_EDGE ( 'NONE', *, *, #1487, .T. ) ;
#7074 = DIRECTION ( 'NONE',  ( 1.000000000000000000, 0.000000000000000000, 0.000000000000000000 ) ) ;
#7075 = CARTESIAN_POINT ( 'NONE',  ( 6.349999999999997868, 0.7199999999999999734, -2.894999999999998241 ) ) ;
#7076 = VECTOR ( 'NONE', #486, 1000.000000000000000 ) ;
#7077 = AXIS2_PLACEMENT_3D ( 'NONE', #4909, #8718, #9768 ) ;
#7078 = CARTESIAN_POINT ( 'NONE',  ( 1.589999999999997637, 0.9000000000000005773, -2.894999999999997797 ) ) ;
#7079 = LINE ( 'NONE', #9000, #3211 ) ;
#7080 = CARTESIAN_POINT ( 'NONE',  ( 6.029999999999998472, 1.540000000000000480, 3.382601427321023646 ) ) ;
#7081 = CARTESIAN_POINT ( 'NONE',  ( 1.589999999999997637, 0.9000000000000010214, -2.894999999999998241 ) ) ;
#7082 = PLANE ( 'NONE',  #11963 ) ;
#7083 = VECTOR ( 'NONE', #1749, 1000.000000000000000 ) ;
#7084 = ORIENTED_EDGE ( 'NONE', *, *, #9014, .F. ) ;
#7085 = ORIENTED_EDGE ( 'NONE', *, *, #3805, .T. ) ;
#7086 = LINE ( 'NONE', #4200, #10228 ) ;
#7087 = ADVANCED_FACE ( 'NONE', ( #7944 ), #3881, .T. ) ;
#7088 = AXIS2_PLACEMENT_3D ( 'NONE', #7335, #7394, #9150 ) ;
#7089 = CARTESIAN_POINT ( 'NONE',  ( -13.65000000000000213, 0.9000000000000010214, -2.894999999999998241 ) ) ;
#7090 = DIRECTION ( 'NONE',  ( 1.000000000000000000, 0.000000000000000000, 0.000000000000000000 ) ) ;
#7091 = VECTOR ( 'NONE', #7378, 1000.000000000000000 ) ;
#7092 = UNCERTAINTY_MEASURE_WITH_UNIT (LENGTH_MEASURE( 1.000000000000000082E-05 ), #11554, 'distance_accuracy_value', 'NONE');
#7093 = DIRECTION ( 'NONE',  ( -1.000000000000000000, 0.000000000000000000, 0.000000000000000000 ) ) ;
#7094 = CARTESIAN_POINT ( 'NONE',  ( -13.65000000000000213, 0.9000000000000005773, -2.894999999999997797 ) ) ;
#7095 = ORIENTED_EDGE ( 'NONE', *, *, #5091, .T. ) ;
#7096 = VECTOR ( 'NONE', #4820, 1000.000000000000000 ) ;
#7097 = CYLINDRICAL_SURFACE ( 'NONE', #2748, 0.1999999999999953204 ) ;
#7098 = ORIENTED_EDGE ( 'NONE', *, *, #5191, .T. ) ;
#7099 = ORIENTED_EDGE ( 'NONE', *, *, #8022, .F. ) ;
#7100 = LINE ( 'NONE', #10886, #7877 ) ;
#7101 = CIRCLE ( 'NONE', #9684, 0.1999999999999953204 ) ;
#7102 = EDGE_CURVE ( 'NONE', #8938, #8573, #5258, .T. ) ;
#7103 = AXIS2_PLACEMENT_3D ( 'NONE', #11729, #3203, #7019 ) ;
#7104 = ADVANCED_FACE ( 'NONE', ( #4946 ), #1213, .T. ) ;
#7105 = EDGE_LOOP ( 'NONE', ( #2012, #973, #6658, #10598 ) ) ;
#7106 = CARTESIAN_POINT ( 'NONE',  ( 13.65000000000000036, 0.7200000000000008615, -3.074999999999999734 ) ) ;
#7107 = LINE ( 'NONE', #6986, #7076 ) ;
#7108 = CARTESIAN_POINT ( 'NONE',  ( 0.9499999999999977351, 0.7199999999999999734, -2.894999999999998241 ) ) ;
#7109 = CARTESIAN_POINT ( 'NONE',  ( 9.209999999999999076, 0.7199999999999999734, -2.894999999999998241 ) ) ;
#7110 = DIRECTION ( 'NONE',  ( -0.000000000000000000, 1.000000000000000000, 1.150347132610614786E-16 ) ) ;
#7111 = CARTESIAN_POINT ( 'NONE',  ( 6.669999999999999041, 0.7200000000000000844, -3.074999999999999734 ) ) ;
#7112 = VERTEX_POINT ( 'NONE', #5824 ) ;
#7113 = DIRECTION ( 'NONE',  ( 0.000000000000000000, -0.9063077870366494926, -0.4226182617407005515 ) ) ;
#7114 = EDGE_CURVE ( 'NONE', #2594, #176, #8243, .T. ) ;
#7115 = VERTEX_POINT ( 'NONE', #9563 ) ;
#7116 = EDGE_CURVE ( 'NONE', #2942, #1958, #3662, .T. ) ;
#7117 = CARTESIAN_POINT ( 'NONE',  ( 13.65000000000000036, 0.7199999999999999734, -2.894999999999998241 ) ) ;
#7118 = AXIS2_PLACEMENT_3D ( 'NONE', #7425, #8359, #11888 ) ;
#7119 = DIRECTION ( 'NONE',  ( 0.000000000000000000, 5.421010862427481938E-15, -1.000000000000000000 ) ) ;
#7120 = ORIENTED_EDGE ( 'NONE', *, *, #2213, .T. ) ;
#7121 = AXIS2_PLACEMENT_3D ( 'NONE', #5245, #7997, #2255 ) ;
#7122 = DIRECTION ( 'NONE',  ( 0.000000000000000000, 0.000000000000000000, 1.000000000000000000 ) ) ;
#7123 = ORIENTED_EDGE ( 'NONE', *, *, #7253, .T. ) ;
#7124 = EDGE_CURVE ( 'NONE', #4326, #1784, #6891, .T. ) ;
#7125 = PLANE ( 'NONE',  #8183 ) ;
#7126 = DIRECTION ( 'NONE',  ( -1.000000000000000000, 0.000000000000000000, 0.000000000000000000 ) ) ;
#7127 = EDGE_CURVE ( 'NONE', #4656, #7631, #5061, .T. ) ;
#7128 = PLANE ( 'NONE',  #9106 ) ;
#7129 = CARTESIAN_POINT ( 'NONE',  ( 6.029999999999998472, -3.049999999999999822, -3.714999999999999858 ) ) ;
#7130 = DIRECTION ( 'NONE',  ( -0.9063077870366493816, -0.4226182617407006625, 0.000000000000000000 ) ) ;
#7131 = ORIENTED_EDGE ( 'NONE', *, *, #2679, .F. ) ;
#7132 = LINE ( 'NONE', #1393, #4463 ) ;
#7133 = VECTOR ( 'NONE', #8671, 1000.000000000000000 ) ;
#7134 = VECTOR ( 'NONE', #403, 1000.000000000000000 ) ;
#7135 = ORIENTED_EDGE ( 'NONE', *, *, #3842, .F. ) ;
#7136 = EDGE_CURVE ( 'NONE', #137, #6943, #10552, .T. ) ;
#7137 = ADVANCED_FACE ( 'NONE', ( #11834 ), #9184, .T. ) ;
#7138 = CARTESIAN_POINT ( 'NONE',  ( 14.82999999999999652, 0.5700000000000003952, 0.6649999999999998135 ) ) ;
#7139 = ORIENTED_EDGE ( 'NONE', *, *, #8532, .F. ) ;
#7140 = PLANE ( 'NONE',  #316 ) ;
#7141 = CARTESIAN_POINT ( 'NONE',  ( -2.950000000000006395, 0.5700000000000003952, 0.6649999999999998135 ) ) ;
#7142 = DIRECTION ( 'NONE',  ( 0.000000000000000000, 0.000000000000000000, 1.000000000000000000 ) ) ;
#7143 = DIRECTION ( 'NONE',  ( -0.000000000000000000, -0.000000000000000000, 1.000000000000000000 ) ) ;
#7144 = EDGE_CURVE ( 'NONE', #8059, #411, #9930, .T. ) ;
#7145 = DIRECTION ( 'NONE',  ( -0.000000000000000000, -0.000000000000000000, 1.000000000000000000 ) ) ;
#7146 = FACE_OUTER_BOUND ( 'NONE', #1685, .T. ) ;
#7147 = LINE ( 'NONE', #10750, #9010 ) ;
#7148 = ORIENTED_EDGE ( 'NONE', *, *, #8958, .T. ) ;
#7149 = CARTESIAN_POINT ( 'NONE',  ( 1.589999999999997637, 0.9000000000000013545, 3.382601427321023646 ) ) ;
#7150 = VECTOR ( 'NONE', #6497, 1000.000000000000000 ) ;
#7151 = EDGE_LOOP ( 'NONE', ( #3310, #4947, #11794, #11156 ) ) ;
#7152 = EDGE_CURVE ( 'NONE', #8960, #7202, #1577, .T. ) ;
#7153 = DIRECTION ( 'NONE',  ( 0.000000000000000000, -1.000000000000000000, 1.150347132610614786E-16 ) ) ;
#7154 = ORIENTED_EDGE ( 'NONE', *, *, #877, .F. ) ;
#7155 = DIRECTION ( 'NONE',  ( 0.000000000000000000, 0.000000000000000000, 1.000000000000000000 ) ) ;
#7156 =( LENGTH_UNIT ( ) NAMED_UNIT ( * ) SI_UNIT ( .MILLI., .METRE. ) );
#7157 = DIRECTION ( 'NONE',  ( 1.000000000000000000, 0.000000000000000000, 0.000000000000000000 ) ) ;
#7158 = CARTESIAN_POINT ( 'NONE',  ( 14.29000000000000092, 0.9000000000000010214, -2.894999999999998241 ) ) ;
#7159 = EDGE_CURVE ( 'NONE', #7568, #6287, #2258, .T. ) ;
#7160 = ORIENTED_EDGE ( 'NONE', *, *, #1065, .F. ) ;
#7161 = DIRECTION ( 'NONE',  ( -0.000000000000000000, -0.000000000000000000, -1.000000000000000000 ) ) ;
#7162 = VERTEX_POINT ( 'NONE', #5315 ) ;
#7163 = VERTEX_POINT ( 'NONE', #1449 ) ;
#7164 = DIRECTION ( 'NONE',  ( -0.000000000000000000, 1.000000000000000000, 1.150347132610614786E-16 ) ) ;
#7165 = ORIENTED_EDGE ( 'NONE', *, *, #9338, .F. ) ;
#7166 = DIRECTION ( 'NONE',  ( 1.000000000000000000, 0.000000000000000000, 0.000000000000000000 ) ) ;
#7167 = PLANE ( 'NONE',  #6290 ) ;
#7168 = FACE_OUTER_BOUND ( 'NONE', #5122, .T. ) ;
#7169 = DIRECTION ( 'NONE',  ( 0.000000000000000000, 0.000000000000000000, 1.000000000000000000 ) ) ;
#7170 = CARTESIAN_POINT ( 'NONE',  ( 11.26500000000000057, -2.174999999999998934, 3.715000000000003855 ) ) ;
#7171 = ORIENTED_EDGE ( 'NONE', *, *, #97, .T. ) ;
#7172 = CARTESIAN_POINT ( 'NONE',  ( 6.029999999999998472, 1.540000000000001146, -2.894999999999998241 ) ) ;
#7173 = ADVANCED_FACE ( 'NONE', ( #10856 ), #6258, .T. ) ;
#7174 = CIRCLE ( 'NONE', #8158, 0.1999999999999953204 ) ;
#7175 = EDGE_LOOP ( 'NONE', ( #7618, #7416, #4725, #7964 ) ) ;
#7176 = CARTESIAN_POINT ( 'NONE',  ( 3.974999999999997424, -3.049999999999999822, -3.075000000000000178 ) ) ;
#7177 = ORIENTED_EDGE ( 'NONE', *, *, #3202, .T. ) ;
#7178 = DIRECTION ( 'NONE',  ( 0.000000000000000000, 0.000000000000000000, -1.000000000000000000 ) ) ;
#7179 = ORIENTED_EDGE ( 'NONE', *, *, #10952, .T. ) ;
#7180 = ADVANCED_FACE ( 'NONE', ( #9054 ), #8934, .T. ) ;
#7181 = PLANE ( 'NONE',  #216 ) ;
#7182 = FILL_AREA_STYLE_COLOUR ( '', #3023 ) ;
#7183 = FACE_OUTER_BOUND ( 'NONE', #4420, .T. ) ;
#7184 = AXIS2_PLACEMENT_3D ( 'NONE', #6652, #3017, #10560 ) ;
#7185 = CARTESIAN_POINT ( 'NONE',  ( -3.975000000000000977, -3.049999999999999822, -3.230000000000000870 ) ) ;
#7186 = LINE ( 'NONE', #1692, #3528 ) ;
#7187 = ORIENTED_EDGE ( 'NONE', *, *, #11505, .T. ) ;
#7188 = EDGE_CURVE ( 'NONE', #10294, #2949, #7132, .T. ) ;
#7189 = CARTESIAN_POINT ( 'NONE',  ( -0.6100000000000012079, 0.5700000000000003952, 0.6649999999999998135 ) ) ;
#7190 = ORIENTED_EDGE ( 'NONE', *, *, #3102, .F. ) ;
#7191 = EDGE_CURVE ( 'NONE', #8799, #11671, #5190, .T. ) ;
#7192 = VECTOR ( 'NONE', #2695, 1000.000000000000000 ) ;
#7193 = LINE ( 'NONE', #7138, #1496 ) ;
#7194 = EDGE_LOOP ( 'NONE', ( #4659, #7467, #9072, #4526 ) ) ;
#7195 = CARTESIAN_POINT ( 'NONE',  ( -11.75000000000000178, 0.9000000000000013545, 3.382601427321023646 ) ) ;
#7196 = DIRECTION ( 'NONE',  ( -1.000000000000000000, 0.000000000000000000, 0.000000000000000000 ) ) ;
#7197 = CARTESIAN_POINT ( 'NONE',  ( 12.08999999999999986, 0.5700000000000003952, -1.875000000000000000 ) ) ;
#7198 = DIRECTION ( 'NONE',  ( 0.000000000000000000, -0.4226182617407006625, 0.9063077870366493816 ) ) ;
#7199 = CARTESIAN_POINT ( 'NONE',  ( -14.29000000000000270, 0.9000000000000013545, 3.382601427321023646 ) ) ;
#7200 = CYLINDRICAL_SURFACE ( 'NONE', #3538, 0.1999999999999953204 ) ;
#7201 = DIRECTION ( 'NONE',  ( 1.000000000000000000, 0.000000000000000000, -0.000000000000000000 ) ) ;
#7202 = VERTEX_POINT ( 'NONE', #450 ) ;
#7203 = EDGE_CURVE ( 'NONE', #3794, #1009, #9864, .T. ) ;
#7204 = ORIENTED_EDGE ( 'NONE', *, *, #997, .F. ) ;
#7205 = DIRECTION ( 'NONE',  ( 0.000000000000000000, 0.000000000000000000, -1.000000000000000000 ) ) ;
#7206 = AXIS2_PLACEMENT_3D ( 'NONE', #11172, #7258, #6453 ) ;
#7207 = ORIENTED_EDGE ( 'NONE', *, *, #11935, .F. ) ;
#7208 = EDGE_CURVE ( 'NONE', #1420, #7006, #8255, .T. ) ;
#7209 = LINE ( 'NONE', #2527, #6471 ) ;
#7210 = LINE ( 'NONE', #8329, #11334 ) ;
#7211 =( GEOMETRIC_REPRESENTATION_CONTEXT ( 3 ) GLOBAL_UNCERTAINTY_ASSIGNED_CONTEXT ( ( #12040 ) ) GLOBAL_UNIT_ASSIGNED_CONTEXT ( ( #4729, #1931, #9480 ) ) REPRESENTATION_CONTEXT ( 'NONE', 'WORKASPACE' ) );
#7212 = PLANE ( 'NONE',  #2102 ) ;
#7213 = EDGE_LOOP ( 'NONE', ( #11731, #9661, #3386, #3732 ) ) ;
#7214 = ORIENTED_EDGE ( 'NONE', *, *, #2161, .F. ) ;
#7216 = ADVANCED_FACE ( 'NONE', ( #12013 ), #6328, .F. ) ;
#7215 = CARTESIAN_POINT ( 'NONE',  ( 4.469999999999997975, 0.5700000000000003952, 0.6649999999999998135 ) ) ;
#7217 = ORIENTED_EDGE ( 'NONE', *, *, #6201, .F. ) ;
#7218 = CARTESIAN_POINT ( 'NONE',  ( 6.669999999999999041, -2.717601427321017837, -3.075000000000000178 ) ) ;
#7219 = ORIENTED_EDGE ( 'NONE', *, *, #10899, .T. ) ;
#7220 = AXIS2_PLACEMENT_3D ( 'NONE', #9518, #8575, #8635 ) ;
#7221 = EDGE_CURVE ( 'NONE', #4298, #10740, #7069, .T. ) ;
#7222 = ORIENTED_EDGE ( 'NONE', *, *, #7208, .T. ) ;
#7223 = ORIENTED_EDGE ( 'NONE', *, *, #1018, .F. ) ;
#7224 = DIRECTION ( 'NONE',  ( 0.000000000000000000, 1.000000000000000000, 0.000000000000000000 ) ) ;
#7225 = VERTEX_POINT ( 'NONE', #10917 ) ;
#7226 = FACE_OUTER_BOUND ( 'NONE', #4184, .T. ) ;
#7227 = DIRECTION ( 'NONE',  ( -1.000000000000000000, 0.000000000000000000, 0.000000000000000000 ) ) ;
#7228 = VECTOR ( 'NONE', #3561, 1000.000000000000000 ) ;
#7229 = LINE ( 'NONE', #6424, #2937 ) ;
#7230 = DIRECTION ( 'NONE',  ( 0.000000000000000000, -1.000000000000000000, 1.150347132610614786E-16 ) ) ;
#7231 = CARTESIAN_POINT ( 'NONE',  ( -1.104999999999999982, -2.174999999999998934, 3.715000000000003855 ) ) ;
#7232 = ADVANCED_FACE ( 'NONE', ( #2379 ), #10047, .T. ) ;
#7233 = ORIENTED_EDGE ( 'NONE', *, *, #1820, .T. ) ;
#7234 = AXIS2_PLACEMENT_3D ( 'NONE', #9968, #8103, #2607 ) ;
#7235 = DIRECTION ( 'NONE',  ( 1.000000000000000000, 0.000000000000000000, 0.000000000000000000 ) ) ;
#7236 = VERTEX_POINT ( 'NONE', #4185 ) ;
#7237 = DIRECTION ( 'NONE',  ( -1.000000000000000000, 0.000000000000000000, 0.000000000000000000 ) ) ;
#7238 = EDGE_CURVE ( 'NONE', #944, #2395, #6478, .T. ) ;
#7239 = ORIENTED_EDGE ( 'NONE', *, *, #9717, .F. ) ;
#7240 = DIRECTION ( 'NONE',  ( 1.000000000000000000, 0.000000000000000000, -0.000000000000000000 ) ) ;
#7241 = DIRECTION ( 'NONE',  ( -0.000000000000000000, 1.000000000000000000, 0.000000000000000000 ) ) ;
#7242 = FACE_OUTER_BOUND ( 'NONE', #9113, .T. ) ;
#7243 = CARTESIAN_POINT ( 'NONE',  ( -9.210000000000002629, 0.7200000000000000844, -3.714999999999999414 ) ) ;
#7244 = DIRECTION ( 'NONE',  ( -1.000000000000000000, 0.000000000000000000, 0.000000000000000000 ) ) ;
#7245 = AXIS2_PLACEMENT_3D ( 'NONE', #9225, #1432, #4413 ) ;
#7246 = VERTEX_POINT ( 'NONE', #4371 ) ;
#7247 = DIRECTION ( 'NONE',  ( -0.000000000000000000, -0.4226182617407006625, -0.9063077870366493816 ) ) ;
#7248 = ADVANCED_FACE ( 'NONE', ( #5378 ), #3433, .F. ) ;
#7249 = VECTOR ( 'NONE', #9392, 1000.000000000000000 ) ;
#7250 = EDGE_LOOP ( 'NONE', ( #10015, #8691, #2031, #11397 ) ) ;
#7251 = VECTOR ( 'NONE', #3072, 1000.000000000000000 ) ;
#7252 = CARTESIAN_POINT ( 'NONE',  ( 1.589999999999997637, 0.9000000000000012434, -2.894999999999998241 ) ) ;
#7253 = EDGE_CURVE ( 'NONE', #8489, #8658, #6876, .T. ) ;
#7254 = EDGE_LOOP ( 'NONE', ( #4663, #1693, #2510, #7148 ) ) ;
#7255 = DIRECTION ( 'NONE',  ( 0.000000000000000000, 1.000000000000000000, -1.150347132610614786E-16 ) ) ;
#7256 = CARTESIAN_POINT ( 'NONE',  ( 14.63000000000000078, 0.5700000000000003952, -1.674999999999999822 ) ) ;
#7257 = CARTESIAN_POINT ( 'NONE',  ( 3.644999999999999130, 1.385000000000000897, 3.715000000000003411 ) ) ;
#7258 = DIRECTION ( 'NONE',  ( 0.9063077870366486044, -4.861577055822993677E-17, -0.4226182617407024389 ) ) ;
#7259 = CARTESIAN_POINT ( 'NONE',  ( 13.65000000000000036, -3.049999999999999822, -3.714999999999999858 ) ) ;
#7260 = CIRCLE ( 'NONE', #11216, 0.1800000000000013256 ) ;
#7261 = CARTESIAN_POINT ( 'NONE',  ( -9.550000000000002487, 1.870000000000000551, 0.4649999999999996914 ) ) ;
#7262 = CARTESIAN_POINT ( 'NONE',  ( 6.029999999999998472, 0.9000000000000013545, 3.382601427321023646 ) ) ;
#7263 = ORIENTED_EDGE ( 'NONE', *, *, #895, .F. ) ;
#7264 = ORIENTED_EDGE ( 'NONE', *, *, #1996, .T. ) ;
#7265 = CARTESIAN_POINT ( 'NONE',  ( -14.29000000000000270, 1.540000000000000924, -2.894999999999998241 ) ) ;
#7266 = CIRCLE ( 'NONE', #5471, 0.1999999999999953204 ) ;
#7267 = VECTOR ( 'NONE', #10956, 1000.000000000000227 ) ;
#7268 = DIRECTION ( 'NONE',  ( 0.000000000000000000, 1.150347132610614786E-16, -1.000000000000000000 ) ) ;
#7269 = EDGE_CURVE ( 'NONE', #7990, #2925, #11807, .T. ) ;
#7270 = CYLINDRICAL_SURFACE ( 'NONE', #5590, 0.1999999999999953204 ) ;
#7271 = ORIENTED_EDGE ( 'NONE', *, *, #4730, .F. ) ;
#7272 = DIRECTION ( 'NONE',  ( 0.000000000000000000, 0.000000000000000000, -1.000000000000000000 ) ) ;
#7273 = EDGE_LOOP ( 'NONE', ( #5486, #4760, #1834, #3085 ) ) ;
#7274 = CARTESIAN_POINT ( 'NONE',  ( 1.589999999999997637, 0.000000000000000000, -1.674999999999999822 ) ) ;
#7275 = EDGE_CURVE ( 'NONE', #11506, #4376, #4720, .T. ) ;
#7276 = ORIENTED_EDGE ( 'NONE', *, *, #5997, .T. ) ;
#7277 = CARTESIAN_POINT ( 'NONE',  ( 12.08999999999999986, 0.5700000000000003952, -1.875000000000000000 ) ) ;
#7278 = AXIS2_PLACEMENT_3D ( 'NONE', #1702, #3111, #1987 ) ;
#7279 = ORIENTED_EDGE ( 'NONE', *, *, #11853, .T. ) ;
#7280 = DIRECTION ( 'NONE',  ( 1.000000000000000000, 0.000000000000000000, -0.000000000000000000 ) ) ;
#7281 = EDGE_LOOP ( 'NONE', ( #2003, #3848, #12095, #3364 ) ) ;
#7282 = EDGE_CURVE ( 'NONE', #881, #10939, #7266, .T. ) ;
#7283 = EDGE_LOOP ( 'NONE', ( #11917, #12042, #1658, #252 ) ) ;
#7284 = CARTESIAN_POINT ( 'NONE',  ( -13.80500000000000149, 1.055000000000000382, 3.715000000000003411 ) ) ;
#7285 = EDGE_CURVE ( 'NONE', #7363, #8217, #9407, .T. ) ;
#7286 = CIRCLE ( 'NONE', #1903, 0.1800000000000013256 ) ;
#7287 = DIRECTION ( 'NONE',  ( -1.000000000000000000, 0.000000000000000000, 0.000000000000000000 ) ) ;
#7288 = FACE_OUTER_BOUND ( 'NONE', #10525, .T. ) ;
#7289 = EDGE_CURVE ( 'NONE', #4176, #8576, #1882, .T. ) ;
#7290 = CARTESIAN_POINT ( 'NONE',  ( -6.030000000000002025, 0.9000000000000005773, 3.382601427321023646 ) ) ;
#7291 = CIRCLE ( 'NONE', #3699, 0.1800000000000013256 ) ;
#7292 = FACE_OUTER_BOUND ( 'NONE', #9183, .T. ) ;
#7293 = ORIENTED_EDGE ( 'NONE', *, *, #7543, .T. ) ;
#7294 = DIRECTION ( 'NONE',  ( -0.000000000000000000, 1.000000000000000000, 1.150347132610614786E-16 ) ) ;
#7295 = ORIENTED_EDGE ( 'NONE', *, *, #11006, .T. ) ;
#7296 = EDGE_LOOP ( 'NONE', ( #10052, #2818, #9722, #10973 ) ) ;
#7297 = LINE ( 'NONE', #5489, #6546 ) ;
#7298 = AXIS2_PLACEMENT_3D ( 'NONE', #1205, #253, #11524 ) ;
#7299 = ORIENTED_EDGE ( 'NONE', *, *, #7585, .T. ) ;
#7300 = DIRECTION ( 'NONE',  ( -0.000000000000000000, -0.000000000000000000, -1.000000000000000000 ) ) ;
#7301 = EDGE_LOOP ( 'NONE', ( #9658, #4815, #732, #3866 ) ) ;
#7302 = AXIS2_PLACEMENT_3D ( 'NONE', #3586, #4636, #4577 ) ;
#7303 = PLANE ( 'NONE',  #6002 ) ;
#7304 = SURFACE_SIDE_STYLE ('',( #11946 ) ) ;
#7305 = EDGE_CURVE ( 'NONE', #7246, #7732, #3733, .T. ) ;
#7306 = CYLINDRICAL_SURFACE ( 'NONE', #344, 0.1999999999999953204 ) ;
#7307 = FACE_OUTER_BOUND ( 'NONE', #2107, .T. ) ;
#7308 = CARTESIAN_POINT ( 'NONE',  ( -11.11000000000000121, 0.7200000000000001954, -3.714999999999999414 ) ) ;
#7309 = EDGE_LOOP ( 'NONE', ( #4315, #1160, #234, #9423 ) ) ;
#7310 = VERTEX_POINT ( 'NONE', #10341 ) ;
#7311 = VECTOR ( 'NONE', #6440, 999.9999999999998863 ) ;
#7312 = VECTOR ( 'NONE', #11518, 999.9999999999998863 ) ;
#7313 = CARTESIAN_POINT ( 'NONE',  ( 0.000000000000000000, 0.9000000000000005773, 0.4649999999999996914 ) ) ;
#7314 = EDGE_LOOP ( 'NONE', ( #8587, #11864, #6580, #6491 ) ) ;
#7315 = DIRECTION ( 'NONE',  ( 1.000000000000000000, 0.000000000000000000, 0.000000000000000000 ) ) ;
#7316 = FACE_OUTER_BOUND ( 'NONE', #6643, .T. ) ;
#7317 = ORIENTED_EDGE ( 'NONE', *, *, #4410, .F. ) ;
#7318 = CYLINDRICAL_SURFACE ( 'NONE', #1418, 0.1800000000000013256 ) ;
#7319 = CARTESIAN_POINT ( 'NONE',  ( -10.57000000000000561, 0.5700000000000003952, 0.4649999999999996914 ) ) ;
#7320 = CARTESIAN_POINT ( 'NONE',  ( -11.75000000000000178, 0.7200000000000000844, -3.714999999999999414 ) ) ;
#7321 = DIRECTION ( 'NONE',  ( -1.000000000000000000, 0.000000000000000000, 0.000000000000000000 ) ) ;
#7322 = DIRECTION ( 'NONE',  ( 0.3892816206350276365, 0.3892816206350255825, 0.8348171294789862307 ) ) ;
#7323 = AXIS2_PLACEMENT_3D ( 'NONE', #6116, #8735, #9837 ) ;
#7324 = ORIENTED_EDGE ( 'NONE', *, *, #11405, .T. ) ;
#7325 = VECTOR ( 'NONE', #2517, 1000.000000000000000 ) ;
#7326 = ORIENTED_EDGE ( 'NONE', *, *, #8392, .F. ) ;
#7327 = DIRECTION ( 'NONE',  ( 0.000000000000000000, 0.000000000000000000, 1.000000000000000000 ) ) ;
#7328 = ADVANCED_FACE ( 'NONE', ( #1798 ), #5606, .F. ) ;
#7329 = AXIS2_PLACEMENT_3D ( 'NONE', #1544, #4401, #11978 ) ;
#7330 = FACE_OUTER_BOUND ( 'NONE', #5352, .T. ) ;
#7331 = DIRECTION ( 'NONE',  ( 1.000000000000000000, 0.000000000000000000, 0.000000000000000000 ) ) ;
#7332 = UNCERTAINTY_MEASURE_WITH_UNIT (LENGTH_MEASURE( 1.000000000000000082E-05 ), #12188, 'distance_accuracy_value', 'NONE');
#7333 = LINE ( 'NONE', #11913, #1019 ) ;
#7334 = VERTEX_POINT ( 'NONE', #11321 ) ;
#7335 = CARTESIAN_POINT ( 'NONE',  ( 0.9499999999999977351, 0.9000000000000005773, -2.894999999999997797 ) ) ;
#7336 = VERTEX_POINT ( 'NONE', #8474 ) ;
#7337 = DIRECTION ( 'NONE',  ( -0.000000000000000000, -0.000000000000000000, 1.000000000000000000 ) ) ;
#7338 = ADVANCED_FACE ( 'NONE', ( #10399 ), #1855, .T. ) ;
#7339 = CARTESIAN_POINT ( 'NONE',  ( -9.550000000000002487, 1.870000000000000551, 0.6649999999999998135 ) ) ;
#7340 = CLOSED_SHELL ( 'NONE', ( #12253, #410, #8403, #1536, #878, #9747, #11759, #7393, #9551, #7429, #1640, #7375, #11041, #9858, #10748, #1715, #4206, #9815, #5342, #1745, #7232, #7137 ) ) ;
#7341 = ORIENTED_EDGE ( 'NONE', *, *, #1388, .F. ) ;
#7342 = CARTESIAN_POINT ( 'NONE',  ( -11.75000000000000178, -3.049999999999999822, -3.075000000000000178 ) ) ;
#7343 = VERTEX_POINT ( 'NONE', #1340 ) ;
#7344 = DIRECTION ( 'NONE',  ( -0.000000000000000000, -0.000000000000000000, -1.000000000000000000 ) ) ;
#7345 = EDGE_CURVE ( 'NONE', #6436, #3801, #5960, .T. ) ;
#7346 = ORIENTED_EDGE ( 'NONE', *, *, #4615, .T. ) ;
#7347 = VERTEX_POINT ( 'NONE', #4191 ) ;
#7348 = ORIENTED_EDGE ( 'NONE', *, *, #8105, .F. ) ;
#7349 = FACE_OUTER_BOUND ( 'NONE', #1089, .T. ) ;
#7350 = VERTEX_POINT ( 'NONE', #3261 ) ;
#7351 = DIRECTION ( 'NONE',  ( 1.000000000000000000, 0.000000000000000000, 0.000000000000000000 ) ) ;
#7352 = DIRECTION ( 'NONE',  ( 1.000000000000000000, 0.000000000000000000, -0.000000000000000000 ) ) ;
#7353 = LINE ( 'NONE', #6368, #5975 ) ;
#7354 = LINE ( 'NONE', #11811, #12069 ) ;
#7355 = LINE ( 'NONE', #5484, #1273 ) ;
#7356 = VERTEX_POINT ( 'NONE', #2143 ) ;
#7357 = CARTESIAN_POINT ( 'NONE',  ( 4.129999999999998117, -3.049999999999999822, -3.559999999999999165 ) ) ;
#7358 = ADVANCED_FACE ( 'NONE', ( #9936 ), #6959, .T. ) ;
#7359 = ORIENTED_EDGE ( 'NONE', *, *, #4160, .T. ) ;
#7360 = VERTEX_POINT ( 'NONE', #7951 ) ;
#7361 = EDGE_CURVE ( 'NONE', #10962, #2247, #4953, .T. ) ;
#7362 = DIRECTION ( 'NONE',  ( 1.000000000000000000, 0.000000000000000000, 0.000000000000000000 ) ) ;
#7363 = VERTEX_POINT ( 'NONE', #10616 ) ;
#7364 = DIRECTION ( 'NONE',  ( 1.000000000000000000, 0.000000000000000000, 0.000000000000000000 ) ) ;
#7365 = EDGE_LOOP ( 'NONE', ( #4324, #8843 ) ) ;
#7366 = CARTESIAN_POINT ( 'NONE',  ( 1.730000000000002425, 0.5700000000000003952, 0.4649999999999996914 ) ) ;
#7367 = CARTESIAN_POINT ( 'NONE',  ( 6.669999999999999041, 0.9000000000000005773, 3.715000000000003411 ) ) ;
#7368 = CARTESIAN_POINT ( 'NONE',  ( 4.129999999999998117, -2.717601427321017837, -3.714999999999999858 ) ) ;
#7369 = DIRECTION ( 'NONE',  ( 0.000000000000000000, 0.000000000000000000, 1.000000000000000000 ) ) ;
#7370 = PLANE ( 'NONE',  #5330 ) ;
#7371 = ORIENTED_EDGE ( 'NONE', *, *, #3349, .T. ) ;
#7372 = EDGE_CURVE ( 'NONE', #589, #3757, #9834, .T. ) ;
#7373 = AXIS2_PLACEMENT_3D ( 'NONE', #932, #2838, #6605 ) ;
#7374 = ORIENTED_EDGE ( 'NONE', *, *, #6297, .F. ) ;
#7375 = ADVANCED_FACE ( 'NONE', ( #3953 ), #1278, .F. ) ;
#7376 = DIRECTION ( 'NONE',  ( 0.000000000000000000, -0.9063077870366494926, -0.4226182617407005515 ) ) ;
#7377 = ORIENTED_EDGE ( 'NONE', *, *, #6140, .F. ) ;
#7378 = DIRECTION ( 'NONE',  ( 1.000000000000000000, 0.000000000000000000, 0.000000000000000000 ) ) ;
#7379 = CARTESIAN_POINT ( 'NONE',  ( -1.590000000000001190, 0.9000000000000005773, 3.715000000000003411 ) ) ;
#7380 = VECTOR ( 'NONE', #1962, 1000.000000000000000 ) ;
#7381 = VERTEX_POINT ( 'NONE', #7764 ) ;
#7382 = PLANE ( 'NONE',  #11937 ) ;
#7383 = LINE ( 'NONE', #11173, #9688 ) ;
#7384 = PLANE ( 'NONE',  #4231 ) ;
#7385 = ORIENTED_EDGE ( 'NONE', *, *, #11080, .F. ) ;
#7386 = EDGE_LOOP ( 'NONE', ( #11176, #11024, #8003, #8108 ) ) ;
#7387 = CARTESIAN_POINT ( 'NONE',  ( 14.63000000000000078, 0.5700000000000003952, 0.6649999999999998135 ) ) ;
#7388 = AXIS2_PLACEMENT_3D ( 'NONE', #7992, #5053, #4124 ) ;
#7389 = EDGE_CURVE ( 'NONE', #1667, #2490, #1164, .T. ) ;
#7390 = CARTESIAN_POINT ( 'NONE',  ( -13.80500000000000327, -3.049999999999999822, -3.230000000000000870 ) ) ;
#7391 = FILL_AREA_STYLE ('',( #8144 ) ) ;
#7392 = DIRECTION ( 'NONE',  ( -1.000000000000000000, 0.000000000000000000, 0.000000000000000000 ) ) ;
#7393 = ADVANCED_FACE ( 'NONE', ( #2205 ), #2332, .F. ) ;
#7394 = DIRECTION ( 'NONE',  ( 1.000000000000000000, 0.000000000000000000, 0.000000000000000000 ) ) ;
#7395 = CARTESIAN_POINT ( 'NONE',  ( 3.149999999999996358, 1.870000000000000551, -1.875000000000000000 ) ) ;
#7396 = CYLINDRICAL_SURFACE ( 'NONE', #45, 0.1999999999999953204 ) ;
#7397 = ORIENTED_EDGE ( 'NONE', *, *, #263, .F. ) ;
#7398 = FACE_OUTER_BOUND ( 'NONE', #4329, .T. ) ;
#7399 = ORIENTED_EDGE ( 'NONE', *, *, #3106, .F. ) ;
#7400 = CARTESIAN_POINT ( 'NONE',  ( -9.749999999999998224, 1.870000000000000551, 0.6649999999999998135 ) ) ;
#7401 = ORIENTED_EDGE ( 'NONE', *, *, #9583, .F. ) ;
#7402 = EDGE_CURVE ( 'NONE', #6817, #3145, #11543, .T. ) ;
#7403 = AXIS2_PLACEMENT_3D ( 'NONE', #4995, #11654, #7938 ) ;
#7404 = ORIENTED_EDGE ( 'NONE', *, *, #5275, .T. ) ;
#7405 = CARTESIAN_POINT ( 'NONE',  ( -11.11000000000000121, 0.7200000000000008615, -3.074999999999999734 ) ) ;
#7406 = EDGE_LOOP ( 'NONE', ( #5224, #9677, #4843, #1071 ) ) ;
#7407 = DIRECTION ( 'NONE',  ( 0.000000000000000000, 0.000000000000000000, -1.000000000000000000 ) ) ;
#7408 = EDGE_CURVE ( 'NONE', #3720, #7832, #9254, .T. ) ;
#7409 = DIRECTION ( 'NONE',  ( 0.000000000000000000, 0.9063077870366494926, -0.4226182617407005515 ) ) ;
#7410 = LINE ( 'NONE', #1792, #154 ) ;
#7411 = FACE_OUTER_BOUND ( 'NONE', #10916, .T. ) ;
#7412 = FACE_OUTER_BOUND ( 'NONE', #7524, .T. ) ;
#7413 = ORIENTED_EDGE ( 'NONE', *, *, #2138, .T. ) ;
#7414 = DIRECTION ( 'NONE',  ( 0.000000000000000000, 1.000000000000000000, -1.150347132610614786E-16 ) ) ;
#7415 = VECTOR ( 'NONE', #12251, 1000.000000000000000 ) ;
#7416 = ORIENTED_EDGE ( 'NONE', *, *, #8046, .T. ) ;
#7417 = LINE ( 'NONE', #2669, #5516 ) ;
#7418 = VERTEX_POINT ( 'NONE', #6017 ) ;
#7419 = VECTOR ( 'NONE', #10832, 1000.000000000000000 ) ;
#7420 = DIRECTION ( 'NONE',  ( 0.000000000000000000, 0.000000000000000000, -1.000000000000000000 ) ) ;
#7421 = EDGE_LOOP ( 'NONE', ( #7034, #5407, #5468, #3793 ) ) ;
#7422 = EDGE_CURVE ( 'NONE', #6372, #4870, #11602, .T. ) ;
#7423 = DIRECTION ( 'NONE',  ( 0.3892816206350239172, 0.3892816206350261377, -0.8348171294789875629 ) ) ;
#7424 = LINE ( 'NONE', #11210, #9004 ) ;
#7425 = CARTESIAN_POINT ( 'NONE',  ( 8.229999999999996874, 1.870000000000000551, -1.674999999999999822 ) ) ;
#7426 = DIRECTION ( 'NONE',  ( 1.000000000000000000, 0.000000000000000000, -0.000000000000000000 ) ) ;
#7427 = CYLINDRICAL_SURFACE ( 'NONE', #9308, 0.8200000000000012834 ) ;
#7428 = ORIENTED_EDGE ( 'NONE', *, *, #8546, .F. ) ;
#7429 = ADVANCED_FACE ( 'NONE', ( #6078 ), #8696, .F. ) ;
#7430 = AXIS2_PLACEMENT_3D ( 'NONE', #7566, #3877, #5631 ) ;
#7431 = VERTEX_POINT ( 'NONE', #11723 ) ;
#7432 = PLANE ( 'NONE',  #11627 ) ;
#7433 = ORIENTED_EDGE ( 'NONE', *, *, #11109, .T. ) ;
#7434 = EDGE_CURVE ( 'NONE', #5232, #359, #11622, .T. ) ;
#7435 = CARTESIAN_POINT ( 'NONE',  ( -6.350000000000003197, 0.7199999999999999734, -2.894999999999998241 ) ) ;
#7436 = LINE ( 'NONE', #8369, #9844 ) ;
#7437 = CYLINDRICAL_SURFACE ( 'NONE', #1611, 0.1999999999999953204 ) ;
#7438 = AXIS2_PLACEMENT_3D ( 'NONE', #5040, #4048, #6872 ) ;
#7439 = FACE_OUTER_BOUND ( 'NONE', #3350, .T. ) ;
#7440 = DIRECTION ( 'NONE',  ( -0.000000000000000000, -0.000000000000000000, -1.000000000000000000 ) ) ;
#7441 = CARTESIAN_POINT ( 'NONE',  ( -6.573014284694893128, 0.9969857153051095988, 3.590587964983398717 ) ) ;
#7442 = ORIENTED_EDGE ( 'NONE', *, *, #11310, .T. ) ;
#7443 = EDGE_CURVE ( 'NONE', #9056, #4788, #3076, .T. ) ;
#7444 = VECTOR ( 'NONE', #9522, 1000.000000000000000 ) ;
#7445 = ORIENTED_EDGE ( 'NONE', *, *, #3066, .F. ) ;
#7446 = CARTESIAN_POINT ( 'NONE',  ( -8.230000000000000426, 0.5700000000000003952, -1.875000000000000000 ) ) ;
#7447 = AXIS2_PLACEMENT_3D ( 'NONE', #11376, #2845, #1741 ) ;
#7448 = CARTESIAN_POINT ( 'NONE',  ( -8.570000000000002061, 0.7200000000000001954, -3.714999999999999414 ) ) ;
#7449 =( NAMED_UNIT ( * ) SI_UNIT ( $, .STERADIAN. ) SOLID_ANGLE_UNIT ( ) );
#7450 = FACE_BOUND ( 'NONE', #6181, .T. ) ;
#7451 = VECTOR ( 'NONE', #6830, 1000.000000000000000 ) ;
#7452 = DIRECTION ( 'NONE',  ( -0.000000000000000000, -1.000000000000000000, 0.000000000000000000 ) ) ;
#7453 = LINE ( 'NONE', #10136, #11830 ) ;
#7454 = ORIENTED_EDGE ( 'NONE', *, *, #8253, .T. ) ;
#7455 = CARTESIAN_POINT ( 'NONE',  ( 3.974999999999997424, -3.049999999999999822, -3.230000000000000870 ) ) ;
#7456 = CARTESIAN_POINT ( 'NONE',  ( 13.65000000000000036, 1.540000000000001146, -2.894999999999998241 ) ) ;
#7457 = AXIS2_PLACEMENT_3D ( 'NONE', #3640, #6527, #2641 ) ;
#7458 = ORIENTED_EDGE ( 'NONE', *, *, #9986, .T. ) ;
#7459 = CARTESIAN_POINT ( 'NONE',  ( 1.589999999999997637, -2.717601427321017837, -3.075000000000000178 ) ) ;
#7460 = EDGE_CURVE ( 'NONE', #1349, #285, #11667, .T. ) ;
#7461 = PLANE ( 'NONE',  #6889 ) ;
#7462 = VECTOR ( 'NONE', #581, 1000.000000000000000 ) ;
#7463 = AXIS2_PLACEMENT_3D ( 'NONE', #2420, #622, #11934 ) ;
#7464 = EDGE_CURVE ( 'NONE', #8658, #8489, #5869, .T. ) ;
#7465 = VECTOR ( 'NONE', #1021, 1000.000000000000000 ) ;
#7466 = DIRECTION ( 'NONE',  ( 0.000000000000000000, 0.000000000000000000, -1.000000000000000000 ) ) ;
#7467 = ORIENTED_EDGE ( 'NONE', *, *, #8889, .F. ) ;
#7468 = FACE_OUTER_BOUND ( 'NONE', #5349, .T. ) ;
#7469 = DIRECTION ( 'NONE',  ( 0.000000000000000000, 5.421010862427481938E-15, -1.000000000000000000 ) ) ;
#7470 = VECTOR ( 'NONE', #782, 999.9999999999998863 ) ;
#7471 = VECTOR ( 'NONE', #7164, 1000.000000000000000 ) ;
#7472 = DIRECTION ( 'NONE',  ( -0.000000000000000000, -0.4226182617407006625, -0.9063077870366493816 ) ) ;
#7473 = LINE ( 'NONE', #3602, #8326 ) ;
#7474 = LINE ( 'NONE', #11261, #6054 ) ;
#7475 = VERTEX_POINT ( 'NONE', #1455 ) ;
#7476 = DIRECTION ( 'NONE',  ( -1.000000000000000000, 0.000000000000000000, 0.000000000000000000 ) ) ;
#7477 = VECTOR ( 'NONE', #7300, 1000.000000000000000 ) ;
#7478 = ORIENTED_EDGE ( 'NONE', *, *, #1578, .T. ) ;
#7479 = DIRECTION ( 'NONE',  ( 0.000000000000000000, 5.421010862427481938E-15, -1.000000000000000000 ) ) ;
#7480 = PRESENTATION_LAYER_ASSIGNMENT (  '', '', ( #308 ) ) ;
#7481 = EDGE_CURVE ( 'NONE', #10692, #3596, #10445, .T. ) ;
#7482 = AXIS2_PLACEMENT_3D ( 'NONE', #3400, #2711, #8269 ) ;
#7483 = FACE_OUTER_BOUND ( 'NONE', #7812, .T. ) ;
#7484 = EDGE_LOOP ( 'NONE', ( #12263, #6337, #340, #10286 ) ) ;
#7485 = DIRECTION ( 'NONE',  ( 0.000000000000000000, 0.000000000000000000, -1.000000000000000000 ) ) ;
#7486 = EDGE_LOOP ( 'NONE', ( #5222, #11021, #12183, #2232 ) ) ;
#7487 =( GEOMETRIC_REPRESENTATION_CONTEXT ( 3 ) GLOBAL_UNCERTAINTY_ASSIGNED_CONTEXT ( ( #597 ) ) GLOBAL_UNIT_ASSIGNED_CONTEXT ( ( #2142, #9804, #8997 ) ) REPRESENTATION_CONTEXT ( 'NONE', 'WORKASPACE' ) );
#7488 = CYLINDRICAL_SURFACE ( 'NONE', #1788, 0.1999999999999953204 ) ;
#7489 = PLANE ( 'NONE',  #1747 ) ;
#7490 = EDGE_CURVE ( 'NONE', #6807, #4116, #5198, .T. ) ;
#7491 = CARTESIAN_POINT ( 'NONE',  ( 1.589999999999997637, -2.717601427321017837, -3.714999999999999858 ) ) ;
#7492 = DIRECTION ( 'NONE',  ( 0.000000000000000000, 0.000000000000000000, -1.000000000000000000 ) ) ;
#7493 = EDGE_LOOP ( 'NONE', ( #2591, #4103, #822, #6380 ) ) ;
#7494 = EDGE_CURVE ( 'NONE', #7112, #10069, #11843, .T. ) ;
#7495 = VERTEX_POINT ( 'NONE', #711 ) ;
#7496 = ADVANCED_FACE ( 'NONE', ( #647 ), #5442, .T. ) ;
#7497 = VECTOR ( 'NONE', #6784, 1000.000000000000000 ) ;
#7498 = DIRECTION ( 'NONE',  ( -1.000000000000000000, 0.000000000000000000, 0.000000000000000000 ) ) ;
#7499 = ADVANCED_FACE ( 'NONE', ( #7316 ), #8250, .F. ) ;
#7500 = ORIENTED_EDGE ( 'NONE', *, *, #6418, .F. ) ;
#7501 = CARTESIAN_POINT ( 'NONE',  ( -11.11000000000000121, 0.9000000000000005773, -2.894999999999997797 ) ) ;
#7502 = DIRECTION ( 'NONE',  ( -0.000000000000000000, -0.000000000000000000, -1.000000000000000000 ) ) ;
#7503 = PLANE ( 'NONE',  #9201 ) ;
#7504 = CARTESIAN_POINT ( 'NONE',  ( -13.65000000000000213, 0.7200000000000008615, -3.074999999999999734 ) ) ;
#7505 = AXIS2_PLACEMENT_3D ( 'NONE', #10403, #10643, #5857 ) ;
#7506 = CARTESIAN_POINT ( 'NONE',  ( 27.94000000000000128, 1.055000000000000382, 3.715000000000003411 ) ) ;
#7507 = EDGE_LOOP ( 'NONE', ( #1546, #8425, #9373, #5276 ) ) ;
#7508 = EDGE_LOOP ( 'NONE', ( #11193, #11592, #6559, #10726 ) ) ;
#7509 = FACE_OUTER_BOUND ( 'NONE', #10712, .T. ) ;
#7510 = VECTOR ( 'NONE', #386, 1000.000000000000000 ) ;
#7511 = EDGE_CURVE ( 'NONE', #10117, #10529, #1289, .T. ) ;
#7512 = LINE ( 'NONE', #1891, #10231 ) ;
#7513 = EDGE_CURVE ( 'NONE', #11163, #832, #12205, .T. ) ;
#7514 = FILL_AREA_STYLE_COLOUR ( '', #10848 ) ;
#7515 = DIRECTION ( 'NONE',  ( 0.000000000000000000, 0.000000000000000000, -1.000000000000000000 ) ) ;
#7516 = AXIS2_PLACEMENT_3D ( 'NONE', #11515, #11456, #9543 ) ;
#7517 = DIRECTION ( 'NONE',  ( 0.3892816206350259711, -0.8348171294789868968, -0.3892816206350259711 ) ) ;
#7518 = FACE_OUTER_BOUND ( 'NONE', #11541, .T. ) ;
#7519 = AXIS2_PLACEMENT_3D ( 'NONE', #324, #11713, #5188 ) ;
#7520 = EDGE_LOOP ( 'NONE', ( #8077, #8633, #7586, #10824 ) ) ;
#7521 = DIRECTION ( 'NONE',  ( 0.9063077870366493816, -0.4226182617407006625, 0.000000000000000000 ) ) ;
#7522 = FACE_OUTER_BOUND ( 'NONE', #5518, .T. ) ;
#7523 = EDGE_LOOP ( 'NONE', ( #5062, #4875, #704, #2701 ) ) ;
#7524 = EDGE_LOOP ( 'NONE', ( #4230, #10537, #1424, #2857 ) ) ;
#7525 = PLANE ( 'NONE',  #8527 ) ;
#7526 = CARTESIAN_POINT ( 'NONE',  ( 0.9499999999999977351, 1.540000000000000480, -2.894999999999997797 ) ) ;
#7527 = EDGE_CURVE ( 'NONE', #1035, #5536, #5254, .T. ) ;
#7528 = AXIS2_PLACEMENT_3D ( 'NONE', #6034, #1121, #7728 ) ;
#7529 = EDGE_CURVE ( 'NONE', #6794, #6771, #10121, .T. ) ;
#7530 = COLOUR_RGB ( '',0.2509803921568627416, 0.2509803921568627416, 0.2509803921568627416 ) ;
#7531 = ORIENTED_EDGE ( 'NONE', *, *, #4293, .F. ) ;
#7532 = CARTESIAN_POINT ( 'NONE',  ( -11.59500000000000064, -2.174999999999998934, 3.715000000000003855 ) ) ;
#7533 = PLANE ( 'NONE',  #10852 ) ;
#7534 = AXIS2_PLACEMENT_3D ( 'NONE', #6008, #388, #7005 ) ;
#7535 = DIRECTION ( 'NONE',  ( 0.000000000000000000, 0.000000000000000000, 1.000000000000000000 ) ) ;
#7536 = DIRECTION ( 'NONE',  ( 0.000000000000000000, 0.000000000000000000, 1.000000000000000000 ) ) ;
#7537 = DIRECTION ( 'NONE',  ( -0.000000000000000000, -0.000000000000000000, -1.000000000000000000 ) ) ;
#7538 = VERTEX_POINT ( 'NONE', #7141 ) ;
#7539 = DIRECTION ( 'NONE',  ( 0.000000000000000000, 1.000000000000000000, 1.150347132610614786E-16 ) ) ;
#7540 = ORIENTED_EDGE ( 'NONE', *, *, #4047, .T. ) ;
#7541 = DIRECTION ( 'NONE',  ( -1.000000000000000000, 0.000000000000000000, -0.000000000000000000 ) ) ;
#7542 = ORIENTED_EDGE ( 'NONE', *, *, #3349, .F. ) ;
#7543 = EDGE_CURVE ( 'NONE', #7336, #3104, #8855, .T. ) ;
#7544 = CARTESIAN_POINT ( 'NONE',  ( 3.489999999999998437, -2.717601427321017837, -3.075000000000000178 ) ) ;
#7545 = EDGE_LOOP ( 'NONE', ( #10839, #5905, #10366, #6292 ) ) ;
#7546 = DIRECTION ( 'NONE',  ( -0.000000000000000000, -0.000000000000000000, 1.000000000000000000 ) ) ;
#7547 = VERTEX_POINT ( 'NONE', #6336 ) ;
#7548 = LINE ( 'NONE', #2795, #12110 ) ;
#7549 = EDGE_CURVE ( 'NONE', #5610, #8008, #12012, .T. ) ;
#7550 = DIRECTION ( 'NONE',  ( 0.000000000000000000, -1.000000000000000000, 1.150347132610614786E-16 ) ) ;
#7551 = CARTESIAN_POINT ( 'NONE',  ( -14.29000000000000270, 1.540000000000000480, -2.894999999999997797 ) ) ;
#7552 = DIRECTION ( 'NONE',  ( -0.000000000000000000, -0.000000000000000000, 1.000000000000000000 ) ) ;
#7553 = ORIENTED_EDGE ( 'NONE', *, *, #10233, .F. ) ;
#7554 = VERTEX_POINT ( 'NONE', #12021 ) ;
#7555 = ADVANCED_FACE ( 'NONE', ( #8129 ), #12085, .T. ) ;
#7556 = CARTESIAN_POINT ( 'NONE',  ( -6.670000000000002593, -2.717601427321017837, -3.714999999999999858 ) ) ;
#7557 = ORIENTED_EDGE ( 'NONE', *, *, #10855, .F. ) ;
#7558 = DIRECTION ( 'NONE',  ( -0.000000000000000000, -0.000000000000000000, -1.000000000000000000 ) ) ;
#7559 = AXIS2_PLACEMENT_3D ( 'NONE', #9599, #12128, #10471 ) ;
#7560 = CARTESIAN_POINT ( 'NONE',  ( 11.75000000000000000, 0.9000000000000005773, 3.382601427321023646 ) ) ;
#7561 = LINE ( 'NONE', #2005, #11361 ) ;
#7562 = ORIENTED_EDGE ( 'NONE', *, *, #9443, .F. ) ;
#7563 = EDGE_CURVE ( 'NONE', #7949, #11772, #3384, .T. ) ;
#7564 = DIRECTION ( 'NONE',  ( -1.000000000000000000, -0.000000000000000000, 0.000000000000000000 ) ) ;
#7565 = CIRCLE ( 'NONE', #4370, 0.8200000000000012834 ) ;
#7566 = CARTESIAN_POINT ( 'NONE',  ( -0.9500000000000011768, 0.9000000000000005773, 3.715000000000003411 ) ) ;
#7567 = ORIENTED_EDGE ( 'NONE', *, *, #10975, .F. ) ;
#7568 = VERTEX_POINT ( 'NONE', #9134 ) ;
#7569 = LINE ( 'NONE', #9375, #10033 ) ;
#7570 = CIRCLE ( 'NONE', #2194, 0.1999999999999953204 ) ;
#7571 = CARTESIAN_POINT ( 'NONE',  ( 0.9499999999999977351, 0.9000000000000013545, 3.382601427321023646 ) ) ;
#7572 = DIRECTION ( 'NONE',  ( -0.000000000000000000, -0.000000000000000000, -1.000000000000000000 ) ) ;
#7573 = FACE_BOUND ( 'NONE', #2848, .T. ) ;
#7574 = CARTESIAN_POINT ( 'NONE',  ( -0.9500000000000011768, -3.049999999999999822, -3.075000000000000178 ) ) ;
#7575 = DIRECTION ( 'NONE',  ( -0.000000000000000000, -0.000000000000000000, -1.000000000000000000 ) ) ;
#7576 = EDGE_CURVE ( 'NONE', #7568, #5247, #11169, .T. ) ;
#7577 = ORIENTED_EDGE ( 'NONE', *, *, #3669, .T. ) ;
#7578 = CYLINDRICAL_SURFACE ( 'NONE', #11662, 0.1999999999999953204 ) ;
#7579 = PLANE ( 'NONE',  #7220 ) ;
#7580 = ORIENTED_EDGE ( 'NONE', *, *, #8914, .T. ) ;
#7581 = VERTEX_POINT ( 'NONE', #6450 ) ;
#7582 = DIRECTION ( 'NONE',  ( 0.000000000000000000, 0.000000000000000000, 1.000000000000000000 ) ) ;
#7583 = VECTOR ( 'NONE', #8173, 1000.000000000000000 ) ;
#7584 = CARTESIAN_POINT ( 'NONE',  ( -14.29000000000000270, 1.540000000000000480, 3.382601427321023646 ) ) ;
#7585 = EDGE_CURVE ( 'NONE', #7360, #7895, #2444, .T. ) ;
#7586 = ORIENTED_EDGE ( 'NONE', *, *, #3486, .T. ) ;
#7587 = CARTESIAN_POINT ( 'NONE',  ( 3.489999999999998437, 0.7199999999999999734, -2.894999999999998241 ) ) ;
#7588 = VECTOR ( 'NONE', #752, 1000.000000000000227 ) ;
#7589 = VERTEX_POINT ( 'NONE', #5322 ) ;
#7590 = LINE ( 'NONE', #11371, #3178 ) ;
#7591 = LINE ( 'NONE', #10574, #4479 ) ;
#7592 = ADVANCED_FACE ( 'NONE', ( #4378 ), #11957, .F. ) ;
#7593 = DIRECTION ( 'NONE',  ( -0.000000000000000000, -0.000000000000000000, -1.000000000000000000 ) ) ;
#7594 = LINE ( 'NONE', #5789, #2144 ) ;
#7595 = PLANE ( 'NONE',  #7447 ) ;
#7596 = ORIENTED_EDGE ( 'NONE', *, *, #5504, .T. ) ;
#7597 = DIRECTION ( 'NONE',  ( 0.000000000000000000, 0.000000000000000000, -1.000000000000000000 ) ) ;
#7598 = EDGE_CURVE ( 'NONE', #1802, #5283, #11569, .T. ) ;
#7599 = CARTESIAN_POINT ( 'NONE',  ( 9.549999999999998934, 0.5700000000000003952, -1.674999999999999822 ) ) ;
#7600 = AXIS2_PLACEMENT_3D ( 'NONE', #8133, #4440, #2575 ) ;
#7601 = ORIENTED_EDGE ( 'NONE', *, *, #10222, .F. ) ;
#7602 = DIRECTION ( 'NONE',  ( -0.000000000000000000, -0.000000000000000000, -1.000000000000000000 ) ) ;
#7603 = EDGE_LOOP ( 'NONE', ( #2888, #10271, #1481, #8869 ) ) ;
#7604 = PLANE ( 'NONE',  #8267 ) ;
#7605 = ORIENTED_EDGE ( 'NONE', *, *, #9405, .T. ) ;
#7606 = ORIENTED_EDGE ( 'NONE', *, *, #166, .F. ) ;
#7607 = CARTESIAN_POINT ( 'NONE',  ( 14.29000000000000092, 0.9000000000000005773, 3.715000000000003411 ) ) ;
#7608 = PRESENTATION_LAYER_ASSIGNMENT (  '', '', ( #5220 ) ) ;
#7609 = CARTESIAN_POINT ( 'NONE',  ( 6.184999999999999609, -3.049999999999999822, -3.559999999999999165 ) ) ;
#7610 = LINE ( 'NONE', #56, #5328 ) ;
#7611 = DIRECTION ( 'NONE',  ( 1.000000000000000000, 0.000000000000000000, -0.000000000000000000 ) ) ;
#7612 = CARTESIAN_POINT ( 'NONE',  ( 6.067012187167226678, 1.436334613170440644, -1.137987812832773837 ) ) ;
#7613 = EDGE_LOOP ( 'NONE', ( #10344, #7674, #2626, #7239 ) ) ;
#7614 = EDGE_CURVE ( 'NONE', #10064, #4558, #95, .T. ) ;
#7615 = ORIENTED_EDGE ( 'NONE', *, *, #3452, .F. ) ;
#7616 = EDGE_CURVE ( 'NONE', #5393, #9333, #7740, .T. ) ;
#7617 = DIRECTION ( 'NONE',  ( 0.3892816206350239172, 0.3892816206350261377, -0.8348171294789875629 ) ) ;
#7618 = ORIENTED_EDGE ( 'NONE', *, *, #3739, .F. ) ;
#7619 = DIRECTION ( 'NONE',  ( 0.000000000000000000, 0.000000000000000000, 1.000000000000000000 ) ) ;
#7620 = ORIENTED_EDGE ( 'NONE', *, *, #7481, .T. ) ;
#7621 = CARTESIAN_POINT ( 'NONE',  ( 2.129999999999992788, 0.5700000000000003952, 0.6649999999999998135 ) ) ;
#7622 = CARTESIAN_POINT ( 'NONE',  ( -11.75000000000000178, -2.717601427321017837, -3.714999999999999858 ) ) ;
#7623 = ORIENTED_EDGE ( 'NONE', *, *, #10594, .T. ) ;
#7624 = DIRECTION ( 'NONE',  ( 0.000000000000000000, -0.9063077870366494926, -0.4226182617407005515 ) ) ;
#7625 = DIRECTION ( 'NONE',  ( -0.000000000000000000, -0.000000000000000000, -1.000000000000000000 ) ) ;
#7626 = CIRCLE ( 'NONE', #4623, 0.1999999999999953204 ) ;
#7627 = ORIENTED_EDGE ( 'NONE', *, *, #12101, .F. ) ;
#7628 = PRODUCT_RELATED_PRODUCT_CATEGORY ( 'part', '', ( #2149 ) ) ;
#7629 = ORIENTED_EDGE ( 'NONE', *, *, #494, .T. ) ;
#7630 = CARTESIAN_POINT ( 'NONE',  ( 6.810000000000003162, 0.5700000000000003952, -1.875000000000000000 ) ) ;
#7631 = VERTEX_POINT ( 'NONE', #4919 ) ;
#7632 = ADVANCED_FACE ( 'NONE', ( #3045 ), #54, .T. ) ;
#7633 = AXIS2_PLACEMENT_3D ( 'NONE', #246, #11642, #3174 ) ;
#7634 = CARTESIAN_POINT ( 'NONE',  ( 10.76999999999999780, 1.870000000000000551, -1.674999999999999822 ) ) ;
#7635 = ORIENTED_EDGE ( 'NONE', *, *, #1452, .F. ) ;
#7636 = FACE_OUTER_BOUND ( 'NONE', #1907, .T. ) ;
#7637 = DIRECTION ( 'NONE',  ( 0.000000000000000000, 0.000000000000000000, -1.000000000000000000 ) ) ;
#7638 = ORIENTED_EDGE ( 'NONE', *, *, #12094, .T. ) ;
#7639 = CYLINDRICAL_SURFACE ( 'NONE', #7184, 0.1999999999999953204 ) ;
#7640 = EDGE_CURVE ( 'NONE', #7347, #7162, #3089, .T. ) ;
#7641 = CYLINDRICAL_SURFACE ( 'NONE', #4895, 0.1999999999999953204 ) ;
#7642 = ORIENTED_EDGE ( 'NONE', *, *, #625, .F. ) ;
#7643 = CARTESIAN_POINT ( 'NONE',  ( 13.80500000000000149, -3.049999999999999822, -3.230000000000000870 ) ) ;
#7644 = DIRECTION ( 'NONE',  ( 0.000000000000000000, 1.000000000000000000, 1.150347132610614786E-16 ) ) ;
#7645 = ORIENTED_EDGE ( 'NONE', *, *, #11732, .F. ) ;
#7646 = CARTESIAN_POINT ( 'NONE',  ( 14.63000000000000078, 0.5700000000000003952, -1.674999999999999822 ) ) ;
#7647 = ADVANCED_FACE ( 'NONE', ( #3922 ), #9725, .F. ) ;
#7648 = ORIENTED_EDGE ( 'NONE', *, *, #5887, .F. ) ;
#7649 = DIRECTION ( 'NONE',  ( 0.000000000000000000, -0.000000000000000000, -1.000000000000000000 ) ) ;
#7650 = VECTOR ( 'NONE', #284, 1000.000000000000000 ) ;
#7651 = ADVANCED_FACE ( 'NONE', ( #11512 ), #10649, .T. ) ;
#7652 = VECTOR ( 'NONE', #3946, 1000.000000000000000 ) ;
#7653 = SURFACE_STYLE_USAGE ( .BOTH. , #2030 ) ;
#7654 = ADVANCED_FACE ( 'NONE', ( #1191 ), #3855, .F. ) ;
#7655 = ORIENTED_EDGE ( 'NONE', *, *, #8835, .F. ) ;
#7656 = VECTOR ( 'NONE', #3137, 1000.000000000000000 ) ;
#7657 = CARTESIAN_POINT ( 'NONE',  ( 1.434999999999996945, -3.049999999999999822, -4.336808689942017736E-16 ) ) ;
#7658 = ADVANCED_FACE ( 'NONE', ( #1010 ), #2926, .T. ) ;
#7659 = CARTESIAN_POINT ( 'NONE',  ( -4.270000000000008455, 1.870000000000000551, 0.6649999999999998135 ) ) ;
#7660 = CARTESIAN_POINT ( 'NONE',  ( -10.77000000000000135, 0.5700000000000003952, -1.674999999999999822 ) ) ;
#7661 = FACE_OUTER_BOUND ( 'NONE', #12240, .T. ) ;
#7662 = AXIS2_PLACEMENT_3D ( 'NONE', #7256, #8069, #7196 ) ;
#7663 = DIRECTION ( 'NONE',  ( 0.000000000000000000, 1.000000000000000000, 0.000000000000000000 ) ) ;
#7664 = ORIENTED_EDGE ( 'NONE', *, *, #10400, .F. ) ;
#7665 = DIRECTION ( 'NONE',  ( -1.000000000000000000, 0.000000000000000000, 0.000000000000000000 ) ) ;
#7666 = ORIENTED_EDGE ( 'NONE', *, *, #7869, .T. ) ;
#7667 = VECTOR ( 'NONE', #4989, 1000.000000000000000 ) ;
#7668 = EDGE_CURVE ( 'NONE', #8594, #469, #6810, .T. ) ;
#7669 = VERTEX_POINT ( 'NONE', #10587 ) ;
#7670 = EDGE_LOOP ( 'NONE', ( #9366, #3341, #3539, #8562 ) ) ;
#7671 = CARTESIAN_POINT ( 'NONE',  ( -6.670000000000002593, 0.9000000000000005773, 3.715000000000003411 ) ) ;
#7672 = AXIS2_PLACEMENT_3D ( 'NONE', #3439, #1583, #8732 ) ;
#7673 = AXIS2_PLACEMENT_3D ( 'NONE', #11200, #6426, #10210 ) ;
#7674 = ORIENTED_EDGE ( 'NONE', *, *, #1395, .F. ) ;
#7675 = DIRECTION ( 'NONE',  ( 1.000000000000000000, 0.000000000000000000, -0.000000000000000000 ) ) ;
#7676 = ORIENTED_EDGE ( 'NONE', *, *, #10450, .F. ) ;
#7677 = ADVANCED_FACE ( 'NONE', ( #4562 ), #4979, .T. ) ;
#7678 = DIRECTION ( 'NONE',  ( 0.000000000000000000, -0.000000000000000000, 1.000000000000000000 ) ) ;
#7679 = LINE ( 'NONE', #9356, #5174 ) ;
#7680 = AXIS2_PLACEMENT_3D ( 'NONE', #2113, #5741, #1070 ) ;
#7681 = PLANE ( 'NONE',  #1240 ) ;
#7682 = DIRECTION ( 'NONE',  ( -0.000000000000000000, -0.000000000000000000, -1.000000000000000000 ) ) ;
#7683 =( GEOMETRIC_REPRESENTATION_CONTEXT ( 3 ) GLOBAL_UNCERTAINTY_ASSIGNED_CONTEXT ( ( #10071 ) ) GLOBAL_UNIT_ASSIGNED_CONTEXT ( ( #9264, #1718, #11062 ) ) REPRESENTATION_CONTEXT ( 'NONE', 'WORKASPACE' ) );
#7684 = LINE ( 'NONE', #11457, #870 ) ;
#7685 = CYLINDRICAL_SURFACE ( 'NONE', #10099, 0.1999999999999953204 ) ;
#7686 = ORIENTED_EDGE ( 'NONE', *, *, #9708, .F. ) ;
#7687 = EDGE_LOOP ( 'NONE', ( #6521, #3735, #4860, #5742 ) ) ;
#7688 = VECTOR ( 'NONE', #1520, 1000.000000000000000 ) ;
#7689 = CARTESIAN_POINT ( 'NONE',  ( 12.70000000000000107, -3.049999999999999822, -4.336808689942017736E-16 ) ) ;
#7690 = ORIENTED_EDGE ( 'NONE', *, *, #1774, .T. ) ;
#7691 = ADVANCED_FACE ( 'NONE', ( #240 ), #2046, .T. ) ;
#7692 = DIRECTION ( 'NONE',  ( 0.000000000000000000, 0.000000000000000000, 1.000000000000000000 ) ) ;
#7693 = VERTEX_POINT ( 'NONE', #5509 ) ;
#7694 = VECTOR ( 'NONE', #10376, 1000.000000000000000 ) ;
#7695 = LINE ( 'NONE', #11471, #5995 ) ;
#7696 = CARTESIAN_POINT ( 'NONE',  ( -11.75000000000000178, 0.9000000000000012434, -2.894999999999998241 ) ) ;
#7697 = LINE ( 'NONE', #11473, #5921 ) ;
#7698 = LINE ( 'NONE', #972, #3042 ) ;
#7699 = ORIENTED_EDGE ( 'NONE', *, *, #9943, .T. ) ;
#7700 = AXIS2_PLACEMENT_3D ( 'NONE', #11255, #1737, #5542 ) ;
#7701 = VERTEX_POINT ( 'NONE', #5801 ) ;
#7702 = DIRECTION ( 'NONE',  ( 0.000000000000000000, 0.000000000000000000, 1.000000000000000000 ) ) ;
#7703 = EDGE_LOOP ( 'NONE', ( #8376, #1751, #9555, #11323 ) ) ;
#7704 = AXIS2_PLACEMENT_3D ( 'NONE', #8858, #3241, #9785 ) ;
#7705 = DIRECTION ( 'NONE',  ( -1.000000000000000000, 0.000000000000000000, 0.000000000000000000 ) ) ;
#7706 = EDGE_LOOP ( 'NONE', ( #1529, #11755, #9198, #5196 ) ) ;
#7707 = DIRECTION ( 'NONE',  ( -0.000000000000000000, -0.000000000000000000, -1.000000000000000000 ) ) ;
#7708 = FACE_BOUND ( 'NONE', #4372, .T. ) ;
#7709 = CIRCLE ( 'NONE', #337, 0.1999999999999953204 ) ;
#7710 = CARTESIAN_POINT ( 'NONE',  ( -14.63000000000000433, 1.870000000000000551, -1.875000000000000000 ) ) ;
#7711 = FACE_OUTER_BOUND ( 'NONE', #11462, .T. ) ;
#7712 = VERTEX_POINT ( 'NONE', #9313 ) ;
#7713 = DIRECTION ( 'NONE',  ( 0.000000000000000000, -0.000000000000000000, 1.000000000000000000 ) ) ;
#7714 = CARTESIAN_POINT ( 'NONE',  ( 6.514999999999997904, -3.049999999999999822, -3.559999999999999165 ) ) ;
#7715 = AXIS2_PLACEMENT_3D ( 'NONE', #11245, #7337, #11806 ) ;
#7716 = ORIENTED_EDGE ( 'NONE', *, *, #7269, .T. ) ;
#7717 = EDGE_CURVE ( 'NONE', #7831, #10885, #7436, .T. ) ;
#7718 = DIRECTION ( 'NONE',  ( -0.3892816206350239172, 0.3892816206350261377, 0.8348171294789875629 ) ) ;
#7719 = VECTOR ( 'NONE', #8986, 1000.000000000000000 ) ;
#7720 = DIRECTION ( 'NONE',  ( -0.000000000000000000, -0.000000000000000000, -1.000000000000000000 ) ) ;
#7721 = VECTOR ( 'NONE', #2241, 1000.000000000000000 ) ;
#7722 = ORIENTED_EDGE ( 'NONE', *, *, #10524, .F. ) ;
#7723 = ADVANCED_FACE ( 'NONE', ( #6516 ), #9598, .F. ) ;
#7724 = DIRECTION ( 'NONE',  ( 0.000000000000000000, 1.000000000000000000, -1.150347132610614786E-16 ) ) ;
#7725 = FACE_OUTER_BOUND ( 'NONE', #2963, .T. ) ;
#7726 = CARTESIAN_POINT ( 'NONE',  ( -13.65000000000000213, 0.7200000000000000844, -3.074999999999999734 ) ) ;
#7727 = EDGE_CURVE ( 'NONE', #1897, #10655, #4675, .T. ) ;
#7728 = DIRECTION ( 'NONE',  ( 1.000000000000000000, 0.000000000000000000, 0.000000000000000000 ) ) ;
#7729 = CARTESIAN_POINT ( 'NONE',  ( 13.80500000000000149, -3.049999999999999822, -4.336808689942017736E-16 ) ) ;
#7730 = CARTESIAN_POINT ( 'NONE',  ( -8.570000000000002061, 0.9000000000000005773, -1.674999999999999822 ) ) ;
#7731 = VECTOR ( 'NONE', #4456, 1000.000000000000000 ) ;
#7732 = VERTEX_POINT ( 'NONE', #10771 ) ;
#7733 = EDGE_CURVE ( 'NONE', #7752, #5536, #4220, .T. ) ;
#7734 = ORIENTED_EDGE ( 'NONE', *, *, #6140, .T. ) ;
#7735 = LINE ( 'NONE', #9720, #9110 ) ;
#7736 = AXIS2_PLACEMENT_3D ( 'NONE', #12116, #6738, #6489 ) ;
#7737 = ORIENTED_EDGE ( 'NONE', *, *, #1998, .F. ) ;
#7738 = DIRECTION ( 'NONE',  ( -0.000000000000000000, 0.000000000000000000, 1.000000000000000000 ) ) ;
#7739 = EDGE_LOOP ( 'NONE', ( #8155, #7428, #4248, #6838 ) ) ;
#7740 = LINE ( 'NONE', #3627, #11631 ) ;
#7741 = LINE ( 'NONE', #304, #5578 ) ;
#7742 = DIRECTION ( 'NONE',  ( 0.000000000000000000, -1.150347132610614786E-16, 1.000000000000000000 ) ) ;
#7743 = EDGE_CURVE ( 'NONE', #4535, #1368, #5987, .T. ) ;
#7744 = DIRECTION ( 'NONE',  ( 0.000000000000000000, 0.000000000000000000, 1.000000000000000000 ) ) ;
#7745 = CARTESIAN_POINT ( 'NONE',  ( 4.669999999999993712, 0.5700000000000003952, 0.6649999999999998135 ) ) ;
#7746 = CARTESIAN_POINT ( 'NONE',  ( 22.86000000000000298, 1.055000000000000382, 3.715000000000003411 ) ) ;
#7747 = EDGE_CURVE ( 'NONE', #5043, #683, #10950, .T. ) ;
#7748 = ORIENTED_EDGE ( 'NONE', *, *, #5064, .F. ) ;
#7749 = CARTESIAN_POINT ( 'NONE',  ( 13.11000000000000298, 1.870000000000000551, 0.4649999999999996914 ) ) ;
#7750 = ORIENTED_EDGE ( 'NONE', *, *, #428, .F. ) ;
#7751 = DIRECTION ( 'NONE',  ( 0.000000000000000000, -0.000000000000000000, -1.000000000000000000 ) ) ;
#7752 = VERTEX_POINT ( 'NONE', #5036 ) ;
#7753 = DIRECTION ( 'NONE',  ( 0.000000000000000000, 1.000000000000000000, -1.150347132610614786E-16 ) ) ;
#7754 = DIRECTION ( 'NONE',  ( -0.3892816206350276365, 0.3892816206350255825, -0.8348171294789862307 ) ) ;
#7755 = LINE ( 'NONE', #11530, #3525 ) ;
#7756 = CARTESIAN_POINT ( 'NONE',  ( 7.209999999999993747, 0.5700000000000003952, 0.6649999999999998135 ) ) ;
#7757 = VERTEX_POINT ( 'NONE', #9773 ) ;
#7758 = ORIENTED_EDGE ( 'NONE', *, *, #3172, .T. ) ;
#7759 = DIRECTION ( 'NONE',  ( 1.000000000000000000, 0.000000000000000000, -0.000000000000000000 ) ) ;
#7760 = EDGE_CURVE ( 'NONE', #3576, #3406, #3169, .T. ) ;
#7761 = ORIENTED_EDGE ( 'NONE', *, *, #7616, .F. ) ;
#7762 = DIRECTION ( 'NONE',  ( -0.000000000000000000, -0.000000000000000000, 1.000000000000000000 ) ) ;
#7763 = ORIENTED_EDGE ( 'NONE', *, *, #3256, .T. ) ;
#7764 = CARTESIAN_POINT ( 'NONE',  ( 1.730000000000002425, 0.5700000000000003952, -1.674999999999999822 ) ) ;
#7765 = LINE ( 'NONE', #2824, #7380 ) ;
#7766 = CARTESIAN_POINT ( 'NONE',  ( -12.09000000000000341, 1.870000000000000551, -1.875000000000000000 ) ) ;
#7767 = ORIENTED_EDGE ( 'NONE', *, *, #9734, .T. ) ;
#7768 = FACE_OUTER_BOUND ( 'NONE', #12221, .T. ) ;
#7769 = CARTESIAN_POINT ( 'NONE',  ( -1.590000000000001190, 1.540000000000000480, 0.4649999999999996914 ) ) ;
#7770 = EDGE_LOOP ( 'NONE', ( #7399, #959, #190, #2664 ) ) ;
#7771 = FACE_OUTER_BOUND ( 'NONE', #10538, .T. ) ;
#7772 = EDGE_CURVE ( 'NONE', #6903, #8323, #6110, .T. ) ;
#7773 = ORIENTED_EDGE ( 'NONE', *, *, #11481, .F. ) ;
#7774 = AXIS2_PLACEMENT_3D ( 'NONE', #3344, #10937, #7157 ) ;
#7775 = EDGE_CURVE ( 'NONE', #8614, #11395, #8845, .T. ) ;
#7776 = CARTESIAN_POINT ( 'NONE',  ( -14.83000000000000007, 1.870000000000000551, -1.875000000000000000 ) ) ;
#7777 = DIRECTION ( 'NONE',  ( 1.000000000000000000, 0.000000000000000000, 0.000000000000000000 ) ) ;
#7778 = VERTEX_POINT ( 'NONE', #1247 ) ;
#7779 = DIRECTION ( 'NONE',  ( 0.000000000000000000, -1.000000000000000000, -1.150347132610614786E-16 ) ) ;
#7780 = DIRECTION ( 'NONE',  ( 0.000000000000000000, 0.000000000000000000, 1.000000000000000000 ) ) ;
#7781 = AXIS2_PLACEMENT_3D ( 'NONE', #2588, #5460, #7392 ) ;
#7782 = CARTESIAN_POINT ( 'NONE',  ( -9.210000000000002629, 0.000000000000000000, -1.674999999999999822 ) ) ;
#7783 = CARTESIAN_POINT ( 'NONE',  ( 0.9499999999999977351, 0.9000000000000005773, 3.715000000000003411 ) ) ;
#7784 = ORIENTED_EDGE ( 'NONE', *, *, #428, .T. ) ;
#7785 = EDGE_CURVE ( 'NONE', #3162, #11134, #10829, .T. ) ;
#7786 = CIRCLE ( 'NONE', #10, 0.1999999999999953204 ) ;
#7787 = ORIENTED_EDGE ( 'NONE', *, *, #6261, .T. ) ;
#7788 = ADVANCED_FACE ( 'NONE', ( #4349 ), #303, .T. ) ;
#7789 = ORIENTED_EDGE ( 'NONE', *, *, #1025, .T. ) ;
#7790 = LINE ( 'NONE', #11565, #3910 ) ;
#7791 = ORIENTED_EDGE ( 'NONE', *, *, #11350, .T. ) ;
#7792 = LINE ( 'NONE', #9474, #8471 ) ;
#7793 = ORIENTED_EDGE ( 'NONE', *, *, #6161, .F. ) ;
#7794 = DIRECTION ( 'NONE',  ( 0.000000000000000000, 1.000000000000000000, 0.000000000000000000 ) ) ;
#7795 = PLANE ( 'NONE',  #1593 ) ;
#7796 = DIRECTION ( 'NONE',  ( 0.000000000000000000, -0.9063077870366494926, -0.4226182617407005515 ) ) ;
#7797 = CARTESIAN_POINT ( 'NONE',  ( 0.000000000000000000, 0.9000000000000005773, -1.674999999999999822 ) ) ;
#7798 = LINE ( 'NONE', #1615, #6853 ) ;
#7799 = ORIENTED_EDGE ( 'NONE', *, *, #2654, .F. ) ;
#7800 = CARTESIAN_POINT ( 'NONE',  ( 11.75000000000000000, 0.9000000000000012434, -2.894999999999998241 ) ) ;
#7801 = COLOUR_RGB ( '',0.7960784313725489669, 0.8235294117647058432, 0.9372549019607843146 ) ;
#7802 = ORIENTED_EDGE ( 'NONE', *, *, #6312, .T. ) ;
#7803 = ADVANCED_FACE ( 'NONE', ( #1427 ), #7167, .F. ) ;
#7804 = CIRCLE ( 'NONE', #11366, 0.1999999999999953204 ) ;
#7805 = CARTESIAN_POINT ( 'NONE',  ( 6.029999999999998472, 0.7200000000000008615, -3.074999999999999734 ) ) ;
#7806 = ORIENTED_EDGE ( 'NONE', *, *, #8670, .F. ) ;
#7807 = PLANE ( 'NONE',  #10671 ) ;
#7808 = FACE_BOUND ( 'NONE', #4692, .T. ) ;
#7809 = EDGE_CURVE ( 'NONE', #11776, #2768, #2359, .T. ) ;
#7810 = DIRECTION ( 'NONE',  ( -0.000000000000000000, -0.000000000000000000, 1.000000000000000000 ) ) ;
#7811 = DIRECTION ( 'NONE',  ( -1.000000000000000000, 0.000000000000000000, 0.000000000000000000 ) ) ;
#7812 = EDGE_LOOP ( 'NONE', ( #1385, #4212 ) ) ;
#7813 = ORIENTED_EDGE ( 'NONE', *, *, #4750, .F. ) ;
#7814 = DIRECTION ( 'NONE',  ( 0.000000000000000000, 5.421010862427481938E-15, -1.000000000000000000 ) ) ;
#7815 = VECTOR ( 'NONE', #602, 1000.000000000000000 ) ;
#7816 = ORIENTED_EDGE ( 'NONE', *, *, #7490, .F. ) ;
#7817 = EDGE_CURVE ( 'NONE', #2397, #201, #368, .T. ) ;
#7818 = EDGE_CURVE ( 'NONE', #9445, #4727, #11805, .T. ) ;
#7819 = DIRECTION ( 'NONE',  ( 0.000000000000000000, -0.4226182617407006625, 0.9063077870366493816 ) ) ;
#7820 = ORIENTED_EDGE ( 'NONE', *, *, #4219, .T. ) ;
#7821 = EDGE_LOOP ( 'NONE', ( #879, #9786, #7531, #7806 ) ) ;
#7822 = DIRECTION ( 'NONE',  ( 0.000000000000000000, 0.000000000000000000, 1.000000000000000000 ) ) ;
#7823 = CARTESIAN_POINT ( 'NONE',  ( 6.029999999999998472, 0.7199999999999999734, -2.894999999999998241 ) ) ;
#7824 = PLANE ( 'NONE',  #408 ) ;
#7825 = VECTOR ( 'NONE', #2698, 1000.000000000000000 ) ;
#7826 = CARTESIAN_POINT ( 'NONE',  ( 12.28999999999999559, 0.5700000000000003952, 0.6649999999999998135 ) ) ;
#7827 = EDGE_CURVE ( 'NONE', #3592, #5283, #7107, .T. ) ;
#7828 = ORIENTED_EDGE ( 'NONE', *, *, #232, .F. ) ;
#7829 = CYLINDRICAL_SURFACE ( 'NONE', #4903, 0.1999999999999953204 ) ;
#7830 = DIRECTION ( 'NONE',  ( 0.3892816206350259711, 0.8348171294789868968, -0.3892816206350259711 ) ) ;
#7831 = VERTEX_POINT ( 'NONE', #11928 ) ;
#7832 = VERTEX_POINT ( 'NONE', #11751 ) ;
#7833 = DIRECTION ( 'NONE',  ( -1.000000000000000000, 0.000000000000000000, 0.000000000000000000 ) ) ;
#7834 = AXIS2_PLACEMENT_3D ( 'NONE', #6117, #1140, #5935 ) ;
#7835 = DIRECTION ( 'NONE',  ( -1.000000000000000000, 0.000000000000000000, 0.000000000000000000 ) ) ;
#7836 = ORIENTED_EDGE ( 'NONE', *, *, #7529, .F. ) ;
#7837 = ORIENTED_EDGE ( 'NONE', *, *, #7023, .F. ) ;
#7838 = LINE ( 'NONE', #9585, #12114 ) ;
#7839 = DIRECTION ( 'NONE',  ( -1.000000000000000000, 0.000000000000000000, 0.000000000000000000 ) ) ;
#7840 = EDGE_CURVE ( 'NONE', #5701, #1196, #1695, .T. ) ;
#7841 = VECTOR ( 'NONE', #3642, 1000.000000000000000 ) ;
#7842 = DIRECTION ( 'NONE',  ( -1.000000000000000000, 0.000000000000000000, 0.000000000000000000 ) ) ;
#7843 = DIRECTION ( 'NONE',  ( -0.000000000000000000, 0.000000000000000000, 1.000000000000000000 ) ) ;
#7844 = ORIENTED_EDGE ( 'NONE', *, *, #1793, .T. ) ;
#7845 = FACE_OUTER_BOUND ( 'NONE', #8406, .T. ) ;
#7846 = VECTOR ( 'NONE', #7344, 1000.000000000000000 ) ;
#7847 = AXIS2_PLACEMENT_3D ( 'NONE', #5780, #5971, #221 ) ;
#7848 = VERTEX_POINT ( 'NONE', #5290 ) ;
#7849 = FACE_OUTER_BOUND ( 'NONE', #3492, .T. ) ;
#7850 = ORIENTED_EDGE ( 'NONE', *, *, #6588, .F. ) ;
#7851 = VERTEX_POINT ( 'NONE', #5166 ) ;
#7852 = DIRECTION ( 'NONE',  ( 1.000000000000000000, 0.000000000000000000, 0.000000000000000000 ) ) ;
#7853 = VECTOR ( 'NONE', #6138, 1000.000000000000000 ) ;
#7854 = FACE_OUTER_BOUND ( 'NONE', #3751, .T. ) ;
#7855 = CARTESIAN_POINT ( 'NONE',  ( 10.96999999999999353, 1.870000000000000551, 0.6649999999999998135 ) ) ;
#7856 = FACE_OUTER_BOUND ( 'NONE', #3821, .T. ) ;
#7857 = CARTESIAN_POINT ( 'NONE',  ( -12.09000000000000341, 1.870000000000000551, -1.674999999999999822 ) ) ;
#7858 = ORIENTED_EDGE ( 'NONE', *, *, #3859, .T. ) ;
#7859 = DIRECTION ( 'NONE',  ( 1.000000000000000000, 0.000000000000000000, -0.000000000000000000 ) ) ;
#7860 = AXIS2_PLACEMENT_3D ( 'NONE', #6094, #2457, #11060 ) ;
#7861 = EDGE_CURVE ( 'NONE', #2881, #10720, #4283, .T. ) ;
#7862 = VECTOR ( 'NONE', #4244, 1000.000000000000000 ) ;
#7863 = ORIENTED_EDGE ( 'NONE', *, *, #5376, .T. ) ;
#7864 = AXIS2_PLACEMENT_3D ( 'NONE', #874, #11625, #230 ) ;
#7865 = VECTOR ( 'NONE', #1761, 999.9999999999998863 ) ;
#7866 = CARTESIAN_POINT ( 'NONE',  ( -9.210000000000002629, -2.717601427321017837, -3.714999999999999858 ) ) ;
#7867 = ORIENTED_EDGE ( 'NONE', *, *, #10778, .F. ) ;
#7868 = CARTESIAN_POINT ( 'NONE',  ( -4.470000000000003304, 1.870000000000000551, 0.4649999999999996914 ) ) ;
#7869 = EDGE_CURVE ( 'NONE', #9620, #5893, #8099, .T. ) ;
#7870 = ORIENTED_EDGE ( 'NONE', *, *, #159, .F. ) ;
#7871 = LINE ( 'NONE', #11653, #6603 ) ;
#7872 = DIRECTION ( 'NONE',  ( 0.000000000000000000, 1.189977994191405372E-15, -1.000000000000000000 ) ) ;
#7873 = LINE ( 'NONE', #2374, #10097 ) ;
#7874 = AXIS2_PLACEMENT_3D ( 'NONE', #3357, #7352, #1791 ) ;
#7875 = LINE ( 'NONE', #10853, #10206 ) ;
#7876 = DIRECTION ( 'NONE',  ( 1.000000000000000000, 0.000000000000000000, -0.000000000000000000 ) ) ;
#7877 = VECTOR ( 'NONE', #2354, 1000.000000000000000 ) ;
#7878 = EDGE_CURVE ( 'NONE', #11312, #8477, #299, .T. ) ;
#7879 = CARTESIAN_POINT ( 'NONE',  ( 14.29000000000000092, 0.9000000000000013545, 3.382601427321023646 ) ) ;
#7880 = VECTOR ( 'NONE', #8664, 1000.000000000000000 ) ;
#7881 = EDGE_LOOP ( 'NONE', ( #5825, #11599 ) ) ;
#7882 = AXIS2_PLACEMENT_3D ( 'NONE', #5086, #10756, #9761 ) ;
#7883 = ADVANCED_FACE ( 'NONE', ( #9285 ), #11142, .T. ) ;
#7884 = VECTOR ( 'NONE', #10204, 1000.000000000000000 ) ;
#7885 = PLANE ( 'NONE',  #3464 ) ;
#7886 = EDGE_LOOP ( 'NONE', ( #5423, #7737, #546, #7911 ) ) ;
#7887 = ORIENTED_EDGE ( 'NONE', *, *, #10386, .F. ) ;
#7888 = CARTESIAN_POINT ( 'NONE',  ( 0.000000000000000000, 1.540000000000000480, -1.674999999999999822 ) ) ;
#7889 = DIRECTION ( 'NONE',  ( 0.3892816206350259711, 0.8348171294789868968, -0.3892816206350259711 ) ) ;
#7890 = PLANE ( 'NONE',  #1995 ) ;
#7891 = DIRECTION ( 'NONE',  ( -1.000000000000000000, 0.000000000000000000, 0.000000000000000000 ) ) ;
#7892 = ORIENTED_EDGE ( 'NONE', *, *, #9323, .F. ) ;
#7893 = PLANE ( 'NONE',  #744 ) ;
#7894 = CARTESIAN_POINT ( 'NONE',  ( 4.129999999999998117, 0.9000000000000010214, -2.894999999999998241 ) ) ;
#7895 = VERTEX_POINT ( 'NONE', #8401 ) ;
#7896 = EDGE_CURVE ( 'NONE', #5778, #3578, #705, .T. ) ;
#7897 = CYLINDRICAL_SURFACE ( 'NONE', #9434, 0.1999999999999952094 ) ;
#7898 = ADVANCED_FACE ( 'NONE', ( #7226 ), #3412, .F. ) ;
#7899 = VECTOR ( 'NONE', #10360, 1000.000000000000000 ) ;
#7900 = VECTOR ( 'NONE', #11153, 1000.000000000000000 ) ;
#7901 = DIRECTION ( 'NONE',  ( 0.000000000000000000, 0.000000000000000000, 1.000000000000000000 ) ) ;
#7902 = ORIENTED_EDGE ( 'NONE', *, *, #4199, .F. ) ;
#7903 = CIRCLE ( 'NONE', #2917, 0.1800000000000013256 ) ;
#7904 = DIRECTION ( 'NONE',  ( 0.000000000000000000, -0.4226182617407006625, 0.9063077870366493816 ) ) ;
#7905 = DIRECTION ( 'NONE',  ( 0.000000000000000000, 0.000000000000000000, 1.000000000000000000 ) ) ;
#7906 = EDGE_CURVE ( 'NONE', #6619, #2123, #12058, .T. ) ;
#7907 = CIRCLE ( 'NONE', #2526, 0.1999999999999953204 ) ;
#7908 = ORIENTED_EDGE ( 'NONE', *, *, #9766, .T. ) ;
#7909 = ORIENTED_EDGE ( 'NONE', *, *, #4311, .T. ) ;
#7910 = CARTESIAN_POINT ( 'NONE',  ( -12.09000000000000341, 1.870000000000000551, 0.6649999999999998135 ) ) ;
#7911 = ORIENTED_EDGE ( 'NONE', *, *, #11594, .F. ) ;
#7912 = AXIS2_PLACEMENT_3D ( 'NONE', #3560, #1445, #10162 ) ;
#7913 = EDGE_CURVE ( 'NONE', #437, #2608, #6549, .T. ) ;
#7914 = AXIS2_PLACEMENT_3D ( 'NONE', #8487, #8674, #3745 ) ;
#7915 = ORIENTED_EDGE ( 'NONE', *, *, #11348, .F. ) ;
#7916 = LINE ( 'NONE', #5163, #2325 ) ;
#7917 = VERTEX_POINT ( 'NONE', #6304 ) ;
#7918 = DIRECTION ( 'NONE',  ( -1.000000000000000000, 0.000000000000000000, 0.000000000000000000 ) ) ;
#7919 = CIRCLE ( 'NONE', #2136, 0.1999999999999952094 ) ;
#7920 = DIRECTION ( 'NONE',  ( 0.000000000000000000, 0.000000000000000000, 1.000000000000000000 ) ) ;
#7921 = CARTESIAN_POINT ( 'NONE',  ( -1.930000000000002824, 1.870000000000000551, 0.4649999999999996914 ) ) ;
#7922 = AXIS2_PLACEMENT_3D ( 'NONE', #7261, #9196, #7321 ) ;
#7923 = CARTESIAN_POINT ( 'NONE',  ( -3.490000000000001990, 0.7200000000000008615, -3.074999999999999734 ) ) ;
#7924 = DIRECTION ( 'NONE',  ( -0.000000000000000000, -1.000000000000000000, 0.000000000000000000 ) ) ;
#7925 = FACE_OUTER_BOUND ( 'NONE', #5082, .T. ) ;
#7926 = EDGE_LOOP ( 'NONE', ( #8535, #4105, #222, #833 ) ) ;
#7927 = ADVANCED_FACE ( 'NONE', ( #5543 ), #3598, .F. ) ;
#7928 = ORIENTED_EDGE ( 'NONE', *, *, #7136, .F. ) ;
#7929 = VECTOR ( 'NONE', #42, 1000.000000000000000 ) ;
#7930 = DIRECTION ( 'NONE',  ( -1.000000000000000000, 0.000000000000000000, -0.000000000000000000 ) ) ;
#7931 = DIRECTION ( 'NONE',  ( -1.000000000000000000, 0.000000000000000000, -0.000000000000000000 ) ) ;
#7932 = ADVANCED_FACE ( 'NONE', ( #4537 ), #5358, .F. ) ;
#7933 = ORIENTED_EDGE ( 'NONE', *, *, #1174, .F. ) ;
#7934 = DIRECTION ( 'NONE',  ( 0.000000000000000000, -1.150347132610614786E-16, -1.000000000000000000 ) ) ;
#7935 = ORIENTED_EDGE ( 'NONE', *, *, #2858, .T. ) ;
#7936 = CLOSED_SHELL ( 'NONE', ( #6526, #11655, #6626, #2541, #12309, #11894, #8513, #1410, #5431, #2836, #3763, #3774, #5368, #5285, #2371, #985, #11801, #7788, #5456, #7883, #2438, #2599, #588, #10170, #9971, #6645, #5654, #4578, #1246, #5698, #6403, #7969, #8367, #3032, #962, #2688, #825, #740, #8095, #9394, #189, #1800, #12107, #941, #2378, #11855, #3398, #1080, #1422, #3394, #6192, #104, #2474, #10921, #1464, #11523, #9327, #12018, #2039, #797, #1677, #8338, #7248, #5014, #7358, #1254, #11968, #6886, #9044, #11138, #8854, #8725, #9956, #2025, #11119, #250, #3874, #1854, #11796, #3567, #3723, #391, #12288, #2238, #2978, #9929, #1158, #1357, #8627, #2175, #483, #122, #11735, #8201, #8976, #8798, #2916, #4186, #7592, #11374, #3830, #1836, #2736, #12156, #10695, #4766, #8166, #8478, #2850, #2663, #8473, #1270, #8310, #6224, #10167, #6939, #9847, #6860, #2568, #9006, #7555, #3070, #1935, #3317, #2407, #2707, #10018, #774, #4328, #4784, #2787, #8203, #3916, #11337, #3883, #7651, #3451, #6431, #1435, #9895, #7658, #6229, #6389, #9476, #10816, #11132, #6334, #2834, #605, #2780, #10354, #4540, #5404, #4553, #7972, #656, #5687, #9453, #3595, #1187, #2279, #10627, #7803, #5052, #5065, #27, #8065, #8418, #2014, #5802, #11540, #1905, #10290, #3695, #6617, #11144, #11202, #2028, #9960, #7338, #4821, #6076, #5382, #7632, #3537, #9843, #2317, #5513, #7087, #11125, #9868, #12301, #5265, #8849, #417, #4396, #11998, #5408 ) ) ;
#7937 = FACE_BOUND ( 'NONE', #2020, .T. ) ;
#7938 = DIRECTION ( 'NONE',  ( -1.000000000000000000, 0.000000000000000000, 0.000000000000000000 ) ) ;
#7939 = CARTESIAN_POINT ( 'NONE',  ( -11.59500000000000064, -3.049999999999999822, -4.336808689942017736E-16 ) ) ;
#7940 = LINE ( 'NONE', #11831, #10991 ) ;
#7941 = CIRCLE ( 'NONE', #7121, 0.8200000000000012834 ) ;
#7942 = CARTESIAN_POINT ( 'NONE',  ( -4.130000000000001670, 1.540000000000000480, 3.382601427321023646 ) ) ;
#7943 = ORIENTED_EDGE ( 'NONE', *, *, #2991, .F. ) ;
#7944 = FACE_OUTER_BOUND ( 'NONE', #6596, .T. ) ;
#7945 = ORIENTED_EDGE ( 'NONE', *, *, #619, .F. ) ;
#7946 = CARTESIAN_POINT ( 'NONE',  ( -14.29000000000000270, 0.9000000000000005773, 3.382601427321023646 ) ) ;
#7947 = EDGE_CURVE ( 'NONE', #10139, #239, #6367, .T. ) ;
#7948 = ORIENTED_EDGE ( 'NONE', *, *, #5392, .T. ) ;
#7949 = VERTEX_POINT ( 'NONE', #2478 ) ;
#7950 = CARTESIAN_POINT ( 'NONE',  ( -14.29000000000000270, 0.9000000000000005773, 3.715000000000003411 ) ) ;
#7951 = CARTESIAN_POINT ( 'NONE',  ( -8.030000000000006466, 0.5700000000000003952, -1.674999999999999822 ) ) ;
#7952 = DIRECTION ( 'NONE',  ( 1.000000000000000000, 0.000000000000000000, -0.000000000000000000 ) ) ;
#7953 = FACE_OUTER_BOUND ( 'NONE', #10107, .T. ) ;
#7954 = ORIENTED_EDGE ( 'NONE', *, *, #9177, .T. ) ;
#7955 = LINE ( 'NONE', #8073, #1533 ) ;
#7956 = CARTESIAN_POINT ( 'NONE',  ( -11.11000000000000121, -3.049999999999999822, -3.075000000000000178 ) ) ;
#7957 = CARTESIAN_POINT ( 'NONE',  ( 10.76999999999999780, 1.870000000000000551, 0.4649999999999996914 ) ) ;
#7958 = ORIENTED_EDGE ( 'NONE', *, *, #3164, .T. ) ;
#7959 = DIRECTION ( 'NONE',  ( 1.000000000000000000, 0.000000000000000000, -0.000000000000000000 ) ) ;
#7960 = EDGE_LOOP ( 'NONE', ( #8935, #5711, #8729, #9024 ) ) ;
#7961 = DIRECTION ( 'NONE',  ( -0.3892816206350259711, 0.8348171294789868968, -0.3892816206350259711 ) ) ;
#7962 = EDGE_CURVE ( 'NONE', #10508, #1873, #5480, .T. ) ;
#7963 = FILL_AREA_STYLE ('',( #4267 ) ) ;
#7964 = ORIENTED_EDGE ( 'NONE', *, *, #5850, .F. ) ;
#7965 = DIRECTION ( 'NONE',  ( 1.000000000000000000, 0.000000000000000000, 0.000000000000000000 ) ) ;
#7966 = DIRECTION ( 'NONE',  ( 0.000000000000000000, -1.000000000000000000, -0.000000000000000000 ) ) ;
#7967 = ORIENTED_EDGE ( 'NONE', *, *, #9143, .T. ) ;
#7968 = VECTOR ( 'NONE', #5803, 1000.000000000000000 ) ;
#7969 = ADVANCED_FACE ( 'NONE', ( #12171 ), #9220, .T. ) ;
#7970 = ORIENTED_EDGE ( 'NONE', *, *, #11308, .T. ) ;
#7971 = FACE_OUTER_BOUND ( 'NONE', #8306, .T. ) ;
#7972 = ADVANCED_FACE ( 'NONE', ( #10090 ), #10333, .F. ) ;
#7973 = ORIENTED_EDGE ( 'NONE', *, *, #12184, .T. ) ;
#7974 = CARTESIAN_POINT ( 'NONE',  ( 1.589999999999997637, -2.717601427321017837, -3.714999999999999858 ) ) ;
#7975 = VECTOR ( 'NONE', #10253, 1000.000000000000000 ) ;
#7976 = ORIENTED_EDGE ( 'NONE', *, *, #11363, .T. ) ;
#7977 = EDGE_LOOP ( 'NONE', ( #200, #10300, #5477, #7154 ) ) ;
#7978 = DIRECTION ( 'NONE',  ( 0.000000000000000000, 0.000000000000000000, 1.000000000000000000 ) ) ;
#7979 = PLANE ( 'NONE',  #2980 ) ;
#7980 = DIRECTION ( 'NONE',  ( 0.000000000000000000, 1.000000000000000000, -1.150347132610614786E-16 ) ) ;
#7981 = PLANE ( 'NONE',  #7323 ) ;
#7982 = CARTESIAN_POINT ( 'NONE',  ( 8.570000000000000284, 0.7200000000000000844, -3.714999999999999414 ) ) ;
#7983 = ORIENTED_EDGE ( 'NONE', *, *, #7152, .T. ) ;
#7984 = CARTESIAN_POINT ( 'NONE',  ( 3.489999999999998437, 1.540000000000000480, 3.382601427321023646 ) ) ;
#7985 = ORIENTED_EDGE ( 'NONE', *, *, #10135, .F. ) ;
#7986 = VECTOR ( 'NONE', #10362, 1000.000000000000000 ) ;
#7987 = ORIENTED_EDGE ( 'NONE', *, *, #9338, .T. ) ;
#7988 = DIRECTION ( 'NONE',  ( 0.000000000000000000, 0.000000000000000000, 1.000000000000000000 ) ) ;
#7989 = DIRECTION ( 'NONE',  ( 1.000000000000000000, 0.000000000000000000, 0.000000000000000000 ) ) ;
#7990 = VERTEX_POINT ( 'NONE', #4649 ) ;
#7991 = CARTESIAN_POINT ( 'NONE',  ( 0.9499999999999977351, 0.9000000000000005773, 3.715000000000003411 ) ) ;
#7992 = CARTESIAN_POINT ( 'NONE',  ( -3.490000000000001990, 0.9000000000000005773, -2.894999999999997797 ) ) ;
#7993 = CARTESIAN_POINT ( 'NONE',  ( 4.469999999999997975, 0.5700000000000003952, 0.6649999999999998135 ) ) ;
#7994 = EDGE_CURVE ( 'NONE', #8927, #285, #9063, .T. ) ;
#7995 = LINE ( 'NONE', #6065, #2530 ) ;
#7996 = CARTESIAN_POINT ( 'NONE',  ( -5.690000000000002167, 0.5700000000000003952, 0.4649999999999996914 ) ) ;
#7997 = DIRECTION ( 'NONE',  ( 1.000000000000000000, 0.000000000000000000, -0.000000000000000000 ) ) ;
#7998 = VERTEX_POINT ( 'NONE', #8221 ) ;
#7999 = DIRECTION ( 'NONE',  ( 1.000000000000000000, 0.000000000000000000, -0.000000000000000000 ) ) ;
#8000 = ORIENTED_EDGE ( 'NONE', *, *, #1750, .T. ) ;
#8001 = VECTOR ( 'NONE', #11342, 1000.000000000000000 ) ;
#8002 = DIRECTION ( 'NONE',  ( 1.000000000000000000, 0.000000000000000000, -0.000000000000000000 ) ) ;
#8003 = ORIENTED_EDGE ( 'NONE', *, *, #3288, .T. ) ;
#8004 = DIRECTION ( 'NONE',  ( 0.000000000000000000, 0.000000000000000000, 1.000000000000000000 ) ) ;
#8005 = CARTESIAN_POINT ( 'NONE',  ( 6.029999999999998472, -3.049999999999999822, -3.714999999999999858 ) ) ;
#8006 = CARTESIAN_POINT ( 'NONE',  ( -6.670000000000002593, 1.540000000000000480, 3.382601427321023646 ) ) ;
#8007 = PLANE ( 'NONE',  #6615 ) ;
#8008 = VERTEX_POINT ( 'NONE', #11988 ) ;
#8009 = PLANE ( 'NONE',  #3914 ) ;
#8010 = DIRECTION ( 'NONE',  ( -0.000000000000000000, -0.000000000000000000, 1.000000000000000000 ) ) ;
#8011 = EDGE_CURVE ( 'NONE', #1467, #7851, #682, .T. ) ;
#8012 = CARTESIAN_POINT ( 'NONE',  ( -13.80500000000000327, -3.049999999999999822, -4.336808689942017736E-16 ) ) ;
#8013 = CIRCLE ( 'NONE', #233, 0.8200000000000012834 ) ;
#8014 = ORIENTED_EDGE ( 'NONE', *, *, #1403, .T. ) ;
#8015 = DIRECTION ( 'NONE',  ( 1.000000000000000000, 0.000000000000000000, -0.000000000000000000 ) ) ;
#8016 = EDGE_CURVE ( 'NONE', #6443, #2123, #3544, .T. ) ;
#8017 = CIRCLE ( 'NONE', #11378, 0.1999999999999953204 ) ;
#8018 = FACE_OUTER_BOUND ( 'NONE', #3651, .T. ) ;
#8019 = DIRECTION ( 'NONE',  ( -0.000000000000000000, -0.000000000000000000, -1.000000000000000000 ) ) ;
#8020 = CARTESIAN_POINT ( 'NONE',  ( -11.59500000000000064, -3.049999999999999822, -3.559999999999999165 ) ) ;
#8021 = FACE_OUTER_BOUND ( 'NONE', #2569, .T. ) ;
#8022 = EDGE_CURVE ( 'NONE', #10192, #9377, #1670, .T. ) ;
#8023 = DIRECTION ( 'NONE',  ( 0.3892816206350239172, 0.3892816206350261377, -0.8348171294789875629 ) ) ;
#8024 = ORIENTED_EDGE ( 'NONE', *, *, #11090, .F. ) ;
#8025 = EDGE_LOOP ( 'NONE', ( #11291, #11003 ) ) ;
#8026 = CARTESIAN_POINT ( 'NONE',  ( 3.149999999999996358, 1.870000000000000551, 0.6649999999999998135 ) ) ;
#8027 = AXIS2_PLACEMENT_3D ( 'NONE', #6385, #7369, #10043 ) ;
#8028 = EDGE_CURVE ( 'NONE', #3757, #5875, #9586, .T. ) ;
#8029 = EDGE_CURVE ( 'NONE', #3145, #7011, #5847, .T. ) ;
#8030 = ADVANCED_FACE ( 'NONE', ( #3031 ), #2840, .F. ) ;
#8031 = ORIENTED_EDGE ( 'NONE', *, *, #10463, .F. ) ;
#8032 = DIRECTION ( 'NONE',  ( -1.000000000000000000, 0.000000000000000000, 0.000000000000000000 ) ) ;
#8033 = VECTOR ( 'NONE', #3618, 1000.000000000000000 ) ;
#8034 = ORIENTED_EDGE ( 'NONE', *, *, #9583, .T. ) ;
#8035 = CARTESIAN_POINT ( 'NONE',  ( -3.490000000000001990, -3.049999999999999822, -3.559999999999999165 ) ) ;
#8036 = FACE_OUTER_BOUND ( 'NONE', #2996, .T. ) ;
#8037 = DIRECTION ( 'NONE',  ( -0.000000000000000000, 1.000000000000000000, 0.000000000000000000 ) ) ;
#8038 = DIRECTION ( 'NONE',  ( 0.000000000000000000, 1.150347132610614786E-16, -1.000000000000000000 ) ) ;
#8039 = DIRECTION ( 'NONE',  ( 1.000000000000000000, 0.000000000000000000, 0.000000000000000000 ) ) ;
#8040 = ORIENTED_EDGE ( 'NONE', *, *, #6170, .F. ) ;
#8041 = DIRECTION ( 'NONE',  ( 0.000000000000000000, 0.000000000000000000, -1.000000000000000000 ) ) ;
#8042 = EDGE_CURVE ( 'NONE', #2395, #11175, #3722, .T. ) ;
#8043 = ORIENTED_EDGE ( 'NONE', *, *, #6758, .T. ) ;
#8044 = AXIS2_PLACEMENT_3D ( 'NONE', #4090, #6028, #3153 ) ;
#8045 = VERTEX_POINT ( 'NONE', #12292 ) ;
#8046 = EDGE_CURVE ( 'NONE', #1873, #1245, #1973, .T. ) ;
#8047 = PLANE ( 'NONE',  #4718 ) ;
#8048 = AXIS2_PLACEMENT_3D ( 'NONE', #3519, #7327, #1771 ) ;
#8049 = CARTESIAN_POINT ( 'NONE',  ( 13.30999999999999872, 1.870000000000000551, 0.6649999999999998135 ) ) ;
#8050 = ORIENTED_EDGE ( 'NONE', *, *, #7513, .F. ) ;
#8051 = DIRECTION ( 'NONE',  ( 0.000000000000000000, -1.000000000000000000, 1.150347132610614786E-16 ) ) ;
#8052 = ORIENTED_EDGE ( 'NONE', *, *, #7253, .F. ) ;
#8053 = FACE_BOUND ( 'NONE', #12192, .T. ) ;
#8054 = VECTOR ( 'NONE', #11840, 1000.000000000000000 ) ;
#8055 = DIRECTION ( 'NONE',  ( -0.000000000000000000, -0.000000000000000000, -1.000000000000000000 ) ) ;
#8056 = CARTESIAN_POINT ( 'NONE',  ( 3.489999999999998437, 0.7200000000000000844, -3.074999999999999734 ) ) ;
#8057 = CARTESIAN_POINT ( 'NONE',  ( -13.65000000000000213, 1.540000000000000480, 3.382601427321023646 ) ) ;
#8058 = CARTESIAN_POINT ( 'NONE',  ( -8.570000000000002061, 0.7200000000000000844, -3.074999999999999734 ) ) ;
#8059 = VERTEX_POINT ( 'NONE', #1118 ) ;
#8060 = EDGE_CURVE ( 'NONE', #2070, #6807, #4712, .T. ) ;
#8061 = VECTOR ( 'NONE', #397, 1000.000000000000000 ) ;
#8062 = DIRECTION ( 'NONE',  ( -1.000000000000000000, 0.000000000000000000, 0.000000000000000000 ) ) ;
#8063 = VECTOR ( 'NONE', #9825, 1000.000000000000000 ) ;
#8064 = AXIS2_PLACEMENT_3D ( 'NONE', #5506, #2689, #8365 ) ;
#8065 = ADVANCED_FACE ( 'NONE', ( #7725 ), #7533, .F. ) ;
#8066 = CARTESIAN_POINT ( 'NONE',  ( -0.9500000000000011768, 0.9000000000000013545, 3.382601427321023646 ) ) ;
#8067 = ORIENTED_EDGE ( 'NONE', *, *, #5161, .F. ) ;
#8068 = DIRECTION ( 'NONE',  ( 1.000000000000000000, 0.000000000000000000, 0.000000000000000000 ) ) ;
#8069 = DIRECTION ( 'NONE',  ( -0.000000000000000000, -0.000000000000000000, 1.000000000000000000 ) ) ;
#8070 = AXIS2_PLACEMENT_3D ( 'NONE', #11309, #2773, #2899 ) ;
#8071 = DIRECTION ( 'NONE',  ( 0.000000000000000000, 1.189977994191405372E-15, -1.000000000000000000 ) ) ;
#8072 = DIRECTION ( 'NONE',  ( 1.000000000000000000, 0.000000000000000000, 0.000000000000000000 ) ) ;
#8073 = CARTESIAN_POINT ( 'NONE',  ( 9.209999999999999076, 0.9000000000000005773, 3.382601427321023646 ) ) ;
#8074 = CARTESIAN_POINT ( 'NONE',  ( -0.9500000000000011768, 1.540000000000000480, -1.674999999999999822 ) ) ;
#8075 = CARTESIAN_POINT ( 'NONE',  ( -6.030000000000002025, -3.049999999999999822, -3.559999999999999165 ) ) ;
#8076 = AXIS2_PLACEMENT_3D ( 'NONE', #823, #8354, #10345 ) ;
#8077 = ORIENTED_EDGE ( 'NONE', *, *, #5376, .F. ) ;
#8078 = STYLED_ITEM ( 'NONE', ( #6972 ), #630 ) ;
#8079 = LINE ( 'NONE', #9945, #10628 ) ;
#8080 = EDGE_LOOP ( 'NONE', ( #1304, #10722, #4262, #8179 ) ) ;
#8081 = AXIS2_PLACEMENT_3D ( 'NONE', #1910, #8525, #11557 ) ;
#8082 = LINE ( 'NONE', #6283, #3668 ) ;
#8083 = EDGE_LOOP ( 'NONE', ( #5304, #11985 ) ) ;
#8084 = CARTESIAN_POINT ( 'NONE',  ( -11.75000000000000178, 0.9000000000000010214, -2.894999999999998241 ) ) ;
#8085 = AXIS2_PLACEMENT_3D ( 'NONE', #5136, #10863, #4952 ) ;
#8086 = CARTESIAN_POINT ( 'NONE',  ( 7.009999999999998899, 0.5700000000000003952, 0.6649999999999998135 ) ) ;
#8087 = EDGE_CURVE ( 'NONE', #992, #5067, #9673, .T. ) ;
#8088 = PLANE ( 'NONE',  #11058 ) ;
#8089 = ORIENTED_EDGE ( 'NONE', *, *, #10575, .F. ) ;
#8090 = VECTOR ( 'NONE', #3826, 1000.000000000000000 ) ;
#8091 = CARTESIAN_POINT ( 'NONE',  ( -13.50999999999999801, 0.5700000000000003952, 0.6649999999999998135 ) ) ;
#8092 = EDGE_LOOP ( 'NONE', ( #11933, #10551 ) ) ;
#8093 = DIRECTION ( 'NONE',  ( -1.000000000000000000, 0.000000000000000000, 0.000000000000000000 ) ) ;
#8094 = EDGE_LOOP ( 'NONE', ( #4778, #1186, #6068, #4751 ) ) ;
#8095 = ADVANCED_FACE ( 'NONE', ( #11372 ), #4834, .T. ) ;
#8096 = VERTEX_POINT ( 'NONE', #10453 ) ;
#8097 = DIRECTION ( 'NONE',  ( -0.000000000000000000, -0.000000000000000000, 1.000000000000000000 ) ) ;
#8098 = EDGE_CURVE ( 'NONE', #9156, #694, #5728, .T. ) ;
#8099 = LINE ( 'NONE', #2176, #914 ) ;
#8100 = AXIS2_PLACEMENT_3D ( 'NONE', #1005, #2111, #1130 ) ;
#8101 = CARTESIAN_POINT ( 'NONE',  ( 8.229999999999996874, 1.870000000000000551, 0.4649999999999996914 ) ) ;
#8102 = CARTESIAN_POINT ( 'NONE',  ( 9.209999999999999076, 0.9000000000000005773, 0.4649999999999996914 ) ) ;
#8103 = DIRECTION ( 'NONE',  ( 0.000000000000000000, -1.000000000000000000, 0.000000000000000000 ) ) ;
#8104 = VERTEX_POINT ( 'NONE', #3907 ) ;
#8105 = EDGE_CURVE ( 'NONE', #2015, #1942, #10633, .T. ) ;
#8106 = CARTESIAN_POINT ( 'NONE',  ( 11.10999999999999943, 1.540000000000000480, 3.382601427321023646 ) ) ;
#8107 = AXIS2_PLACEMENT_3D ( 'NONE', #1510, #1628, #2618 ) ;
#8108 = ORIENTED_EDGE ( 'NONE', *, *, #10371, .T. ) ;
#8109 = CARTESIAN_POINT ( 'NONE',  ( -8.570000000000002061, 0.9000000000000005773, -2.894999999999997797 ) ) ;
#8110 = CIRCLE ( 'NONE', #6139, 0.1999999999999953204 ) ;
#8111 = CARTESIAN_POINT ( 'NONE',  ( 10.76999999999999780, 1.870000000000000551, 0.6649999999999998135 ) ) ;
#8112 = ORIENTED_EDGE ( 'NONE', *, *, #1417, .T. ) ;
#8113 = EDGE_CURVE ( 'NONE', #469, #268, #9869, .T. ) ;
#8114 = VECTOR ( 'NONE', #3315, 1000.000000000000000 ) ;
#8115 = CARTESIAN_POINT ( 'NONE',  ( 10.76999999999999780, 1.870000000000000551, 0.6649999999999998135 ) ) ;
#8116 = DIRECTION ( 'NONE',  ( 1.000000000000000000, 0.000000000000000000, 0.000000000000000000 ) ) ;
#8117 = CARTESIAN_POINT ( 'NONE',  ( 11.89000000000000412, 0.5700000000000003952, 0.6649999999999998135 ) ) ;
#8118 = FACE_OUTER_BOUND ( 'NONE', #147, .T. ) ;
#8119 = CARTESIAN_POINT ( 'NONE',  ( 13.65000000000000036, 0.9000000000000012434, -2.894999999999998241 ) ) ;
#8120 = DIRECTION ( 'NONE',  ( -1.000000000000000000, 0.000000000000000000, 0.000000000000000000 ) ) ;
#8121 = ORIENTED_EDGE ( 'NONE', *, *, #6369, .T. ) ;
#8122 = ADVANCED_FACE ( 'NONE', ( #996 ), #2099, .F. ) ;
#8123 = CARTESIAN_POINT ( 'NONE',  ( 20.32000000000000028, -3.049999999999999822, -3.230000000000000870 ) ) ;
#8124 = ORIENTED_EDGE ( 'NONE', *, *, #11150, .F. ) ;
#8125 = VECTOR ( 'NONE', #6733, 1000.000000000000000 ) ;
#8126 = DIRECTION ( 'NONE',  ( 1.000000000000000000, 0.000000000000000000, 0.000000000000000000 ) ) ;
#8127 = EDGE_CURVE ( 'NONE', #1915, #6945, #7591, .T. ) ;
#8128 = CARTESIAN_POINT ( 'NONE',  ( 5.689999999999996838, 1.870000000000000551, 0.6649999999999998135 ) ) ;
#8129 = FACE_OUTER_BOUND ( 'NONE', #7926, .T. ) ;
#8130 = EDGE_LOOP ( 'NONE', ( #10990, #9250, #3346, #5834 ) ) ;
#8131 = AXIS2_PLACEMENT_3D ( 'NONE', #9346, #11198, #872 ) ;
#8132 = PLANE ( 'NONE',  #3001 ) ;
#8133 = CARTESIAN_POINT ( 'NONE',  ( -13.65000000000000213, 0.7199999999999999734, -2.894999999999998241 ) ) ;
#8134 = DIRECTION ( 'NONE',  ( -1.000000000000000000, 0.000000000000000000, 0.000000000000000000 ) ) ;
#8135 = PRODUCT_DEFINITION_SHAPE ( 'NONE', 'NONE',  #1011 ) ;
#8136 = LINE ( 'NONE', #9587, #8721 ) ;
#8137 = CARTESIAN_POINT ( 'NONE',  ( 1.589999999999997637, -3.049999999999999822, -3.714999999999999858 ) ) ;
#8138 = VERTEX_POINT ( 'NONE', #10516 ) ;
#8139 = EDGE_CURVE ( 'NONE', #2305, #3903, #105, .T. ) ;
#8140 = EDGE_LOOP ( 'NONE', ( #2405, #4739, #7413, #1824 ) ) ;
#8141 = CARTESIAN_POINT ( 'NONE',  ( -8.570000000000002061, 0.7199999999999999734, -2.894999999999998241 ) ) ;
#8142 = ORIENTED_EDGE ( 'NONE', *, *, #11382, .F. ) ;
#8143 = FACE_OUTER_BOUND ( 'NONE', #3253, .T. ) ;
#8144 = FILL_AREA_STYLE_COLOUR ( '', #506 ) ;
#8145 = DIRECTION ( 'NONE',  ( -1.000000000000000000, 0.000000000000000000, 0.000000000000000000 ) ) ;
#8146 = PLANE ( 'NONE',  #10464 ) ;
#8147 = EDGE_LOOP ( 'NONE', ( #9823, #7073 ) ) ;
#8148 = FACE_OUTER_BOUND ( 'NONE', #10971, .T. ) ;
#8149 = EDGE_CURVE ( 'NONE', #694, #8809, #8714, .T. ) ;
#8150 = VERTEX_POINT ( 'NONE', #11314 ) ;
#8151 = ORIENTED_EDGE ( 'NONE', *, *, #5520, .T. ) ;
#8152 = LINE ( 'NONE', #11072, #886 ) ;
#8153 = VERTEX_POINT ( 'NONE', #12234 ) ;
#8154 = EDGE_CURVE ( 'NONE', #881, #4228, #8775, .T. ) ;
#8155 = ORIENTED_EDGE ( 'NONE', *, *, #7031, .F. ) ;
#8156 = DIRECTION ( 'NONE',  ( 1.000000000000000000, 0.000000000000000000, 0.000000000000000000 ) ) ;
#8157 = CARTESIAN_POINT ( 'NONE',  ( 13.65000000000000036, -3.049999999999999822, -3.075000000000000178 ) ) ;
#8158 = AXIS2_PLACEMENT_3D ( 'NONE', #2032, #2971, #995 ) ;
#8159 = CARTESIAN_POINT ( 'NONE',  ( -8.890000000000002345, 0.7199999999999999734, -2.894999999999998241 ) ) ;
#8160 = CARTESIAN_POINT ( 'NONE',  ( 11.75000000000000000, 0.9000000000000005773, -2.894999999999997797 ) ) ;
#8161 = EDGE_CURVE ( 'NONE', #8171, #11217, #6033, .T. ) ;
#8162 = CARTESIAN_POINT ( 'NONE',  ( -1.105000000000001759, -3.049999999999999822, -3.075000000000000178 ) ) ;
#8163 = LINE ( 'NONE', #7231, #11038 ) ;
#8164 = VERTEX_POINT ( 'NONE', #1416 ) ;
#8165 = AXIS2_PLACEMENT_3D ( 'NONE', #8101, #4284, #7227 ) ;
#8166 = ADVANCED_FACE ( 'NONE', ( #8021 ), #10701, .F. ) ;
#8167 = CIRCLE ( 'NONE', #1211, 0.1999999999999953204 ) ;
#8168 = CARTESIAN_POINT ( 'NONE',  ( -11.99297955337857857, -7.643577671652601602, -5.372020446621423417 ) ) ;
#8169 = ORIENTED_EDGE ( 'NONE', *, *, #2929, .F. ) ;
#8170 = DIRECTION ( 'NONE',  ( -0.000000000000000000, 1.000000000000000000, 1.150347132610614786E-16 ) ) ;
#8171 = VERTEX_POINT ( 'NONE', #1475 ) ;
#8172 = ORIENTED_EDGE ( 'NONE', *, *, #928, .F. ) ;
#8173 = DIRECTION ( 'NONE',  ( 0.000000000000000000, 0.000000000000000000, -1.000000000000000000 ) ) ;
#8174 = PRESENTATION_STYLE_ASSIGNMENT (( #569 ) ) ;
#8175 = PLANE ( 'NONE',  #9504 ) ;
#8176 = CIRCLE ( 'NONE', #2790, 0.1999999999999953204 ) ;
#8177 = DIRECTION ( 'NONE',  ( -1.000000000000000000, 0.000000000000000000, 0.000000000000000000 ) ) ;
#8178 = LINE ( 'NONE', #2434, #2732 ) ;
#8179 = ORIENTED_EDGE ( 'NONE', *, *, #5535, .F. ) ;
#8180 = DIRECTION ( 'NONE',  ( -1.000000000000000000, 0.000000000000000000, 0.000000000000000000 ) ) ;
#8181 = EDGE_CURVE ( 'NONE', #9173, #2293, #8832, .T. ) ;
#8182 = ORIENTED_EDGE ( 'NONE', *, *, #12166, .T. ) ;
#8183 = AXIS2_PLACEMENT_3D ( 'NONE', #6381, #3493, #12074 ) ;
#8184 = EDGE_CURVE ( 'NONE', #9146, #1467, #2285, .T. ) ;
#8185 = CARTESIAN_POINT ( 'NONE',  ( 1.589999999999997637, -3.049999999999999822, -3.559999999999999165 ) ) ;
#8186 = ORIENTED_EDGE ( 'NONE', *, *, #6319, .F. ) ;
#8187 = CARTESIAN_POINT ( 'NONE',  ( -9.210000000000002629, 0.9000000000000013545, 3.382601427321023646 ) ) ;
#8188 = DIRECTION ( 'NONE',  ( -1.000000000000000000, 0.000000000000000000, 0.000000000000000000 ) ) ;
#8189 = ORIENTED_EDGE ( 'NONE', *, *, #3835, .T. ) ;
#8190 = FACE_OUTER_BOUND ( 'NONE', #10904, .T. ) ;
#8191 = FACE_OUTER_BOUND ( 'NONE', #10226, .T. ) ;
#8192 = CARTESIAN_POINT ( 'NONE',  ( 6.029999999999998472, 0.7199999999999999734, -2.894999999999998241 ) ) ;
#8193 = LINE ( 'NONE', #4442, #6346 ) ;
#8194 = LINE ( 'NONE', #2519, #10017 ) ;
#8195 = ORIENTED_EDGE ( 'NONE', *, *, #12170, .F. ) ;
#8196 = ORIENTED_EDGE ( 'NONE', *, *, #7282, .T. ) ;
#8197 = CARTESIAN_POINT ( 'NONE',  ( -6.030000000000002025, 1.540000000000000480, -2.894999999999997797 ) ) ;
#8198 = AXIS2_PLACEMENT_3D ( 'NONE', #8821, #9808, #1280 ) ;
#8199 = EDGE_CURVE ( 'NONE', #9215, #6716, #5214, .T. ) ;
#8200 = ORIENTED_EDGE ( 'NONE', *, *, #376, .T. ) ;
#8201 = ADVANCED_FACE ( 'NONE', ( #8957 ), #5974, .F. ) ;
#8202 = DIRECTION ( 'NONE',  ( -0.000000000000000000, -1.000000000000000000, 1.150347132610614786E-16 ) ) ;
#8203 = ADVANCED_FACE ( 'NONE', ( #226 ), #11739, .T. ) ;
#8204 = SURFACE_STYLE_USAGE ( .BOTH. , #5457 ) ;
#8205 = UNCERTAINTY_MEASURE_WITH_UNIT (LENGTH_MEASURE( 1.000000000000000082E-05 ), #4098, 'distance_accuracy_value', 'NONE');
#8206 = CARTESIAN_POINT ( 'NONE',  ( 3.489999999999998437, -2.717601427321017837, -3.075000000000000178 ) ) ;
#8207 = AXIS2_PLACEMENT_3D ( 'NONE', #444, #3559, #4303 ) ;
#8208 = FACE_OUTER_BOUND ( 'NONE', #738, .T. ) ;
#8209 = EDGE_LOOP ( 'NONE', ( #6680, #10430, #940, #5141 ) ) ;
#8210 = LINE ( 'NONE', #11976, #1643 ) ;
#8211 = VERTEX_POINT ( 'NONE', #9894 ) ;
#8212 = LINE ( 'NONE', #6226, #361 ) ;
#8213 = ORIENTED_EDGE ( 'NONE', *, *, #970, .F. ) ;
#8214 = LINE ( 'NONE', #1547, #2684 ) ;
#8215 = EDGE_LOOP ( 'NONE', ( #1144, #82, #8621, #3119 ) ) ;
#8216 = VECTOR ( 'NONE', #11068, 1000.000000000000000 ) ;
#8217 = VERTEX_POINT ( 'NONE', #3212 ) ;
#8218 = ADVANCED_FACE ( 'NONE', ( #1362 ), #8088, .F. ) ;
#8219 = EDGE_LOOP ( 'NONE', ( #6088, #8378, #573, #2954 ) ) ;
#8220 = FACE_OUTER_BOUND ( 'NONE', #4825, .T. ) ;
#8221 = CARTESIAN_POINT ( 'NONE',  ( -13.65000000000000213, 1.540000000000001146, -2.894999999999998241 ) ) ;
#8222 = LINE ( 'NONE', #11990, #1396 ) ;
#8223 = AXIS2_PLACEMENT_3D ( 'NONE', #5950, #4182, #5057 ) ;
#8224 = CARTESIAN_POINT ( 'NONE',  ( 5.080000000000000071, -2.174999999999998934, 3.715000000000003855 ) ) ;
#8225 = DIRECTION ( 'NONE',  ( -0.3892816206350259711, -0.8348171294789868968, -0.3892816206350259711 ) ) ;
#8226 = ORIENTED_EDGE ( 'NONE', *, *, #1025, .F. ) ;
#8227 = CARTESIAN_POINT ( 'NONE',  ( 6.184999999999999609, 1.385000000000000897, 3.715000000000003411 ) ) ;
#8228 = EDGE_LOOP ( 'NONE', ( #1318, #10019, #9408, #10987 ) ) ;
#8229 = CIRCLE ( 'NONE', #6452, 0.1999999999999953204 ) ;
#8230 = CARTESIAN_POINT ( 'NONE',  ( 3.489999999999998437, 0.9000000000000005773, 3.715000000000003411 ) ) ;
#8231 = ORIENTED_EDGE ( 'NONE', *, *, #203, .F. ) ;
#8232 = CARTESIAN_POINT ( 'NONE',  ( -3.349999999999996980, 0.5700000000000003952, 0.6649999999999998135 ) ) ;
#8233 = ORIENTED_EDGE ( 'NONE', *, *, #865, .F. ) ;
#8234 = DIRECTION ( 'NONE',  ( 1.000000000000000000, 0.000000000000000000, 0.000000000000000000 ) ) ;
#8235 = DIRECTION ( 'NONE',  ( -0.000000000000000000, -0.000000000000000000, -1.000000000000000000 ) ) ;
#8236 = EDGE_CURVE ( 'NONE', #10407, #10192, #4029, .T. ) ;
#8237 = CARTESIAN_POINT ( 'NONE',  ( -8.724999999999999645, 1.055000000000000382, 3.715000000000003411 ) ) ;
#8238 = DIRECTION ( 'NONE',  ( -0.9063077870366493816, -0.4226182617407006625, 0.000000000000000000 ) ) ;
#8239 = CARTESIAN_POINT ( 'NONE',  ( 12.08999999999999986, 0.5700000000000003952, 0.6649999999999998135 ) ) ;
#8240 = VECTOR ( 'NONE', #754, 1000.000000000000000 ) ;
#8241 = ORIENTED_EDGE ( 'NONE', *, *, #11363, .F. ) ;
#8242 = DIRECTION ( 'NONE',  ( 1.000000000000000000, 0.000000000000000000, 0.000000000000000000 ) ) ;
#8243 = CIRCLE ( 'NONE', #9041, 0.1999999999999953204 ) ;
#8244 = ORIENTED_EDGE ( 'NONE', *, *, #12151, .F. ) ;
#8245 = ADVANCED_FACE ( 'NONE', ( #7030 ), #11620, .F. ) ;
#8246 = AXIS2_PLACEMENT_3D ( 'NONE', #10132, #4391, #10877 ) ;
#8247 = DIRECTION ( 'NONE',  ( 0.000000000000000000, 0.000000000000000000, -1.000000000000000000 ) ) ;
#8248 = EDGE_LOOP ( 'NONE', ( #824, #543 ) ) ;
#8249 = DIRECTION ( 'NONE',  ( 1.000000000000000000, 0.000000000000000000, -0.000000000000000000 ) ) ;
#8250 = PLANE ( 'NONE',  #2078 ) ;
#8251 = FACE_OUTER_BOUND ( 'NONE', #2203, .T. ) ;
#8252 = CARTESIAN_POINT ( 'NONE',  ( 12.08999999999999986, 0.5700000000000003952, -1.674999999999999822 ) ) ;
#8253 = EDGE_CURVE ( 'NONE', #1009, #9319, #2295, .T. ) ;
#8254 = LINE ( 'NONE', #7199, #11076 ) ;
#8255 = CIRCLE ( 'NONE', #9053, 0.1999999999999952094 ) ;
#8256 = FACE_OUTER_BOUND ( 'NONE', #10733, .T. ) ;
#8257 = DIRECTION ( 'NONE',  ( -1.000000000000000000, 0.000000000000000000, 0.000000000000000000 ) ) ;
#8258 = VERTEX_POINT ( 'NONE', #1236 ) ;
#8259 = EDGE_LOOP ( 'NONE', ( #4804, #134, #3244, #6514 ) ) ;
#8260 = CARTESIAN_POINT ( 'NONE',  ( -11.11000000000000121, 0.9000000000000005773, 0.4649999999999996914 ) ) ;
#8261 = EDGE_CURVE ( 'NONE', #3131, #4788, #3279, .T. ) ;
#8262 = VECTOR ( 'NONE', #8002, 1000.000000000000000 ) ;
#8263 = AXIS2_PLACEMENT_3D ( 'NONE', #123, #7794, #1928 ) ;
#8264 = CIRCLE ( 'NONE', #1490, 0.1999999999999953204 ) ;
#8265 = DIRECTION ( 'NONE',  ( -1.000000000000000000, 0.000000000000000000, 0.000000000000000000 ) ) ;
#8266 = DIRECTION ( 'NONE',  ( 0.000000000000000000, 0.000000000000000000, 1.000000000000000000 ) ) ;
#8267 = AXIS2_PLACEMENT_3D ( 'NONE', #1985, #2986, #6808 ) ;
#8268 = DIRECTION ( 'NONE',  ( 0.3892816206350276365, 0.3892816206350255825, 0.8348171294789862307 ) ) ;
#8269 = DIRECTION ( 'NONE',  ( 1.000000000000000000, 0.000000000000000000, 0.000000000000000000 ) ) ;
#8270 = ADVANCED_FACE ( 'NONE', ( #289 ), #6223, .F. ) ;
#8271 = ORIENTED_EDGE ( 'NONE', *, *, #8835, .T. ) ;
#8272 = FACE_OUTER_BOUND ( 'NONE', #3368, .T. ) ;
#8273 = PRESENTATION_LAYER_ASSIGNMENT (  '', '', ( #8078 ) ) ;
#8274 = LINE ( 'NONE', #12046, #853 ) ;
#8275 = ORIENTED_EDGE ( 'NONE', *, *, #8029, .T. ) ;
#8276 = CARTESIAN_POINT ( 'NONE',  ( -14.13500000000000156, 1.385000000000000897, 3.715000000000003411 ) ) ;
#8277 = AXIS2_PLACEMENT_3D ( 'NONE', #5599, #8463, #9398 ) ;
#8278 = CARTESIAN_POINT ( 'NONE',  ( -1.930000000000002824, 1.870000000000000551, -1.875000000000000000 ) ) ;
#8279 = EDGE_CURVE ( 'NONE', #4708, #6075, #5488, .T. ) ;
#8280 = ORIENTED_EDGE ( 'NONE', *, *, #4268, .F. ) ;
#8281 = VECTOR ( 'NONE', #10500, 1000.000000000000000 ) ;
#8282 = CARTESIAN_POINT ( 'NONE',  ( 13.65000000000000036, 0.000000000000000000, -1.674999999999999822 ) ) ;
#8283 = VECTOR ( 'NONE', #2779, 1000.000000000000000 ) ;
#8284 = ORIENTED_EDGE ( 'NONE', *, *, #7434, .F. ) ;
#8285 = DIRECTION ( 'NONE',  ( -1.000000000000000000, 0.000000000000000000, 0.000000000000000000 ) ) ;
#8286 = ADVANCED_FACE ( 'NONE', ( #3345 ), #10010, .F. ) ;
#8287 = CARTESIAN_POINT ( 'NONE',  ( 4.129999999999998117, 0.9000000000000005773, 3.382601427321023646 ) ) ;
#8288 = DIRECTION ( 'NONE',  ( 1.000000000000000000, 0.000000000000000000, 0.000000000000000000 ) ) ;
#8289 = DIRECTION ( 'NONE',  ( 0.000000000000000000, 0.000000000000000000, -1.000000000000000000 ) ) ;
#8290 = ORIENTED_EDGE ( 'NONE', *, *, #3066, .T. ) ;
#8291 = DIRECTION ( 'NONE',  ( 0.000000000000000000, 0.000000000000000000, -1.000000000000000000 ) ) ;
#8292 = EDGE_CURVE ( 'NONE', #6746, #9056, #3460, .T. ) ;
#8293 = ORIENTED_EDGE ( 'NONE', *, *, #10588, .F. ) ;
#8294 = VECTOR ( 'NONE', #9973, 1000.000000000000000 ) ;
#8295 = LINE ( 'NONE', #10283, #2160 ) ;
#8296 = CIRCLE ( 'NONE', #9887, 0.1999999999999952094 ) ;
#8297 = ORIENTED_EDGE ( 'NONE', *, *, #10967, .F. ) ;
#8298 = CARTESIAN_POINT ( 'NONE',  ( 27.94000000000000128, -2.174999999999998934, 3.715000000000003855 ) ) ;
#8299 = ORIENTED_EDGE ( 'NONE', *, *, #5564, .T. ) ;
#8300 = CIRCLE ( 'NONE', #5110, 0.1999999999999953204 ) ;
#8301 = FACE_OUTER_BOUND ( 'NONE', #3700, .T. ) ;
#8302 = CYLINDRICAL_SURFACE ( 'NONE', #8207, 0.1999999999999953204 ) ;
#8303 = CARTESIAN_POINT ( 'NONE',  ( -13.31000000000000227, 0.5700000000000003952, 0.4649999999999996914 ) ) ;
#8304 = LINE ( 'NONE', #2433, #10804 ) ;
#8305 = DIRECTION ( 'NONE',  ( -1.000000000000000000, 0.000000000000000000, 0.000000000000000000 ) ) ;
#8306 = EDGE_LOOP ( 'NONE', ( #48, #5041, #5769, #8822 ) ) ;
#8307 = EDGE_CURVE ( 'NONE', #3757, #1942, #7453, .T. ) ;
#8308 = EDGE_LOOP ( 'NONE', ( #10356, #3557, #10690, #358 ) ) ;
#8309 = VECTOR ( 'NONE', #4180, 999.9999999999998863 ) ;
#8310 = ADVANCED_FACE ( 'NONE', ( #8208 ), #9329, .T. ) ;
#8311 = VECTOR ( 'NONE', #2053, 1000.000000000000000 ) ;
#8312 = LINE ( 'NONE', #9365, #9656 ) ;
#8313 = CARTESIAN_POINT ( 'NONE',  ( 0.000000000000000000, 1.540000000000000480, 0.4649999999999996914 ) ) ;
#8314 = CARTESIAN_POINT ( 'NONE',  ( 0.000000000000000000, 0.9000000000000005773, 0.4649999999999996914 ) ) ;
#8315 = ORIENTED_EDGE ( 'NONE', *, *, #8498, .F. ) ;
#8316 = CARTESIAN_POINT ( 'NONE',  ( 3.644999999999999130, 1.055000000000000382, 3.715000000000003411 ) ) ;
#8317 = CARTESIAN_POINT ( 'NONE',  ( -11.59500000000000064, 1.385000000000000897, 3.715000000000003411 ) ) ;
#8318 = DIRECTION ( 'NONE',  ( 0.000000000000000000, -1.000000000000000000, -1.150347132610614786E-16 ) ) ;
#8319 = DIRECTION ( 'NONE',  ( 0.000000000000000000, -1.150347132610614786E-16, 1.000000000000000000 ) ) ;
#8320 = VERTEX_POINT ( 'NONE', #5399 ) ;
#8321 = CIRCLE ( 'NONE', #2938, 0.1800000000000013256 ) ;
#8322 = EDGE_CURVE ( 'NONE', #8809, #6287, #2590, .T. ) ;
#8323 = VERTEX_POINT ( 'NONE', #2644 ) ;
#8324 = CARTESIAN_POINT ( 'NONE',  ( 17.78000000000000114, 1.385000000000000897, 3.715000000000003411 ) ) ;
#8325 = EDGE_CURVE ( 'NONE', #8150, #7757, #4454, .T. ) ;
#8326 = VECTOR ( 'NONE', #1740, 1000.000000000000000 ) ;
#8327 = CARTESIAN_POINT ( 'NONE',  ( -5.690000000000002167, 0.5700000000000003952, 0.6649999999999998135 ) ) ;
#8328 = APPLICATION_CONTEXT ( 'automotive_design' ) ;
#8329 = CARTESIAN_POINT ( 'NONE',  ( -14.29000000000000270, 0.000000000000000000, 0.4649999999999996914 ) ) ;
#8330 = DIRECTION ( 'NONE',  ( -1.000000000000000000, 0.000000000000000000, 0.000000000000000000 ) ) ;
#8331 = ORIENTED_EDGE ( 'NONE', *, *, #3452, .T. ) ;
#8332 = PLANE ( 'NONE',  #766 ) ;
#8333 = LINE ( 'NONE', #3587, #4614 ) ;
#8334 = ORIENTED_EDGE ( 'NONE', *, *, #10562, .F. ) ;
#8335 = DIRECTION ( 'NONE',  ( 0.000000000000000000, 0.000000000000000000, 1.000000000000000000 ) ) ;
#8336 = PLANE ( 'NONE',  #300 ) ;
#8337 = EDGE_LOOP ( 'NONE', ( #2788, #11215, #638, #1081 ) ) ;
#8338 = ADVANCED_FACE ( 'NONE', ( #12099 ), #7212, .T. ) ;
#8339 = ORIENTED_EDGE ( 'NONE', *, *, #3164, .F. ) ;
#8340 = DIRECTION ( 'NONE',  ( 1.000000000000000000, 0.000000000000000000, -0.000000000000000000 ) ) ;
#8341 = ORIENTED_EDGE ( 'NONE', *, *, #1543, .F. ) ;
#8342 = CARTESIAN_POINT ( 'NONE',  ( 2.950000000000001066, 1.870000000000000551, 0.6649999999999998135 ) ) ;
#8343 = EDGE_CURVE ( 'NONE', #5283, #9426, #3644, .T. ) ;
#8344 = DIRECTION ( 'NONE',  ( -0.9063077870366503808, -4.861577055822948687E-17, -0.4226182617406985531 ) ) ;
#8345 = PLANE ( 'NONE',  #11711 ) ;
#8346 = CARTESIAN_POINT ( 'NONE',  ( 13.50999999999999446, 1.870000000000000551, 0.6649999999999998135 ) ) ;
#8347 = DIRECTION ( 'NONE',  ( 0.000000000000000000, -0.000000000000000000, 1.000000000000000000 ) ) ;
#8348 = CARTESIAN_POINT ( 'NONE',  ( -11.59500000000000064, -3.049999999999999822, -3.230000000000000870 ) ) ;
#8349 = EDGE_LOOP ( 'NONE', ( #3410, #7160, #3620, #894 ) ) ;
#8350 = ADVANCED_FACE ( 'NONE', ( #4337 ), #8146, .T. ) ;
#8351 = CIRCLE ( 'NONE', #4366, 0.1999999999999953204 ) ;
#8352 = PLANE ( 'NONE',  #6757 ) ;
#8353 = ORIENTED_EDGE ( 'NONE', *, *, #4615, .F. ) ;
#8354 = DIRECTION ( 'NONE',  ( 0.000000000000000000, 0.000000000000000000, 1.000000000000000000 ) ) ;
#8355 = ORIENTED_EDGE ( 'NONE', *, *, #9082, .F. ) ;
#8356 = EDGE_CURVE ( 'NONE', #4602, #10278, #11249, .T. ) ;
#8357 = DIRECTION ( 'NONE',  ( -1.000000000000000000, 0.000000000000000000, 0.000000000000000000 ) ) ;
#8358 = CARTESIAN_POINT ( 'NONE',  ( 8.570000000000000284, 1.540000000000000480, -1.674999999999999822 ) ) ;
#8359 = DIRECTION ( 'NONE',  ( -0.000000000000000000, -0.000000000000000000, 1.000000000000000000 ) ) ;
#8360 = AXIS2_PLACEMENT_3D ( 'NONE', #5930, #9726, #2989 ) ;
#8361 = CARTESIAN_POINT ( 'NONE',  ( -11.11000000000000121, 0.7200000000000000844, -3.074999999999999734 ) ) ;
#8362 = DIRECTION ( 'NONE',  ( 0.000000000000000000, 1.000000000000000000, 0.000000000000000000 ) ) ;
#8363 = EDGE_LOOP ( 'NONE', ( #6313, #8607, #900, #6621 ) ) ;
#8364 = EDGE_LOOP ( 'NONE', ( #5135, #11493 ) ) ;
#8365 = DIRECTION ( 'NONE',  ( 0.000000000000000000, 1.189977994191405372E-15, -1.000000000000000000 ) ) ;
#8366 = ORIENTED_EDGE ( 'NONE', *, *, #2482, .T. ) ;
#8367 = ADVANCED_FACE ( 'NONE', ( #6532 ), #11183, .T. ) ;
#8368 = DIRECTION ( 'NONE',  ( 0.000000000000000000, 0.000000000000000000, -1.000000000000000000 ) ) ;
#8369 = CARTESIAN_POINT ( 'NONE',  ( 8.570000000000000284, 0.7200000000000000844, -3.074999999999999734 ) ) ;
#8370 = CIRCLE ( 'NONE', #2995, 0.1999999999999953204 ) ;
#8371 = ORIENTED_EDGE ( 'NONE', *, *, #2308, .F. ) ;
#8372 = CARTESIAN_POINT ( 'NONE',  ( -11.11000000000000121, -2.717601427321017837, -3.714999999999999858 ) ) ;
#8373 = PLANE ( 'NONE',  #633 ) ;
#8374 = DIRECTION ( 'NONE',  ( 1.000000000000000000, 0.000000000000000000, -0.000000000000000000 ) ) ;
#8375 = CARTESIAN_POINT ( 'NONE',  ( -3.490000000000001990, 0.9000000000000005773, -2.894999999999997797 ) ) ;
#8376 = ORIENTED_EDGE ( 'NONE', *, *, #6967, .T. ) ;
#8377 = EDGE_CURVE ( 'NONE', #9595, #5553, #7286, .T. ) ;
#8378 = ORIENTED_EDGE ( 'NONE', *, *, #10600, .F. ) ;
#8379 = LINE ( 'NONE', #6524, #1090 ) ;
#8380 = CIRCLE ( 'NONE', #6599, 0.1999999999999953204 ) ;
#8381 = CARTESIAN_POINT ( 'NONE',  ( -8.570000000000002061, 0.7200000000000001954, -3.074999999999999734 ) ) ;
#8382 = DIRECTION ( 'NONE',  ( -0.000000000000000000, 1.000000000000000000, 1.150347132610614786E-16 ) ) ;
#8383 = FACE_BOUND ( 'NONE', #4690, .T. ) ;
#8384 = ADVANCED_FACE ( 'NONE', ( #11127 ), #9085, .F. ) ;
#8385 = CARTESIAN_POINT ( 'NONE',  ( 13.11000000000000298, 1.870000000000000551, 0.6649999999999998135 ) ) ;
#8386 = CARTESIAN_POINT ( 'NONE',  ( -0.9500000000000011768, 0.000000000000000000, 0.4649999999999996914 ) ) ;
#8387 = EDGE_LOOP ( 'NONE', ( #9217, #2439, #9972, #3978 ) ) ;
#8388 = PLANE ( 'NONE',  #3320 ) ;
#8389 = PLANE ( 'NONE',  #9799 ) ;
#8390 = VECTOR ( 'NONE', #6207, 1000.000000000000000 ) ;
#8391 = EDGE_LOOP ( 'NONE', ( #3879, #8290 ) ) ;
#8392 = EDGE_CURVE ( 'NONE', #5911, #5274, #6467, .T. ) ;
#8393 = DIRECTION ( 'NONE',  ( 0.000000000000000000, 0.000000000000000000, 1.000000000000000000 ) ) ;
#8394 = ORIENTED_EDGE ( 'NONE', *, *, #619, .T. ) ;
#8395 = DIRECTION ( 'NONE',  ( -0.000000000000000000, 1.000000000000000000, 1.150347132610614786E-16 ) ) ;
#8396 = CIRCLE ( 'NONE', #4606, 0.1999999999999953204 ) ;
#8397 = FACE_OUTER_BOUND ( 'NONE', #1645, .T. ) ;
#8398 = EDGE_CURVE ( 'NONE', #7006, #4558, #1653, .T. ) ;
#8399 = ORIENTED_EDGE ( 'NONE', *, *, #5646, .T. ) ;
#8400 = DIRECTION ( 'NONE',  ( 1.000000000000000000, 0.000000000000000000, 0.000000000000000000 ) ) ;
#8401 = CARTESIAN_POINT ( 'NONE',  ( -8.030000000000006466, 0.5700000000000003952, -1.875000000000000000 ) ) ;
#8402 = CARTESIAN_POINT ( 'NONE',  ( -1.590000000000001190, -3.049999999999999822, -3.075000000000000178 ) ) ;
#8403 = ADVANCED_FACE ( 'NONE', ( #5461 ), #6286, .F. ) ;
#8404 = CARTESIAN_POINT ( 'NONE',  ( -0.9500000000000011768, -3.049999999999999822, -3.075000000000000178 ) ) ;
#8405 = FACE_OUTER_BOUND ( 'NONE', #11434, .T. ) ;
#8406 = EDGE_LOOP ( 'NONE', ( #9420, #3483 ) ) ;
#8407 = DIRECTION ( 'NONE',  ( 1.000000000000000000, 0.000000000000000000, 0.000000000000000000 ) ) ;
#8408 = VECTOR ( 'NONE', #3204, 1000.000000000000000 ) ;
#8409 = VERTEX_POINT ( 'NONE', #1721 ) ;
#8410 = EDGE_CURVE ( 'NONE', #10720, #12127, #5525, .T. ) ;
#8411 = CARTESIAN_POINT ( 'NONE',  ( 8.229999999999996874, 1.870000000000000551, 0.4649999999999996914 ) ) ;
#8412 = EDGE_LOOP ( 'NONE', ( #7135, #12070, #5205, #11201 ) ) ;
#8413 = VECTOR ( 'NONE', #5012, 1000.000000000000000 ) ;
#8414 = CARTESIAN_POINT ( 'NONE',  ( -3.490000000000001990, 1.540000000000001146, -2.894999999999998241 ) ) ;
#8415 = ORIENTED_EDGE ( 'NONE', *, *, #1138, .F. ) ;
#8416 = CARTESIAN_POINT ( 'NONE',  ( 6.669999999999999041, 0.7200000000000000844, -3.074999999999999734 ) ) ;
#8417 = DIRECTION ( 'NONE',  ( 0.000000000000000000, 1.189977994191405372E-15, -1.000000000000000000 ) ) ;
#8418 = ADVANCED_FACE ( 'NONE', ( #7711 ), #7641, .T. ) ;
#8419 = CYLINDRICAL_SURFACE ( 'NONE', #3338, 0.1999999999999953204 ) ;
#8420 = PLANE ( 'NONE',  #4242 ) ;
#8421 = CARTESIAN_POINT ( 'NONE',  ( 15.23999999999999844, 0.000000000000000000, 0.4649999999999996914 ) ) ;
#8422 = VERTEX_POINT ( 'NONE', #6591 ) ;
#8423 = VECTOR ( 'NONE', #3756, 1000.000000000000000 ) ;
#8424 = EDGE_CURVE ( 'NONE', #1131, #10479, #4685, .T. ) ;
#8425 = ORIENTED_EDGE ( 'NONE', *, *, #6816, .F. ) ;
#8426 = CARTESIAN_POINT ( 'NONE',  ( 6.029999999999998472, 0.9000000000000005773, -1.674999999999999822 ) ) ;
#8427 = ORIENTED_EDGE ( 'NONE', *, *, #2152, .T. ) ;
#8428 = CARTESIAN_POINT ( 'NONE',  ( -6.670000000000002593, 0.000000000000000000, -1.674999999999999822 ) ) ;
#8429 = DIRECTION ( 'NONE',  ( 0.000000000000000000, 0.000000000000000000, -1.000000000000000000 ) ) ;
#8430 = AXIS2_PLACEMENT_3D ( 'NONE', #6371, #4352, #8039 ) ;
#8431 = DIRECTION ( 'NONE',  ( -1.000000000000000000, 0.000000000000000000, -0.000000000000000000 ) ) ;
#8432 = EDGE_CURVE ( 'NONE', #1518, #11776, #153, .T. ) ;
#8433 = DIRECTION ( 'NONE',  ( -0.000000000000000000, -0.000000000000000000, 1.000000000000000000 ) ) ;
#8434 = DIRECTION ( 'NONE',  ( 0.000000000000000000, 0.000000000000000000, 1.000000000000000000 ) ) ;
#8435 = ORIENTED_EDGE ( 'NONE', *, *, #8042, .F. ) ;
#8436 = AXIS2_PLACEMENT_3D ( 'NONE', #3405, #10080, #2409 ) ;
#8437 = VERTEX_POINT ( 'NONE', #854 ) ;
#8438 = CARTESIAN_POINT ( 'NONE',  ( -13.50999999999999801, 0.5700000000000003952, -1.674999999999999822 ) ) ;
#8439 = EDGE_CURVE ( 'NONE', #7112, #10608, #11445, .T. ) ;
#8440 = ORIENTED_EDGE ( 'NONE', *, *, #6847, .T. ) ;
#8441 = VECTOR ( 'NONE', #7835, 1000.000000000000000 ) ;
#8442 = PLANE ( 'NONE',  #79 ) ;
#8443 = PLANE ( 'NONE',  #3503 ) ;
#8444 = FACE_BOUND ( 'NONE', #6569, .T. ) ;
#8445 = AXIS2_PLACEMENT_3D ( 'NONE', #9686, #10734, #11660 ) ;
#8446 = PLANE ( 'NONE',  #606 ) ;
#8447 = CARTESIAN_POINT ( 'NONE',  ( 5.689999999999996838, 1.870000000000000551, 0.6649999999999998135 ) ) ;
#8448 = VERTEX_POINT ( 'NONE', #1043 ) ;
#8449 = LINE ( 'NONE', #1373, #9320 ) ;
#8450 = DIRECTION ( 'NONE',  ( 0.000000000000000000, 1.000000000000000000, -1.150347132610614786E-16 ) ) ;
#8451 = AXIS2_PLACEMENT_3D ( 'NONE', #7634, #4814, #8626 ) ;
#8452 = VERTEX_POINT ( 'NONE', #3891 ) ;
#8453 = PLANE ( 'NONE',  #9135 ) ;
#8454 = EDGE_LOOP ( 'NONE', ( #4055, #6984, #11027, #1840 ) ) ;
#8455 = LINE ( 'NONE', #6729, #11047 ) ;
#8456 = EDGE_CURVE ( 'NONE', #9467, #1263, #10561, .T. ) ;
#8457 = VECTOR ( 'NONE', #2734, 1000.000000000000000 ) ;
#8458 = VECTOR ( 'NONE', #8407, 1000.000000000000000 ) ;
#8459 = CIRCLE ( 'NONE', #493, 0.1999999999999953204 ) ;
#8460 = ADVANCED_FACE ( 'NONE', ( #12220 ), #5833, .F. ) ;
#8461 = EDGE_LOOP ( 'NONE', ( #722, #2716, #9741, #10327 ) ) ;
#8462 = CARTESIAN_POINT ( 'NONE',  ( -8.725000000000003197, -3.049999999999999822, -3.230000000000000870 ) ) ;
#8463 = DIRECTION ( 'NONE',  ( 0.000000000000000000, 0.000000000000000000, 1.000000000000000000 ) ) ;
#8464 = AXIS2_PLACEMENT_3D ( 'NONE', #8602, #1134, #5743 ) ;
#8465 = VECTOR ( 'NONE', #2154, 1000.000000000000000 ) ;
#8466 = CARTESIAN_POINT ( 'NONE',  ( -10.77000000000000135, 0.5700000000000003952, 0.6649999999999998135 ) ) ;
#8467 = FACE_OUTER_BOUND ( 'NONE', #1098, .T. ) ;
#8468 = DIRECTION ( 'NONE',  ( 0.000000000000000000, 1.000000000000000000, -1.150347132610614786E-16 ) ) ;
#8469 = VERTEX_POINT ( 'NONE', #9630 ) ;
#8470 = FACE_OUTER_BOUND ( 'NONE', #9934, .T. ) ;
#8471 = VECTOR ( 'NONE', #7546, 1000.000000000000000 ) ;
#8472 = VERTEX_POINT ( 'NONE', #8512 ) ;
#8473 = ADVANCED_FACE ( 'NONE', ( #11420 ), #4634, .F. ) ;
#8474 = CARTESIAN_POINT ( 'NONE',  ( -13.50999999999999801, 0.5700000000000003952, -1.875000000000000000 ) ) ;
#8475 = MECHANICAL_DESIGN_GEOMETRIC_PRESENTATION_REPRESENTATION (  '', ( #11826 ), #3096 ) ;
#8476 = AXIS2_PLACEMENT_3D ( 'NONE', #5785, #11436, #9528 ) ;
#8477 = VERTEX_POINT ( 'NONE', #11488 ) ;
#8478 = ADVANCED_FACE ( 'NONE', ( #5584 ), #3708, .F. ) ;
#8479 = DIRECTION ( 'NONE',  ( -0.000000000000000000, -0.000000000000000000, -1.000000000000000000 ) ) ;
#8480 = VERTEX_POINT ( 'NONE', #2766 ) ;
#8481 = FACE_OUTER_BOUND ( 'NONE', #8363, .T. ) ;
#8482 = ORIENTED_EDGE ( 'NONE', *, *, #871, .T. ) ;
#8483 = PLANE ( 'NONE',  #7559 ) ;
#8484 = DIRECTION ( 'NONE',  ( 0.000000000000000000, -1.150347132610614786E-16, 1.000000000000000000 ) ) ;
#8485 = DIRECTION ( 'NONE',  ( -1.000000000000000000, -0.000000000000000000, 0.000000000000000000 ) ) ;
#8486 = CARTESIAN_POINT ( 'NONE',  ( -7.010000000000004228, 1.870000000000000551, 0.6649999999999998135 ) ) ;
#8487 = CARTESIAN_POINT ( 'NONE',  ( 1.929999999999997717, 0.5700000000000003952, 0.6649999999999998135 ) ) ;
#8488 = ORIENTED_EDGE ( 'NONE', *, *, #1654, .F. ) ;
#8489 = VERTEX_POINT ( 'NONE', #1833 ) ;
#8490 = VECTOR ( 'NONE', #2753, 1000.000000000000000 ) ;
#8491 = EDGE_CURVE ( 'NONE', #1897, #11866, #10436, .T. ) ;
#8492 = AXIS2_PLACEMENT_3D ( 'NONE', #2645, #12045, #6469 ) ;
#8493 = LINE ( 'NONE', #3565, #11425 ) ;
#8494 = EDGE_LOOP ( 'NONE', ( #478, #6433 ) ) ;
#8495 = CYLINDRICAL_SURFACE ( 'NONE', #2910, 0.1999999999999953204 ) ;
#8496 = CYLINDRICAL_SURFACE ( 'NONE', #8977, 0.1999999999999953204 ) ;
#8497 = DIRECTION ( 'NONE',  ( -0.000000000000000000, 0.000000000000000000, 1.000000000000000000 ) ) ;
#8498 = EDGE_CURVE ( 'NONE', #7631, #5298, #6722, .T. ) ;
#8499 = CARTESIAN_POINT ( 'NONE',  ( 9.264483041384666606, -4.206925115746958710, -3.020516958615332648 ) ) ;
#8500 = DIRECTION ( 'NONE',  ( 0.000000000000000000, -0.000000000000000000, 1.000000000000000000 ) ) ;
#8501 = ORIENTED_EDGE ( 'NONE', *, *, #4674, .F. ) ;
#8502 = VERTEX_POINT ( 'NONE', #8632 ) ;
#8503 = CARTESIAN_POINT ( 'NONE',  ( -4.130000000000001670, 0.9000000000000012434, -2.894999999999998241 ) ) ;
#8504 = AXIS2_PLACEMENT_3D ( 'NONE', #5514, #2697, #5325 ) ;
#8505 = VECTOR ( 'NONE', #7552, 1000.000000000000000 ) ;
#8506 = EDGE_CURVE ( 'NONE', #8992, #7360, #4292, .T. ) ;
#8507 = PLANE ( 'NONE',  #1288 ) ;
#8508 = LINE ( 'NONE', #6717, #11063 ) ;
#8509 = FACE_BOUND ( 'NONE', #10063, .T. ) ;
#8510 = CIRCLE ( 'NONE', #3133, 0.1999999999999953204 ) ;
#8511 = CARTESIAN_POINT ( 'NONE',  ( -14.29000000000000270, 0.7200000000000001954, -3.714999999999999414 ) ) ;
#8512 = CARTESIAN_POINT ( 'NONE',  ( 11.26500000000000057, 1.055000000000000382, 3.715000000000003411 ) ) ;
#8513 = ADVANCED_FACE ( 'NONE', ( #7518 ), #1104, .T. ) ;
#8514 = VECTOR ( 'NONE', #5143, 1000.000000000000000 ) ;
#8515 = ORIENTED_EDGE ( 'NONE', *, *, #7305, .F. ) ;
#8516 = CARTESIAN_POINT ( 'NONE',  ( -11.75000000000000178, 0.7200000000000000844, -3.074999999999999734 ) ) ;
#8517 = CARTESIAN_POINT ( 'NONE',  ( -1.590000000000001190, 1.540000000000000480, 3.382601427321023646 ) ) ;
#8518 = ORIENTED_EDGE ( 'NONE', *, *, #3730, .F. ) ;
#8519 = ORIENTED_EDGE ( 'NONE', *, *, #9292, .T. ) ;
#8520 = DIRECTION ( 'NONE',  ( 0.000000000000000000, 0.000000000000000000, 1.000000000000000000 ) ) ;
#8521 = LINE ( 'NONE', #11428, #3054 ) ;
#8522 = CARTESIAN_POINT ( 'NONE',  ( 0.8099999999999911715, 1.870000000000000551, -1.674999999999999822 ) ) ;
#8523 = ORIENTED_EDGE ( 'NONE', *, *, #8410, .T. ) ;
#8524 = CARTESIAN_POINT ( 'NONE',  ( -10.96999999999999709, 0.5700000000000003952, 0.4649999999999996914 ) ) ;
#8525 = DIRECTION ( 'NONE',  ( 0.000000000000000000, 0.000000000000000000, 1.000000000000000000 ) ) ;
#8526 = EDGE_CURVE ( 'NONE', #5557, #9902, #984, .T. ) ;
#8527 = AXIS2_PLACEMENT_3D ( 'NONE', #5647, #737, #11248 ) ;
#8528 = CARTESIAN_POINT ( 'NONE',  ( 0.000000000000000000, 0.9000000000000005773, -1.674999999999999822 ) ) ;
#8529 = CYLINDRICAL_SURFACE ( 'NONE', #4724, 0.8200000000000012834 ) ;
#8530 = FACE_OUTER_BOUND ( 'NONE', #11857, .T. ) ;
#8531 = DIRECTION ( 'NONE',  ( -0.000000000000000000, 1.000000000000000000, 1.150347132610614786E-16 ) ) ;
#8532 = EDGE_CURVE ( 'NONE', #10153, #4345, #8572, .T. ) ;
#8533 = ORIENTED_EDGE ( 'NONE', *, *, #11204, .T. ) ;
#8534 = CARTESIAN_POINT ( 'NONE',  ( -8.570000000000002061, -2.717601427321017837, -3.075000000000000178 ) ) ;
#8535 = ORIENTED_EDGE ( 'NONE', *, *, #9108, .F. ) ;
#8536 = FACE_OUTER_BOUND ( 'NONE', #5418, .T. ) ;
#8537 = VERTEX_POINT ( 'NONE', #4141 ) ;
#8538 = CARTESIAN_POINT ( 'NONE',  ( 7.620000000000000107, 1.385000000000000897, 3.715000000000003411 ) ) ;
#8539 = ORIENTED_EDGE ( 'NONE', *, *, #1686, .T. ) ;
#8540 = EDGE_CURVE ( 'NONE', #1784, #10263, #5074, .T. ) ;
#8541 = DIRECTION ( 'NONE',  ( -0.000000000000000000, -0.000000000000000000, -1.000000000000000000 ) ) ;
#8542 = CARTESIAN_POINT ( 'NONE',  ( -9.350000000000006750, 1.870000000000000551, 0.6649999999999998135 ) ) ;
#8543 = PLANE ( 'NONE',  #11396 ) ;
#8544 = LINE ( 'NONE', #3681, #8505 ) ;
#8545 = EDGE_LOOP ( 'NONE', ( #5510, #1726, #6122, #5475 ) ) ;
#8546 = EDGE_CURVE ( 'NONE', #5180, #566, #2705, .T. ) ;
#8547 = ORIENTED_EDGE ( 'NONE', *, *, #5757, .F. ) ;
#8548 = CARTESIAN_POINT ( 'NONE',  ( -6.670000000000002593, 0.9000000000000005773, 3.715000000000003411 ) ) ;
#8549 = ORIENTED_EDGE ( 'NONE', *, *, #8782, .T. ) ;
#8550 = LINE ( 'NONE', #10483, #4898 ) ;
#8551 = VERTEX_POINT ( 'NONE', #6082 ) ;
#8552 = AXIS2_PLACEMENT_3D ( 'NONE', #8287, #2416, #10092 ) ;
#8553 = CYLINDRICAL_SURFACE ( 'NONE', #11340, 0.1999999999999953204 ) ;
#8554 = CARTESIAN_POINT ( 'NONE',  ( 6.029999999999998472, 0.9000000000000005773, 3.715000000000003411 ) ) ;
#8555 = DIRECTION ( 'NONE',  ( 0.000000000000000000, 1.000000000000000000, 0.000000000000000000 ) ) ;
#8556 = CIRCLE ( 'NONE', #398, 0.8200000000000012834 ) ;
#8557 = CARTESIAN_POINT ( 'NONE',  ( -0.6100000000000012079, 0.5700000000000003952, 0.6649999999999998135 ) ) ;
#8558 = VERTEX_POINT ( 'NONE', #272 ) ;
#8559 = ADVANCED_FACE ( 'NONE', ( #7953 ), #4193, .F. ) ;
#8560 = VERTEX_POINT ( 'NONE', #6151 ) ;
#8561 = CARTESIAN_POINT ( 'NONE',  ( -12.09000000000000341, 1.870000000000000551, 0.4649999999999996914 ) ) ;
#8562 = ORIENTED_EDGE ( 'NONE', *, *, #3207, .T. ) ;
#8563 = EDGE_CURVE ( 'NONE', #4397, #10648, #3199, .T. ) ;
#8564 = ORIENTED_EDGE ( 'NONE', *, *, #6663, .T. ) ;
#8565 = EDGE_CURVE ( 'NONE', #9464, #866, #9751, .T. ) ;
#8566 = VECTOR ( 'NONE', #4632, 1000.000000000000000 ) ;
#8567 = CARTESIAN_POINT ( 'NONE',  ( 1.589999999999997637, 0.9000000000000005773, 3.382601427321023646 ) ) ;
#8568 = VERTEX_POINT ( 'NONE', #1222 ) ;
#8569 = DIRECTION ( 'NONE',  ( -0.000000000000000000, -0.000000000000000000, -1.000000000000000000 ) ) ;
#8570 = FACE_BOUND ( 'NONE', #4842, .T. ) ;
#8571 = FACE_OUTER_BOUND ( 'NONE', #7421, .T. ) ;
#8572 = LINE ( 'NONE', #26, #8090 ) ;
#8573 = VERTEX_POINT ( 'NONE', #5140 ) ;
#8574 = DIRECTION ( 'NONE',  ( -0.000000000000000000, -0.000000000000000000, -1.000000000000000000 ) ) ;
#8575 = DIRECTION ( 'NONE',  ( 0.000000000000000000, 1.150347132610614786E-16, -1.000000000000000000 ) ) ;
#8576 = VERTEX_POINT ( 'NONE', #8942 ) ;
#8577 = ORIENTED_EDGE ( 'NONE', *, *, #3185, .F. ) ;
#8579 = ADVANCED_FACE ( 'NONE', ( #11669 ), #9938, .F. ) ;
#8578 = CARTESIAN_POINT ( 'NONE',  ( -4.130000000000001670, 0.9000000000000005773, -2.894999999999997797 ) ) ;
#8580 = EDGE_CURVE ( 'NONE', #6436, #8138, #11604, .T. ) ;
#8581 = VECTOR ( 'NONE', #12143, 1000.000000000000000 ) ;
#8582 = ORIENTED_EDGE ( 'NONE', *, *, #3221, .T. ) ;
#8583 = CARTESIAN_POINT ( 'NONE',  ( 2.129999999999992788, 0.5700000000000003952, 0.6649999999999998135 ) ) ;
#8584 = EDGE_CURVE ( 'NONE', #5553, #6710, #8762, .T. ) ;
#8585 = ORIENTED_EDGE ( 'NONE', *, *, #9332, .F. ) ;
#8586 = CYLINDRICAL_SURFACE ( 'NONE', #5945, 0.1999999999999952094 ) ;
#8587 = ORIENTED_EDGE ( 'NONE', *, *, #10855, .T. ) ;
#8588 = CARTESIAN_POINT ( 'NONE',  ( -13.65000000000000213, 0.9000000000000005773, -2.894999999999997797 ) ) ;
#8589 = DIRECTION ( 'NONE',  ( 1.000000000000000000, 0.000000000000000000, -0.000000000000000000 ) ) ;
#8590 = CARTESIAN_POINT ( 'NONE',  ( 14.13499999999999979, -3.049999999999999822, -3.559999999999999165 ) ) ;
#8591 = CARTESIAN_POINT ( 'NONE',  ( -3.810000000000002718, 0.7199999999999999734, -2.894999999999998241 ) ) ;
#8592 = CARTESIAN_POINT ( 'NONE',  ( 11.10999999999999943, 1.540000000000000480, 3.715000000000003411 ) ) ;
#8593 = CARTESIAN_POINT ( 'NONE',  ( -7.010000000000004228, 1.870000000000000551, -1.875000000000000000 ) ) ;
#8594 = VERTEX_POINT ( 'NONE', #400 ) ;
#8595 = VECTOR ( 'NONE', #5184, 1000.000000000000000 ) ;
#8596 = ADVANCED_FACE ( 'NONE', ( #3144 ), #8007, .F. ) ;
#8597 = ORIENTED_EDGE ( 'NONE', *, *, #12055, .F. ) ;
#8598 = DIRECTION ( 'NONE',  ( 0.000000000000000000, 0.000000000000000000, -1.000000000000000000 ) ) ;
#8599 = ORIENTED_EDGE ( 'NONE', *, *, #4934, .F. ) ;
#8600 = CARTESIAN_POINT ( 'NONE',  ( 0.9499999999999977351, 1.540000000000000480, 3.382601427321023646 ) ) ;
#8601 = ORIENTED_EDGE ( 'NONE', *, *, #4030, .T. ) ;
#8602 = CARTESIAN_POINT ( 'NONE',  ( -4.470000000000003304, 1.870000000000000551, 0.6649999999999998135 ) ) ;
#8603 = FACE_OUTER_BOUND ( 'NONE', #11147, .T. ) ;
#8604 = DIRECTION ( 'NONE',  ( 1.000000000000000000, 0.000000000000000000, 0.000000000000000000 ) ) ;
#8605 = CARTESIAN_POINT ( 'NONE',  ( -14.29000000000000270, 0.9000000000000005773, -2.894999999999997797 ) ) ;
#8606 = CYLINDRICAL_SURFACE ( 'NONE', #1350, 0.1999999999999953204 ) ;
#8607 = ORIENTED_EDGE ( 'NONE', *, *, #346, .F. ) ;
#8608 = EDGE_LOOP ( 'NONE', ( #11327, #11876, #8169, #119 ) ) ;
#8609 = AXIS2_PLACEMENT_3D ( 'NONE', #5717, #2961, #2828 ) ;
#8610 = DIRECTION ( 'NONE',  ( 0.3892816206350276365, 0.3892816206350255825, 0.8348171294789862307 ) ) ;
#8611 = EDGE_CURVE ( 'NONE', #345, #4176, #7079, .T. ) ;
#8612 = ORIENTED_EDGE ( 'NONE', *, *, #9009, .F. ) ;
#8613 = CARTESIAN_POINT ( 'NONE',  ( 4.270000000000003126, 0.5700000000000003952, 0.4649999999999996914 ) ) ;
#8614 = VERTEX_POINT ( 'NONE', #2207 ) ;
#8615 = FACE_OUTER_BOUND ( 'NONE', #2636, .T. ) ;
#8616 = PLANE ( 'NONE',  #5409 ) ;
#8617 = PLANE ( 'NONE',  #10494 ) ;
#8618 = CYLINDRICAL_SURFACE ( 'NONE', #5027, 0.1999999999999953204 ) ;
#8619 = VECTOR ( 'NONE', #7065, 1000.000000000000000 ) ;
#8620 = ORIENTED_EDGE ( 'NONE', *, *, #871, .F. ) ;
#8621 = ORIENTED_EDGE ( 'NONE', *, *, #9990, .T. ) ;
#8622 = CARTESIAN_POINT ( 'NONE',  ( 8.724999999999999645, -3.049999999999999822, -3.230000000000000870 ) ) ;
#8623 = EDGE_CURVE ( 'NONE', #1660, #149, #2617, .T. ) ;
#8624 = VERTEX_POINT ( 'NONE', #11845 ) ;
#8625 = CIRCLE ( 'NONE', #467, 0.1999999999999952094 ) ;
#8626 = DIRECTION ( 'NONE',  ( -1.000000000000000000, 0.000000000000000000, 0.000000000000000000 ) ) ;
#8627 = ADVANCED_FACE ( 'NONE', ( #1166 ), #3327, .F. ) ;
#8628 = VERTEX_POINT ( 'NONE', #212 ) ;
#8629 = DIRECTION ( 'NONE',  ( -1.000000000000000000, 0.000000000000000000, 0.000000000000000000 ) ) ;
#8630 = DIRECTION ( 'NONE',  ( -0.000000000000000000, -0.000000000000000000, -1.000000000000000000 ) ) ;
#8631 = FACE_OUTER_BOUND ( 'NONE', #6829, .T. ) ;
#8632 = CARTESIAN_POINT ( 'NONE',  ( 8.570000000000000284, 0.9000000000000012434, -2.894999999999998241 ) ) ;
#8633 = ORIENTED_EDGE ( 'NONE', *, *, #3988, .F. ) ;
#8634 = CARTESIAN_POINT ( 'NONE',  ( 14.29000000000000092, 0.9000000000000013545, 3.382601427321023646 ) ) ;
#8635 = DIRECTION ( 'NONE',  ( 0.000000000000000000, 1.000000000000000000, 1.150347132610614786E-16 ) ) ;
#8636 = EDGE_CURVE ( 'NONE', #10278, #8568, #4014, .T. ) ;
#8637 = VERTEX_POINT ( 'NONE', #5009 ) ;
#8638 = DIRECTION ( 'NONE',  ( -0.3892816206350276365, 0.3892816206350255825, -0.8348171294789862307 ) ) ;
#8639 = CARTESIAN_POINT ( 'NONE',  ( 6.669999999999999041, 0.9000000000000010214, -2.894999999999998241 ) ) ;
#8640 = AXIS2_PLACEMENT_3D ( 'NONE', #9705, #6911, #1470 ) ;
#8641 = AXIS2_PLACEMENT_3D ( 'NONE', #8950, #10130, #5206 ) ;
#8642 = CARTESIAN_POINT ( 'NONE',  ( -9.550000000000002487, 1.870000000000000551, 0.4649999999999996914 ) ) ;
#8643 = EDGE_CURVE ( 'NONE', #10479, #1131, #4800, .T. ) ;
#8644 = SURFACE_STYLE_FILL_AREA ( #3904 ) ;
#8645 = EDGE_LOOP ( 'NONE', ( #1116, #5097, #2522, #4545 ) ) ;
#8646 = AXIS2_PLACEMENT_3D ( 'NONE', #5395, #11789, #1535 ) ;
#8647 = DIRECTION ( 'NONE',  ( 0.000000000000000000, 0.000000000000000000, 1.000000000000000000 ) ) ;
#8648 = CARTESIAN_POINT ( 'NONE',  ( 4.129999999999998117, -3.049999999999999822, -3.075000000000000178 ) ) ;
#8649 = DIRECTION ( 'NONE',  ( 1.000000000000000000, 0.000000000000000000, 0.000000000000000000 ) ) ;
#8650 = EDGE_CURVE ( 'NONE', #11566, #4831, #8881, .T. ) ;
#8651 = CARTESIAN_POINT ( 'NONE',  ( -10.96999999999999709, 0.5700000000000003952, -1.875000000000000000 ) ) ;
#8652 = VECTOR ( 'NONE', #10972, 1000.000000000000000 ) ;
#8653 = DIRECTION ( 'NONE',  ( -1.000000000000000000, 0.000000000000000000, 0.000000000000000000 ) ) ;
#8654 = ORIENTED_EDGE ( 'NONE', *, *, #11786, .T. ) ;
#8655 = CARTESIAN_POINT ( 'NONE',  ( 11.75000000000000000, -3.049999999999999822, -3.075000000000000178 ) ) ;
#8656 = VECTOR ( 'NONE', #939, 1000.000000000000000 ) ;
#8657 = VECTOR ( 'NONE', #7498, 1000.000000000000000 ) ;
#8658 = VERTEX_POINT ( 'NONE', #4380 ) ;
#8659 = ADVANCED_FACE ( 'NONE', ( #8191 ), #12088, .T. ) ;
#8660 = LINE ( 'NONE', #9594, #6113 ) ;
#8661 = AXIS2_PLACEMENT_3D ( 'NONE', #5225, #8968, #425 ) ;
#8662 = VECTOR ( 'NONE', #2105, 1000.000000000000000 ) ;
#8663 = EDGE_LOOP ( 'NONE', ( #600, #1351, #5024, #302 ) ) ;
#8664 = DIRECTION ( 'NONE',  ( -0.000000000000000000, -0.000000000000000000, -1.000000000000000000 ) ) ;
#8665 = ORIENTED_EDGE ( 'NONE', *, *, #9876, .T. ) ;
#8666 = DIRECTION ( 'NONE',  ( 0.000000000000000000, 1.000000000000000000, -1.150347132610614786E-16 ) ) ;
#8667 = PLANE ( 'NONE',  #10940 ) ;
#8668 = VECTOR ( 'NONE', #11567, 999.9999999999998863 ) ;
#8669 = CARTESIAN_POINT ( 'NONE',  ( 12.08999999999999986, 0.5700000000000003952, -1.674999999999999822 ) ) ;
#8670 = EDGE_CURVE ( 'NONE', #6710, #3162, #5445, .T. ) ;
#8671 = DIRECTION ( 'NONE',  ( -0.000000000000000000, 1.000000000000000000, 1.150347132610614786E-16 ) ) ;
#8672 = LINE ( 'NONE', #5618, #9422 ) ;
#8673 = ORIENTED_EDGE ( 'NONE', *, *, #10250, .T. ) ;
#8674 = DIRECTION ( 'NONE',  ( -0.000000000000000000, -0.000000000000000000, -1.000000000000000000 ) ) ;
#8675 = VERTEX_POINT ( 'NONE', #8317 ) ;
#8676 = LINE ( 'NONE', #9552, #7667 ) ;
#8677 = ORIENTED_EDGE ( 'NONE', *, *, #7408, .T. ) ;
#8678 = CARTESIAN_POINT ( 'NONE',  ( -11.11000000000000121, 0.7200000000000001954, -3.074999999999999734 ) ) ;
#8679 = ORIENTED_EDGE ( 'NONE', *, *, #3185, .T. ) ;
#8680 = VECTOR ( 'NONE', #4888, 1000.000000000000227 ) ;
#8681 = CARTESIAN_POINT ( 'NONE',  ( 3.349999999999991651, 1.870000000000000551, -1.674999999999999822 ) ) ;
#8682 = PLANE ( 'NONE',  #1423 ) ;
#8683 = EDGE_CURVE ( 'NONE', #1504, #11069, #3571, .T. ) ;
#8684 = CARTESIAN_POINT ( 'NONE',  ( 6.029999999999998472, 1.540000000000000480, 3.382601427321023646 ) ) ;
#8685 = CARTESIAN_POINT ( 'NONE',  ( -3.150000000000001688, 0.5700000000000003952, 0.6649999999999998135 ) ) ;
#8686 = AXIS2_PLACEMENT_3D ( 'NONE', #8115, #12233, #2370 ) ;
#8687 = EDGE_LOOP ( 'NONE', ( #9946, #9109, #5118, #9477 ) ) ;
#8688 = CARTESIAN_POINT ( 'NONE',  ( -1.590000000000001190, -3.049999999999999822, -3.075000000000000178 ) ) ;
#8689 = EDGE_CURVE ( 'NONE', #5298, #7998, #1234, .T. ) ;
#8690 = MANIFOLD_SOLID_BREP ( 'LPattern2[10]', #2555 ) ;
#8691 = ORIENTED_EDGE ( 'NONE', *, *, #5993, .F. ) ;
#8692 = CIRCLE ( 'NONE', #9515, 0.1800000000000013256 ) ;
#8693 = LINE ( 'NONE', #11539, #691 ) ;
#8694 = ORIENTED_EDGE ( 'NONE', *, *, #11692, .F. ) ;
#8695 = FILL_AREA_STYLE ('',( #7514 ) ) ;
#8696 = PLANE ( 'NONE',  #11228 ) ;
#8697 = CARTESIAN_POINT ( 'NONE',  ( 11.89000000000000412, 0.5700000000000003952, 0.6649999999999998135 ) ) ;
#8698 = DIRECTION ( 'NONE',  ( 0.000000000000000000, 0.000000000000000000, -1.000000000000000000 ) ) ;
#8699 = ORIENTED_EDGE ( 'NONE', *, *, #6985, .F. ) ;
#8700 = CARTESIAN_POINT ( 'NONE',  ( -4.130000000000001670, 1.540000000000000480, 3.715000000000003411 ) ) ;
#8701 = ADVANCED_FACE ( 'NONE', ( #2515 ), #5324, .F. ) ;
#8702 = CARTESIAN_POINT ( 'NONE',  ( 8.030000000000002913, 1.870000000000000551, 0.6649999999999998135 ) ) ;
#8703 = CIRCLE ( 'NONE', #10287, 0.1999999999999953204 ) ;
#8704 = EDGE_LOOP ( 'NONE', ( #11977, #2008 ) ) ;
#8705 = CARTESIAN_POINT ( 'NONE',  ( 13.65000000000000036, 1.540000000000000480, 3.715000000000003411 ) ) ;
#8706 = EDGE_CURVE ( 'NONE', #6771, #10137, #2389, .T. ) ;
#8707 = VECTOR ( 'NONE', #1029, 1000.000000000000000 ) ;
#8708 = LINE ( 'NONE', #2158, #2456 ) ;
#8709 = AXIS2_PLACEMENT_3D ( 'NONE', #4170, #10901, #5109 ) ;
#8710 = ORIENTED_EDGE ( 'NONE', *, *, #7028, .T. ) ;
#8711 = CARTESIAN_POINT ( 'NONE',  ( -11.26500000000000057, -2.174999999999998934, 3.715000000000003855 ) ) ;
#8712 = ORIENTED_EDGE ( 'NONE', *, *, #2553, .T. ) ;
#8713 = CARTESIAN_POINT ( 'NONE',  ( 3.489999999999998437, 1.540000000000000480, 3.715000000000003411 ) ) ;
#8714 = LINE ( 'NONE', #9711, #11644 ) ;
#8715 = VECTOR ( 'NONE', #11268, 1000.000000000000000 ) ;
#8716 = LINE ( 'NONE', #5976, #4330 ) ;
#8717 = PLANE ( 'NONE',  #5454 ) ;
#8718 = DIRECTION ( 'NONE',  ( -1.000000000000000000, 0.000000000000000000, 0.000000000000000000 ) ) ;
#8719 = STYLED_ITEM ( 'NONE', ( #11276 ), #4574 ) ;
#8720 = EDGE_CURVE ( 'NONE', #11345, #9241, #11757, .T. ) ;
#8721 = VECTOR ( 'NONE', #5078, 1000.000000000000000 ) ;
#8722 = VERTEX_POINT ( 'NONE', #7319 ) ;
#8723 = VERTEX_POINT ( 'NONE', #1706 ) ;
#8724 = VECTOR ( 'NONE', #10388, 1000.000000000000000 ) ;
#8725 = ADVANCED_FACE ( 'NONE', ( #11114 ), #8373, .F. ) ;
#8726 = VERTEX_POINT ( 'NONE', #715 ) ;
#8727 = LINE ( 'NONE', #11448, #8891 ) ;
#8728 = VECTOR ( 'NONE', #8959, 1000.000000000000000 ) ;
#8729 = ORIENTED_EDGE ( 'NONE', *, *, #11791, .F. ) ;
#8730 = CARTESIAN_POINT ( 'NONE',  ( 0.9499999999999977351, -3.049999999999999822, -3.230000000000000870 ) ) ;
#8731 = ORIENTED_EDGE ( 'NONE', *, *, #658, .T. ) ;
#8732 = DIRECTION ( 'NONE',  ( 0.000000000000000000, 0.000000000000000000, -1.000000000000000000 ) ) ;
#8733 = LINE ( 'NONE', #9774, #3775 ) ;
#8734 = PLANE ( 'NONE',  #6819 ) ;
#8735 = DIRECTION ( 'NONE',  ( 0.9063077870366493816, -0.4226182617407006625, 0.000000000000000000 ) ) ;
#8736 = DIRECTION ( 'NONE',  ( -0.000000000000000000, -0.000000000000000000, 1.000000000000000000 ) ) ;
#8737 = ORIENTED_EDGE ( 'NONE', *, *, #1297, .F. ) ;
#8738 = CARTESIAN_POINT ( 'NONE',  ( -3.490000000000001990, -3.049999999999999822, -3.075000000000000178 ) ) ;
#8739 = EDGE_CURVE ( 'NONE', #12283, #683, #4504, .T. ) ;
#8740 = ORIENTED_EDGE ( 'NONE', *, *, #1750, .F. ) ;
#8741 = EDGE_CURVE ( 'NONE', #262, #8217, #10926, .T. ) ;
#8742 = DIRECTION ( 'NONE',  ( 0.000000000000000000, -1.000000000000000000, -0.000000000000000000 ) ) ;
#8743 = ORIENTED_EDGE ( 'NONE', *, *, #8526, .T. ) ;
#8744 = PLANE ( 'NONE',  #327 ) ;
#8745 = EDGE_LOOP ( 'NONE', ( #11958, #1344, #9311, #5287 ) ) ;
#8746 = FACE_BOUND ( 'NONE', #3362, .T. ) ;
#8747 =( LENGTH_UNIT ( ) NAMED_UNIT ( * ) SI_UNIT ( .MILLI., .METRE. ) );
#8748 = DIRECTION ( 'NONE',  ( -1.000000000000000000, 0.000000000000000000, 0.000000000000000000 ) ) ;
#8749 = LINE ( 'NONE', #9861, #4034 ) ;
#8750 = ORIENTED_EDGE ( 'NONE', *, *, #3820, .T. ) ;
#8751 = ORIENTED_EDGE ( 'NONE', *, *, #11828, .F. ) ;
#8752 = DIRECTION ( 'NONE',  ( -0.000000000000000000, -0.000000000000000000, 1.000000000000000000 ) ) ;
#8753 = EDGE_LOOP ( 'NONE', ( #3155, #7933, #976, #6832 ) ) ;
#8754 = ADVANCED_FACE ( 'NONE', ( #9067 ), #524, .T. ) ;
#8755 = CARTESIAN_POINT ( 'NONE',  ( -3.490000000000001990, -2.717601427321017837, -3.714999999999999858 ) ) ;
#8756 = VERTEX_POINT ( 'NONE', #7696 ) ;
#8757 = ORIENTED_EDGE ( 'NONE', *, *, #6069, .T. ) ;
#8758 = DIRECTION ( 'NONE',  ( 0.3892816206350259711, -0.8348171294789868968, -0.3892816206350259711 ) ) ;
#8759 = CARTESIAN_POINT ( 'NONE',  ( -9.172987812832774424, 1.436334613170440644, -5.652012187167225754 ) ) ;
#8760 = DIRECTION ( 'NONE',  ( -1.000000000000000000, 0.000000000000000000, 0.000000000000000000 ) ) ;
#8761 = EDGE_CURVE ( 'NONE', #8836, #292, #5629, .T. ) ;
#8762 = LINE ( 'NONE', #5897, #10380 ) ;
#8763 = ORIENTED_EDGE ( 'NONE', *, *, #10021, .T. ) ;
#8764 = CARTESIAN_POINT ( 'NONE',  ( 4.129999999999998117, 0.9000000000000013545, 3.382601427321023646 ) ) ;
#8765 = DIRECTION ( 'NONE',  ( 1.000000000000000000, 0.000000000000000000, 0.000000000000000000 ) ) ;
#8766 = VERTEX_POINT ( 'NONE', #11404 ) ;
#8767 = EDGE_LOOP ( 'NONE', ( #5379, #7596, #8612, #1605 ) ) ;
#8768 = LINE ( 'NONE', #217, #5882 ) ;
#8769 = ORIENTED_EDGE ( 'NONE', *, *, #1388, .T. ) ;
#8770 = PLANE ( 'NONE',  #7847 ) ;
#8771 = ORIENTED_EDGE ( 'NONE', *, *, #12076, .T. ) ;
#8772 = DIRECTION ( 'NONE',  ( -0.000000000000000000, 1.000000000000000000, 1.150347132610614786E-16 ) ) ;
#8773 = FACE_OUTER_BOUND ( 'NONE', #3854, .T. ) ;
#8774 = EDGE_CURVE ( 'NONE', #783, #440, #10965, .T. ) ;
#8775 = LINE ( 'NONE', #6917, #3496 ) ;
#8776 = AXIS2_PLACEMENT_3D ( 'NONE', #2765, #25, #1103 ) ;
#8777 = SURFACE_SIDE_STYLE ('',( #2973 ) ) ;
#8778 = DIRECTION ( 'NONE',  ( 0.000000000000000000, 1.000000000000000000, 0.000000000000000000 ) ) ;
#8779 = VERTEX_POINT ( 'NONE', #840 ) ;
#8780 = CARTESIAN_POINT ( 'NONE',  ( -11.75000000000000178, 1.540000000000000480, 3.715000000000003411 ) ) ;
#8781 = ORIENTED_EDGE ( 'NONE', *, *, #5526, .F. ) ;
#8782 = EDGE_CURVE ( 'NONE', #5926, #4437, #3630, .T. ) ;
#8783 = ORIENTED_EDGE ( 'NONE', *, *, #395, .T. ) ;
#8784 = EDGE_LOOP ( 'NONE', ( #10404, #3336, #6248, #760 ) ) ;
#8785 = PLANE ( 'NONE',  #1341 ) ;
#8786 = ORIENTED_EDGE ( 'NONE', *, *, #7062, .T. ) ;
#8787 = ORIENTED_EDGE ( 'NONE', *, *, #7896, .T. ) ;
#8788 = EDGE_CURVE ( 'NONE', #9824, #4289, #2755, .T. ) ;
#8789 = CARTESIAN_POINT ( 'NONE',  ( 17.78000000000000114, -3.049999999999999822, -4.336808689942017736E-16 ) ) ;
#8790 = PLANE ( 'NONE',  #9162 ) ;
#8791 = DIRECTION ( 'NONE',  ( 0.000000000000000000, 1.000000000000000000, -1.150347132610614786E-16 ) ) ;
#8792 = DIRECTION ( 'NONE',  ( 0.000000000000000000, 0.000000000000000000, -1.000000000000000000 ) ) ;
#8793 = DIRECTION ( 'NONE',  ( -0.000000000000000000, -0.000000000000000000, 1.000000000000000000 ) ) ;
#8794 = EDGE_LOOP ( 'NONE', ( #12284, #7791, #9355, #8665 ) ) ;
#8795 = ADVANCED_FACE ( 'NONE', ( #903 ), #8616, .T. ) ;
#8796 = LINE ( 'NONE', #10656, #10048 ) ;
#8797 = AXIS2_PLACEMENT_3D ( 'NONE', #1947, #5756, #8497 ) ;
#8798 = ADVANCED_FACE ( 'NONE', ( #13 ), #4687, .F. ) ;
#8799 = VERTEX_POINT ( 'NONE', #3810 ) ;
#8800 = PRESENTATION_LAYER_ASSIGNMENT (  '', '', ( #2026 ) ) ;
#8801 = DIRECTION ( 'NONE',  ( 0.000000000000000000, 5.421010862427481938E-15, -1.000000000000000000 ) ) ;
#8802 = VERTEX_POINT ( 'NONE', #3754 ) ;
#8803 = EDGE_CURVE ( 'NONE', #4298, #207, #4806, .T. ) ;
#8804 = CARTESIAN_POINT ( 'NONE',  ( -6.670000000000002593, 1.540000000000000480, 3.715000000000003411 ) ) ;
#8805 = EDGE_LOOP ( 'NONE', ( #11096, #12080 ) ) ;
#8806 = FACE_BOUND ( 'NONE', #3509, .T. ) ;
#8807 = DIRECTION ( 'NONE',  ( -0.000000000000000000, -0.000000000000000000, -1.000000000000000000 ) ) ;
#8808 = PLANE ( 'NONE',  #8223 ) ;
#8809 = VERTEX_POINT ( 'NONE', #10546 ) ;
#8810 = ADVANCED_FACE ( 'NONE', ( #1819 ), #8682, .F. ) ;
#8811 = DIRECTION ( 'NONE',  ( -0.000000000000000000, -0.000000000000000000, -1.000000000000000000 ) ) ;
#8812 = AXIS2_PLACEMENT_3D ( 'NONE', #7921, #5038, #6988 ) ;
#8813 = VERTEX_POINT ( 'NONE', #7622 ) ;
#8814 = DIRECTION ( 'NONE',  ( 1.000000000000000000, 0.000000000000000000, 0.000000000000000000 ) ) ;
#8815 = ORIENTED_EDGE ( 'NONE', *, *, #3365, .T. ) ;
#8816 = ADVANCED_FACE ( 'NONE', ( #11287 ), #3873, .F. ) ;
#8817 = ORIENTED_EDGE ( 'NONE', *, *, #7775, .T. ) ;
#8818 = DIRECTION ( 'NONE',  ( -1.000000000000000000, -0.000000000000000000, 0.000000000000000000 ) ) ;
#8819 = DIRECTION ( 'NONE',  ( 0.000000000000000000, 1.000000000000000000, 1.150347132610614786E-16 ) ) ;
#8820 = FACE_OUTER_BOUND ( 'NONE', #9674, .T. ) ;
#8821 = CARTESIAN_POINT ( 'NONE',  ( 4.469999999999997975, 0.5700000000000003952, 0.4649999999999996914 ) ) ;
#8822 = ORIENTED_EDGE ( 'NONE', *, *, #11443, .T. ) ;
#8823 = DIRECTION ( 'NONE',  ( 0.000000000000000000, 1.000000000000000000, -1.150347132610614786E-16 ) ) ;
#8824 = LINE ( 'NONE', #7894, #8408 ) ;
#8825 = ORIENTED_EDGE ( 'NONE', *, *, #11777, .F. ) ;
#8826 = EDGE_CURVE ( 'NONE', #10459, #4423, #9388, .T. ) ;
#8827 = CARTESIAN_POINT ( 'NONE',  ( 13.30999999999999872, 1.870000000000000551, 0.6649999999999998135 ) ) ;
#8828 = AXIS2_PLACEMENT_3D ( 'NONE', #3548, #12062, #10028 ) ;
#8829 = CARTESIAN_POINT ( 'NONE',  ( -5.975516958615334495, -4.206925115746958710, -3.020516958615332648 ) ) ;
#8830 = CARTESIAN_POINT ( 'NONE',  ( 7.209999999999993747, 0.5700000000000003952, -1.875000000000000000 ) ) ;
#8831 = CARTESIAN_POINT ( 'NONE',  ( 20.32000000000000028, -3.049999999999999822, -3.559999999999999165 ) ) ;
#8832 = LINE ( 'NONE', #2165, #5890 ) ;
#8833 = VECTOR ( 'NONE', #4715, 1000.000000000000000 ) ;
#8834 = FACE_OUTER_BOUND ( 'NONE', #2672, .T. ) ;
#8835 = EDGE_CURVE ( 'NONE', #5159, #12111, #7561, .T. ) ;
#8836 = VERTEX_POINT ( 'NONE', #9614 ) ;
#8837 = LINE ( 'NONE', #11691, #8662 ) ;
#8838 = VECTOR ( 'NONE', #4148, 1000.000000000000000 ) ;
#8839 = EDGE_CURVE ( 'NONE', #7040, #1141, #1086, .T. ) ;
#8840 = AXIS2_PLACEMENT_3D ( 'NONE', #9567, #7819, #8814 ) ;
#8841 = VERTEX_POINT ( 'NONE', #6637 ) ;
#8842 = DIRECTION ( 'NONE',  ( 0.000000000000000000, 0.000000000000000000, -1.000000000000000000 ) ) ;
#8843 = ORIENTED_EDGE ( 'NONE', *, *, #7116, .F. ) ;
#8844 = ORIENTED_EDGE ( 'NONE', *, *, #10305, .F. ) ;
#8845 = LINE ( 'NONE', #9029, #11430 ) ;
#8846 = VECTOR ( 'NONE', #5394, 1000.000000000000000 ) ;
#8847 = DIRECTION ( 'NONE',  ( 0.000000000000000000, -0.000000000000000000, 1.000000000000000000 ) ) ;
#8848 = CARTESIAN_POINT ( 'NONE',  ( -11.11000000000000121, 0.9000000000000013545, 3.382601427321023646 ) ) ;
#8849 = ADVANCED_FACE ( 'NONE', ( #7439 ), #7503, .T. ) ;
#8850 = DIRECTION ( 'NONE',  ( -0.000000000000000000, -0.000000000000000000, 1.000000000000000000 ) ) ;
#8851 = ORIENTED_EDGE ( 'NONE', *, *, #11880, .F. ) ;
#8852 = FACE_OUTER_BOUND ( 'NONE', #10325, .T. ) ;
#8853 = AXIS2_PLACEMENT_3D ( 'NONE', #10961, #4120, #11940 ) ;
#8854 = ADVANCED_FACE ( 'NONE', ( #10422 ), #1880, .F. ) ;
#8855 = CIRCLE ( 'NONE', #5071, 0.1999999999999953204 ) ;
#8856 = ORIENTED_EDGE ( 'NONE', *, *, #3012, .F. ) ;
#8857 = VECTOR ( 'NONE', #6241, 1000.000000000000000 ) ;
#8858 = CARTESIAN_POINT ( 'NONE',  ( 11.10999999999999943, 0.7199999999999999734, -2.894999999999998241 ) ) ;
#8859 = MECHANICAL_DESIGN_GEOMETRIC_PRESENTATION_REPRESENTATION (  '', ( #11432 ), #9472 ) ;
#8860 = DIRECTION ( 'NONE',  ( 0.000000000000000000, 0.000000000000000000, 1.000000000000000000 ) ) ;
#8861 = EDGE_LOOP ( 'NONE', ( #2464, #6025, #7928, #763 ) ) ;
#8862 = FACE_OUTER_BOUND ( 'NONE', #9550, .T. ) ;
#8863 = CARTESIAN_POINT ( 'NONE',  ( -1.046985715305108755, 1.443014284694892124, 3.590587964983397828 ) ) ;
#8864 = CARTESIAN_POINT ( 'NONE',  ( -6.185000000000003162, -3.049999999999999822, -3.559999999999999165 ) ) ;
#8865 = DIRECTION ( 'NONE',  ( 1.000000000000000000, 0.000000000000000000, -0.000000000000000000 ) ) ;
#8866 = VECTOR ( 'NONE', #2234, 1000.000000000000000 ) ;
#8867 = CARTESIAN_POINT ( 'NONE',  ( 9.054999999999997939, -3.049999999999999822, -3.075000000000000178 ) ) ;
#8868 = CARTESIAN_POINT ( 'NONE',  ( -4.092987812832774353, 1.436334613170440644, -1.137987812832773837 ) ) ;
#8869 = ORIENTED_EDGE ( 'NONE', *, *, #11461, .F. ) ;
#8870 = DIRECTION ( 'NONE',  ( -0.000000000000000000, -0.000000000000000000, -1.000000000000000000 ) ) ;
#8871 = EDGE_CURVE ( 'NONE', #680, #1253, #4599, .T. ) ;
#8872 = ORIENTED_EDGE ( 'NONE', *, *, #1003, .T. ) ;
#8873 = CIRCLE ( 'NONE', #4880, 0.1999999999999953204 ) ;
#8874 = DIRECTION ( 'NONE',  ( 0.000000000000000000, 1.000000000000000000, -1.150347132610614786E-16 ) ) ;
#8875 = EDGE_CURVE ( 'NONE', #11469, #11206, #2064, .T. ) ;
#8876 = EDGE_LOOP ( 'NONE', ( #7374, #5791, #11335, #20 ) ) ;
#8877 = EDGE_LOOP ( 'NONE', ( #9561, #8731, #3965, #131 ) ) ;
#8878 = CARTESIAN_POINT ( 'NONE',  ( 6.669999999999999041, 0.7200000000000008615, -3.074999999999999734 ) ) ;
#8879 = CARTESIAN_POINT ( 'NONE',  ( -6.030000000000002025, 0.9000000000000005773, 3.715000000000003411 ) ) ;
#8880 = CARTESIAN_POINT ( 'NONE',  ( 11.75000000000000000, 0.9000000000000005773, 3.382601427321023646 ) ) ;
#8881 = LINE ( 'NONE', #339, #11178 ) ;
#8882 = VERTEX_POINT ( 'NONE', #4179 ) ;
#8883 = CARTESIAN_POINT ( 'NONE',  ( -11.75000000000000178, 1.540000000000000480, -2.894999999999997797 ) ) ;
#8884 = DIRECTION ( 'NONE',  ( 0.000000000000000000, 1.000000000000000000, -1.150347132610614786E-16 ) ) ;
#8885 = PRESENTATION_LAYER_ASSIGNMENT (  '', '', ( #4287 ) ) ;
#8886 = CARTESIAN_POINT ( 'NONE',  ( 10.57000000000000384, 1.870000000000000551, 0.4649999999999996914 ) ) ;
#8887 = VERTEX_POINT ( 'NONE', #4125 ) ;
#8888 = CARTESIAN_POINT ( 'NONE',  ( 13.74698571530510982, 0.9969857153051095988, 3.590587964983398717 ) ) ;
#8889 = EDGE_CURVE ( 'NONE', #1368, #8766, #3062, .T. ) ;
#8890 = CIRCLE ( 'NONE', #11659, 0.1999999999999953204 ) ;
#8891 = VECTOR ( 'NONE', #7602, 1000.000000000000000 ) ;
#8892 = DIRECTION ( 'NONE',  ( -1.000000000000000000, 0.000000000000000000, 0.000000000000000000 ) ) ;
#8893 = EDGE_CURVE ( 'NONE', #8726, #5944, #2412, .T. ) ;
#8894 = ORIENTED_EDGE ( 'NONE', *, *, #12276, .T. ) ;
#8895 = CYLINDRICAL_SURFACE ( 'NONE', #12223, 0.8200000000000012834 ) ;
#8896 = CIRCLE ( 'NONE', #1734, 0.8200000000000012834 ) ;
#8897 = DIRECTION ( 'NONE',  ( 1.000000000000000000, 0.000000000000000000, 0.000000000000000000 ) ) ;
#8898 = CARTESIAN_POINT ( 'NONE',  ( 4.129999999999998117, 0.9000000000000005773, 3.715000000000003411 ) ) ;
#8899 = DIRECTION ( 'NONE',  ( 0.000000000000000000, -1.000000000000000000, 0.000000000000000000 ) ) ;
#8900 = CIRCLE ( 'NONE', #8100, 0.1800000000000013256 ) ;
#8901 = ORIENTED_EDGE ( 'NONE', *, *, #3981, .F. ) ;
#8902 = VERTEX_POINT ( 'NONE', #9792 ) ;
#8903 = DIRECTION ( 'NONE',  ( 0.000000000000000000, 5.421010862427481938E-15, -1.000000000000000000 ) ) ;
#8904 = CIRCLE ( 'NONE', #1348, 0.1999999999999953204 ) ;
#8905 = EDGE_CURVE ( 'NONE', #2445, #5381, #2251, .T. ) ;
#8906 = ORIENTED_EDGE ( 'NONE', *, *, #7345, .F. ) ;
#8907 = CARTESIAN_POINT ( 'NONE',  ( 0.000000000000000000, -3.049999999999999822, -3.230000000000000870 ) ) ;
#8908 = ORIENTED_EDGE ( 'NONE', *, *, #3159, .F. ) ;
#8909 = ORIENTED_EDGE ( 'NONE', *, *, #1367, .F. ) ;
#8910 = DIRECTION ( 'NONE',  ( 1.000000000000000000, 0.000000000000000000, -0.000000000000000000 ) ) ;
#8911 = AXIS2_PLACEMENT_3D ( 'NONE', #4608, #3742, #7550 ) ;
#8912 = CARTESIAN_POINT ( 'NONE',  ( 13.65000000000000036, 1.540000000000000480, 3.715000000000003411 ) ) ;
#8913 = DIRECTION ( 'NONE',  ( 0.000000000000000000, 1.000000000000000000, 0.000000000000000000 ) ) ;
#8914 = EDGE_CURVE ( 'NONE', #5356, #5655, #9681, .T. ) ;
#8915 = VECTOR ( 'NONE', #9111, 1000.000000000000000 ) ;
#8916 = CARTESIAN_POINT ( 'NONE',  ( -10.57000000000000561, 0.5700000000000003952, -1.674999999999999822 ) ) ;
#8917 = LINE ( 'NONE', #7745, #10214 ) ;
#8918 = ORIENTED_EDGE ( 'NONE', *, *, #6280, .F. ) ;
#8919 = CARTESIAN_POINT ( 'NONE',  ( 4.669999999999993712, 0.5700000000000003952, -1.674999999999999822 ) ) ;
#8920 = ORIENTED_EDGE ( 'NONE', *, *, #1065, .T. ) ;
#8921 = AXIS2_PLACEMENT_3D ( 'NONE', #7277, #6361, #11187 ) ;
#8922 = CARTESIAN_POINT ( 'NONE',  ( 1.589999999999997637, 0.7199999999999999734, -2.894999999999998241 ) ) ;
#8923 = EDGE_CURVE ( 'NONE', #2873, #4189, #11768, .T. ) ;
#8924 = DIRECTION ( 'NONE',  ( 0.3892816206350239172, 0.3892816206350261377, -0.8348171294789875629 ) ) ;
#8925 = ORIENTED_EDGE ( 'NONE', *, *, #11901, .T. ) ;
#8926 = DIRECTION ( 'NONE',  ( -1.000000000000000000, -0.000000000000000000, 0.000000000000000000 ) ) ;
#8927 = VERTEX_POINT ( 'NONE', #196 ) ;
#8928 = FACE_OUTER_BOUND ( 'NONE', #2735, .T. ) ;
#8929 = CARTESIAN_POINT ( 'NONE',  ( -3.490000000000001990, 0.9000000000000010214, -2.894999999999998241 ) ) ;
#8930 = ADVANCED_FACE ( 'NONE', ( #10790 ), #2320, .F. ) ;
#8931 = LINE ( 'NONE', #446, #3923 ) ;
#8932 = CARTESIAN_POINT ( 'NONE',  ( -14.29000000000000270, -2.717601427321017837, -3.714999999999999858 ) ) ;
#8933 = CARTESIAN_POINT ( 'NONE',  ( 10.76999999999999780, 1.870000000000000551, -1.875000000000000000 ) ) ;
#8934 = PLANE ( 'NONE',  #3077 ) ;
#8935 = ORIENTED_EDGE ( 'NONE', *, *, #6870, .T. ) ;
#8936 = ADVANCED_FACE ( 'NONE', ( #5055 ), #9738, .F. ) ;
#8937 = DIRECTION ( 'NONE',  ( -1.000000000000000000, 0.000000000000000000, 0.000000000000000000 ) ) ;
#8938 = VERTEX_POINT ( 'NONE', #3127 ) ;
#8939 = FILL_AREA_STYLE_COLOUR ( '', #4494 ) ;
#8940 = DIRECTION ( 'NONE',  ( -0.000000000000000000, -0.000000000000000000, -1.000000000000000000 ) ) ;
#8941 = LINE ( 'NONE', #6150, #6394 ) ;
#8942 = CARTESIAN_POINT ( 'NONE',  ( 3.489999999999998437, 0.9000000000000012434, -2.894999999999998241 ) ) ;
#8943 = EDGE_CURVE ( 'NONE', #8258, #9353, #2192, .T. ) ;
#8944 = ORIENTED_EDGE ( 'NONE', *, *, #4331, .T. ) ;
#8945 = DIRECTION ( 'NONE',  ( 0.000000000000000000, -0.000000000000000000, -1.000000000000000000 ) ) ;
#8946 = CARTESIAN_POINT ( 'NONE',  ( 10.57000000000000384, 1.870000000000000551, 0.6649999999999998135 ) ) ;
#8947 = DIRECTION ( 'NONE',  ( -1.000000000000000000, -0.000000000000000000, 0.000000000000000000 ) ) ;
#8948 = EDGE_LOOP ( 'NONE', ( #9389, #5766, #921, #12148 ) ) ;
#8949 = ORIENTED_EDGE ( 'NONE', *, *, #8788, .T. ) ;
#8950 = CARTESIAN_POINT ( 'NONE',  ( 0.9499999999999977351, 0.7200000000000008615, -3.074999999999999734 ) ) ;
#8951 = EDGE_CURVE ( 'NONE', #1816, #201, #6216, .T. ) ;
#8952 = MANIFOLD_SOLID_BREP ( 'LPattern2[8]', #7340 ) ;
#8953 = CARTESIAN_POINT ( 'NONE',  ( 8.229999999999996874, 1.870000000000000551, 0.6649999999999998135 ) ) ;
#8954 = CARTESIAN_POINT ( 'NONE',  ( -8.230000000000000426, 0.5700000000000003952, 0.6649999999999998135 ) ) ;
#8955 = CARTESIAN_POINT ( 'NONE',  ( 6.669999999999999041, 0.9000000000000005773, -2.894999999999997797 ) ) ;
#8956 = DIRECTION ( 'NONE',  ( 1.000000000000000000, 0.000000000000000000, 0.000000000000000000 ) ) ;
#8957 = FACE_OUTER_BOUND ( 'NONE', #11000, .T. ) ;
#8958 = EDGE_CURVE ( 'NONE', #6619, #6929, #7002, .T. ) ;
#8959 = DIRECTION ( 'NONE',  ( 0.000000000000000000, 0.000000000000000000, -1.000000000000000000 ) ) ;
#8960 = VERTEX_POINT ( 'NONE', #8864 ) ;
#8961 = DIRECTION ( 'NONE',  ( 0.000000000000000000, 0.000000000000000000, 1.000000000000000000 ) ) ;
#8962 = EDGE_CURVE ( 'NONE', #2072, #8422, #3427, .T. ) ;
#8963 = ORIENTED_EDGE ( 'NONE', *, *, #9654, .F. ) ;
#8964 = DIRECTION ( 'NONE',  ( -1.000000000000000000, 0.000000000000000000, 0.000000000000000000 ) ) ;
#8965 = AXIS2_PLACEMENT_3D ( 'NONE', #7710, #5640, #11487 ) ;
#8966 = ORIENTED_EDGE ( 'NONE', *, *, #7124, .F. ) ;
#8967 = ORIENTED_EDGE ( 'NONE', *, *, #625, .T. ) ;
#8968 = DIRECTION ( 'NONE',  ( 0.000000000000000000, 0.000000000000000000, 1.000000000000000000 ) ) ;
#8969 = EDGE_CURVE ( 'NONE', #832, #11163, #7804, .T. ) ;
#8970 = DIRECTION ( 'NONE',  ( 1.000000000000000000, 0.000000000000000000, -0.000000000000000000 ) ) ;
#8971 = DIRECTION ( 'NONE',  ( 0.000000000000000000, 0.000000000000000000, -1.000000000000000000 ) ) ;
#8972 = LINE ( 'NONE', #4983, #5929 ) ;
#8973 = PLANE ( 'NONE',  #10812 ) ;
#8974 = EDGE_LOOP ( 'NONE', ( #3698, #5568, #1918, #3954 ) ) ;
#8975 = DIRECTION ( 'NONE',  ( -1.000000000000000000, 0.000000000000000000, 0.000000000000000000 ) ) ;
#8976 = ADVANCED_FACE ( 'NONE', ( #10220 ), #6322, .F. ) ;
#8977 = AXIS2_PLACEMENT_3D ( 'NONE', #3809, #1765, #9428 ) ;
#8978 = EDGE_LOOP ( 'NONE', ( #2197, #2297, #4474, #442 ) ) ;
#8979 = LINE ( 'NONE', #1500, #8915 ) ;
#8980 = FACE_OUTER_BOUND ( 'NONE', #7706, .T. ) ;
#8981 = ORIENTED_EDGE ( 'NONE', *, *, #5646, .F. ) ;
#8982 = CYLINDRICAL_SURFACE ( 'NONE', #8686, 0.1999999999999953204 ) ;
#8983 = ORIENTED_EDGE ( 'NONE', *, *, #9975, .T. ) ;
#8984 = FACE_BOUND ( 'NONE', #7309, .T. ) ;
#8985 = LINE ( 'NONE', #3373, #3418 ) ;
#8986 = DIRECTION ( 'NONE',  ( 0.000000000000000000, 0.000000000000000000, -1.000000000000000000 ) ) ;
#8987 = DIRECTION ( 'NONE',  ( -1.000000000000000000, 0.000000000000000000, 0.000000000000000000 ) ) ;
#8988 = FACE_OUTER_BOUND ( 'NONE', #3271, .T. ) ;
#8989 = ORIENTED_EDGE ( 'NONE', *, *, #2603, .T. ) ;
#8990 = CARTESIAN_POINT ( 'NONE',  ( 6.514999999999997904, -3.049999999999999822, -4.336808689942017736E-16 ) ) ;
#8991 = MANIFOLD_SOLID_BREP ( 'LPattern2[6]', #778 ) ;
#8992 = VERTEX_POINT ( 'NONE', #2563 ) ;
#8993 = STYLED_ITEM ( 'NONE', ( #5387 ), #8690 ) ;
#8994 = ADVANCED_FACE ( 'NONE', ( #5241 ), #5309, .F. ) ;
#8995 = DIRECTION ( 'NONE',  ( 0.000000000000000000, 0.000000000000000000, 1.000000000000000000 ) ) ;
#8996 = ORIENTED_EDGE ( 'NONE', *, *, #7563, .T. ) ;
#8997 =( NAMED_UNIT ( * ) SI_UNIT ( $, .STERADIAN. ) SOLID_ANGLE_UNIT ( ) );
#8998 = DIRECTION ( 'NONE',  ( -0.000000000000000000, 1.000000000000000000, 1.150347132610614786E-16 ) ) ;
#8999 = DIRECTION ( 'NONE',  ( 1.000000000000000000, 0.000000000000000000, 0.000000000000000000 ) ) ;
#9000 = CARTESIAN_POINT ( 'NONE',  ( 4.129999999999998117, 0.7200000000000000844, -3.074999999999999734 ) ) ;
#9001 = FACE_OUTER_BOUND ( 'NONE', #1413, .T. ) ;
#9002 = DIRECTION ( 'NONE',  ( 0.000000000000000000, -0.4226182617407006625, 0.9063077870366493816 ) ) ;
#9003 = DIRECTION ( 'NONE',  ( -0.000000000000000000, -0.000000000000000000, -1.000000000000000000 ) ) ;
#9004 = VECTOR ( 'NONE', #2677, 1000.000000000000227 ) ;
#9005 = EDGE_LOOP ( 'NONE', ( #5405, #3845, #5266, #11896 ) ) ;
#9006 = ADVANCED_FACE ( 'NONE', ( #699 ), #8302, .T. ) ;
#9007 = CARTESIAN_POINT ( 'NONE',  ( -7.010000000000004228, 1.870000000000000551, -1.674999999999999822 ) ) ;
#9008 = ORIENTED_EDGE ( 'NONE', *, *, #346, .T. ) ;
#9009 = EDGE_CURVE ( 'NONE', #10192, #7712, #4364, .T. ) ;
#9010 = VECTOR ( 'NONE', #4017, 1000.000000000000000 ) ;
#9011 = CARTESIAN_POINT ( 'NONE',  ( 8.229999999999996874, 1.870000000000000551, 0.6649999999999998135 ) ) ;
#9012 = ORIENTED_EDGE ( 'NONE', *, *, #4357, .T. ) ;
#9013 = SURFACE_STYLE_USAGE ( .BOTH. , #5211 ) ;
#9014 = EDGE_CURVE ( 'NONE', #10740, #2513, #8985, .T. ) ;
#9015 = DIRECTION ( 'NONE',  ( 0.3892816206350259711, -0.8348171294789868968, -0.3892816206350259711 ) ) ;
#9016 = CARTESIAN_POINT ( 'NONE',  ( -5.690000000000002167, 0.5700000000000003952, 0.6649999999999998135 ) ) ;
#9017 = ORIENTED_EDGE ( 'NONE', *, *, #6104, .T. ) ;
#9018 = DIRECTION ( 'NONE',  ( 0.3892816206350276365, 0.3892816206350255825, 0.8348171294789862307 ) ) ;
#9019 = ORIENTED_EDGE ( 'NONE', *, *, #4523, .T. ) ;
#9020 = ORIENTED_EDGE ( 'NONE', *, *, #945, .T. ) ;
#9021 = DIRECTION ( 'NONE',  ( -0.000000000000000000, -1.000000000000000000, 1.150347132610614786E-16 ) ) ;
#9022 = AXIS2_PLACEMENT_3D ( 'NONE', #3447, #7201, #12090 ) ;
#9023 = EDGE_CURVE ( 'NONE', #4602, #333, #4238, .T. ) ;
#9024 = ORIENTED_EDGE ( 'NONE', *, *, #1317, .F. ) ;
#9025 = CARTESIAN_POINT ( 'NONE',  ( -8.570000000000002061, 0.9000000000000010214, -2.894999999999998241 ) ) ;
#9026 = ORIENTED_EDGE ( 'NONE', *, *, #1793, .F. ) ;
#9027 = AXIS2_PLACEMENT_3D ( 'NONE', #830, #4794, #9360 ) ;
#9028 = EDGE_CURVE ( 'NONE', #6311, #7701, #2421, .T. ) ;
#9029 = CARTESIAN_POINT ( 'NONE',  ( 6.514999999999999680, -2.174999999999998934, 3.715000000000003855 ) ) ;
#9030 = CARTESIAN_POINT ( 'NONE',  ( 3.974999999999999201, 1.385000000000000897, 3.715000000000003411 ) ) ;
#9031 = CARTESIAN_POINT ( 'NONE',  ( -0.9500000000000011768, -3.049999999999999822, -3.714999999999999858 ) ) ;
#9032 = VECTOR ( 'NONE', #3088, 1000.000000000000000 ) ;
#9033 = LINE ( 'NONE', #7170, #7041 ) ;
#9034 = VERTEX_POINT ( 'NONE', #10912 ) ;
#9035 = PLANE ( 'NONE',  #6684 ) ;
#9036 = EDGE_LOOP ( 'NONE', ( #1638, #11094, #10437, #10977 ) ) ;
#9037 = AXIS2_PLACEMENT_3D ( 'NONE', #8592, #12238, #10458 ) ;
#9038 = EDGE_CURVE ( 'NONE', #7431, #6184, #6191, .T. ) ;
#9039 = ORIENTED_EDGE ( 'NONE', *, *, #12003, .T. ) ;
#9040 = DIRECTION ( 'NONE',  ( 0.000000000000000000, -1.000000000000000000, 0.000000000000000000 ) ) ;
#9041 = AXIS2_PLACEMENT_3D ( 'NONE', #77, #202, #11478 ) ;
#9042 = CARTESIAN_POINT ( 'NONE',  ( 6.669999999999999041, -3.049999999999999822, -3.714999999999999858 ) ) ;
#9043 = EDGE_LOOP ( 'NONE', ( #924, #10315 ) ) ;
#9044 = ADVANCED_FACE ( 'NONE', ( #1444 ), #5370, .F. ) ;
#9045 = DIRECTION ( 'NONE',  ( -0.000000000000000000, -0.000000000000000000, 1.000000000000000000 ) ) ;
#9046 = CARTESIAN_POINT ( 'NONE',  ( 5.889999999999992575, 1.870000000000000551, 0.4649999999999996914 ) ) ;
#9047 = AXIS2_PLACEMENT_3D ( 'NONE', #7571, #6648, #2820 ) ;
#9048 = DIRECTION ( 'NONE',  ( 0.000000000000000000, 0.000000000000000000, 1.000000000000000000 ) ) ;
#9049 = DIRECTION ( 'NONE',  ( -1.000000000000000000, 0.000000000000000000, 0.000000000000000000 ) ) ;
#9050 = PLANE ( 'NONE',  #8027 ) ;
#9051 = DIRECTION ( 'NONE',  ( -0.000000000000000000, -0.000000000000000000, -1.000000000000000000 ) ) ;
#9052 = VERTEX_POINT ( 'NONE', #2499 ) ;
#9053 = AXIS2_PLACEMENT_3D ( 'NONE', #7189, #11037, #8242 ) ;
#9054 = FACE_OUTER_BOUND ( 'NONE', #7960, .T. ) ;
#9055 = VECTOR ( 'NONE', #6492, 1000.000000000000000 ) ;
#9056 = VERTEX_POINT ( 'NONE', #10109 ) ;
#9057 = VECTOR ( 'NONE', #10799, 1000.000000000000000 ) ;
#9058 = PLANE ( 'NONE',  #11219 ) ;
#9059 = ORIENTED_EDGE ( 'NONE', *, *, #10997, .F. ) ;
#9060 = EDGE_CURVE ( 'NONE', #7589, #4482, #9179, .T. ) ;
#9061 = DIRECTION ( 'NONE',  ( -1.000000000000000000, 0.000000000000000000, 0.000000000000000000 ) ) ;
#9062 = DIRECTION ( 'NONE',  ( 1.000000000000000000, 0.000000000000000000, 0.000000000000000000 ) ) ;
#9063 = CIRCLE ( 'NONE', #2886, 0.1999999999999953204 ) ;
#9064 = ORIENTED_EDGE ( 'NONE', *, *, #5725, .T. ) ;
#9065 = VECTOR ( 'NONE', #11188, 1000.000000000000000 ) ;
#9066 = LINE ( 'NONE', #9192, #6992 ) ;
#9067 = FACE_OUTER_BOUND ( 'NONE', #7296, .T. ) ;
#9068 = PLANE ( 'NONE',  #11267 ) ;
#9069 = FACE_OUTER_BOUND ( 'NONE', #1479, .T. ) ;
#9070 = DIRECTION ( 'NONE',  ( 0.9063077870366493816, -0.4226182617407006625, 0.000000000000000000 ) ) ;
#9071 = AXIS2_PLACEMENT_3D ( 'NONE', #11272, #6561, #2495 ) ;
#9072 = ORIENTED_EDGE ( 'NONE', *, *, #495, .F. ) ;
#9073 = ADVANCED_FACE ( 'NONE', ( #9300 ), #6625, .T. ) ;
#9074 = MECHANICAL_DESIGN_GEOMETRIC_PRESENTATION_REPRESENTATION (  '', ( #308 ), #7683 ) ;
#9075 = EDGE_LOOP ( 'NONE', ( #9863, #5081, #6786, #4446 ) ) ;
#9076 = LINE ( 'NONE', #407, #6294 ) ;
#9077 = VERTEX_POINT ( 'NONE', #7609 ) ;
#9078 = AXIS2_PLACEMENT_3D ( 'NONE', #6407, #10319, #8330 ) ;
#9079 = CARTESIAN_POINT ( 'NONE',  ( -11.11000000000000121, 0.9000000000000005773, 3.715000000000003411 ) ) ;
#9080 = ORIENTED_EDGE ( 'NONE', *, *, #10357, .T. ) ;
#9081 = DIRECTION ( 'NONE',  ( -1.000000000000000000, 0.000000000000000000, 0.000000000000000000 ) ) ;
#9082 = EDGE_CURVE ( 'NONE', #5043, #11764, #9357, .T. ) ;
#9083 = CIRCLE ( 'NONE', #9478, 0.1999999999999953204 ) ;
#9084 = DIRECTION ( 'NONE',  ( 1.000000000000000000, 0.000000000000000000, 0.000000000000000000 ) ) ;
#9085 = PLANE ( 'NONE',  #3692 ) ;
#9086 = ORIENTED_EDGE ( 'NONE', *, *, #806, .F. ) ;
#9087 = ORIENTED_EDGE ( 'NONE', *, *, #677, .T. ) ;
#9088 = ADVANCED_FACE ( 'NONE', ( #12187 ), #7681, .F. ) ;
#9089 = LINE ( 'NONE', #10077, #4139 ) ;
#9090 = EDGE_LOOP ( 'NONE', ( #12210, #8673, #5903, #8034 ) ) ;
#9091 = VERTEX_POINT ( 'NONE', #768 ) ;
#9092 = CARTESIAN_POINT ( 'NONE',  ( -4.470000000000003304, 1.870000000000000551, 0.6649999999999998135 ) ) ;
#9093 = EDGE_LOOP ( 'NONE', ( #1922, #847, #392, #745 ) ) ;
#9094 = VECTOR ( 'NONE', #2316, 1000.000000000000000 ) ;
#9095 = VECTOR ( 'NONE', #10564, 1000.000000000000000 ) ;
#9096 = ORIENTED_EDGE ( 'NONE', *, *, #3012, .T. ) ;
#9097 = PLANE ( 'NONE',  #4513 ) ;
#9098 = DIRECTION ( 'NONE',  ( 0.3892816206350239172, 0.3892816206350261377, -0.8348171294789875629 ) ) ;
#9099 = VECTOR ( 'NONE', #10891, 1000.000000000000000 ) ;
#9100 = CARTESIAN_POINT ( 'NONE',  ( 9.054999999999997939, -3.049999999999999822, -3.559999999999999165 ) ) ;
#9101 = EDGE_CURVE ( 'NONE', #6592, #2070, #8013, .T. ) ;
#9102 = CARTESIAN_POINT ( 'NONE',  ( -2.129999999999998117, 1.870000000000000551, 0.6649999999999998135 ) ) ;
#9103 = DIRECTION ( 'NONE',  ( -1.000000000000000000, 0.000000000000000000, 0.000000000000000000 ) ) ;
#9104 = ORIENTED_EDGE ( 'NONE', *, *, #7513, .T. ) ;
#9105 = CARTESIAN_POINT ( 'NONE',  ( 4.129999999999998117, 0.9000000000000005773, -1.674999999999999822 ) ) ;
#9106 = AXIS2_PLACEMENT_3D ( 'NONE', #5056, #8865, #9925 ) ;
#9107 = ORIENTED_EDGE ( 'NONE', *, *, #9261, .F. ) ;
#9108 = EDGE_CURVE ( 'NONE', #3596, #8637, #827, .T. ) ;
#9109 = ORIENTED_EDGE ( 'NONE', *, *, #4202, .F. ) ;
#9110 = VECTOR ( 'NONE', #6682, 1000.000000000000000 ) ;
#9111 = DIRECTION ( 'NONE',  ( 0.000000000000000000, 0.000000000000000000, -1.000000000000000000 ) ) ;
#9112 = VECTOR ( 'NONE', #9912, 1000.000000000000000 ) ;
#9113 = EDGE_LOOP ( 'NONE', ( #3081, #12306, #9167, #6036 ) ) ;
#9114 = CARTESIAN_POINT ( 'NONE',  ( 14.63000000000000078, 0.5700000000000003952, 0.6649999999999998135 ) ) ;
#9115 = ORIENTED_EDGE ( 'NONE', *, *, #4498, .F. ) ;
#9116 = VECTOR ( 'NONE', #3130, 1000.000000000000000 ) ;
#9117 = ORIENTED_EDGE ( 'NONE', *, *, #9345, .T. ) ;
#9118 = DIRECTION ( 'NONE',  ( -1.000000000000000000, 0.000000000000000000, 0.000000000000000000 ) ) ;
#9119 = CARTESIAN_POINT ( 'NONE',  ( 9.549999999999998934, 0.5700000000000003952, -1.875000000000000000 ) ) ;
#9120 = ADVANCED_FACE ( 'NONE', ( #5616 ), #1013, .F. ) ;
#9121 = FACE_OUTER_BOUND ( 'NONE', #3065, .T. ) ;
#9122 = DIRECTION ( 'NONE',  ( 0.000000000000000000, 0.000000000000000000, 1.000000000000000000 ) ) ;
#9123 = CARTESIAN_POINT ( 'NONE',  ( -11.75000000000000178, 0.7200000000000001954, -3.714999999999999414 ) ) ;
#9124 = EDGE_LOOP ( 'NONE', ( #1862, #7813, #7863, #5133 ) ) ;
#9125 = CARTESIAN_POINT ( 'NONE',  ( 13.11000000000000298, 1.870000000000000551, 0.6649999999999998135 ) ) ;
#9126 = AXIS2_PLACEMENT_3D ( 'NONE', #3215, #2034, #7842 ) ;
#9127 = MANIFOLD_SOLID_BREP ( 'LPattern2[5]', #2356 ) ;
#9128 = ADVANCED_FACE ( 'NONE', ( #3796 ), #3858, .F. ) ;
#9129 = ORIENTED_EDGE ( 'NONE', *, *, #5826, .F. ) ;
#9130 = VECTOR ( 'NONE', #10514, 1000.000000000000000 ) ;
#9131 = CARTESIAN_POINT ( 'NONE',  ( -4.130000000000001670, 0.7199999999999999734, -2.894999999999998241 ) ) ;
#9132 = ORIENTED_EDGE ( 'NONE', *, *, #11443, .F. ) ;
#9133 = CARTESIAN_POINT ( 'NONE',  ( 4.129999999999998117, 0.7199999999999999734, -2.894999999999998241 ) ) ;
#9134 = CARTESIAN_POINT ( 'NONE',  ( 0.9499999999999977351, -2.717601427321017837, -3.075000000000000178 ) ) ;
#9135 = AXIS2_PLACEMENT_3D ( 'NONE', #5720, #9520, #990 ) ;
#9136 = DIRECTION ( 'NONE',  ( 0.000000000000000000, 0.000000000000000000, -1.000000000000000000 ) ) ;
#9137 = CARTESIAN_POINT ( 'NONE',  ( -3.150000000000001688, 0.5700000000000003952, 0.6649999999999998135 ) ) ;
#9138 = DIRECTION ( 'NONE',  ( 0.000000000000000000, 0.000000000000000000, -1.000000000000000000 ) ) ;
#9139 = DIRECTION ( 'NONE',  ( -0.000000000000000000, 1.000000000000000000, 1.150347132610614786E-16 ) ) ;
#9140 = ORIENTED_EDGE ( 'NONE', *, *, #9172, .T. ) ;
#9141 = ORIENTED_EDGE ( 'NONE', *, *, #4682, .F. ) ;
#9142 = LINE ( 'NONE', #7149, #3067 ) ;
#9143 = EDGE_CURVE ( 'NONE', #11232, #6646, #11455, .T. ) ;
#9144 = ORIENTED_EDGE ( 'NONE', *, *, #6319, .T. ) ;
#9145 = CARTESIAN_POINT ( 'NONE',  ( -11.11000000000000121, 1.540000000000000480, -1.674999999999999822 ) ) ;
#9146 = VERTEX_POINT ( 'NONE', #6755 ) ;
#9147 = PLANE ( 'NONE',  #5889 ) ;
#9148 = SURFACE_STYLE_USAGE ( .BOTH. , #10994 ) ;
#9149 = DIRECTION ( 'NONE',  ( 1.000000000000000000, 0.000000000000000000, 0.000000000000000000 ) ) ;
#9150 = DIRECTION ( 'NONE',  ( 0.000000000000000000, 0.000000000000000000, -1.000000000000000000 ) ) ;
#9151 = ORIENTED_EDGE ( 'NONE', *, *, #114, .F. ) ;
#9152 = LINE ( 'NONE', #3647, #1832 ) ;
#9153 = VERTEX_POINT ( 'NONE', #8358 ) ;
#9154 = CARTESIAN_POINT ( 'NONE',  ( 14.43000000000000504, 0.5700000000000003952, 0.6649999999999998135 ) ) ;
#9155 = ORIENTED_EDGE ( 'NONE', *, *, #5158, .T. ) ;
#9156 = VERTEX_POINT ( 'NONE', #3741 ) ;
#9157 = PLANE ( 'NONE',  #11607 ) ;
#9158 = ORIENTED_EDGE ( 'NONE', *, *, #2252, .F. ) ;
#9159 = EDGE_CURVE ( 'NONE', #2123, #2029, #7424, .T. ) ;
#9160 = ORIENTED_EDGE ( 'NONE', *, *, #2477, .T. ) ;
#9161 = DIRECTION ( 'NONE',  ( 0.000000000000000000, -0.000000000000000000, -1.000000000000000000 ) ) ;
#9162 = AXIS2_PLACEMENT_3D ( 'NONE', #3228, #3046, #5863 ) ;
#9163 = CARTESIAN_POINT ( 'NONE',  ( -4.470000000000003304, 1.870000000000000551, 0.6649999999999998135 ) ) ;
#9164 = FACE_OUTER_BOUND ( 'NONE', #12125, .T. ) ;
#9165 = PLANE ( 'NONE',  #1355 ) ;
#9166 = DIRECTION ( 'NONE',  ( -1.000000000000000000, 0.000000000000000000, 0.000000000000000000 ) ) ;
#9167 = ORIENTED_EDGE ( 'NONE', *, *, #8905, .F. ) ;
#9168 = DIRECTION ( 'NONE',  ( 1.000000000000000000, 0.000000000000000000, 0.000000000000000000 ) ) ;
#9169 = ORIENTED_EDGE ( 'NONE', *, *, #4858, .F. ) ;
#9170 = EDGE_CURVE ( 'NONE', #10675, #4611, #3623, .T. ) ;
#9171 = VECTOR ( 'NONE', #11779, 1000.000000000000000 ) ;
#9172 = EDGE_CURVE ( 'NONE', #1518, #5843, #1754, .T. ) ;
#9173 = VERTEX_POINT ( 'NONE', #7855 ) ;
#9174 = ORIENTED_EDGE ( 'NONE', *, *, #5282, .T. ) ;
#9175 = CARTESIAN_POINT ( 'NONE',  ( 10.16000000000000014, -3.049999999999999822, -3.559999999999999165 ) ) ;
#9176 = EDGE_LOOP ( 'NONE', ( #10619, #8763, #2691, #10034 ) ) ;
#9177 = EDGE_CURVE ( 'NONE', #3151, #7848, #11638, .T. ) ;
#9178 = DIRECTION ( 'NONE',  ( 1.000000000000000000, 0.000000000000000000, 0.000000000000000000 ) ) ;
#9179 = LINE ( 'NONE', #6690, #5420 ) ;
#9180 = CARTESIAN_POINT ( 'NONE',  ( 3.149999999999996358, 1.870000000000000551, 0.6649999999999998135 ) ) ;
#9181 = LINE ( 'NONE', #636, #4837 ) ;
#9182 = CARTESIAN_POINT ( 'NONE',  ( -11.11000000000000121, 0.7200000000000000844, -3.074999999999999734 ) ) ;
#9183 = EDGE_LOOP ( 'NONE', ( #1600, #7401, #4640, #5870 ) ) ;
#9184 = PLANE ( 'NONE',  #686 ) ;
#9185 = ORIENTED_EDGE ( 'NONE', *, *, #8424, .T. ) ;
#9186 = EDGE_CURVE ( 'NONE', #7732, #8799, #4852, .T. ) ;
#9187 = AXIS2_PLACEMENT_3D ( 'NONE', #10161, #1625, #3558 ) ;
#9188 = LINE ( 'NONE', #10232, #9260 ) ;
#9189 = ORIENTED_EDGE ( 'NONE', *, *, #3687, .T. ) ;
#9190 = CARTESIAN_POINT ( 'NONE',  ( -13.65000000000000213, 0.9000000000000005773, 3.382601427321023646 ) ) ;
#9191 = CARTESIAN_POINT ( 'NONE',  ( 14.63000000000000078, 0.5700000000000003952, -1.875000000000000000 ) ) ;
#9192 = CARTESIAN_POINT ( 'NONE',  ( -4.130000000000001670, 0.7200000000000000844, -3.074999999999999734 ) ) ;
#9193 = DIRECTION ( 'NONE',  ( -0.000000000000000000, -0.4226182617407006625, -0.9063077870366493816 ) ) ;
#9194 = EDGE_CURVE ( 'NONE', #7998, #10113, #4922, .T. ) ;
#9195 = CARTESIAN_POINT ( 'NONE',  ( 9.209999999999999076, 0.9000000000000010214, -2.894999999999998241 ) ) ;
#9196 = DIRECTION ( 'NONE',  ( -0.000000000000000000, -0.000000000000000000, 1.000000000000000000 ) ) ;
#9197 = DIRECTION ( 'NONE',  ( -0.000000000000000000, -0.000000000000000000, 1.000000000000000000 ) ) ;
#9198 = ORIENTED_EDGE ( 'NONE', *, *, #2703, .T. ) ;
#9199 = ORIENTED_EDGE ( 'NONE', *, *, #9710, .F. ) ;
#9200 = FACE_OUTER_BOUND ( 'NONE', #2129, .T. ) ;
#9201 = AXIS2_PLACEMENT_3D ( 'NONE', #2810, #10304, #5571 ) ;
#9202 = ADVANCED_FACE ( 'NONE', ( #5931 ), #8734, .F. ) ;
#9203 = DIRECTION ( 'NONE',  ( 0.000000000000000000, 1.000000000000000000, -1.150347132610614786E-16 ) ) ;
#9204 = CARTESIAN_POINT ( 'NONE',  ( -6.030000000000002025, 0.9000000000000005773, 3.715000000000003411 ) ) ;
#9205 = VERTEX_POINT ( 'NONE', #1989 ) ;
#9206 = CARTESIAN_POINT ( 'NONE',  ( -14.63000000000000433, 1.870000000000000551, 0.6649999999999998135 ) ) ;
#9207 = ADVANCED_FACE ( 'NONE', ( #11572 ), #4167, .F. ) ;
#9208 = ORIENTED_EDGE ( 'NONE', *, *, #8105, .T. ) ;
#9209 = DIRECTION ( 'NONE',  ( -0.000000000000000000, -0.000000000000000000, -1.000000000000000000 ) ) ;
#9210 = DIRECTION ( 'NONE',  ( -0.000000000000000000, -1.000000000000000000, 0.000000000000000000 ) ) ;
#9211 = ORIENTED_EDGE ( 'NONE', *, *, #9922, .F. ) ;
#9212 = LINE ( 'NONE', #604, #8728 ) ;
#9213 = ORIENTED_EDGE ( 'NONE', *, *, #11598, .F. ) ;
#9214 = LINE ( 'NONE', #11135, #4874 ) ;
#9215 = VERTEX_POINT ( 'NONE', #1250 ) ;
#9216 = VECTOR ( 'NONE', #6905, 1000.000000000000000 ) ;
#9217 = ORIENTED_EDGE ( 'NONE', *, *, #3118, .T. ) ;
#9218 = DIRECTION ( 'NONE',  ( -0.000000000000000000, -0.000000000000000000, 1.000000000000000000 ) ) ;
#9219 = ORIENTED_EDGE ( 'NONE', *, *, #4643, .F. ) ;
#9220 = CYLINDRICAL_SURFACE ( 'NONE', #1306, 0.1999999999999953204 ) ;
#9221 = EDGE_CURVE ( 'NONE', #9241, #11345, #8396, .T. ) ;
#9222 = DIRECTION ( 'NONE',  ( 0.000000000000000000, -0.000000000000000000, 1.000000000000000000 ) ) ;
#9223 = VECTOR ( 'NONE', #11174, 1000.000000000000000 ) ;
#9224 = DIRECTION ( 'NONE',  ( 0.000000000000000000, -0.000000000000000000, 1.000000000000000000 ) ) ;
#9225 = CARTESIAN_POINT ( 'NONE',  ( -0.6100000000000012079, 0.5700000000000003952, -1.875000000000000000 ) ) ;
#9226 = LINE ( 'NONE', #6310, #5481 ) ;
#9227 = EDGE_CURVE ( 'NONE', #4402, #6494, #5105, .T. ) ;
#9228 = ORIENTED_EDGE ( 'NONE', *, *, #2690, .F. ) ;
#9229 = VECTOR ( 'NONE', #9418, 999.9999999999998863 ) ;
#9230 = LINE ( 'NONE', #3670, #8715 ) ;
#9231 = VERTEX_POINT ( 'NONE', #2118 ) ;
#9232 = DIRECTION ( 'NONE',  ( -1.000000000000000000, 0.000000000000000000, -0.000000000000000000 ) ) ;
#9233 = VERTEX_POINT ( 'NONE', #2178 ) ;
#9234 = EDGE_CURVE ( 'NONE', #2925, #1534, #126, .T. ) ;
#9235 = FACE_OUTER_BOUND ( 'NONE', #7770, .T. ) ;
#9236 = DIRECTION ( 'NONE',  ( 0.000000000000000000, 0.9063077870366494926, -0.4226182617407005515 ) ) ;
#9237 = DIRECTION ( 'NONE',  ( 0.9063077870366493816, -0.4226182617407006625, 0.000000000000000000 ) ) ;
#9238 = CARTESIAN_POINT ( 'NONE',  ( 11.10999999999999943, 1.540000000000000480, -1.674999999999999822 ) ) ;
#9239 = CARTESIAN_POINT ( 'NONE',  ( -14.43000000000000860, 1.870000000000000551, 0.6649999999999998135 ) ) ;
#9240 = VECTOR ( 'NONE', #8892, 1000.000000000000000 ) ;
#9241 = VERTEX_POINT ( 'NONE', #3047 ) ;
#9242 = ADVANCED_FACE ( 'NONE', ( #2990 ), #9667, .F. ) ;
#9243 = CIRCLE ( 'NONE', #3856, 0.1999999999999953204 ) ;
#9244 = ORIENTED_EDGE ( 'NONE', *, *, #8623, .F. ) ;
#9245 = EDGE_CURVE ( 'NONE', #2959, #4535, #10773, .T. ) ;
#9246 = VECTOR ( 'NONE', #8874, 1000.000000000000000 ) ;
#9247 = CARTESIAN_POINT ( 'NONE',  ( 3.489999999999998437, 1.540000000000000480, 3.715000000000003411 ) ) ;
#9248 = DIRECTION ( 'NONE',  ( -1.000000000000000000, 0.000000000000000000, 0.000000000000000000 ) ) ;
#9249 = DIRECTION ( 'NONE',  ( -0.000000000000000000, -0.000000000000000000, 1.000000000000000000 ) ) ;
#9250 = ORIENTED_EDGE ( 'NONE', *, *, #4876, .T. ) ;
#9251 = CARTESIAN_POINT ( 'NONE',  ( -12.09000000000000341, 1.870000000000000551, 0.6649999999999998135 ) ) ;
#9252 = FILL_AREA_STYLE ('',( #10124 ) ) ;
#9253 = FACE_OUTER_BOUND ( 'NONE', #7254, .T. ) ;
#9254 = CIRCLE ( 'NONE', #3865, 0.1999999999999953204 ) ;
#9255 = CARTESIAN_POINT ( 'NONE',  ( 4.270000000000003126, 0.5700000000000003952, 0.6649999999999998135 ) ) ;
#9256 = ORIENTED_EDGE ( 'NONE', *, *, #1530, .F. ) ;
#9257 = EDGE_CURVE ( 'NONE', #4021, #12208, #642, .T. ) ;
#9258 = VERTEX_POINT ( 'NONE', #5864 ) ;
#9259 = DIRECTION ( 'NONE',  ( -0.000000000000000000, -0.000000000000000000, -1.000000000000000000 ) ) ;
#9260 = VECTOR ( 'NONE', #1876, 1000.000000000000000 ) ;
#9261 = EDGE_CURVE ( 'NONE', #676, #4638, #2237, .T. ) ;
#9262 = AXIS2_PLACEMENT_3D ( 'NONE', #3912, #10460, #7539 ) ;
#9263 = CARTESIAN_POINT ( 'NONE',  ( 6.184999999999999609, 1.055000000000000382, 3.715000000000003411 ) ) ;
#9264 =( LENGTH_UNIT ( ) NAMED_UNIT ( * ) SI_UNIT ( .MILLI., .METRE. ) );
#9265 = APPLICATION_PROTOCOL_DEFINITION ( 'draft international standard', 'automotive_design', 1998, #8328 ) ;
#9266 = AXIS2_PLACEMENT_3D ( 'NONE', #11911, #10936, #11064 ) ;
#9267 = DIRECTION ( 'NONE',  ( 1.000000000000000000, 0.000000000000000000, 0.000000000000000000 ) ) ;
#9268 = CARTESIAN_POINT ( 'NONE',  ( 6.029999999999998472, 0.9000000000000005773, -2.894999999999997797 ) ) ;
#9269 = ORIENTED_EDGE ( 'NONE', *, *, #10918, .F. ) ;
#9270 = DIRECTION ( 'NONE',  ( 0.000000000000000000, 0.000000000000000000, 1.000000000000000000 ) ) ;
#9271 = AXIS2_PLACEMENT_3D ( 'NONE', #1651, #5638, #1829 ) ;
#9272 = DIRECTION ( 'NONE',  ( -1.000000000000000000, 0.000000000000000000, 0.000000000000000000 ) ) ;
#9273 = ORIENTED_EDGE ( 'NONE', *, *, #11054, .T. ) ;
#9275 = EDGE_CURVE ( 'NONE', #6716, #3025, #6047, .T. ) ;
#9274 = DIRECTION ( 'NONE',  ( 1.000000000000000000, 0.000000000000000000, -0.000000000000000000 ) ) ;
#9276 = VECTOR ( 'NONE', #415, 1000.000000000000000 ) ;
#9277 = CARTESIAN_POINT ( 'NONE',  ( 9.209999999999999076, -2.717601427321017837, -3.714999999999999858 ) ) ;
#9278 = ORIENTED_EDGE ( 'NONE', *, *, #7464, .T. ) ;
#9279 = EDGE_CURVE ( 'NONE', #4788, #9546, #10652, .T. ) ;
#9280 = CIRCLE ( 'NONE', #2508, 0.1999999999999953204 ) ;
#9281 = CARTESIAN_POINT ( 'NONE',  ( -9.210000000000002629, 0.7200000000000000844, -3.074999999999999734 ) ) ;
#9282 = VECTOR ( 'NONE', #1343, 999.9999999999998863 ) ;
#9283 = ORIENTED_EDGE ( 'NONE', *, *, #10227, .T. ) ;
#9284 = PLANE ( 'NONE',  #11463 ) ;
#9285 = FACE_OUTER_BOUND ( 'NONE', #7281, .T. ) ;
#9286 = DIRECTION ( 'NONE',  ( 0.000000000000000000, 0.000000000000000000, 1.000000000000000000 ) ) ;
#9287 = CARTESIAN_POINT ( 'NONE',  ( 11.75000000000000000, 0.9000000000000005773, 3.715000000000003411 ) ) ;
#9288 = VECTOR ( 'NONE', #6548, 1000.000000000000000 ) ;
#9289 = CARTESIAN_POINT ( 'NONE',  ( -1.552987812832773873, 1.436334613170440644, -1.137987812832773837 ) ) ;
#9290 = CARTESIAN_POINT ( 'NONE',  ( -1.435000000000000497, -2.174999999999998934, 3.715000000000003855 ) ) ;
#9291 = ORIENTED_EDGE ( 'NONE', *, *, #4531, .T. ) ;
#9292 = EDGE_CURVE ( 'NONE', #4345, #5189, #1310, .T. ) ;
#9293 = ORIENTED_EDGE ( 'NONE', *, *, #11059, .F. ) ;
#9294 = LINE ( 'NONE', #692, #7900 ) ;
#9295 = ORIENTED_EDGE ( 'NONE', *, *, #3949, .F. ) ;
#9296 = DIRECTION ( 'NONE',  ( -1.000000000000000000, 0.000000000000000000, 0.000000000000000000 ) ) ;
#9297 = ORIENTED_EDGE ( 'NONE', *, *, #6752, .F. ) ;
#9298 = VECTOR ( 'NONE', #6963, 1000.000000000000000 ) ;
#9299 = CARTESIAN_POINT ( 'NONE',  ( -15.24000000000000199, 0.000000000000000000, -1.674999999999999822 ) ) ;
#9300 = FACE_OUTER_BOUND ( 'NONE', #653, .T. ) ;
#9301 = CARTESIAN_POINT ( 'NONE',  ( 14.63000000000000078, 0.5700000000000003952, 0.6649999999999998135 ) ) ;
#9302 = CARTESIAN_POINT ( 'NONE',  ( 0.000000000000000000, 1.540000000000000480, -1.674999999999999822 ) ) ;
#9303 = FACE_OUTER_BOUND ( 'NONE', #9687, .T. ) ;
#9304 = ORIENTED_EDGE ( 'NONE', *, *, #7460, .F. ) ;
#9305 = ORIENTED_EDGE ( 'NONE', *, *, #7896, .F. ) ;
#9306 = ADVANCED_FACE ( 'NONE', ( #370 ), #11753, .F. ) ;
#9307 = CIRCLE ( 'NONE', #8504, 0.1999999999999953204 ) ;
#9308 = AXIS2_PLACEMENT_3D ( 'NONE', #5499, #703, #2681 ) ;
#9309 = CARTESIAN_POINT ( 'NONE',  ( 14.29000000000000092, 1.540000000000000480, 3.715000000000003411 ) ) ;
#9310 = EDGE_CURVE ( 'NONE', #7334, #7752, #6536, .T. ) ;
#9311 = ORIENTED_EDGE ( 'NONE', *, *, #11884, .T. ) ;
#9312 = CARTESIAN_POINT ( 'NONE',  ( -14.63000000000000433, 1.870000000000000551, 0.6649999999999998135 ) ) ;
#9313 = CARTESIAN_POINT ( 'NONE',  ( 13.65000000000000036, 0.9000000000000005773, 3.382601427321023646 ) ) ;
#9314 = DIRECTION ( 'NONE',  ( -0.000000000000000000, 1.000000000000000000, 1.150347132610614786E-16 ) ) ;
#9315 = CARTESIAN_POINT ( 'NONE',  ( -9.210000000000002629, 0.9000000000000005773, 3.715000000000003411 ) ) ;
#9316 = PLANE ( 'NONE',  #6320 ) ;
#9317 = FACE_OUTER_BOUND ( 'NONE', #1272, .T. ) ;
#9318 = PRESENTATION_LAYER_ASSIGNMENT (  '', '', ( #6343 ) ) ;
#9319 = VERTEX_POINT ( 'NONE', #1657 ) ;
#9320 = VECTOR ( 'NONE', #8970, 1000.000000000000000 ) ;
#9321 = VERTEX_POINT ( 'NONE', #10258 ) ;
#9322 = LINE ( 'NONE', #911, #5060 ) ;
#9323 = EDGE_CURVE ( 'NONE', #2490, #9091, #1780, .T. ) ;
#9324 = VECTOR ( 'NONE', #4348, 1000.000000000000000 ) ;
#9325 = AXIS2_PLACEMENT_3D ( 'NONE', #6854, #10634, #11621 ) ;
#9326 = DIRECTION ( 'NONE',  ( 0.000000000000000000, -1.000000000000000000, 1.150347132610614786E-16 ) ) ;
#9327 = ADVANCED_FACE ( 'NONE', ( #6115 ), #8389, .F. ) ;
#9328 = LINE ( 'NONE', #796, #10949 ) ;
#9329 = CYLINDRICAL_SURFACE ( 'NONE', #3291, 0.1999999999999953204 ) ;
#9330 = CYLINDRICAL_SURFACE ( 'NONE', #3934, 0.1999999999999953204 ) ;
#9331 = FACE_OUTER_BOUND ( 'NONE', #7821, .T. ) ;
#9332 = EDGE_CURVE ( 'NONE', #1915, #1518, #801, .T. ) ;
#9333 = VERTEX_POINT ( 'NONE', #6357 ) ;
#9334 = CARTESIAN_POINT ( 'NONE',  ( 3.809999999999997389, 0.7199999999999999734, -2.894999999999998241 ) ) ;
#9335 = EDGE_LOOP ( 'NONE', ( #12118, #8518, #3242, #1231 ) ) ;
#9336 = CARTESIAN_POINT ( 'NONE',  ( 13.65000000000000036, 1.540000000000000480, -2.894999999999997797 ) ) ;
#9337 = ORIENTED_EDGE ( 'NONE', *, *, #5111, .T. ) ;
#9338 = EDGE_CURVE ( 'NONE', #11866, #7163, #6027, .T. ) ;
#9339 = CARTESIAN_POINT ( 'NONE',  ( 5.889999999999992575, 1.870000000000000551, 0.6649999999999998135 ) ) ;
#9340 = EDGE_CURVE ( 'NONE', #6890, #2490, #10138, .T. ) ;
#9341 = ORIENTED_EDGE ( 'NONE', *, *, #9424, .F. ) ;
#9342 = LINE ( 'NONE', #2724, #9288 ) ;
#9343 = CARTESIAN_POINT ( 'NONE',  ( 1.589999999999997637, 0.9000000000000005773, 3.382601427321023646 ) ) ;
#9344 = CARTESIAN_POINT ( 'NONE',  ( -13.31000000000000227, 0.5700000000000003952, -1.674999999999999822 ) ) ;
#9345 = EDGE_CURVE ( 'NONE', #5986, #2281, #2646, .T. ) ;
#9346 = CARTESIAN_POINT ( 'NONE',  ( -14.29000000000000270, 0.7200000000000008615, -3.074999999999999734 ) ) ;
#9347 = CARTESIAN_POINT ( 'NONE',  ( -6.670000000000002593, 0.7200000000000001954, -3.074999999999999734 ) ) ;
#9348 = ORIENTED_EDGE ( 'NONE', *, *, #11915, .T. ) ;
#9349 = CARTESIAN_POINT ( 'NONE',  ( 10.76999999999999780, 1.870000000000000551, 0.4649999999999996914 ) ) ;
#9350 = EDGE_LOOP ( 'NONE', ( #2083, #4811 ) ) ;
#9351 = EDGE_CURVE ( 'NONE', #2247, #8813, #9152, .T. ) ;
#9352 = LINE ( 'NONE', #11205, #7150 ) ;
#9353 = VERTEX_POINT ( 'NONE', #10191 ) ;
#9354 = CYLINDRICAL_SURFACE ( 'NONE', #3287, 0.1999999999999953204 ) ;
#9355 = ORIENTED_EDGE ( 'NONE', *, *, #4691, .T. ) ;
#9356 = CARTESIAN_POINT ( 'NONE',  ( -10.57000000000000561, 0.5700000000000003952, 0.6649999999999998135 ) ) ;
#9357 = LINE ( 'NONE', #4791, #7021 ) ;
#9358 = EDGE_CURVE ( 'NONE', #1147, #9233, #4579, .T. ) ;
#9359 = DIRECTION ( 'NONE',  ( 0.000000000000000000, 0.000000000000000000, 1.000000000000000000 ) ) ;
#9360 = DIRECTION ( 'NONE',  ( -0.000000000000000000, 0.000000000000000000, 1.000000000000000000 ) ) ;
#9361 = LINE ( 'NONE', #9182, #1540 ) ;
#9362 = ORIENTED_EDGE ( 'NONE', *, *, #7152, .F. ) ;
#9363 = AXIS2_PLACEMENT_3D ( 'NONE', #2349, #4095, #7965 ) ;
#9364 = ORIENTED_EDGE ( 'NONE', *, *, #3333, .F. ) ;
#9365 = CARTESIAN_POINT ( 'NONE',  ( -9.210000000000002629, 0.000000000000000000, 0.4649999999999996914 ) ) ;
#9366 = ORIENTED_EDGE ( 'NONE', *, *, #3235, .F. ) ;
#9367 = LINE ( 'NONE', #8428, #8490 ) ;
#9368 = VECTOR ( 'NONE', #12098, 999.9999999999998863 ) ;
#9369 = LINE ( 'NONE', #11402, #3996 ) ;
#9370 = CARTESIAN_POINT ( 'NONE',  ( 3.527012187167225754, 1.436334613170440644, -5.652012187167225754 ) ) ;
#9371 = DIRECTION ( 'NONE',  ( 0.000000000000000000, 1.189977994191405372E-15, -1.000000000000000000 ) ) ;
#9372 = CARTESIAN_POINT ( 'NONE',  ( -9.210000000000002629, 1.540000000000000480, 3.715000000000003411 ) ) ;
#9373 = ORIENTED_EDGE ( 'NONE', *, *, #7760, .T. ) ;
#9374 = ORIENTED_EDGE ( 'NONE', *, *, #2243, .F. ) ;
#9375 = CARTESIAN_POINT ( 'NONE',  ( 0.000000000000000000, 0.9000000000000005773, 0.4649999999999996914 ) ) ;
#9376 = EDGE_CURVE ( 'NONE', #11566, #7495, #8333, .T. ) ;
#9377 = VERTEX_POINT ( 'NONE', #7456 ) ;
#9378 = CIRCLE ( 'NONE', #4782, 0.1999999999999953204 ) ;
#9379 = DIRECTION ( 'NONE',  ( -1.000000000000000000, 0.000000000000000000, 0.000000000000000000 ) ) ;
#9380 = SURFACE_STYLE_FILL_AREA ( #8695 ) ;
#9381 = PLANE ( 'NONE',  #10421 ) ;
#9382 = DIRECTION ( 'NONE',  ( -0.000000000000000000, -0.000000000000000000, -1.000000000000000000 ) ) ;
#9383 = DIRECTION ( 'NONE',  ( -1.000000000000000000, 0.000000000000000000, 0.000000000000000000 ) ) ;
#9384 = ORIENTED_EDGE ( 'NONE', *, *, #6595, .F. ) ;
#9385 = CARTESIAN_POINT ( 'NONE',  ( -15.24000000000000199, 2.410000000000000142, -1.674999999999999822 ) ) ;
#9386 = EDGE_CURVE ( 'NONE', #11131, #10384, #3463, .T. ) ;
#9387 = DIRECTION ( 'NONE',  ( -0.000000000000000000, -0.000000000000000000, -1.000000000000000000 ) ) ;
#9388 = CIRCLE ( 'NONE', #5002, 0.1999999999999953204 ) ;
#9389 = ORIENTED_EDGE ( 'NONE', *, *, #8739, .T. ) ;
#9390 = CARTESIAN_POINT ( 'NONE',  ( 3.644999999999999130, -3.049999999999999822, -3.230000000000000870 ) ) ;
#9391 = ORIENTED_EDGE ( 'NONE', *, *, #9648, .T. ) ;
#9392 = DIRECTION ( 'NONE',  ( -0.000000000000000000, -0.000000000000000000, -1.000000000000000000 ) ) ;
#9393 = EDGE_CURVE ( 'NONE', #4361, #1147, #8274, .T. ) ;
#9394 = ADVANCED_FACE ( 'NONE', ( #3531 ), #7396, .T. ) ;
#9395 = AXIS2_PLACEMENT_3D ( 'NONE', #10040, #6251, #7126 ) ;
#9396 = ORIENTED_EDGE ( 'NONE', *, *, #6980, .F. ) ;
#9397 = CARTESIAN_POINT ( 'NONE',  ( -13.31000000000000227, 0.5700000000000003952, -1.875000000000000000 ) ) ;
#9398 = DIRECTION ( 'NONE',  ( 1.000000000000000000, 0.000000000000000000, -0.000000000000000000 ) ) ;
#9399 = DIRECTION ( 'NONE',  ( 0.000000000000000000, 0.000000000000000000, 1.000000000000000000 ) ) ;
#9400 = LINE ( 'NONE', #8404, #6941 ) ;
#9401 = DIRECTION ( 'NONE',  ( -0.000000000000000000, -1.000000000000000000, 0.000000000000000000 ) ) ;
#9402 = ORIENTED_EDGE ( 'NONE', *, *, #1807, .T. ) ;
#9403 = PLANE ( 'NONE',  #7864 ) ;
#9404 = AXIS2_PLACEMENT_3D ( 'NONE', #3712, #1375, #4399 ) ;
#9405 = EDGE_CURVE ( 'NONE', #7547, #10384, #6470, .T. ) ;
#9406 = ORIENTED_EDGE ( 'NONE', *, *, #93, .T. ) ;
#9407 = LINE ( 'NONE', #11380, #906 ) ;
#9408 = ORIENTED_EDGE ( 'NONE', *, *, #2311, .F. ) ;
#9409 = ADVANCED_FACE ( 'NONE', ( #1724 ), #10323, .F. ) ;
#9410 = DIRECTION ( 'NONE',  ( 0.000000000000000000, 0.000000000000000000, -1.000000000000000000 ) ) ;
#9411 = ORIENTED_EDGE ( 'NONE', *, *, #6059, .F. ) ;
#9412 = VECTOR ( 'NONE', #323, 1000.000000000000000 ) ;
#9413 = FACE_OUTER_BOUND ( 'NONE', #11351, .T. ) ;
#9414 = ORIENTED_EDGE ( 'NONE', *, *, #8826, .T. ) ;
#9415 = CARTESIAN_POINT ( 'NONE',  ( 11.10999999999999943, 0.9000000000000005773, 3.382601427321023646 ) ) ;
#9416 = DIRECTION ( 'NONE',  ( -1.000000000000000000, 0.000000000000000000, 0.000000000000000000 ) ) ;
#9417 = LINE ( 'NONE', #1866, #10104 ) ;
#9418 = DIRECTION ( 'NONE',  ( 0.3892816206350259711, -0.8348171294789868968, -0.3892816206350259711 ) ) ;
#9419 = LINE ( 'NONE', #5747, #10297 ) ;
#9420 = ORIENTED_EDGE ( 'NONE', *, *, #2290, .T. ) ;
#9421 = ADVANCED_FACE ( 'NONE', ( #9331 ), #11130, .F. ) ;
#9422 = VECTOR ( 'NONE', #1, 1000.000000000000000 ) ;
#9423 = ORIENTED_EDGE ( 'NONE', *, *, #1097, .T. ) ;
#9424 = EDGE_CURVE ( 'NONE', #5748, #10947, #8210, .T. ) ;
#9425 = FACE_OUTER_BOUND ( 'NONE', #6740, .T. ) ;
#9426 = VERTEX_POINT ( 'NONE', #6844 ) ;
#9427 = PLANE ( 'NONE',  #11260 ) ;
#9428 = DIRECTION ( 'NONE',  ( -1.000000000000000000, 0.000000000000000000, 0.000000000000000000 ) ) ;
#9429 = CIRCLE ( 'NONE', #69, 0.1999999999999953204 ) ;
#9430 = DIRECTION ( 'NONE',  ( -0.000000000000000000, 0.000000000000000000, 1.000000000000000000 ) ) ;
#9431 = PLANE ( 'NONE',  #9699 ) ;
#9432 = CARTESIAN_POINT ( 'NONE',  ( 20.32000000000000028, -3.049999999999999822, -4.336808689942017736E-16 ) ) ;
#9433 = VERTEX_POINT ( 'NONE', #1046 ) ;
#9434 = AXIS2_PLACEMENT_3D ( 'NONE', #162, #2089, #1352 ) ;
#9435 = ORIENTED_EDGE ( 'NONE', *, *, #553, .F. ) ;
#9436 = DIRECTION ( 'NONE',  ( -1.000000000000000000, 0.000000000000000000, 0.000000000000000000 ) ) ;
#9437 = VECTOR ( 'NONE', #5891, 1000.000000000000000 ) ;
#9438 = ADVANCED_FACE ( 'NONE', ( #5901 ), #5836, .F. ) ;
#9439 = CARTESIAN_POINT ( 'NONE',  ( -11.26500000000000057, 1.055000000000000382, 3.715000000000003411 ) ) ;
#9440 = DIRECTION ( 'NONE',  ( 1.000000000000000000, 0.000000000000000000, 0.000000000000000000 ) ) ;
#9441 = VECTOR ( 'NONE', #6952, 1000.000000000000000 ) ;
#9442 = DIRECTION ( 'NONE',  ( 1.000000000000000000, 0.000000000000000000, 0.000000000000000000 ) ) ;
#9443 = EDGE_CURVE ( 'NONE', #7538, #6227, #6632, .T. ) ;
#9444 = DIRECTION ( 'NONE',  ( 0.000000000000000000, 0.000000000000000000, 1.000000000000000000 ) ) ;
#9445 = VERTEX_POINT ( 'NONE', #7714 ) ;
#9446 = CARTESIAN_POINT ( 'NONE',  ( 8.229999999999996874, 1.870000000000000551, 0.6649999999999998135 ) ) ;
#9447 = LINE ( 'NONE', #10507, #6434 ) ;
#9448 = VECTOR ( 'NONE', #7762, 1000.000000000000000 ) ;
#9449 = ORIENTED_EDGE ( 'NONE', *, *, #11909, .T. ) ;
#9450 = CARTESIAN_POINT ( 'NONE',  ( 0.9499999999999977351, -2.717601427321017837, -3.075000000000000178 ) ) ;
#9451 = DIRECTION ( 'NONE',  ( 0.000000000000000000, -1.000000000000000000, 0.000000000000000000 ) ) ;
#9452 = VECTOR ( 'NONE', #10705, 1000.000000000000000 ) ;
#9453 = ADVANCED_FACE ( 'NONE', ( #10439 ), #4762, .T. ) ;
#9454 = AXIS2_PLACEMENT_3D ( 'NONE', #7689, #7, #251 ) ;
#9455 = LINE ( 'NONE', #8711, #4339 ) ;
#9456 = ORIENTED_EDGE ( 'NONE', *, *, #5111, .F. ) ;
#9457 = DIRECTION ( 'NONE',  ( 0.000000000000000000, 0.000000000000000000, -1.000000000000000000 ) ) ;
#9458 = CARTESIAN_POINT ( 'NONE',  ( -11.43000000000000327, 0.7199999999999999734, -2.894999999999998241 ) ) ;
#9459 = VECTOR ( 'NONE', #10714, 1000.000000000000000 ) ;
#9460 = AXIS2_PLACEMENT_3D ( 'NONE', #10931, #10182, #2523 ) ;
#9461 = LINE ( 'NONE', #6607, #11527 ) ;
#9462 = PLANE ( 'NONE',  #5545 ) ;
#9463 = PLANE ( 'NONE',  #1476 ) ;
#9464 = VERTEX_POINT ( 'NONE', #11358 ) ;
#9465 = CARTESIAN_POINT ( 'NONE',  ( 0.9499999999999977351, 0.9000000000000005773, 3.382601427321023646 ) ) ;
#9466 = AXIS2_PLACEMENT_3D ( 'NONE', #5049, #4297, #7237 ) ;
#9467 = VERTEX_POINT ( 'NONE', #3022 ) ;
#9468 = DIRECTION ( 'NONE',  ( -0.000000000000000000, -0.000000000000000000, 1.000000000000000000 ) ) ;
#9469 = AXIS2_PLACEMENT_3D ( 'NONE', #5090, #7966, #4096 ) ;
#9470 = ORIENTED_EDGE ( 'NONE', *, *, #2351, .F. ) ;
#9471 = DIRECTION ( 'NONE',  ( -0.000000000000000000, -0.000000000000000000, -1.000000000000000000 ) ) ;
#9472 =( GEOMETRIC_REPRESENTATION_CONTEXT ( 3 ) GLOBAL_UNCERTAINTY_ASSIGNED_CONTEXT ( ( #10186 ) ) GLOBAL_UNIT_ASSIGNED_CONTEXT ( ( #7156, #12039, #6220 ) ) REPRESENTATION_CONTEXT ( 'NONE', 'WORKASPACE' ) );
#9473 = ORIENTED_EDGE ( 'NONE', *, *, #9783, .T. ) ;
#9474 = CARTESIAN_POINT ( 'NONE',  ( -3.490000000000001990, 1.540000000000000480, -2.894999999999997797 ) ) ;
#9475 = ORIENTED_EDGE ( 'NONE', *, *, #11868, .T. ) ;
#9476 = ADVANCED_FACE ( 'NONE', ( #11492 ), #30, .T. ) ;
#9477 = ORIENTED_EDGE ( 'NONE', *, *, #8689, .T. ) ;
#9478 = AXIS2_PLACEMENT_3D ( 'NONE', #10978, #580, #5383 ) ;
#9479 = CARTESIAN_POINT ( 'NONE',  ( 0.000000000000000000, 1.540000000000000480, 0.4649999999999996914 ) ) ;
#9480 =( NAMED_UNIT ( * ) SI_UNIT ( $, .STERADIAN. ) SOLID_ANGLE_UNIT ( ) );
#9481 = CYLINDRICAL_SURFACE ( 'NONE', #6742, 0.1999999999999952094 ) ;
#9482 = FACE_OUTER_BOUND ( 'NONE', #10311, .T. ) ;
#9483 = EDGE_CURVE ( 'NONE', #440, #6240, #5644, .T. ) ;
#9484 = DIRECTION ( 'NONE',  ( -0.000000000000000000, -1.000000000000000000, 0.000000000000000000 ) ) ;
#9485 = ORIENTED_EDGE ( 'NONE', *, *, #4219, .F. ) ;
#9486 = ORIENTED_EDGE ( 'NONE', *, *, #7727, .F. ) ;
#9487 = VECTOR ( 'NONE', #3721, 1000.000000000000000 ) ;
#9488 = AXIS2_PLACEMENT_3D ( 'NONE', #2737, #3554, #627 ) ;
#9489 = AXIS2_PLACEMENT_3D ( 'NONE', #6152, #7440, #3572 ) ;
#9490 = FACE_OUTER_BOUND ( 'NONE', #9928, .T. ) ;
#9491 = VERTEX_POINT ( 'NONE', #9634 ) ;
#9492 = ADVANCED_FACE ( 'NONE', ( #9575 ), #6657, .F. ) ;
#9493 = CARTESIAN_POINT ( 'NONE',  ( -12.28999999999999915, 1.870000000000000551, 0.6649999999999998135 ) ) ;
#9494 = ADVANCED_FACE ( 'NONE', ( #9698 ), #7579, .F. ) ;
#9495 = CARTESIAN_POINT ( 'NONE',  ( -9.210000000000002629, -2.717601427321017837, -3.714999999999999858 ) ) ;
#9496 = CARTESIAN_POINT ( 'NONE',  ( -8.570000000000002061, 0.9000000000000005773, 3.715000000000003411 ) ) ;
#9497 = DIRECTION ( 'NONE',  ( -1.000000000000000000, 0.000000000000000000, 0.000000000000000000 ) ) ;
#9498 = VECTOR ( 'NONE', #9218, 1000.000000000000000 ) ;
#9499 = DIRECTION ( 'NONE',  ( 0.000000000000000000, 0.000000000000000000, 1.000000000000000000 ) ) ;
#9500 = EDGE_LOOP ( 'NONE', ( #4576, #4369, #9886, #8906 ) ) ;
#9501 = EDGE_CURVE ( 'NONE', #516, #2749, #9447, .T. ) ;
#9502 = ORIENTED_EDGE ( 'NONE', *, *, #4085, .T. ) ;
#9503 = CARTESIAN_POINT ( 'NONE',  ( 7.209999999999993747, 0.5700000000000003952, -1.674999999999999822 ) ) ;
#9504 = AXIS2_PLACEMENT_3D ( 'NONE', #10968, #11031, #11947 ) ;
#9505 = AXIS2_PLACEMENT_3D ( 'NONE', #4428, #5374, #1512 ) ;
#9506 = VERTEX_POINT ( 'NONE', #7769 ) ;
#9507 = LINE ( 'NONE', #4571, #3863 ) ;
#9508 = ORIENTED_EDGE ( 'NONE', *, *, #4235, .T. ) ;
#9509 = DIRECTION ( 'NONE',  ( -0.000000000000000000, -0.000000000000000000, 1.000000000000000000 ) ) ;
#9510 = FACE_BOUND ( 'NONE', #550, .T. ) ;
#9511 = EDGE_LOOP ( 'NONE', ( #9059, #3225, #8872, #1485 ) ) ;
#9512 = VECTOR ( 'NONE', #7110, 1000.000000000000000 ) ;
#9513 = PLANE ( 'NONE',  #12122 ) ;
#9514 = CARTESIAN_POINT ( 'NONE',  ( 10.76999999999999780, 1.870000000000000551, 0.6649999999999998135 ) ) ;
#9515 = AXIS2_PLACEMENT_3D ( 'NONE', #7117, #2367, #4295 ) ;
#9516 = ORIENTED_EDGE ( 'NONE', *, *, #8181, .F. ) ;
#9517 = CARTESIAN_POINT ( 'NONE',  ( -4.470000000000003304, 1.870000000000000551, -1.674999999999999822 ) ) ;
#9518 = CARTESIAN_POINT ( 'NONE',  ( -13.65000000000000213, -3.049999999999999822, -3.075000000000000178 ) ) ;
#9519 = EDGE_LOOP ( 'NONE', ( #9883, #7606, #10441, #223 ) ) ;
#9520 = DIRECTION ( 'NONE',  ( -1.000000000000000000, 0.000000000000000000, -0.000000000000000000 ) ) ;
#9521 = EDGE_CURVE ( 'NONE', #8887, #11232, #8017, .T. ) ;
#9522 = DIRECTION ( 'NONE',  ( -0.000000000000000000, -0.000000000000000000, 1.000000000000000000 ) ) ;
#9523 = VECTOR ( 'NONE', #5348, 1000.000000000000000 ) ;
#9524 = VERTEX_POINT ( 'NONE', #3829 ) ;
#9525 =( NAMED_UNIT ( * ) SI_UNIT ( $, .STERADIAN. ) SOLID_ANGLE_UNIT ( ) );
#9526 = EDGE_LOOP ( 'NONE', ( #4654, #7067 ) ) ;
#9527 = DIRECTION ( 'NONE',  ( 0.000000000000000000, 1.000000000000000000, -1.150347132610614786E-16 ) ) ;
#9528 = DIRECTION ( 'NONE',  ( -1.000000000000000000, 0.000000000000000000, 0.000000000000000000 ) ) ;
#9529 = AXIS2_PLACEMENT_3D ( 'NONE', #2717, #8393, #4525 ) ;
#9530 = DIRECTION ( 'NONE',  ( 1.000000000000000000, 0.000000000000000000, -0.000000000000000000 ) ) ;
#9531 = CARTESIAN_POINT ( 'NONE',  ( 14.29000000000000092, 1.540000000000000480, -2.894999999999997797 ) ) ;
#9532 = LINE ( 'NONE', #1000, #11010 ) ;
#9533 = PLANE ( 'NONE',  #9262 ) ;
#9534 = ADVANCED_FACE ( 'NONE', ( #923 ), #4824, .F. ) ;
#9535 = ORIENTED_EDGE ( 'NONE', *, *, #7028, .F. ) ;
#9536 = CARTESIAN_POINT ( 'NONE',  ( 6.029999999999998472, 1.540000000000000480, 0.4649999999999996914 ) ) ;
#9537 = ORIENTED_EDGE ( 'NONE', *, *, #1608, .F. ) ;
#9538 = DIRECTION ( 'NONE',  ( -1.000000000000000000, 0.000000000000000000, -0.000000000000000000 ) ) ;
#9539 = ORIENTED_EDGE ( 'NONE', *, *, #877, .T. ) ;
#9540 = CARTESIAN_POINT ( 'NONE',  ( -3.150000000000001688, 0.5700000000000003952, 0.6649999999999998135 ) ) ;
#9541 = DIRECTION ( 'NONE',  ( -0.9063077870366503808, -4.861577055822948687E-17, -0.4226182617406985531 ) ) ;
#9542 = CARTESIAN_POINT ( 'NONE',  ( 0.000000000000000000, -2.174999999999998934, 3.715000000000003855 ) ) ;
#9543 = DIRECTION ( 'NONE',  ( 0.000000000000000000, -1.000000000000000000, 1.150347132610614786E-16 ) ) ;
#9544 = EDGE_CURVE ( 'NONE', #11131, #6877, #1170, .T. ) ;
#9545 = CARTESIAN_POINT ( 'NONE',  ( -5.690000000000002167, 0.5700000000000003952, -1.674999999999999822 ) ) ;
#9546 = VERTEX_POINT ( 'NONE', #8517 ) ;
#9547 = DIRECTION ( 'NONE',  ( -1.000000000000000000, 0.000000000000000000, 0.000000000000000000 ) ) ;
#9548 = ORIENTED_EDGE ( 'NONE', *, *, #1332, .F. ) ;
#9549 = EDGE_CURVE ( 'NONE', #9353, #8422, #7025, .T. ) ;
#9550 = EDGE_LOOP ( 'NONE', ( #2372, #11441, #17, #8783 ) ) ;
#9551 = ADVANCED_FACE ( 'NONE', ( #7522 ), #11304, .F. ) ;
#9552 = CARTESIAN_POINT ( 'NONE',  ( 12.28999999999999559, 0.5700000000000003952, 0.6649999999999998135 ) ) ;
#9553 = ORIENTED_EDGE ( 'NONE', *, *, #8962, .T. ) ;
#9554 = CARTESIAN_POINT ( 'NONE',  ( -12.28999999999999915, 1.870000000000000551, 0.4649999999999996914 ) ) ;
#9555 = ORIENTED_EDGE ( 'NONE', *, *, #8139, .T. ) ;
#9556 = CIRCLE ( 'NONE', #3579, 0.1999999999999953204 ) ;
#9557 = CARTESIAN_POINT ( 'NONE',  ( -3.150000000000001688, 0.5700000000000003952, -1.674999999999999822 ) ) ;
#9558 = DIRECTION ( 'NONE',  ( 0.3892816206350259711, 0.8348171294789868968, -0.3892816206350259711 ) ) ;
#9559 = CARTESIAN_POINT ( 'NONE',  ( 13.50999999999999446, 1.870000000000000551, -1.674999999999999822 ) ) ;
#9560 = LINE ( 'NONE', #72, #6848 ) ;
#9561 = ORIENTED_EDGE ( 'NONE', *, *, #1871, .T. ) ;
#9562 = ORIENTED_EDGE ( 'NONE', *, *, #5764, .T. ) ;
#9563 = CARTESIAN_POINT ( 'NONE',  ( -2.950000000000006395, 0.5700000000000003952, -1.875000000000000000 ) ) ;
#9564 = EDGE_CURVE ( 'NONE', #5381, #6443, #3770, .T. ) ;
#9565 = EDGE_LOOP ( 'NONE', ( #4865, #7385, #5612, #5279 ) ) ;
#9566 = AXIS2_PLACEMENT_3D ( 'NONE', #1042, #10617, #2080 ) ;
#9567 = CARTESIAN_POINT ( 'NONE',  ( 25.40000000000000213, -3.049999999999999822, -3.230000000000000870 ) ) ;
#9568 = EDGE_CURVE ( 'NONE', #3236, #4402, #6154, .T. ) ;
#9569 = EDGE_LOOP ( 'NONE', ( #293, #2307, #4848, #2999 ) ) ;
#9570 = PLANE ( 'NONE',  #11251 ) ;
#9571 = DIRECTION ( 'NONE',  ( 1.000000000000000000, 0.000000000000000000, 0.000000000000000000 ) ) ;
#9572 = PLANE ( 'NONE',  #9566 ) ;
#9573 = CARTESIAN_POINT ( 'NONE',  ( 13.65000000000000036, 0.9000000000000005773, 3.715000000000003411 ) ) ;
#9574 = FACE_OUTER_BOUND ( 'NONE', #11140, .T. ) ;
#9575 = FACE_OUTER_BOUND ( 'NONE', #5162, .T. ) ;
#9576 = EDGE_LOOP ( 'NONE', ( #2218, #7433, #3532, #843 ) ) ;
#9577 = CARTESIAN_POINT ( 'NONE',  ( 4.129999999999998117, 0.9000000000000005773, 3.382601427321023646 ) ) ;
#9578 = AXIS2_PLACEMENT_3D ( 'NONE', #1705, #11171, #9136 ) ;
#9579 = ORIENTED_EDGE ( 'NONE', *, *, #97, .F. ) ;
#9580 = CARTESIAN_POINT ( 'NONE',  ( 8.570000000000000284, 1.540000000000000480, -2.894999999999997797 ) ) ;
#9581 = EDGE_CURVE ( 'NONE', #8422, #9353, #4223, .T. ) ;
#9582 = CARTESIAN_POINT ( 'NONE',  ( -14.43000000000000860, 1.870000000000000551, 0.6649999999999998135 ) ) ;
#9583 = EDGE_CURVE ( 'NONE', #4476, #10139, #7147, .T. ) ;
#9584 = PLANE ( 'NONE',  #3743 ) ;
#9585 = CARTESIAN_POINT ( 'NONE',  ( 8.570000000000000284, 0.9000000000000013545, 3.382601427321023646 ) ) ;
#9586 = LINE ( 'NONE', #5658, #926 ) ;
#9587 = CARTESIAN_POINT ( 'NONE',  ( -1.590000000000001190, 1.540000000000000480, -2.894999999999997797 ) ) ;
#9588 = CYLINDRICAL_SURFACE ( 'NONE', #5138, 0.1999999999999953204 ) ;
#9589 = DIRECTION ( 'NONE',  ( 0.000000000000000000, -1.000000000000000000, 0.000000000000000000 ) ) ;
#9590 = ORIENTED_EDGE ( 'NONE', *, *, #2500, .T. ) ;
#9591 = LINE ( 'NONE', #10338, #4861 ) ;
#9592 = ORIENTED_EDGE ( 'NONE', *, *, #3974, .F. ) ;
#9593 = ADVANCED_FACE ( 'NONE', ( #3083 ), #4257, .T. ) ;
#9594 = CARTESIAN_POINT ( 'NONE',  ( -12.28999999999999915, 1.870000000000000551, 0.6649999999999998135 ) ) ;
#9595 = VERTEX_POINT ( 'NONE', #6965 ) ;
#9596 = PLANE ( 'NONE',  #5080 ) ;
#9597 = ORIENTED_EDGE ( 'NONE', *, *, #11880, .T. ) ;
#9598 = PLANE ( 'NONE',  #11817 ) ;
#9599 = CARTESIAN_POINT ( 'NONE',  ( 11.75000000000000000, 0.9000000000000005773, 3.715000000000003411 ) ) ;
#9600 = VECTOR ( 'NONE', #10472, 1000.000000000000000 ) ;
#9601 = DIRECTION ( 'NONE',  ( 0.000000000000000000, -1.000000000000000000, 1.150347132610614786E-16 ) ) ;
#9602 = EDGE_CURVE ( 'NONE', #161, #4021, #10870, .T. ) ;
#9603 = DIRECTION ( 'NONE',  ( -1.000000000000000000, 0.000000000000000000, 0.000000000000000000 ) ) ;
#9604 = FACE_OUTER_BOUND ( 'NONE', #5329, .T. ) ;
#9605 = CARTESIAN_POINT ( 'NONE',  ( -11.75000000000000178, -2.717601427321017837, -3.075000000000000178 ) ) ;
#9606 = ORIENTED_EDGE ( 'NONE', *, *, #4876, .F. ) ;
#9607 = ORIENTED_EDGE ( 'NONE', *, *, #3154, .F. ) ;
#9608 = VECTOR ( 'NONE', #734, 1000.000000000000000 ) ;
#9609 = LINE ( 'NONE', #3804, #4082 ) ;
#9610 = VERTEX_POINT ( 'NONE', #2211 ) ;
#9611 = LINE ( 'NONE', #5943, #9094 ) ;
#9612 = ORIENTED_EDGE ( 'NONE', *, *, #6985, .T. ) ;
#9613 = DIRECTION ( 'NONE',  ( -0.000000000000000000, -0.000000000000000000, -1.000000000000000000 ) ) ;
#9614 = CARTESIAN_POINT ( 'NONE',  ( 1.434999999999996945, -3.049999999999999822, -3.559999999999999165 ) ) ;
#9615 = ORIENTED_EDGE ( 'NONE', *, *, #1996, .F. ) ;
#9616 = ADVANCED_FACE ( 'NONE', ( #10687 ), #7082, .F. ) ;
#9617 = DIRECTION ( 'NONE',  ( 1.000000000000000000, 0.000000000000000000, 0.000000000000000000 ) ) ;
#9618 = DIRECTION ( 'NONE',  ( 0.000000000000000000, 5.421010862427481938E-15, -1.000000000000000000 ) ) ;
#9619 = AXIS2_PLACEMENT_3D ( 'NONE', #9432, #11344, #10605 ) ;
#9620 = VERTEX_POINT ( 'NONE', #1347 ) ;
#9621 = ORIENTED_EDGE ( 'NONE', *, *, #904, .T. ) ;
#9622 = DIRECTION ( 'NONE',  ( -1.000000000000000000, 0.000000000000000000, 0.000000000000000000 ) ) ;
#9623 = EDGE_LOOP ( 'NONE', ( #818, #58, #3268, #11559 ) ) ;
#9624 = CIRCLE ( 'NONE', #3442, 0.8200000000000012834 ) ;
#9625 = CARTESIAN_POINT ( 'NONE',  ( 6.514999999999999680, 1.385000000000000897, 3.715000000000003411 ) ) ;
#9626 = ORIENTED_EDGE ( 'NONE', *, *, #2679, .T. ) ;
#9627 = DIRECTION ( 'NONE',  ( -0.000000000000000000, -0.000000000000000000, 1.000000000000000000 ) ) ;
#9628 = FACE_BOUND ( 'NONE', #8364, .T. ) ;
#9629 = CARTESIAN_POINT ( 'NONE',  ( 13.65000000000000036, 1.540000000000000480, 3.382601427321023646 ) ) ;
#9630 = CARTESIAN_POINT ( 'NONE',  ( 6.669999999999999041, 1.540000000000000480, -1.674999999999999822 ) ) ;
#9631 = EDGE_CURVE ( 'NONE', #5067, #4429, #3267, .T. ) ;
#9632 = ORIENTED_EDGE ( 'NONE', *, *, #8343, .T. ) ;
#9633 = LINE ( 'NONE', #8764, #943 ) ;
#9634 = CARTESIAN_POINT ( 'NONE',  ( 0.9499999999999977351, 1.540000000000000480, 0.4649999999999996914 ) ) ;
#9635 = ORIENTED_EDGE ( 'NONE', *, *, #5435, .F. ) ;
#9636 = ORIENTED_EDGE ( 'NONE', *, *, #10131, .F. ) ;
#9637 = CARTESIAN_POINT ( 'NONE',  ( 5.689999999999996838, 1.870000000000000551, -1.674999999999999822 ) ) ;
#9638 = AXIS2_PLACEMENT_3D ( 'NONE', #816, #12295, #8468 ) ;
#9639 = EDGE_CURVE ( 'NONE', #149, #2594, #404, .T. ) ;
#9640 = VECTOR ( 'NONE', #8870, 1000.000000000000000 ) ;
#9641 = LINE ( 'NONE', #9582, #5855 ) ;
#9642 = ORIENTED_EDGE ( 'NONE', *, *, #7994, .F. ) ;
#9643 =( NAMED_UNIT ( * ) PLANE_ANGLE_UNIT ( ) SI_UNIT ( $, .RADIAN. ) );
#9644 = ORIENTED_EDGE ( 'NONE', *, *, #2090, .T. ) ;
#9645 = CIRCLE ( 'NONE', #2073, 0.8200000000000012834 ) ;
#9646 = DIRECTION ( 'NONE',  ( 0.000000000000000000, 1.000000000000000000, 0.000000000000000000 ) ) ;
#9647 = DIRECTION ( 'NONE',  ( -0.000000000000000000, 0.000000000000000000, 1.000000000000000000 ) ) ;
#9648 = EDGE_CURVE ( 'NONE', #4052, #7431, #5079, .T. ) ;
#9649 = PLANE ( 'NONE',  #9721 ) ;
#9650 = AXIS2_PLACEMENT_3D ( 'NONE', #11778, #3197, #6148 ) ;
#9651 = CARTESIAN_POINT ( 'NONE',  ( -8.570000000000002061, -2.717601427321017837, -3.714999999999999858 ) ) ;
#9652 = DIRECTION ( 'NONE',  ( 0.000000000000000000, 0.000000000000000000, -1.000000000000000000 ) ) ;
#9653 = AXIS2_PLACEMENT_3D ( 'NONE', #756, #1616, #3605 ) ;
#9654 = EDGE_CURVE ( 'NONE', #6877, #4493, #462, .T. ) ;
#9655 = VERTEX_POINT ( 'NONE', #11849 ) ;
#9656 = VECTOR ( 'NONE', #10299, 1000.000000000000000 ) ;
#9657 = ORIENTED_EDGE ( 'NONE', *, *, #2819, .T. ) ;
#9658 = ORIENTED_EDGE ( 'NONE', *, *, #2292, .T. ) ;
#9659 = CARTESIAN_POINT ( 'NONE',  ( -4.470000000000003304, 1.870000000000000551, 0.6649999999999998135 ) ) ;
#9660 = VECTOR ( 'NONE', #1730, 1000.000000000000000 ) ;
#9661 = ORIENTED_EDGE ( 'NONE', *, *, #101, .T. ) ;
#9662 = CARTESIAN_POINT ( 'NONE',  ( -1.270000000000002016, 0.7199999999999999734, -2.894999999999998241 ) ) ;
#9663 = VERTEX_POINT ( 'NONE', #9812 ) ;
#9664 = DIRECTION ( 'NONE',  ( -0.000000000000000000, -0.000000000000000000, 1.000000000000000000 ) ) ;
#9665 = FACE_OUTER_BOUND ( 'NONE', #2830, .T. ) ;
#9666 = VECTOR ( 'NONE', #11509, 1000.000000000000000 ) ;
#9667 = PLANE ( 'NONE',  #6624 ) ;
#9668 = PLANE ( 'NONE',  #2731 ) ;
#9669 = PRESENTATION_LAYER_ASSIGNMENT (  '', '', ( #11826 ) ) ;
#9670 = DIRECTION ( 'NONE',  ( -0.000000000000000000, -0.000000000000000000, 1.000000000000000000 ) ) ;
#9671 = DIRECTION ( 'NONE',  ( -0.000000000000000000, -0.000000000000000000, -1.000000000000000000 ) ) ;
#9672 = EDGE_CURVE ( 'NONE', #10845, #8960, #5966, .T. ) ;
#9673 = CIRCLE ( 'NONE', #8081, 0.1999999999999953204 ) ;
#9674 = EDGE_LOOP ( 'NONE', ( #11941, #5145, #2353, #6387 ) ) ;
#9675 = VECTOR ( 'NONE', #9992, 1000.000000000000000 ) ;
#9676 = DIRECTION ( 'NONE',  ( 0.000000000000000000, 0.000000000000000000, -1.000000000000000000 ) ) ;
#9677 = ORIENTED_EDGE ( 'NONE', *, *, #643, .F. ) ;
#9678 = CARTESIAN_POINT ( 'NONE',  ( -14.63000000000000433, 1.870000000000000551, 0.6649999999999998135 ) ) ;
#9679 = ORIENTED_EDGE ( 'NONE', *, *, #9177, .F. ) ;
#9680 = FACE_BOUND ( 'NONE', #10933, .T. ) ;
#9681 = LINE ( 'NONE', #11529, #8595 ) ;
#9682 = CARTESIAN_POINT ( 'NONE',  ( -11.89000000000000767, 1.870000000000000551, 0.6649999999999998135 ) ) ;
#9683 = LINE ( 'NONE', #4240, #9807 ) ;
#9684 = AXIS2_PLACEMENT_3D ( 'NONE', #9397, #867, #4647 ) ;
#9685 = ORIENTED_EDGE ( 'NONE', *, *, #6493, .F. ) ;
#9686 = CARTESIAN_POINT ( 'NONE',  ( -11.75000000000000178, 0.7199999999999999734, -2.894999999999998241 ) ) ;
#9687 = EDGE_LOOP ( 'NONE', ( #8918, #11381, #8043, #11401 ) ) ;
#9688 = VECTOR ( 'NONE', #6455, 1000.000000000000000 ) ;
#9689 = EDGE_CURVE ( 'NONE', #3645, #8551, #3330, .T. ) ;
#9690 = CARTESIAN_POINT ( 'NONE',  ( -13.65000000000000213, 0.9000000000000005773, 3.382601427321023646 ) ) ;
#9691 = ORIENTED_EDGE ( 'NONE', *, *, #9393, .F. ) ;
#9692 = PRESENTATION_STYLE_ASSIGNMENT (( #11601 ) ) ;
#9693 = DIRECTION ( 'NONE',  ( -1.000000000000000000, 0.000000000000000000, 0.000000000000000000 ) ) ;
#9694 = LINE ( 'NONE', #6590, #9759 ) ;
#9695 = CARTESIAN_POINT ( 'NONE',  ( -4.130000000000001670, 0.9000000000000013545, 3.382601427321023646 ) ) ;
#9696 = VERTEX_POINT ( 'NONE', #8886 ) ;
#9697 = CARTESIAN_POINT ( 'NONE',  ( -8.429999999999996163, 0.5700000000000003952, 0.6649999999999998135 ) ) ;
#9698 = FACE_OUTER_BOUND ( 'NONE', #545, .T. ) ;
#9699 = AXIS2_PLACEMENT_3D ( 'NONE', #8684, #7624, #11406 ) ;
#9700 = EDGE_CURVE ( 'NONE', #8480, #9205, #4146, .T. ) ;
#9701 = ORIENTED_EDGE ( 'NONE', *, *, #10511, .T. ) ;
#9702 = CARTESIAN_POINT ( 'NONE',  ( -11.05551695861533368, -4.206925115746958710, -3.020516958615332648 ) ) ;
#9703 = EDGE_CURVE ( 'NONE', #2293, #9696, #12165, .T. ) ;
#9704 = MECHANICAL_DESIGN_GEOMETRIC_PRESENTATION_REPRESENTATION (  '', ( #8719 ), #11680 ) ;
#9705 = CARTESIAN_POINT ( 'NONE',  ( 14.29000000000000092, 0.7199999999999999734, -2.894999999999998241 ) ) ;
#9706 = CIRCLE ( 'NONE', #10496, 0.1800000000000013256 ) ;
#9707 = VERTEX_POINT ( 'NONE', #5260 ) ;
#9708 = EDGE_CURVE ( 'NONE', #1856, #9610, #11730, .T. ) ;
#9709 = FACE_OUTER_BOUND ( 'NONE', #6058, .T. ) ;
#9710 = EDGE_CURVE ( 'NONE', #7431, #8576, #8824, .T. ) ;
#9711 = CARTESIAN_POINT ( 'NONE',  ( 1.589999999999997637, 0.7200000000000000844, -3.074999999999999734 ) ) ;
#9712 = ORIENTED_EDGE ( 'NONE', *, *, #3553, .T. ) ;
#9713 = CARTESIAN_POINT ( 'NONE',  ( 15.24000000000000021, -2.174999999999998934, 3.715000000000003855 ) ) ;
#9714 = FACE_OUTER_BOUND ( 'NONE', #3585, .T. ) ;
#9715 = DIRECTION ( 'NONE',  ( -0.000000000000000000, -0.000000000000000000, -1.000000000000000000 ) ) ;
#9716 = CIRCLE ( 'NONE', #7528, 0.1999999999999953204 ) ;
#9717 = EDGE_CURVE ( 'NONE', #4298, #8045, #7020, .T. ) ;
#9718 = ORIENTED_EDGE ( 'NONE', *, *, #8279, .T. ) ;
#9719 = ORIENTED_EDGE ( 'NONE', *, *, #1120, .F. ) ;
#9720 = CARTESIAN_POINT ( 'NONE',  ( -6.030000000000002025, 0.7200000000000000844, -3.074999999999999734 ) ) ;
#9721 = AXIS2_PLACEMENT_3D ( 'NONE', #7032, #8899, #4838 ) ;
#9722 = ORIENTED_EDGE ( 'NONE', *, *, #10662, .F. ) ;
#9723 = EDGE_LOOP ( 'NONE', ( #7223, #6994, #6309, #2674 ) ) ;
#9724 = ADVANCED_FACE ( 'NONE', ( #4384 ), #1528, .F. ) ;
#9725 = PLANE ( 'NONE',  #8263 ) ;
#9726 = DIRECTION ( 'NONE',  ( -0.000000000000000000, -0.000000000000000000, -1.000000000000000000 ) ) ;
#9727 = DIRECTION ( 'NONE',  ( 0.000000000000000000, -1.000000000000000000, 1.150347132610614786E-16 ) ) ;
#9728 = DIRECTION ( 'NONE',  ( 0.000000000000000000, 0.000000000000000000, -1.000000000000000000 ) ) ;
#9729 = ORIENTED_EDGE ( 'NONE', *, *, #2122, .T. ) ;
#9730 = CARTESIAN_POINT ( 'NONE',  ( -3.349999999999996980, 0.5700000000000003952, 0.4649999999999996914 ) ) ;
#9731 = ORIENTED_EDGE ( 'NONE', *, *, #4155, .F. ) ;
#9732 = DIRECTION ( 'NONE',  ( 1.000000000000000000, 0.000000000000000000, -0.000000000000000000 ) ) ;
#9733 = EDGE_LOOP ( 'NONE', ( #10036, #1545, #11950, #5555 ) ) ;
#9734 = EDGE_CURVE ( 'NONE', #10998, #9824, #8194, .T. ) ;
#9735 = DIRECTION ( 'NONE',  ( -0.9063077870366493816, -0.4226182617407006625, 0.000000000000000000 ) ) ;
#9736 = ORIENTED_EDGE ( 'NONE', *, *, #2685, .F. ) ;
#9737 = FACE_BOUND ( 'NONE', #3566, .T. ) ;
#9738 = PLANE ( 'NONE',  #7403 ) ;
#9739 = DIRECTION ( 'NONE',  ( -0.000000000000000000, -0.000000000000000000, 1.000000000000000000 ) ) ;
#9740 = FACE_OUTER_BOUND ( 'NONE', #4294, .T. ) ;
#9741 = ORIENTED_EDGE ( 'NONE', *, *, #9060, .T. ) ;
#9742 = CARTESIAN_POINT ( 'NONE',  ( 11.75000000000000000, 0.9000000000000013545, 3.382601427321023646 ) ) ;
#9743 = VERTEX_POINT ( 'NONE', #11229 ) ;
#9744 = AXIS2_PLACEMENT_3D ( 'NONE', #12115, #7593, #1672 ) ;
#9745 = CARTESIAN_POINT ( 'NONE',  ( -11.59500000000000064, 1.055000000000000382, 3.715000000000003411 ) ) ;
#9746 = ORIENTED_EDGE ( 'NONE', *, *, #11382, .T. ) ;
#9747 = ADVANCED_FACE ( 'NONE', ( #4507 ), #5390, .T. ) ;
#9748 = ORIENTED_EDGE ( 'NONE', *, *, #3106, .T. ) ;
#9749 = CARTESIAN_POINT ( 'NONE',  ( 9.549999999999998934, 0.5700000000000003952, 0.6649999999999998135 ) ) ;
#9750 = DIRECTION ( 'NONE',  ( 1.000000000000000000, 0.000000000000000000, 0.000000000000000000 ) ) ;
#9751 = LINE ( 'NONE', #3263, #9282 ) ;
#9752 = EDGE_LOOP ( 'NONE', ( #5501, #9020, #9916, #9736 ) ) ;
#9753 = CARTESIAN_POINT ( 'NONE',  ( -4.470000000000003304, 1.870000000000000551, -1.875000000000000000 ) ) ;
#9754 = CARTESIAN_POINT ( 'NONE',  ( -8.570000000000002061, 0.000000000000000000, 0.4649999999999996914 ) ) ;
#9755 = EDGE_LOOP ( 'NONE', ( #6915, #4147, #10794, #454 ) ) ;
#9756 = EDGE_CURVE ( 'NONE', #8813, #5472, #528, .T. ) ;
#9757 = CIRCLE ( 'NONE', #10737, 0.1999999999999953204 ) ;
#9758 = LINE ( 'NONE', #2964, #12215 ) ;
#9759 = VECTOR ( 'NONE', #9442, 1000.000000000000000 ) ;
#9760 = FACE_OUTER_BOUND ( 'NONE', #673, .T. ) ;
#9761 = DIRECTION ( 'NONE',  ( -1.000000000000000000, 0.000000000000000000, 0.000000000000000000 ) ) ;
#9762 = EDGE_CURVE ( 'NONE', #5068, #168, #2578, .T. ) ;
#9763 = ORIENTED_EDGE ( 'NONE', *, *, #1395, .T. ) ;
#9764 = FACE_OUTER_BOUND ( 'NONE', #8608, .T. ) ;
#9765 = DIRECTION ( 'NONE',  ( 0.000000000000000000, 1.000000000000000000, 1.150347132610614786E-16 ) ) ;
#9766 = EDGE_CURVE ( 'NONE', #9433, #10153, #6342, .T. ) ;
#9767 = DIRECTION ( 'NONE',  ( 0.000000000000000000, -1.150347132610614786E-16, 1.000000000000000000 ) ) ;
#9768 = DIRECTION ( 'NONE',  ( 0.000000000000000000, 0.000000000000000000, 1.000000000000000000 ) ) ;
#9769 = VECTOR ( 'NONE', #7423, 1000.000000000000227 ) ;
#9770 = CARTESIAN_POINT ( 'NONE',  ( 4.129999999999998117, -3.049999999999999822, -3.714999999999999858 ) ) ;
#9771 = ORIENTED_EDGE ( 'NONE', *, *, #2929, .T. ) ;
#9772 = ORIENTED_EDGE ( 'NONE', *, *, #6813, .T. ) ;
#9773 = CARTESIAN_POINT ( 'NONE',  ( -0.9500000000000011768, 0.9000000000000005773, 0.4649999999999996914 ) ) ;
#9774 = CARTESIAN_POINT ( 'NONE',  ( -9.210000000000002629, 1.540000000000000924, -2.894999999999998241 ) ) ;
#9775 = DIRECTION ( 'NONE',  ( -0.000000000000000000, -0.000000000000000000, 1.000000000000000000 ) ) ;
#9776 = ADVANCED_FACE ( 'NONE', ( #4322 ), #6456, .F. ) ;
#9777 = CARTESIAN_POINT ( 'NONE',  ( 0.000000000000000000, 1.540000000000000480, 0.4649999999999996914 ) ) ;
#9778 = DIRECTION ( 'NONE',  ( -1.000000000000000000, 0.000000000000000000, 0.000000000000000000 ) ) ;
#9779 = EDGE_LOOP ( 'NONE', ( #9160, #9606, #11695, #11186 ) ) ;
#9780 = FACE_OUTER_BOUND ( 'NONE', #5100, .T. ) ;
#9781 = VECTOR ( 'NONE', #2632, 1000.000000000000000 ) ;
#9782 = ORIENTED_EDGE ( 'NONE', *, *, #11887, .T. ) ;
#9783 = EDGE_CURVE ( 'NONE', #5173, #5809, #2437, .T. ) ;
#9784 = EDGE_LOOP ( 'NONE', ( #7562, #10402, #10713, #8244 ) ) ;
#9785 = DIRECTION ( 'NONE',  ( 0.000000000000000000, 1.189977994191405372E-15, -1.000000000000000000 ) ) ;
#9786 = ORIENTED_EDGE ( 'NONE', *, *, #11164, .T. ) ;
#9787 = PRESENTATION_LAYER_ASSIGNMENT (  '', '', ( #4214 ) ) ;
#9788 = CYLINDRICAL_SURFACE ( 'NONE', #4089, 0.1800000000000013256 ) ;
#9789 = ORIENTED_EDGE ( 'NONE', *, *, #461, .F. ) ;
#9790 = PLANE ( 'NONE',  #124 ) ;
#9791 = CARTESIAN_POINT ( 'NONE',  ( -6.670000000000002593, 0.7200000000000001954, -3.714999999999999414 ) ) ;
#9792 = CARTESIAN_POINT ( 'NONE',  ( 4.129999999999998117, 1.540000000000000480, 3.382601427321023646 ) ) ;
#9793 = EDGE_CURVE ( 'NONE', #292, #694, #652, .T. ) ;
#9794 = PLANE ( 'NONE',  #7912 ) ;
#9795 = DIRECTION ( 'NONE',  ( 0.000000000000000000, 1.000000000000000000, 0.000000000000000000 ) ) ;
#9796 = CYLINDRICAL_SURFACE ( 'NONE', #6927, 0.1999999999999953204 ) ;
#9797 = ORIENTED_EDGE ( 'NONE', *, *, #3409, .F. ) ;
#9798 = CARTESIAN_POINT ( 'NONE',  ( 8.570000000000000284, 0.7199999999999999734, -2.894999999999998241 ) ) ;
#9799 = AXIS2_PLACEMENT_3D ( 'NONE', #2536, #669, #12160 ) ;
#9800 = ORIENTED_EDGE ( 'NONE', *, *, #2458, .T. ) ;
#9801 = LINE ( 'NONE', #10498, #7251 ) ;
#9802 = ORIENTED_EDGE ( 'NONE', *, *, #9358, .T. ) ;
#9803 = ORIENTED_EDGE ( 'NONE', *, *, #3240, .T. ) ;
#9804 =( NAMED_UNIT ( * ) PLANE_ANGLE_UNIT ( ) SI_UNIT ( $, .RADIAN. ) );
#9805 = DIRECTION ( 'NONE',  ( 0.000000000000000000, 0.000000000000000000, -1.000000000000000000 ) ) ;
#9806 = PLANE ( 'NONE',  #10154 ) ;
#9807 = VECTOR ( 'NONE', #257, 1000.000000000000000 ) ;
#9808 = DIRECTION ( 'NONE',  ( -0.000000000000000000, -0.000000000000000000, 1.000000000000000000 ) ) ;
#9809 = ORIENTED_EDGE ( 'NONE', *, *, #4142, .T. ) ;
#9810 = FACE_OUTER_BOUND ( 'NONE', #2579, .T. ) ;
#9811 = CARTESIAN_POINT ( 'NONE',  ( 6.029999999999998472, -3.049999999999999822, -3.075000000000000178 ) ) ;
#9812 = CARTESIAN_POINT ( 'NONE',  ( -13.11000000000000654, 0.5700000000000003952, 0.4649999999999996914 ) ) ;
#9813 = VERTEX_POINT ( 'NONE', #6273 ) ;
#9814 = LINE ( 'NONE', #9884, #2460 ) ;
#9815 = ADVANCED_FACE ( 'NONE', ( #10062 ), #12028, .F. ) ;
#9816 = VECTOR ( 'NONE', #771, 1000.000000000000000 ) ;
#9817 = CARTESIAN_POINT ( 'NONE',  ( -0.9500000000000011768, 1.540000000000000480, 3.715000000000003411 ) ) ;
#9818 = LINE ( 'NONE', #353, #6090 ) ;
#9819 = DIRECTION ( 'NONE',  ( -0.000000000000000000, -0.000000000000000000, 1.000000000000000000 ) ) ;
#9820 = CARTESIAN_POINT ( 'NONE',  ( -13.80500000000000327, -3.049999999999999822, -3.075000000000000178 ) ) ;
#9821 = VECTOR ( 'NONE', #8630, 1000.000000000000000 ) ;
#9822 = SURFACE_STYLE_USAGE ( .BOTH. , #8777 ) ;
#9823 = ORIENTED_EDGE ( 'NONE', *, *, #6816, .T. ) ;
#9824 = VERTEX_POINT ( 'NONE', #3573 ) ;
#9825 = DIRECTION ( 'NONE',  ( 0.000000000000000000, 0.000000000000000000, -1.000000000000000000 ) ) ;
#9826 = EDGE_CURVE ( 'NONE', #4532, #4535, #3515, .T. ) ;
#9827 = CIRCLE ( 'NONE', #5048, 0.1999999999999953204 ) ;
#9828 = CIRCLE ( 'NONE', #4658, 0.1999999999999953204 ) ;
#9829 = EDGE_CURVE ( 'NONE', #5173, #10459, #11117, .T. ) ;
#9830 = LINE ( 'NONE', #4162, #5918 ) ;
#9831 = ORIENTED_EDGE ( 'NONE', *, *, #793, .F. ) ;
#9832 = ORIENTED_EDGE ( 'NONE', *, *, #3667, .T. ) ;
#9833 = CARTESIAN_POINT ( 'NONE',  ( 7.620000000000000107, 1.055000000000000382, 3.715000000000003411 ) ) ;
#9834 = CIRCLE ( 'NONE', #11418, 0.1800000000000013256 ) ;
#9835 = LINE ( 'NONE', #1248, #11139 ) ;
#9836 = DIRECTION ( 'NONE',  ( -1.000000000000000000, 0.000000000000000000, 0.000000000000000000 ) ) ;
#9837 = DIRECTION ( 'NONE',  ( 0.000000000000000000, 0.000000000000000000, -1.000000000000000000 ) ) ;
#9838 = DIRECTION ( 'NONE',  ( 1.000000000000000000, 0.000000000000000000, 0.000000000000000000 ) ) ;
#9839 = ORIENTED_EDGE ( 'NONE', *, *, #4633, .F. ) ;
#9840 = CARTESIAN_POINT ( 'NONE',  ( -9.210000000000002629, 1.540000000000000480, 3.382601427321023646 ) ) ;
#9841 = AXIS2_PLACEMENT_3D ( 'NONE', #10723, #3055, #10481 ) ;
#9842 = ORIENTED_EDGE ( 'NONE', *, *, #3087, .T. ) ;
#9843 = ADVANCED_FACE ( 'NONE', ( #6520 ), #7384, .T. ) ;
#9844 = VECTOR ( 'NONE', #2693, 1000.000000000000000 ) ;
#9845 = ORIENTED_EDGE ( 'NONE', *, *, #1563, .F. ) ;
#9846 = VECTOR ( 'NONE', #8041, 1000.000000000000000 ) ;
#9847 = ADVANCED_FACE ( 'NONE', ( #5327 ), #5515, .T. ) ;
#9848 = CARTESIAN_POINT ( 'NONE',  ( -11.11000000000000121, 0.9000000000000005773, -2.894999999999997797 ) ) ;
#9849 = AXIS2_PLACEMENT_3D ( 'NONE', #5556, #695, #3491 ) ;
#9850 = DIRECTION ( 'NONE',  ( -0.3892816206350276365, 0.3892816206350255825, -0.8348171294789862307 ) ) ;
#9851 = EDGE_LOOP ( 'NONE', ( #3604, #4266 ) ) ;
#9852 = DIRECTION ( 'NONE',  ( 0.000000000000000000, 0.000000000000000000, -1.000000000000000000 ) ) ;
#9853 = EDGE_LOOP ( 'NONE', ( #5354, #6118, #9877, #12086 ) ) ;
#9854 = VECTOR ( 'NONE', #3209, 1000.000000000000000 ) ;
#9855 = ADVANCED_FACE ( 'NONE', ( #9317 ), #787, .F. ) ;
#9856 = FACE_BOUND ( 'NONE', #2040, .T. ) ;
#9857 = CARTESIAN_POINT ( 'NONE',  ( -5.490000000000007319, 0.5700000000000003952, 0.6649999999999998135 ) ) ;
#9858 = ADVANCED_FACE ( 'NONE', ( #10307 ), #1768, .T. ) ;
#9859 = DIRECTION ( 'NONE',  ( -0.3892816206350259711, 0.8348171294789868968, -0.3892816206350259711 ) ) ;
#9860 = AXIS2_PLACEMENT_3D ( 'NONE', #8898, #356, #4154 ) ;
#9861 = CARTESIAN_POINT ( 'NONE',  ( 0.000000000000000000, 1.540000000000000480, -1.674999999999999822 ) ) ;
#9862 = DIRECTION ( 'NONE',  ( 0.000000000000000000, 0.000000000000000000, 1.000000000000000000 ) ) ;
#9863 = ORIENTED_EDGE ( 'NONE', *, *, #1608, .T. ) ;
#9864 = LINE ( 'NONE', #9125, #1489 ) ;
#9865 = ORIENTED_EDGE ( 'NONE', *, *, #7188, .F. ) ;
#9866 = ORIENTED_EDGE ( 'NONE', *, *, #11322, .F. ) ;
#9867 = VECTOR ( 'NONE', #5006, 1000.000000000000000 ) ;
#9868 = ADVANCED_FACE ( 'NONE', ( #12268 ), #4809, .F. ) ;
#9869 = CIRCLE ( 'NONE', #8476, 0.1999999999999953204 ) ;
#9870 = LINE ( 'NONE', #3194, #6480 ) ;
#9871 = ORIENTED_EDGE ( 'NONE', *, *, #9393, .T. ) ;
#9872 = CARTESIAN_POINT ( 'NONE',  ( -11.89000000000000767, 1.870000000000000551, -1.674999999999999822 ) ) ;
#9873 = DIRECTION ( 'NONE',  ( -0.000000000000000000, -0.000000000000000000, 1.000000000000000000 ) ) ;
#9874 = LINE ( 'NONE', #1342, #11734 ) ;
#9875 = DIRECTION ( 'NONE',  ( 1.000000000000000000, 0.000000000000000000, 0.000000000000000000 ) ) ;
#9876 = EDGE_CURVE ( 'NONE', #11312, #11279, #2758, .T. ) ;
#9877 = ORIENTED_EDGE ( 'NONE', *, *, #4768, .T. ) ;
#9878 = DIRECTION ( 'NONE',  ( -1.000000000000000000, 0.000000000000000000, 0.000000000000000000 ) ) ;
#9879 = CARTESIAN_POINT ( 'NONE',  ( 11.10999999999999943, 0.7199999999999999734, -2.894999999999998241 ) ) ;
#9880 = AXIS2_PLACEMENT_3D ( 'NONE', #5069, #8004, #7074 ) ;
#9881 = CARTESIAN_POINT ( 'NONE',  ( 6.067012187167226678, 1.436334613170440644, -5.652012187167225754 ) ) ;
#9882 = ORIENTED_EDGE ( 'NONE', *, *, #6104, .F. ) ;
#9883 = ORIENTED_EDGE ( 'NONE', *, *, #7598, .F. ) ;
#9884 = CARTESIAN_POINT ( 'NONE',  ( -4.130000000000001670, -3.049999999999999822, -3.714999999999999858 ) ) ;
#9885 = CIRCLE ( 'NONE', #7704, 0.8200000000000012834 ) ;
#9886 = ORIENTED_EDGE ( 'NONE', *, *, #1909, .F. ) ;
#9887 = AXIS2_PLACEMENT_3D ( 'NONE', #12057, #7122, #7351 ) ;
#9888 = FACE_OUTER_BOUND ( 'NONE', #3246, .T. ) ;
#9889 = ORIENTED_EDGE ( 'NONE', *, *, #9101, .T. ) ;
#9890 = LINE ( 'NONE', #11684, #4679 ) ;
#9891 = CARTESIAN_POINT ( 'NONE',  ( -2.129999999999998117, 1.870000000000000551, 0.4649999999999996914 ) ) ;
#9892 = AXIS2_PLACEMENT_3D ( 'NONE', #8634, #5773, #4016 ) ;
#9893 = DIRECTION ( 'NONE',  ( -0.3892816206350239172, 0.3892816206350261377, 0.8348171294789875629 ) ) ;
#9894 = CARTESIAN_POINT ( 'NONE',  ( 5.889999999999992575, 1.870000000000000551, -1.674999999999999822 ) ) ;
#9895 = ADVANCED_FACE ( 'NONE', ( #2947 ), #8618, .T. ) ;
#9896 = PLANE ( 'NONE',  #1176 ) ;
#9897 = VECTOR ( 'NONE', #8964, 1000.000000000000000 ) ;
#9898 = ORIENTED_EDGE ( 'NONE', *, *, #10212, .F. ) ;
#9899 = CARTESIAN_POINT ( 'NONE',  ( 8.429999999999992610, 1.870000000000000551, 0.6649999999999998135 ) ) ;
#9900 = VECTOR ( 'NONE', #9497, 1000.000000000000000 ) ;
#9901 = CIRCLE ( 'NONE', #6130, 0.8200000000000012834 ) ;
#9902 = VERTEX_POINT ( 'NONE', #6579 ) ;
#9903 = CARTESIAN_POINT ( 'NONE',  ( 9.350000000000004974, 0.5700000000000003952, 0.4649999999999996914 ) ) ;
#9904 = ORIENTED_EDGE ( 'NONE', *, *, #8761, .T. ) ;
#9905 = ORIENTED_EDGE ( 'NONE', *, *, #11367, .F. ) ;
#9906 = DIRECTION ( 'NONE',  ( 0.000000000000000000, 1.000000000000000000, -1.150347132610614786E-16 ) ) ;
#9907 = DIRECTION ( 'NONE',  ( -1.000000000000000000, 0.000000000000000000, -0.000000000000000000 ) ) ;
#9908 = AXIS2_PLACEMENT_3D ( 'NONE', #8224, #3547, #685 ) ;
#9909 = LINE ( 'NONE', #10831, #4974 ) ;
#9910 = DIRECTION ( 'NONE',  ( -1.000000000000000000, 0.000000000000000000, 0.000000000000000000 ) ) ;
#9911 = AXIS2_PLACEMENT_3D ( 'NONE', #9918, #3421, #436 ) ;
#9912 = DIRECTION ( 'NONE',  ( -0.000000000000000000, -0.000000000000000000, 1.000000000000000000 ) ) ;
#9913 = PLANE ( 'NONE',  #7834 ) ;
#9914 = CARTESIAN_POINT ( 'NONE',  ( 14.29000000000000092, 0.7199999999999999734, -2.894999999999998241 ) ) ;
#9915 = EDGE_CURVE ( 'NONE', #989, #5748, #3697, .T. ) ;
#9916 = ORIENTED_EDGE ( 'NONE', *, *, #5680, .F. ) ;
#9917 = ORIENTED_EDGE ( 'NONE', *, *, #10334, .F. ) ;
#9918 = CARTESIAN_POINT ( 'NONE',  ( 11.75000000000000000, -3.049999999999999822, -3.075000000000000178 ) ) ;
#9919 = CARTESIAN_POINT ( 'NONE',  ( -13.65000000000000213, 0.9000000000000005773, 3.715000000000003411 ) ) ;
#9920 = ORIENTED_EDGE ( 'NONE', *, *, #9038, .T. ) ;
#9921 = DIRECTION ( 'NONE',  ( -0.000000000000000000, -0.000000000000000000, 1.000000000000000000 ) ) ;
#9922 = EDGE_CURVE ( 'NONE', #5795, #7701, #7698, .T. ) ;
#9923 = FACE_OUTER_BOUND ( 'NONE', #1392, .T. ) ;
#9924 = DIRECTION ( 'NONE',  ( 1.000000000000000000, 0.000000000000000000, 0.000000000000000000 ) ) ;
#9925 = DIRECTION ( 'NONE',  ( -0.000000000000000000, 0.000000000000000000, -1.000000000000000000 ) ) ;
#9926 = DIRECTION ( 'NONE',  ( 1.000000000000000000, 0.000000000000000000, 0.000000000000000000 ) ) ;
#9927 = CYLINDRICAL_SURFACE ( 'NONE', #7519, 0.1999999999999952094 ) ;
#9928 = EDGE_LOOP ( 'NONE', ( #4466, #1632, #994, #6616 ) ) ;
#9929 = ADVANCED_FACE ( 'NONE', ( #3007 ), #4746, .F. ) ;
#9930 = LINE ( 'NONE', #2506, #6867 ) ;
#9931 = ORIENTED_EDGE ( 'NONE', *, *, #2138, .F. ) ;
#9932 = ORIENTED_EDGE ( 'NONE', *, *, #2152, .F. ) ;
#9933 = CARTESIAN_POINT ( 'NONE',  ( -12.09000000000000341, 1.870000000000000551, -1.875000000000000000 ) ) ;
#9934 = EDGE_LOOP ( 'NONE', ( #542, #11583, #11026, #11661 ) ) ;
#9935 = LINE ( 'NONE', #1399, #4891 ) ;
#9936 = FACE_OUTER_BOUND ( 'NONE', #1870, .T. ) ;
#9937 = LINE ( 'NONE', #11668, #11151 ) ;
#9938 = PLANE ( 'NONE',  #6011 ) ;
#9939 = DIRECTION ( 'NONE',  ( 0.000000000000000000, 0.000000000000000000, 1.000000000000000000 ) ) ;
#9940 = PLANE ( 'NONE',  #11873 ) ;
#9941 = DIRECTION ( 'NONE',  ( 1.000000000000000000, 0.000000000000000000, 0.000000000000000000 ) ) ;
#9942 = VERTEX_POINT ( 'NONE', #6640 ) ;
#9943 = EDGE_CURVE ( 'NONE', #5944, #1131, #6770, .T. ) ;
#9944 = ORIENTED_EDGE ( 'NONE', *, *, #4498, .T. ) ;
#9945 = CARTESIAN_POINT ( 'NONE',  ( -5.490000000000007319, 0.5700000000000003952, 0.6649999999999998135 ) ) ;
#9946 = ORIENTED_EDGE ( 'NONE', *, *, #11090, .T. ) ;
#9947 = ADVANCED_FACE ( 'NONE', ( #842 ), #10490, .F. ) ;
#9948 = PLANE ( 'NONE',  #10631 ) ;
#9949 = ORIENTED_EDGE ( 'NONE', *, *, #5705, .F. ) ;
#9950 = FILL_AREA_STYLE ('',( #6163 ) ) ;
#9951 = CARTESIAN_POINT ( 'NONE',  ( -9.210000000000002629, 1.540000000000000480, -1.674999999999999822 ) ) ;
#9952 = DIRECTION ( 'NONE',  ( -0.000000000000000000, 0.000000000000000000, -1.000000000000000000 ) ) ;
#9953 = ORIENTED_EDGE ( 'NONE', *, *, #11517, .F. ) ;
#9954 = AXIS2_PLACEMENT_3D ( 'NONE', #7109, #10896, #5168 ) ;
#9956 = ADVANCED_FACE ( 'NONE', ( #1822 ), #4873, .F. ) ;
#9955 = CARTESIAN_POINT ( 'NONE',  ( 4.270000000000003126, 0.5700000000000003952, -1.674999999999999822 ) ) ;
#9957 = CIRCLE ( 'NONE', #7774, 0.1999999999999953204 ) ;
#9958 = VERTEX_POINT ( 'NONE', #7756 ) ;
#9959 = CARTESIAN_POINT ( 'NONE',  ( -3.490000000000001990, 1.540000000000000480, 3.382601427321023646 ) ) ;
#9960 = ADVANCED_FACE ( 'NONE', ( #2812 ), #1030, .F. ) ;
#9961 = ORIENTED_EDGE ( 'NONE', *, *, #10041, .T. ) ;
#9962 = CARTESIAN_POINT ( 'NONE',  ( 11.26500000000000057, -3.049999999999999822, -3.230000000000000870 ) ) ;
#9963 = VECTOR ( 'NONE', #6285, 1000.000000000000000 ) ;
#9964 = DIRECTION ( 'NONE',  ( 1.000000000000000000, 0.000000000000000000, 0.000000000000000000 ) ) ;
#9965 = CARTESIAN_POINT ( 'NONE',  ( -11.11000000000000121, 0.9000000000000012434, -2.894999999999998241 ) ) ;
#9966 = PLANE ( 'NONE',  #12300 ) ;
#9967 = LINE ( 'NONE', #2362, #5537 ) ;
#9968 = CARTESIAN_POINT ( 'NONE',  ( 25.40000000000000213, -3.049999999999999822, -4.336808689942017736E-16 ) ) ;
#9969 = EDGE_LOOP ( 'NONE', ( #7326, #2970, #11477, #4913 ) ) ;
#9970 = CARTESIAN_POINT ( 'NONE',  ( 5.689999999999996838, 1.870000000000000551, 0.6649999999999998135 ) ) ;
#9971 = ADVANCED_FACE ( 'NONE', ( #2067 ), #11407, .T. ) ;
#9972 = ORIENTED_EDGE ( 'NONE', *, *, #3553, .F. ) ;
#9973 = DIRECTION ( 'NONE',  ( 1.000000000000000000, 0.000000000000000000, 0.000000000000000000 ) ) ;
#9974 = DIRECTION ( 'NONE',  ( 0.000000000000000000, 0.000000000000000000, 1.000000000000000000 ) ) ;
#9975 = EDGE_CURVE ( 'NONE', #9215, #10648, #3942, .T. ) ;
#9976 = EDGE_LOOP ( 'NONE', ( #6477, #11106, #3419, #9213 ) ) ;
#9977 = DIRECTION ( 'NONE',  ( 1.000000000000000000, 0.000000000000000000, -0.000000000000000000 ) ) ;
#9978 = DIRECTION ( 'NONE',  ( 0.000000000000000000, -1.000000000000000000, 0.000000000000000000 ) ) ;
#9979 = VECTOR ( 'NONE', #6901, 1000.000000000000000 ) ;
#9980 = CARTESIAN_POINT ( 'NONE',  ( 4.129999999999998117, 0.9000000000000005773, -2.894999999999997797 ) ) ;
#9981 = DIRECTION ( 'NONE',  ( 0.9063077870366486044, -4.861577055822993677E-17, -0.4226182617407024389 ) ) ;
#9982 = CARTESIAN_POINT ( 'NONE',  ( 9.549999999999998934, 0.5700000000000003952, 0.4649999999999996914 ) ) ;
#9983 = CYLINDRICAL_SURFACE ( 'NONE', #11088, 0.1999999999999953204 ) ;
#9984 = ORIENTED_EDGE ( 'NONE', *, *, #11511, .T. ) ;
#9985 = CARTESIAN_POINT ( 'NONE',  ( 0.9499999999999977351, -3.049999999999999822, -3.075000000000000178 ) ) ;
#9986 = EDGE_CURVE ( 'NONE', #3578, #8560, #9560, .T. ) ;
#9987 = ORIENTED_EDGE ( 'NONE', *, *, #8491, .F. ) ;
#9988 = VECTOR ( 'NONE', #8055, 1000.000000000000000 ) ;
#9989 = DIRECTION ( 'NONE',  ( 0.000000000000000000, 1.000000000000000000, -1.150347132610614786E-16 ) ) ;
#9990 = EDGE_CURVE ( 'NONE', #7350, #11175, #1257, .T. ) ;
#9991 = ORIENTED_EDGE ( 'NONE', *, *, #3428, .T. ) ;
#9992 = DIRECTION ( 'NONE',  ( -0.000000000000000000, -0.000000000000000000, -1.000000000000000000 ) ) ;
#9993 = CARTESIAN_POINT ( 'NONE',  ( -9.550000000000002487, 1.870000000000000551, 0.6649999999999998135 ) ) ;
#9994 = CARTESIAN_POINT ( 'NONE',  ( 3.149999999999996358, 1.870000000000000551, 0.6649999999999998135 ) ) ;
#9995 = CARTESIAN_POINT ( 'NONE',  ( 3.489999999999998437, 1.540000000000000480, -2.894999999999997797 ) ) ;
#9996 = CARTESIAN_POINT ( 'NONE',  ( 6.029999999999998472, 0.9000000000000005773, 0.4649999999999996914 ) ) ;
#9997 = DIRECTION ( 'NONE',  ( -0.000000000000000000, 1.000000000000000000, 1.150347132610614786E-16 ) ) ;
#9998 = CARTESIAN_POINT ( 'NONE',  ( -1.730000000000007532, 1.870000000000000551, 0.6649999999999998135 ) ) ;
#9999 = VECTOR ( 'NONE', #9210, 1000.000000000000000 ) ;
#10000 = ORIENTED_EDGE ( 'NONE', *, *, #1968, .F. ) ;
#10001 = ORIENTED_EDGE ( 'NONE', *, *, #708, .F. ) ;
#10002 = CARTESIAN_POINT ( 'NONE',  ( 5.490000000000001990, 1.870000000000000551, -1.875000000000000000 ) ) ;
#10003 = ORIENTED_EDGE ( 'NONE', *, *, #8154, .T. ) ;
#10004 = AXIS2_PLACEMENT_3D ( 'NONE', #1588, #9197, #8257 ) ;
#10005 = CARTESIAN_POINT ( 'NONE',  ( -6.030000000000002025, 1.540000000000001146, -2.894999999999998241 ) ) ;
#10006 = EDGE_CURVE ( 'NONE', #10818, #6311, #6828, .T. ) ;
#10007 = FACE_OUTER_BOUND ( 'NONE', #7507, .T. ) ;
#10008 = DIRECTION ( 'NONE',  ( -1.000000000000000000, 0.000000000000000000, 0.000000000000000000 ) ) ;
#10009 = CARTESIAN_POINT ( 'NONE',  ( 11.59499999999999886, -3.049999999999999822, -3.230000000000000870 ) ) ;
#10010 = PLANE ( 'NONE',  #7088 ) ;
#10011 = ORIENTED_EDGE ( 'NONE', *, *, #7733, .T. ) ;
#10012 = EDGE_LOOP ( 'NONE', ( #5333, #1513 ) ) ;
#10013 = EDGE_CURVE ( 'NONE', #10499, #578, #11590, .T. ) ;
#10014 = FACE_OUTER_BOUND ( 'NONE', #3422, .T. ) ;
#10015 = ORIENTED_EDGE ( 'NONE', *, *, #11257, .T. ) ;
#10016 = CARTESIAN_POINT ( 'NONE',  ( -14.43000000000000860, 1.870000000000000551, -1.875000000000000000 ) ) ;
#10017 = VECTOR ( 'NONE', #6399, 1000.000000000000000 ) ;
#10018 = ADVANCED_FACE ( 'NONE', ( #3188 ), #8808, .F. ) ;
#10019 = ORIENTED_EDGE ( 'NONE', *, *, #1927, .F. ) ;
#10020 = CARTESIAN_POINT ( 'NONE',  ( 3.489999999999998437, 1.540000000000001146, -2.894999999999998241 ) ) ;
#10021 = EDGE_CURVE ( 'NONE', #11671, #676, #9683, .T. ) ;
#10022 = AXIS2_PLACEMENT_3D ( 'NONE', #5866, #9670, #3115 ) ;
#10023 = CARTESIAN_POINT ( 'NONE',  ( 4.469999999999997975, 0.5700000000000003952, -1.875000000000000000 ) ) ;
#10024 = CARTESIAN_POINT ( 'NONE',  ( -1.590000000000001190, 1.540000000000000480, 3.715000000000003411 ) ) ;
#10025 = EDGE_CURVE ( 'NONE', #2881, #3125, #6888, .T. ) ;
#10026 = CARTESIAN_POINT ( 'NONE',  ( -3.645000000000000462, 1.385000000000000897, 3.715000000000003411 ) ) ;
#10027 = VECTOR ( 'NONE', #1052, 1000.000000000000000 ) ;
#10028 = DIRECTION ( 'NONE',  ( 1.000000000000000000, 0.000000000000000000, -0.000000000000000000 ) ) ;
#10029 = FACE_OUTER_BOUND ( 'NONE', #3610, .T. ) ;
#10030 = VECTOR ( 'NONE', #8653, 1000.000000000000000 ) ;
#10031 = VERTEX_POINT ( 'NONE', #10792 ) ;
#10032 = FACE_OUTER_BOUND ( 'NONE', #2042, .T. ) ;
#10033 = VECTOR ( 'NONE', #10369, 1000.000000000000000 ) ;
#10034 = ORIENTED_EDGE ( 'NONE', *, *, #10836, .F. ) ;
#10035 = CARTESIAN_POINT ( 'NONE',  ( 1.104999999999998428, -2.174999999999998934, 3.715000000000003855 ) ) ;
#10036 = ORIENTED_EDGE ( 'NONE', *, *, #8307, .T. ) ;
#10037 = ORIENTED_EDGE ( 'NONE', *, *, #8292, .T. ) ;
#10038 = DIRECTION ( 'NONE',  ( -0.000000000000000000, -0.000000000000000000, -1.000000000000000000 ) ) ;
#10039 = CIRCLE ( 'NONE', #912, 0.1999999999999953204 ) ;
#10040 = CARTESIAN_POINT ( 'NONE',  ( 0.6099999999999959899, 1.870000000000000551, 0.4649999999999996914 ) ) ;
#10041 = EDGE_CURVE ( 'NONE', #1951, #5298, #3250, .T. ) ;
#10042 = CARTESIAN_POINT ( 'NONE',  ( -15.24000000000000199, 0.000000000000000000, -1.674999999999999822 ) ) ;
#10043 = DIRECTION ( 'NONE',  ( 1.000000000000000000, 0.000000000000000000, -0.000000000000000000 ) ) ;
#10044 = CARTESIAN_POINT ( 'NONE',  ( -4.130000000000001670, 0.7200000000000001954, -3.074999999999999734 ) ) ;
#10045 = ORIENTED_EDGE ( 'NONE', *, *, #1332, .T. ) ;
#10046 = AXIS2_PLACEMENT_3D ( 'NONE', #2849, #10462, #7479 ) ;
#10047 = PLANE ( 'NONE',  #4859 ) ;
#10048 = VECTOR ( 'NONE', #8975, 1000.000000000000000 ) ;
#10049 = ORIENTED_EDGE ( 'NONE', *, *, #135, .F. ) ;
#10050 = AXIS2_PLACEMENT_3D ( 'NONE', #3624, #644, #835 ) ;
#10051 = DIRECTION ( 'NONE',  ( -1.000000000000000000, 0.000000000000000000, 0.000000000000000000 ) ) ;
#10052 = ORIENTED_EDGE ( 'NONE', *, *, #1874, .T. ) ;
#10053 = FACE_OUTER_BOUND ( 'NONE', #4786, .T. ) ;
#10054 = CARTESIAN_POINT ( 'NONE',  ( 1.589999999999997637, -2.717601427321017837, -3.075000000000000178 ) ) ;
#10055 = AXIS2_PLACEMENT_3D ( 'NONE', #9540, #6753, #2988 ) ;
#10056 = ORIENTED_EDGE ( 'NONE', *, *, #4461, .F. ) ;
#10057 = AXIS2_PLACEMENT_3D ( 'NONE', #9637, #4896, #7833 ) ;
#10058 = DIRECTION ( 'NONE',  ( -1.000000000000000000, 0.000000000000000000, 0.000000000000000000 ) ) ;
#10059 = CARTESIAN_POINT ( 'NONE',  ( 1.589999999999997637, 1.540000000000000480, -2.894999999999997797 ) ) ;
#10060 = CARTESIAN_POINT ( 'NONE',  ( 5.689999999999996838, 1.870000000000000551, -1.875000000000000000 ) ) ;
#10061 = LINE ( 'NONE', #2577, #7325 ) ;
#10062 = FACE_OUTER_BOUND ( 'NONE', #2718, .T. ) ;
#10063 = EDGE_LOOP ( 'NONE', ( #1381, #219 ) ) ;
#10064 = VERTEX_POINT ( 'NONE', #3129 ) ;
#10065 = CARTESIAN_POINT ( 'NONE',  ( -0.9500000000000011768, 1.540000000000001146, -2.894999999999998241 ) ) ;
#10066 = EDGE_CURVE ( 'NONE', #5800, #4480, #7875, .T. ) ;
#10067 = ORIENTED_EDGE ( 'NONE', *, *, #7136, .T. ) ;
#10068 = CARTESIAN_POINT ( 'NONE',  ( 9.749999999999994671, 0.5700000000000003952, -1.875000000000000000 ) ) ;
#10069 = VERTEX_POINT ( 'NONE', #199 ) ;
#10070 = VECTOR ( 'NONE', #9627, 1000.000000000000000 ) ;
#10071 = UNCERTAINTY_MEASURE_WITH_UNIT (LENGTH_MEASURE( 1.000000000000000082E-05 ), #9264, 'distance_accuracy_value', 'NONE');
#10072 = LINE ( 'NONE', #1538, #6797 ) ;
#10073 = DIRECTION ( 'NONE',  ( 1.000000000000000000, 0.000000000000000000, 0.000000000000000000 ) ) ;
#10074 = EDGE_LOOP ( 'NONE', ( #8415, #8366, #1167, #11384 ) ) ;
#10075 = EDGE_CURVE ( 'NONE', #7631, #2608, #3064, .T. ) ;
#10076 = ORIENTED_EDGE ( 'NONE', *, *, #9631, .T. ) ;
#10077 = CARTESIAN_POINT ( 'NONE',  ( 6.669999999999999041, 0.9000000000000005773, -2.894999999999997797 ) ) ;
#10078 = ORIENTED_EDGE ( 'NONE', *, *, #7285, .F. ) ;
#10079 = ORIENTED_EDGE ( 'NONE', *, *, #1198, .F. ) ;
#10080 = DIRECTION ( 'NONE',  ( 0.000000000000000000, 0.9063077870366494926, -0.4226182617407005515 ) ) ;
#10081 = EDGE_CURVE ( 'NONE', #2949, #3145, #2254, .T. ) ;
#10082 = ORIENTED_EDGE ( 'NONE', *, *, #10473, .T. ) ;
#10083 = AXIS2_PLACEMENT_3D ( 'NONE', #2808, #4740, #4561 ) ;
#10084 = ORIENTED_EDGE ( 'NONE', *, *, #2458, .F. ) ;
#10085 = EDGE_CURVE ( 'NONE', #4326, #8480, #11657, .T. ) ;
#10086 = VECTOR ( 'NONE', #2827, 1000.000000000000000 ) ;
#10087 = ORIENTED_EDGE ( 'NONE', *, *, #6543, .F. ) ;
#10088 = CARTESIAN_POINT ( 'NONE',  ( 4.469999999999997975, 0.5700000000000003952, 0.6649999999999998135 ) ) ;
#10089 = ORIENTED_EDGE ( 'NONE', *, *, #1114, .T. ) ;
#10090 = FACE_OUTER_BOUND ( 'NONE', #7365, .T. ) ;
#10091 = VECTOR ( 'NONE', #4039, 1000.000000000000000 ) ;
#10092 = DIRECTION ( 'NONE',  ( -1.000000000000000000, 0.000000000000000000, 0.000000000000000000 ) ) ;
#10093 = CARTESIAN_POINT ( 'NONE',  ( -7.010000000000004228, 1.870000000000000551, 0.6649999999999998135 ) ) ;
#10094 = DIRECTION ( 'NONE',  ( -0.000000000000000000, -0.000000000000000000, 1.000000000000000000 ) ) ;
#10095 = EDGE_LOOP ( 'NONE', ( #844, #3195, #11785, #314 ) ) ;
#10096 = CARTESIAN_POINT ( 'NONE',  ( -4.130000000000001670, 0.9000000000000005773, -2.894999999999997797 ) ) ;
#10097 = VECTOR ( 'NONE', #9739, 1000.000000000000000 ) ;
#10098 = EDGE_CURVE ( 'NONE', #11645, #6943, #10914, .T. ) ;
#10099 = AXIS2_PLACEMENT_3D ( 'NONE', #5683, #4672, #2994 ) ;
#10100 = ORIENTED_EDGE ( 'NONE', *, *, #10884, .F. ) ;
#10101 = ORIENTED_EDGE ( 'NONE', *, *, #10247, .T. ) ;
#10102 = ADVANCED_FACE ( 'NONE', ( #9740 ), #6066, .F. ) ;
#10103 = DIRECTION ( 'NONE',  ( -0.000000000000000000, -1.000000000000000000, 0.000000000000000000 ) ) ;
#10104 = VECTOR ( 'NONE', #6504, 1000.000000000000000 ) ;
#10105 = ORIENTED_EDGE ( 'NONE', *, *, #6999, .F. ) ;
#10106 = CARTESIAN_POINT ( 'NONE',  ( -6.670000000000002593, -2.717601427321017837, -3.075000000000000178 ) ) ;
#10107 = EDGE_LOOP ( 'NONE', ( #6775, #7264, #9803, #12108 ) ) ;
#10108 = FACE_OUTER_BOUND ( 'NONE', #5059, .T. ) ;
#10109 = CARTESIAN_POINT ( 'NONE',  ( -1.590000000000001190, 0.9000000000000012434, -2.894999999999998241 ) ) ;
#10110 = DIRECTION ( 'NONE',  ( -0.000000000000000000, -0.000000000000000000, 1.000000000000000000 ) ) ;
#10111 = LINE ( 'NONE', #10223, #11591 ) ;
#10112 = FACE_OUTER_BOUND ( 'NONE', #9090, .T. ) ;
#10113 = VERTEX_POINT ( 'NONE', #8057 ) ;
#10114 = EDGE_CURVE ( 'NONE', #11743, #9231, #8749, .T. ) ;
#10115 = DIRECTION ( 'NONE',  ( -0.3892816206350276365, 0.3892816206350255825, -0.8348171294789862307 ) ) ;
#10116 = AXIS2_PLACEMENT_3D ( 'NONE', #172, #9767, #5917 ) ;
#10117 = VERTEX_POINT ( 'NONE', #1328 ) ;
#10118 = CARTESIAN_POINT ( 'NONE',  ( 13.65000000000000036, 0.9000000000000013545, 3.382601427321023646 ) ) ;
#10119 = VERTEX_POINT ( 'NONE', #1267 ) ;
#10120 = DIRECTION ( 'NONE',  ( -1.000000000000000000, 0.000000000000000000, 0.000000000000000000 ) ) ;
#10121 = LINE ( 'NONE', #8314, #291 ) ;
#10122 = CIRCLE ( 'NONE', #6363, 0.1999999999999953204 ) ;
#10123 = CARTESIAN_POINT ( 'NONE',  ( 10.96999999999999353, 1.870000000000000551, 0.4649999999999996914 ) ) ;
#10124 = FILL_AREA_STYLE_COLOUR ( '', #225 ) ;
#10125 = DIRECTION ( 'NONE',  ( 1.000000000000000000, 0.000000000000000000, -0.000000000000000000 ) ) ;
#10126 = CARTESIAN_POINT ( 'NONE',  ( 14.63000000000000078, 0.5700000000000003952, 0.4649999999999996914 ) ) ;
#10127 = DIRECTION ( 'NONE',  ( -0.000000000000000000, -0.000000000000000000, -1.000000000000000000 ) ) ;
#10128 = VERTEX_POINT ( 'NONE', #11770 ) ;
#10129 = EDGE_LOOP ( 'NONE', ( #8488, #1223, #897, #5627 ) ) ;
#10130 = DIRECTION ( 'NONE',  ( 1.000000000000000000, 0.000000000000000000, -0.000000000000000000 ) ) ;
#10131 = EDGE_CURVE ( 'NONE', #3636, #2410, #7940, .T. ) ;
#10132 = CARTESIAN_POINT ( 'NONE',  ( -6.030000000000002025, 0.9000000000000005773, 3.715000000000003411 ) ) ;
#10133 = DIRECTION ( 'NONE',  ( -0.000000000000000000, -0.000000000000000000, -1.000000000000000000 ) ) ;
#10134 = CARTESIAN_POINT ( 'NONE',  ( 2.950000000000001066, 1.870000000000000551, -1.875000000000000000 ) ) ;
#10135 = EDGE_CURVE ( 'NONE', #6771, #3355, #1390, .T. ) ;
#10136 = CARTESIAN_POINT ( 'NONE',  ( 6.029999999999998472, 0.9000000000000005773, -2.894999999999997797 ) ) ;
#10137 = VERTEX_POINT ( 'NONE', #4127 ) ;
#10138 = LINE ( 'NONE', #1601, #2426 ) ;
#10139 = VERTEX_POINT ( 'NONE', #387 ) ;
#10140 = DIRECTION ( 'NONE',  ( -1.000000000000000000, 0.000000000000000000, 0.000000000000000000 ) ) ;
#10141 = FACE_OUTER_BOUND ( 'NONE', #297, .T. ) ;
#10142 = VERTEX_POINT ( 'NONE', #1212 ) ;
#10143 = EDGE_CURVE ( 'NONE', #3176, #7225, #7626, .T. ) ;
#10144 = EDGE_LOOP ( 'NONE', ( #4042, #10779, #6622, #11600 ) ) ;
#10145 = DIRECTION ( 'NONE',  ( 0.000000000000000000, 0.000000000000000000, 1.000000000000000000 ) ) ;
#10146 = ADVANCED_FACE ( 'NONE', ( #447 ), #10731, .T. ) ;
#10147 = DIRECTION ( 'NONE',  ( -0.000000000000000000, -0.000000000000000000, 1.000000000000000000 ) ) ;
#10148 = AXIS2_PLACEMENT_3D ( 'NONE', #11859, #7904, #3210 ) ;
#10149 = DIRECTION ( 'NONE',  ( -1.000000000000000000, 0.000000000000000000, -0.000000000000000000 ) ) ;
#10150 = FACE_OUTER_BOUND ( 'NONE', #8080, .T. ) ;
#10151 = LINE ( 'NONE', #5294, #2843 ) ;
#10152 = FACE_OUTER_BOUND ( 'NONE', #4795, .T. ) ;
#10153 = VERTEX_POINT ( 'NONE', #12132 ) ;
#10154 = AXIS2_PLACEMENT_3D ( 'NONE', #8880, #2145, #271 ) ;
#10155 = VERTEX_POINT ( 'NONE', #2619 ) ;
#10156 = DIRECTION ( 'NONE',  ( -0.000000000000000000, -0.000000000000000000, 1.000000000000000000 ) ) ;
#10157 = EDGE_LOOP ( 'NONE', ( #2061, #7828, #373, #6400 ) ) ;
#10158 = DIRECTION ( 'NONE',  ( 0.000000000000000000, -1.000000000000000000, 1.150347132610614786E-16 ) ) ;
#10159 = ORIENTED_EDGE ( 'NONE', *, *, #2603, .F. ) ;
#10160 = EDGE_CURVE ( 'NONE', #359, #5232, #1069, .T. ) ;
#10161 = CARTESIAN_POINT ( 'NONE',  ( 22.86000000000000298, -3.049999999999999822, -3.559999999999999165 ) ) ;
#10162 = DIRECTION ( 'NONE',  ( -0.000000000000000000, 0.000000000000000000, 1.000000000000000000 ) ) ;
#10163 = VECTOR ( 'NONE', #6517, 1000.000000000000227 ) ;
#10164 = DIRECTION ( 'NONE',  ( 1.000000000000000000, 0.000000000000000000, 0.000000000000000000 ) ) ;
#10165 = DIRECTION ( 'NONE',  ( -0.000000000000000000, -0.000000000000000000, -1.000000000000000000 ) ) ;
#10166 = ORIENTED_EDGE ( 'NONE', *, *, #9756, .T. ) ;
#10167 = ADVANCED_FACE ( 'NONE', ( #6195 ), #9050, .F. ) ;
#10168 = VERTEX_POINT ( 'NONE', #7185 ) ;
#10169 = CARTESIAN_POINT ( 'NONE',  ( -8.030000000000006466, 0.5700000000000003952, 0.6649999999999998135 ) ) ;
#10170 = ADVANCED_FACE ( 'NONE', ( #3430 ), #1691, .T. ) ;
#10171 = DIRECTION ( 'NONE',  ( -1.000000000000000000, 0.000000000000000000, 0.000000000000000000 ) ) ;
#10172 = DIRECTION ( 'NONE',  ( 0.000000000000000000, 1.150347132610614786E-16, -1.000000000000000000 ) ) ;
#10173 = EDGE_LOOP ( 'NONE', ( #2935, #8983, #1590, #11650 ) ) ;
#10174 = DIRECTION ( 'NONE',  ( -1.000000000000000000, 0.000000000000000000, 0.000000000000000000 ) ) ;
#10175 = DIRECTION ( 'NONE',  ( 0.000000000000000000, 0.000000000000000000, 1.000000000000000000 ) ) ;
#10176 = FACE_OUTER_BOUND ( 'NONE', #11104, .T. ) ;
#10177 = LINE ( 'NONE', #1526, #6141 ) ;
#10178 = CARTESIAN_POINT ( 'NONE',  ( 0.9499999999999977351, -3.049999999999999822, -3.714999999999999858 ) ) ;
#10179 = VERTEX_POINT ( 'NONE', #6253 ) ;
#10180 = EDGE_CURVE ( 'NONE', #5421, #11312, #12009, .T. ) ;
#10181 = ORIENTED_EDGE ( 'NONE', *, *, #8889, .T. ) ;
#10182 = DIRECTION ( 'NONE',  ( -0.000000000000000000, -0.000000000000000000, 1.000000000000000000 ) ) ;
#10183 = AXIS2_PLACEMENT_3D ( 'NONE', #4253, #6019, #8072 ) ;
#10184 = DIRECTION ( 'NONE',  ( 0.000000000000000000, 1.150347132610614786E-16, -1.000000000000000000 ) ) ;
#10185 = CYLINDRICAL_SURFACE ( 'NONE', #11433, 0.1999999999999953204 ) ;
#10186 = UNCERTAINTY_MEASURE_WITH_UNIT (LENGTH_MEASURE( 1.000000000000000082E-05 ), #7156, 'distance_accuracy_value', 'NONE');
#10187 = CARTESIAN_POINT ( 'NONE',  ( 9.209999999999999076, 1.540000000000000480, 3.715000000000003411 ) ) ;
#10188 = CARTESIAN_POINT ( 'NONE',  ( 0.000000000000000000, 0.9000000000000005773, -1.674999999999999822 ) ) ;
#10189 = ORIENTED_EDGE ( 'NONE', *, *, #10836, .T. ) ;
#10190 = CARTESIAN_POINT ( 'NONE',  ( 10.76999999999999780, 1.870000000000000551, 0.6649999999999998135 ) ) ;
#10191 = CARTESIAN_POINT ( 'NONE',  ( -5.490000000000007319, 0.5700000000000003952, -1.875000000000000000 ) ) ;
#10192 = VERTEX_POINT ( 'NONE', #8119 ) ;
#10193 = LINE ( 'NONE', #8578, #3152 ) ;
#10194 = ADVANCED_FACE ( 'NONE', ( #5432 ), #5244, .T. ) ;
#10195 = ORIENTED_EDGE ( 'NONE', *, *, #5660, .F. ) ;
#10196 = PLANE ( 'NONE',  #2092 ) ;
#10197 = ORIENTED_EDGE ( 'NONE', *, *, #11816, .T. ) ;
#10198 = AXIS2_PLACEMENT_3D ( 'NONE', #10622, #157, #2022 ) ;
#10199 = EDGE_CURVE ( 'NONE', #670, #10407, #8304, .T. ) ;
#10200 = VERTEX_POINT ( 'NONE', #9238 ) ;
#10201 = PLANE ( 'NONE',  #6144 ) ;
#10202 = ORIENTED_EDGE ( 'NONE', *, *, #1671, .T. ) ;
#10203 = DIRECTION ( 'NONE',  ( -1.000000000000000000, 0.000000000000000000, 0.000000000000000000 ) ) ;
#10204 = DIRECTION ( 'NONE',  ( 0.000000000000000000, -1.000000000000000000, 1.150347132610614786E-16 ) ) ;
#10205 = CARTESIAN_POINT ( 'NONE',  ( 5.080000000000000071, -3.049999999999999822, -3.559999999999999165 ) ) ;
#10206 = VECTOR ( 'NONE', #7004, 1000.000000000000000 ) ;
#10207 = DIRECTION ( 'NONE',  ( -0.3892816206350276365, 0.3892816206350255825, -0.8348171294789862307 ) ) ;
#10208 = CARTESIAN_POINT ( 'NONE',  ( -0.9500000000000011768, -2.717601427321017837, -3.714999999999999858 ) ) ;
#10209 = ADVANCED_FACE ( 'NONE', ( #7307 ), #5311, .T. ) ;
#10210 = DIRECTION ( 'NONE',  ( 0.000000000000000000, 0.000000000000000000, -1.000000000000000000 ) ) ;
#10211 = ORIENTED_EDGE ( 'NONE', *, *, #6919, .T. ) ;
#10212 = EDGE_CURVE ( 'NONE', #8960, #8558, #11102, .T. ) ;
#10213 = ORIENTED_EDGE ( 'NONE', *, *, #9443, .T. ) ;
#10214 = VECTOR ( 'NONE', #372, 1000.000000000000000 ) ;
#10215 = ORIENTED_EDGE ( 'NONE', *, *, #9648, .F. ) ;
#10216 = ORIENTED_EDGE ( 'NONE', *, *, #12151, .T. ) ;
#10217 = PLANE ( 'NONE',  #11637 ) ;
#10218 = ORIENTED_EDGE ( 'NONE', *, *, #3974, .T. ) ;
#10219 = CARTESIAN_POINT ( 'NONE',  ( -0.8099999999999965006, 0.5700000000000003952, -1.875000000000000000 ) ) ;
#10220 = FACE_OUTER_BOUND ( 'NONE', #9500, .T. ) ;
#10221 = CARTESIAN_POINT ( 'NONE',  ( -4.130000000000001670, 1.540000000000000480, 3.382601427321023646 ) ) ;
#10222 = EDGE_CURVE ( 'NONE', #11776, #4338, #511, .T. ) ;
#10223 = CARTESIAN_POINT ( 'NONE',  ( 14.19301428469489323, 1.443014284694892124, 3.590587964983397828 ) ) ;
#10224 = LINE ( 'NONE', #1868, #6331 ) ;
#10225 = VECTOR ( 'NONE', #8202, 1000.000000000000000 ) ;
#10226 = EDGE_LOOP ( 'NONE', ( #2614, #9719, #3625, #3366 ) ) ;
#10227 = EDGE_CURVE ( 'NONE', #10947, #406, #10111, .T. ) ;
#10228 = VECTOR ( 'NONE', #1466, 1000.000000000000000 ) ;
#10229 = EDGE_LOOP ( 'NONE', ( #7758, #2226, #9691, #6197 ) ) ;
#10230 = EDGE_CURVE ( 'NONE', #713, #1147, #2565, .T. ) ;
#10231 = VECTOR ( 'NONE', #12216, 1000.000000000000000 ) ;
#10232 = CARTESIAN_POINT ( 'NONE',  ( 0.000000000000000000, 0.9000000000000005773, 0.4649999999999996914 ) ) ;
#10233 = EDGE_CURVE ( 'NONE', #5462, #1314, #4555, .T. ) ;
#10234 = ORIENTED_EDGE ( 'NONE', *, *, #8127, .F. ) ;
#10235 = LINE ( 'NONE', #4500, #6096 ) ;
#10236 = CARTESIAN_POINT ( 'NONE',  ( -0.6100000000000012079, 0.5700000000000003952, 0.4649999999999996914 ) ) ;
#10237 = ORIENTED_EDGE ( 'NONE', *, *, #1943, .F. ) ;
#10238 = DIRECTION ( 'NONE',  ( 0.000000000000000000, 0.000000000000000000, 1.000000000000000000 ) ) ;
#10239 = DIRECTION ( 'NONE',  ( -0.000000000000000000, -0.000000000000000000, 1.000000000000000000 ) ) ;
#10240 = LINE ( 'NONE', #5572, #533 ) ;
#10241 = AXIS2_PLACEMENT_3D ( 'NONE', #2077, #8940, #9693 ) ;
#10242 = CARTESIAN_POINT ( 'NONE',  ( -10.77000000000000135, 0.5700000000000003952, 0.6649999999999998135 ) ) ;
#10243 = CIRCLE ( 'NONE', #11808, 0.1800000000000013256 ) ;
#10244 = ORIENTED_EDGE ( 'NONE', *, *, #640, .F. ) ;
#10245 = EDGE_LOOP ( 'NONE', ( #4613, #8050 ) ) ;
#10246 = DIRECTION ( 'NONE',  ( 1.000000000000000000, 0.000000000000000000, 0.000000000000000000 ) ) ;
#10247 = EDGE_CURVE ( 'NONE', #10818, #5795, #1662, .T. ) ;
#10248 = VECTOR ( 'NONE', #6234, 1000.000000000000000 ) ;
#10249 = DIRECTION ( 'NONE',  ( -0.000000000000000000, 1.000000000000000000, 1.150347132610614786E-16 ) ) ;
#10250 = EDGE_CURVE ( 'NONE', #9610, #10998, #571, .T. ) ;
#10251 = CARTESIAN_POINT ( 'NONE',  ( 8.429999999999992610, 1.870000000000000551, 0.6649999999999998135 ) ) ;
#10252 = VECTOR ( 'NONE', #1132, 1000.000000000000000 ) ;
#10253 = DIRECTION ( 'NONE',  ( -0.000000000000000000, -0.000000000000000000, 1.000000000000000000 ) ) ;
#10254 = DIRECTION ( 'NONE',  ( 0.000000000000000000, 0.000000000000000000, -1.000000000000000000 ) ) ;
#10255 = ORIENTED_EDGE ( 'NONE', *, *, #5838, .F. ) ;
#10256 = CARTESIAN_POINT ( 'NONE',  ( -13.65000000000000213, 0.9000000000000012434, -2.894999999999998241 ) ) ;
#10257 = MECHANICAL_DESIGN_GEOMETRIC_PRESENTATION_REPRESENTATION (  '', ( #8078 ), #5691 ) ;
#10258 = CARTESIAN_POINT ( 'NONE',  ( -6.030000000000002025, 1.540000000000000480, 3.382601427321023646 ) ) ;
#10259 = ORIENTED_EDGE ( 'NONE', *, *, #4894, .F. ) ;
#10260 = EDGE_LOOP ( 'NONE', ( #7915, #7038, #9064, #6685 ) ) ;
#10261 = LINE ( 'NONE', #1727, #3545 ) ;
#10262 = VECTOR ( 'NONE', #730, 1000.000000000000000 ) ;
#10263 = VERTEX_POINT ( 'NONE', #11948 ) ;
#10264 = ORIENTED_EDGE ( 'NONE', *, *, #7070, .F. ) ;
#10265 = LINE ( 'NONE', #8583, #9065 ) ;
#10266 = EDGE_CURVE ( 'NONE', #422, #7693, #5373, .T. ) ;
#10267 = VERTEX_POINT ( 'NONE', #6324 ) ;
#10268 = EDGE_CURVE ( 'NONE', #2015, #8614, #9181, .T. ) ;
#10269 = CARTESIAN_POINT ( 'NONE',  ( 11.10999999999999943, 0.9000000000000012434, -2.894999999999998241 ) ) ;
#10270 = AXIS2_PLACEMENT_3D ( 'NONE', #11781, #11726, #10684 ) ;
#10271 = ORIENTED_EDGE ( 'NONE', *, *, #9279, .T. ) ;
#10272 = LINE ( 'NONE', #11824, #9487 ) ;
#10273 = DIRECTION ( 'NONE',  ( -1.000000000000000000, 0.000000000000000000, 0.000000000000000000 ) ) ;
#10274 = CARTESIAN_POINT ( 'NONE',  ( -12.09000000000000341, 1.870000000000000551, 0.6649999999999998135 ) ) ;
#10275 = DIRECTION ( 'NONE',  ( -0.3892816206350259711, -0.8348171294789868968, -0.3892816206350259711 ) ) ;
#10276 = CIRCLE ( 'NONE', #5502, 0.1999999999999953204 ) ;
#10277 = CARTESIAN_POINT ( 'NONE',  ( 4.129999999999998117, 0.9000000000000005773, -2.894999999999997797 ) ) ;
#10278 = VERTEX_POINT ( 'NONE', #4731 ) ;
#10279 = CARTESIAN_POINT ( 'NONE',  ( -3.490000000000001990, 1.540000000000000480, -1.674999999999999822 ) ) ;
#10280 = ORIENTED_EDGE ( 'NONE', *, *, #6242, .F. ) ;
#10281 = VECTOR ( 'NONE', #4221, 1000.000000000000000 ) ;
#10282 = ORIENTED_EDGE ( 'NONE', *, *, #1297, .T. ) ;
#10283 = CARTESIAN_POINT ( 'NONE',  ( 8.570000000000000284, 1.540000000000000480, 3.382601427321023646 ) ) ;
#10284 = EDGE_LOOP ( 'NONE', ( #6015, #2366, #1997, #9384 ) ) ;
#10285 = FACE_OUTER_BOUND ( 'NONE', #5924, .T. ) ;
#10286 = ORIENTED_EDGE ( 'NONE', *, *, #8584, .F. ) ;
#10287 = AXIS2_PLACEMENT_3D ( 'NONE', #12089, #841, #1707 ) ;
#10288 = CARTESIAN_POINT ( 'NONE',  ( -8.570000000000002061, 0.9000000000000013545, 3.382601427321023646 ) ) ;
#10289 = DIRECTION ( 'NONE',  ( -0.000000000000000000, -0.000000000000000000, 1.000000000000000000 ) ) ;
#10290 = ADVANCED_FACE ( 'NONE', ( #5806 ), #10292, .T. ) ;
#10291 = FACE_OUTER_BOUND ( 'NONE', #7739, .T. ) ;
#10292 = CYLINDRICAL_SURFACE ( 'NONE', #5848, 0.1999999999999953204 ) ;
#10293 = CARTESIAN_POINT ( 'NONE',  ( -3.490000000000001990, -2.717601427321017837, -3.075000000000000178 ) ) ;
#10294 = VERTEX_POINT ( 'NONE', #5561 ) ;
#10295 = ORIENTED_EDGE ( 'NONE', *, *, #5874, .T. ) ;
#10296 = AXIS2_PLACEMENT_3D ( 'NONE', #11159, #9237, #4365 ) ;
#10297 = VECTOR ( 'NONE', #12255, 1000.000000000000000 ) ;
#10298 = ADVANCED_FACE ( 'NONE', ( #6506 ), #8543, .F. ) ;
#10299 = DIRECTION ( 'NONE',  ( 0.000000000000000000, 1.000000000000000000, 0.000000000000000000 ) ) ;
#10300 = ORIENTED_EDGE ( 'NONE', *, *, #7285, .T. ) ;
#10301 = FACE_OUTER_BOUND ( 'NONE', #7386, .T. ) ;
#10302 = DIRECTION ( 'NONE',  ( 0.000000000000000000, -1.000000000000000000, 0.000000000000000000 ) ) ;
#10303 = CARTESIAN_POINT ( 'NONE',  ( 1.929999999999997717, 0.5700000000000003952, 0.6649999999999998135 ) ) ;
#10304 = DIRECTION ( 'NONE',  ( 0.000000000000000000, 0.000000000000000000, 1.000000000000000000 ) ) ;
#10305 = EDGE_CURVE ( 'NONE', #2072, #8258, #2652, .T. ) ;
#10306 = CARTESIAN_POINT ( 'NONE',  ( 9.209999999999999076, 1.540000000000000480, 3.382601427321023646 ) ) ;
#10307 = FACE_OUTER_BOUND ( 'NONE', #10557, .T. ) ;
#10308 = VECTOR ( 'NONE', #5560, 1000.000000000000000 ) ;
#10309 = ORIENTED_EDGE ( 'NONE', *, *, #61, .F. ) ;
#10310 = CIRCLE ( 'NONE', #11459, 0.1999999999999953204 ) ;
#10311 = EDGE_LOOP ( 'NONE', ( #2147, #8371, #974, #5410 ) ) ;
#10312 = DIRECTION ( 'NONE',  ( -0.000000000000000000, -0.000000000000000000, 1.000000000000000000 ) ) ;
#10313 = AXIS2_PLACEMENT_3D ( 'NONE', #7587, #12231, #3836 ) ;
#10314 = LINE ( 'NONE', #8567, #5656 ) ;
#10315 = ORIENTED_EDGE ( 'NONE', *, *, #4478, .F. ) ;
#10316 = CARTESIAN_POINT ( 'NONE',  ( -5.690000000000002167, 0.5700000000000003952, 0.6649999999999998135 ) ) ;
#10317 = FACE_BOUND ( 'NONE', #4161, .T. ) ;
#10318 = CARTESIAN_POINT ( 'NONE',  ( 9.209999999999999076, 0.9000000000000005773, -2.894999999999997797 ) ) ;
#10319 = DIRECTION ( 'NONE',  ( -0.000000000000000000, -0.000000000000000000, -1.000000000000000000 ) ) ;
#10320 = EDGE_CURVE ( 'NONE', #10885, #1736, #9624, .T. ) ;
#10321 = ORIENTED_EDGE ( 'NONE', *, *, #4051, .T. ) ;
#10322 = DIRECTION ( 'NONE',  ( 0.3892816206350276365, 0.3892816206350255825, 0.8348171294789862307 ) ) ;
#10323 = PLANE ( 'NONE',  #4819 ) ;
#10324 = AXIS2_PLACEMENT_3D ( 'NONE', #8411, #761, #3489 ) ;
#10325 = EDGE_LOOP ( 'NONE', ( #3502, #9731, #9905, #10550 ) ) ;
#10326 = DIRECTION ( 'NONE',  ( 1.000000000000000000, 0.000000000000000000, 0.000000000000000000 ) ) ;
#10327 = ORIENTED_EDGE ( 'NONE', *, *, #4362, .T. ) ;
#10328 = FACE_OUTER_BOUND ( 'NONE', #6225, .T. ) ;
#10329 = ADVANCED_FACE ( 'NONE', ( #9604 ), #4854, .T. ) ;
#10330 = DIRECTION ( 'NONE',  ( 1.000000000000000000, 0.000000000000000000, 0.000000000000000000 ) ) ;
#10331 = ORIENTED_EDGE ( 'NONE', *, *, #7361, .T. ) ;
#10332 = CARTESIAN_POINT ( 'NONE',  ( -15.24000000000000199, 0.000000000000000000, 0.4649999999999996914 ) ) ;
#10333 = PLANE ( 'NONE',  #8277 ) ;
#10334 = EDGE_CURVE ( 'NONE', #213, #4879, #8672, .T. ) ;
#10335 = DIRECTION ( 'NONE',  ( -1.000000000000000000, 0.000000000000000000, 0.000000000000000000 ) ) ;
#10336 = LINE ( 'NONE', #8346, #10905 ) ;
#10337 = CARTESIAN_POINT ( 'NONE',  ( -3.490000000000001990, 0.9000000000000005773, 0.4649999999999996914 ) ) ;
#10338 = CARTESIAN_POINT ( 'NONE',  ( -1.590000000000001190, 1.540000000000000480, 3.715000000000003411 ) ) ;
#10339 = EDGE_CURVE ( 'NONE', #3578, #11564, #4609, .T. ) ;
#10340 = VERTEX_POINT ( 'NONE', #3927 ) ;
#10341 = CARTESIAN_POINT ( 'NONE',  ( 2.129999999999992788, 0.5700000000000003952, -1.674999999999999822 ) ) ;
#10342 = CARTESIAN_POINT ( 'NONE',  ( -14.63000000000000433, 1.870000000000000551, 0.4649999999999996914 ) ) ;
#10343 = AXIS2_PLACEMENT_3D ( 'NONE', #4153, #2221, #5973 ) ;
#10344 = ORIENTED_EDGE ( 'NONE', *, *, #8803, .T. ) ;
#10345 = DIRECTION ( 'NONE',  ( 1.000000000000000000, 0.000000000000000000, 0.000000000000000000 ) ) ;
#10346 = EDGE_LOOP ( 'NONE', ( #6137, #5906, #11244, #8089 ) ) ;
#10347 = CARTESIAN_POINT ( 'NONE',  ( -6.126985715305109714, 1.443014284694892124, 3.590587964983397828 ) ) ;
#10348 = CARTESIAN_POINT ( 'NONE',  ( -4.130000000000001670, -3.049999999999999822, -3.714999999999999858 ) ) ;
#10349 = CARTESIAN_POINT ( 'NONE',  ( 6.669999999999999041, -3.049999999999999822, -3.075000000000000178 ) ) ;
#10350 = VECTOR ( 'NONE', #5291, 1000.000000000000000 ) ;
#10351 = LINE ( 'NONE', #5682, #9229 ) ;
#10352 = CARTESIAN_POINT ( 'NONE',  ( 11.75000000000000000, 0.000000000000000000, 0.4649999999999996914 ) ) ;
#10353 = ORIENTED_EDGE ( 'NONE', *, *, #203, .T. ) ;
#10354 = ADVANCED_FACE ( 'NONE', ( #3861 ), #10411, .F. ) ;
#10355 = AXIS2_PLACEMENT_3D ( 'NONE', #8086, #1233, #9084 ) ;
#10356 = ORIENTED_EDGE ( 'NONE', *, *, #10935, .T. ) ;
#10357 = EDGE_CURVE ( 'NONE', #2269, #7475, #6042, .T. ) ;
#10358 = CARTESIAN_POINT ( 'NONE',  ( -8.724999999999999645, 1.385000000000000897, 3.715000000000003411 ) ) ;
#10359 = ORIENTED_EDGE ( 'NONE', *, *, #5416, .F. ) ;
#10360 = DIRECTION ( 'NONE',  ( 0.000000000000000000, 0.000000000000000000, -1.000000000000000000 ) ) ;
#10361 = VECTOR ( 'NONE', #9750, 1000.000000000000000 ) ;
#10362 = DIRECTION ( 'NONE',  ( -0.000000000000000000, 1.000000000000000000, 1.150347132610614786E-16 ) ) ;
#10363 = DIRECTION ( 'NONE',  ( 1.000000000000000000, 0.000000000000000000, 0.000000000000000000 ) ) ;
#10364 = DIRECTION ( 'NONE',  ( -0.000000000000000000, 0.000000000000000000, -1.000000000000000000 ) ) ;
#10365 = DIRECTION ( 'NONE',  ( 1.000000000000000000, 0.000000000000000000, 0.000000000000000000 ) ) ;
#10366 = ORIENTED_EDGE ( 'NONE', *, *, #6813, .F. ) ;
#10367 = ADVANCED_FACE ( 'NONE', ( #1934 ), #8420, .F. ) ;
#10368 = VERTEX_POINT ( 'NONE', #12189 ) ;
#10369 = DIRECTION ( 'NONE',  ( -1.000000000000000000, 0.000000000000000000, 0.000000000000000000 ) ) ;
#10370 = AXIS2_PLACEMENT_3D ( 'NONE', #11341, #902, #839 ) ;
#10371 = EDGE_CURVE ( 'NONE', #516, #5393, #5746, .T. ) ;
#10372 = FACE_OUTER_BOUND ( 'NONE', #11605, .T. ) ;
#10373 =( NAMED_UNIT ( * ) SI_UNIT ( $, .STERADIAN. ) SOLID_ANGLE_UNIT ( ) );
#10374 = FACE_BOUND ( 'NONE', #12176, .T. ) ;
#10375 = DIRECTION ( 'NONE',  ( 1.000000000000000000, 0.000000000000000000, -0.000000000000000000 ) ) ;
#10376 = DIRECTION ( 'NONE',  ( 0.000000000000000000, 0.000000000000000000, 1.000000000000000000 ) ) ;
#10377 = ORIENTED_EDGE ( 'NONE', *, *, #4928, .T. ) ;
#10378 = LINE ( 'NONE', #1898, #5913 ) ;
#10379 = CARTESIAN_POINT ( 'NONE',  ( 6.669999999999999041, -3.049999999999999822, -3.075000000000000178 ) ) ;
#10380 = VECTOR ( 'NONE', #7891, 1000.000000000000000 ) ;
#10381 = ORIENTED_EDGE ( 'NONE', *, *, #8969, .T. ) ;
#10382 = CARTESIAN_POINT ( 'NONE',  ( 13.30999999999999872, 1.870000000000000551, 0.6649999999999998135 ) ) ;
#10383 = EDGE_LOOP ( 'NONE', ( #10955, #6260, #65, #5666 ) ) ;
#10384 = VERTEX_POINT ( 'NONE', #891 ) ;
#10385 = LINE ( 'NONE', #7400, #7249 ) ;
#10386 = EDGE_CURVE ( 'NONE', #2410, #11506, #7684, .T. ) ;
#10387 = VECTOR ( 'NONE', #1509, 1000.000000000000000 ) ;
#10388 = DIRECTION ( 'NONE',  ( -1.000000000000000000, 0.000000000000000000, 0.000000000000000000 ) ) ;
#10389 = EDGE_CURVE ( 'NONE', #5247, #292, #3680, .T. ) ;
#10390 = ORIENTED_EDGE ( 'NONE', *, *, #11035, .F. ) ;
#10391 = DIRECTION ( 'NONE',  ( 1.000000000000000000, 0.000000000000000000, -0.000000000000000000 ) ) ;
#10392 = DIRECTION ( 'NONE',  ( -0.000000000000000000, -1.000000000000000000, 1.150347132610614786E-16 ) ) ;
#10393 = DIRECTION ( 'NONE',  ( 1.000000000000000000, 0.000000000000000000, -0.000000000000000000 ) ) ;
#10394 = PLANE ( 'NONE',  #2738 ) ;
#10395 = CARTESIAN_POINT ( 'NONE',  ( -1.590000000000001190, 0.000000000000000000, -1.674999999999999822 ) ) ;
#10396 = ORIENTED_EDGE ( 'NONE', *, *, #3667, .F. ) ;
#10397 = DIRECTION ( 'NONE',  ( 1.000000000000000000, 0.000000000000000000, 0.000000000000000000 ) ) ;
#10398 = AXIS2_PLACEMENT_3D ( 'NONE', #2085, #4958, #8765 ) ;
#10399 = FACE_OUTER_BOUND ( 'NONE', #4027, .T. ) ;
#10400 = EDGE_CURVE ( 'NONE', #11776, #3656, #10351, .T. ) ;
#10401 = EDGE_CURVE ( 'NONE', #7334, #12104, #3653, .T. ) ;
#10402 = ORIENTED_EDGE ( 'NONE', *, *, #2582, .T. ) ;
#10403 = CARTESIAN_POINT ( 'NONE',  ( 8.229999999999996874, 1.870000000000000551, -1.674999999999999822 ) ) ;
#10404 = ORIENTED_EDGE ( 'NONE', *, *, #5593, .T. ) ;
#10405 = VECTOR ( 'NONE', #2634, 1000.000000000000000 ) ;
#10406 = LINE ( 'NONE', #8730, #3686 ) ;
#10407 = VERTEX_POINT ( 'NONE', #11331 ) ;
#10408 = ADVANCED_FACE ( 'NONE', ( #9482 ), #956, .F. ) ;
#10409 = DIRECTION ( 'NONE',  ( -0.000000000000000000, -0.000000000000000000, 1.000000000000000000 ) ) ;
#10410 = DIRECTION ( 'NONE',  ( 1.000000000000000000, 0.000000000000000000, -0.000000000000000000 ) ) ;
#10411 = PLANE ( 'NONE',  #2447 ) ;
#10412 = CARTESIAN_POINT ( 'NONE',  ( 14.43000000000000504, 0.5700000000000003952, -1.875000000000000000 ) ) ;
#10413 = ORIENTED_EDGE ( 'NONE', *, *, #11765, .T. ) ;
#10414 = VECTOR ( 'NONE', #7924, 1000.000000000000000 ) ;
#10415 = ORIENTED_EDGE ( 'NONE', *, *, #10488, .F. ) ;
#10416 = CARTESIAN_POINT ( 'NONE',  ( 3.489999999999998437, 1.540000000000000480, -1.674999999999999822 ) ) ;
#10417 = EDGE_LOOP ( 'NONE', ( #3947, #2712 ) ) ;
#10418 = EDGE_CURVE ( 'NONE', #7917, #10739, #6936, .T. ) ;
#10419 = DIRECTION ( 'NONE',  ( -1.000000000000000000, 0.000000000000000000, 0.000000000000000000 ) ) ;
#10420 = CARTESIAN_POINT ( 'NONE',  ( 6.669999999999999041, 1.540000000000001146, -2.894999999999998241 ) ) ;
#10421 = AXIS2_PLACEMENT_3D ( 'NONE', #917, #11353, #1775 ) ;
#10422 = FACE_OUTER_BOUND ( 'NONE', #5452, .T. ) ;
#10423 = CARTESIAN_POINT ( 'NONE',  ( 3.489999999999998437, 1.540000000000000480, 3.382601427321023646 ) ) ;
#10424 = CARTESIAN_POINT ( 'NONE',  ( 9.209999999999999076, 0.9000000000000005773, -2.894999999999997797 ) ) ;
#10425 = ORIENTED_EDGE ( 'NONE', *, *, #4202, .T. ) ;
#10426 = AXIS2_PLACEMENT_3D ( 'NONE', #10763, #10578, #1123 ) ;
#10427 = ORIENTED_EDGE ( 'NONE', *, *, #3436, .F. ) ;
#10428 = DIRECTION ( 'NONE',  ( -0.000000000000000000, -0.000000000000000000, -1.000000000000000000 ) ) ;
#10429 = VECTOR ( 'NONE', #6955, 1000.000000000000000 ) ;
#10430 = ORIENTED_EDGE ( 'NONE', *, *, #1198, .T. ) ;
#10431 = CARTESIAN_POINT ( 'NONE',  ( 3.489999999999998437, 1.540000000000000924, -2.894999999999998241 ) ) ;
#10432 = ORIENTED_EDGE ( 'NONE', *, *, #5334, .F. ) ;
#10433 = LINE ( 'NONE', #5768, #6859 ) ;
#10434 = VECTOR ( 'NONE', #3269, 1000.000000000000000 ) ;
#10435 = FACE_OUTER_BOUND ( 'NONE', #10659, .T. ) ;
#10436 = LINE ( 'NONE', #1777, #1126 ) ;
#10437 = ORIENTED_EDGE ( 'NONE', *, *, #6730, .F. ) ;
#10438 = FACE_OUTER_BOUND ( 'NONE', #2199, .T. ) ;
#10439 = FACE_OUTER_BOUND ( 'NONE', #1275, .T. ) ;
#10440 = CIRCLE ( 'NONE', #5063, 0.1999999999999953204 ) ;
#10441 = ORIENTED_EDGE ( 'NONE', *, *, #1519, .F. ) ;
#10442 = EDGE_CURVE ( 'NONE', #566, #5180, #8625, .T. ) ;
#10443 = FACE_OUTER_BOUND ( 'NONE', #8412, .T. ) ;
#10444 = DIRECTION ( 'NONE',  ( 0.000000000000000000, 0.000000000000000000, -1.000000000000000000 ) ) ;
#10445 = CIRCLE ( 'NONE', #487, 0.1999999999999953204 ) ;
#10446 = VECTOR ( 'NONE', #3234, 1000.000000000000227 ) ;
#10447 = AXIS2_PLACEMENT_3D ( 'NONE', #8298, #12126, #6317 ) ;
#10448 = ORIENTED_EDGE ( 'NONE', *, *, #3382, .T. ) ;
#10449 = CARTESIAN_POINT ( 'NONE',  ( 0.6099999999999959899, 1.870000000000000551, 0.6649999999999998135 ) ) ;
#10450 = EDGE_CURVE ( 'NONE', #285, #8927, #5246, .T. ) ;
#10451 = ORIENTED_EDGE ( 'NONE', *, *, #7511, .T. ) ;
#10452 = CARTESIAN_POINT ( 'NONE',  ( 8.327020446621423488, -7.643577671652601602, -5.372020446621423417 ) ) ;
#10453 = CARTESIAN_POINT ( 'NONE',  ( -2.950000000000006395, 0.5700000000000003952, 0.4649999999999996914 ) ) ;
#10454 = AXIS2_PLACEMENT_3D ( 'NONE', #11011, #8344, #3476 ) ;
#10455 = LINE ( 'NONE', #8402, #2904 ) ;
#10456 = ADVANCED_FACE ( 'NONE', ( #309 ), #4984, .F. ) ;
#10457 = CARTESIAN_POINT ( 'NONE',  ( -3.975000000000000977, -2.174999999999998934, 3.715000000000003855 ) ) ;
#10458 = DIRECTION ( 'NONE',  ( 0.000000000000000000, -0.000000000000000000, 1.000000000000000000 ) ) ;
#10459 = VERTEX_POINT ( 'NONE', #2180 ) ;
#10460 = DIRECTION ( 'NONE',  ( 0.000000000000000000, 1.150347132610614786E-16, -1.000000000000000000 ) ) ;
#10461 = ORIENTED_EDGE ( 'NONE', *, *, #7511, .F. ) ;
#10462 = DIRECTION ( 'NONE',  ( 1.000000000000000000, 0.000000000000000000, -0.000000000000000000 ) ) ;
#10463 = EDGE_CURVE ( 'NONE', #8096, #5845, #6244, .T. ) ;
#10464 = AXIS2_PLACEMENT_3D ( 'NONE', #11242, #11914, #666 ) ;
#10465 = ORIENTED_EDGE ( 'NONE', *, *, #11348, .T. ) ;
#10466 = CARTESIAN_POINT ( 'NONE',  ( -1.730000000000007532, 1.870000000000000551, 0.6649999999999998135 ) ) ;
#10467 = ORIENTED_EDGE ( 'NONE', *, *, #5997, .F. ) ;
#10468 = FACE_OUTER_BOUND ( 'NONE', #10572, .T. ) ;
#10469 = ORIENTED_EDGE ( 'NONE', *, *, #5980, .T. ) ;
#10470 = AXIS2_PLACEMENT_3D ( 'NONE', #7013, #3141, #269 ) ;
#10471 = DIRECTION ( 'NONE',  ( 0.000000000000000000, 0.000000000000000000, -1.000000000000000000 ) ) ;
#10472 = DIRECTION ( 'NONE',  ( -0.000000000000000000, -0.000000000000000000, -1.000000000000000000 ) ) ;
#10473 = EDGE_CURVE ( 'NONE', #1722, #378, #5991, .T. ) ;
#10474 = CARTESIAN_POINT ( 'NONE',  ( 0.6099999999999959899, 1.870000000000000551, 0.6649999999999998135 ) ) ;
#10475 = DIRECTION ( 'NONE',  ( 1.000000000000000000, 0.000000000000000000, 0.000000000000000000 ) ) ;
#10476 = CARTESIAN_POINT ( 'NONE',  ( 9.209999999999999076, -2.717601427321017837, -3.075000000000000178 ) ) ;
#10477 = ORIENTED_EDGE ( 'NONE', *, *, #567, .F. ) ;
#10478 = ADVANCED_FACE ( 'NONE', ( #2119 ), #9913, .F. ) ;
#10479 = VERTEX_POINT ( 'NONE', #11701 ) ;
#10480 = VECTOR ( 'NONE', #6843, 999.9999999999998863 ) ;
#10481 = DIRECTION ( 'NONE',  ( -1.000000000000000000, 0.000000000000000000, 0.000000000000000000 ) ) ;
#10482 = ORIENTED_EDGE ( 'NONE', *, *, #6954, .F. ) ;
#10483 = CARTESIAN_POINT ( 'NONE',  ( 8.570000000000000284, 0.9000000000000010214, -2.894999999999998241 ) ) ;
#10484 = EDGE_LOOP ( 'NONE', ( #401, #8844, #9553, #741 ) ) ;
#10485 = DIRECTION ( 'NONE',  ( -0.000000000000000000, -0.000000000000000000, 1.000000000000000000 ) ) ;
#10486 = DIRECTION ( 'NONE',  ( 0.000000000000000000, 0.000000000000000000, 1.000000000000000000 ) ) ;
#10487 = ORIENTED_EDGE ( 'NONE', *, *, #5680, .T. ) ;
#10488 = EDGE_CURVE ( 'NONE', #7851, #3636, #6814, .T. ) ;
#10489 = LINE ( 'NONE', #5758, #2125 ) ;
#10490 = PLANE ( 'NONE',  #11197 ) ;
#10491 = VERTEX_POINT ( 'NONE', #4925 ) ;
#10492 = ORIENTED_EDGE ( 'NONE', *, *, #5566, .T. ) ;
#10493 = CARTESIAN_POINT ( 'NONE',  ( -11.75000000000000178, 0.7200000000000001954, -3.074999999999999734 ) ) ;
#10494 = AXIS2_PLACEMENT_3D ( 'NONE', #1087, #5699, #10364 ) ;
#10495 = EDGE_CURVE ( 'NONE', #4548, #7589, #3252, .T. ) ;
#10496 = AXIS2_PLACEMENT_3D ( 'NONE', #1993, #2864, #1811 ) ;
#10497 = ORIENTED_EDGE ( 'NONE', *, *, #540, .T. ) ;
#10498 = CARTESIAN_POINT ( 'NONE',  ( 11.10999999999999943, 1.540000000000000480, 3.382601427321023646 ) ) ;
#10499 = VERTEX_POINT ( 'NONE', #4112 ) ;
#10500 = DIRECTION ( 'NONE',  ( -0.000000000000000000, -1.000000000000000000, 0.000000000000000000 ) ) ;
#10501 = FACE_BOUND ( 'NONE', #4617, .T. ) ;
#10502 = PRESENTATION_LAYER_ASSIGNMENT (  '', '', ( #8719 ) ) ;
#10503 = DIRECTION ( 'NONE',  ( 0.000000000000000000, 0.000000000000000000, 1.000000000000000000 ) ) ;
#10504 = CARTESIAN_POINT ( 'NONE',  ( -13.65000000000000213, -3.049999999999999822, -3.714999999999999858 ) ) ;
#10505 = AXIS2_PLACEMENT_3D ( 'NONE', #3389, #1587, #6272 ) ;
#10506 = DIRECTION ( 'NONE',  ( 0.000000000000000000, 5.421010862427481938E-15, -1.000000000000000000 ) ) ;
#10507 = CARTESIAN_POINT ( 'NONE',  ( 11.10999999999999943, 0.9000000000000005773, -2.894999999999997797 ) ) ;
#10508 = VERTEX_POINT ( 'NONE', #10775 ) ;
#10509 = DIRECTION ( 'NONE',  ( -0.000000000000000000, -0.000000000000000000, 1.000000000000000000 ) ) ;
#10510 = DIRECTION ( 'NONE',  ( -1.000000000000000000, 0.000000000000000000, 0.000000000000000000 ) ) ;
#10511 = EDGE_CURVE ( 'NONE', #10939, #881, #259, .T. ) ;
#10512 = VECTOR ( 'NONE', #7582, 1000.000000000000000 ) ;
#10513 = EDGE_CURVE ( 'NONE', #5067, #992, #8229, .T. ) ;
#10514 = DIRECTION ( 'NONE',  ( 1.000000000000000000, 0.000000000000000000, -0.000000000000000000 ) ) ;
#10515 = CARTESIAN_POINT ( 'NONE',  ( 6.669999999999999041, 0.9000000000000005773, -2.894999999999997797 ) ) ;
#10516 = CARTESIAN_POINT ( 'NONE',  ( 6.669999999999999041, 0.9000000000000005773, -1.674999999999999822 ) ) ;
#10517 = LINE ( 'NONE', #6085, #1940 ) ;
#10518 = LINE ( 'NONE', #999, #11495 ) ;
#10519 = PLANE ( 'NONE',  #10626 ) ;
#10520 = EDGE_LOOP ( 'NONE', ( #366, #10213 ) ) ;
#10521 = DIRECTION ( 'NONE',  ( 0.000000000000000000, 0.000000000000000000, 1.000000000000000000 ) ) ;
#10522 = EDGE_CURVE ( 'NONE', #6523, #11451, #2240, .T. ) ;
#10523 = ORIENTED_EDGE ( 'NONE', *, *, #11562, .F. ) ;
#10524 = EDGE_CURVE ( 'NONE', #5809, #4423, #8917, .T. ) ;
#10525 = EDGE_LOOP ( 'NONE', ( #4403, #12244, #5001, #4405 ) ) ;
#10526 = FACE_OUTER_BOUND ( 'NONE', #613, .T. ) ;
#10527 = ORIENTED_EDGE ( 'NONE', *, *, #4600, .T. ) ;
#10528 = CARTESIAN_POINT ( 'NONE',  ( -14.29000000000000270, 1.540000000000000480, 3.382601427321023646 ) ) ;
#10529 = VERTEX_POINT ( 'NONE', #11516 ) ;
#10530 = CARTESIAN_POINT ( 'NONE',  ( 2.950000000000001066, 1.870000000000000551, 0.6649999999999998135 ) ) ;
#10531 = DIRECTION ( 'NONE',  ( -0.000000000000000000, -0.000000000000000000, 1.000000000000000000 ) ) ;
#10532 = SURFACE_SIDE_STYLE ('',( #4669 ) ) ;
#10533 = EDGE_CURVE ( 'NONE', #10885, #6199, #4168, .T. ) ;
#10534 = CARTESIAN_POINT ( 'NONE',  ( -4.270000000000008455, 1.870000000000000551, 0.6649999999999998135 ) ) ;
#10535 = CARTESIAN_POINT ( 'NONE',  ( 11.75000000000000000, -3.049999999999999822, -3.075000000000000178 ) ) ;
#10536 = DIRECTION ( 'NONE',  ( -0.000000000000000000, -1.000000000000000000, 0.000000000000000000 ) ) ;
#10537 = ORIENTED_EDGE ( 'NONE', *, *, #10846, .T. ) ;
#10538 = EDGE_LOOP ( 'NONE', ( #3506, #1731, #7761, #1007 ) ) ;
#10539 = EDGE_CURVE ( 'NONE', #11112, #5262, #7048, .T. ) ;
#10540 = DIRECTION ( 'NONE',  ( -0.000000000000000000, -0.000000000000000000, 1.000000000000000000 ) ) ;
#10541 = ORIENTED_EDGE ( 'NONE', *, *, #6993, .F. ) ;
#10542 = DIRECTION ( 'NONE',  ( 1.000000000000000000, 0.000000000000000000, 0.000000000000000000 ) ) ;
#10543 = ORIENTED_EDGE ( 'NONE', *, *, #9323, .T. ) ;
#10544 = AXIS2_PLACEMENT_3D ( 'NONE', #10288, #9541, #12250 ) ;
#10545 = DIRECTION ( 'NONE',  ( 0.000000000000000000, 0.000000000000000000, -1.000000000000000000 ) ) ;
#10546 = CARTESIAN_POINT ( 'NONE',  ( 1.589999999999997637, 0.7200000000000001954, -3.074999999999999734 ) ) ;
#10547 = ADVANCED_FACE ( 'NONE', ( #5170 ), #8973, .T. ) ;
#10548 = FACE_OUTER_BOUND ( 'NONE', #6912, .T. ) ;
#10549 = CARTESIAN_POINT ( 'NONE',  ( 4.270000000000003126, 0.5700000000000003952, 0.6649999999999998135 ) ) ;
#10550 = ORIENTED_EDGE ( 'NONE', *, *, #6967, .F. ) ;
#10551 = ORIENTED_EDGE ( 'NONE', *, *, #4546, .F. ) ;
#10552 = LINE ( 'NONE', #2436, #11023 ) ;
#10553 = EDGE_LOOP ( 'NONE', ( #8856, #587, #1451, #4972 ) ) ;
#10554 = EDGE_CURVE ( 'NONE', #2395, #9707, #7798, .T. ) ;
#10555 = VECTOR ( 'NONE', #7452, 1000.000000000000000 ) ;
#10556 = DIRECTION ( 'NONE',  ( 0.000000000000000000, 0.000000000000000000, 1.000000000000000000 ) ) ;
#10557 = EDGE_LOOP ( 'NONE', ( #6761, #274, #9644, #2277 ) ) ;
#10558 = CARTESIAN_POINT ( 'NONE',  ( 13.30999999999999872, 1.870000000000000551, -1.674999999999999822 ) ) ;
#10559 = FACE_BOUND ( 'NONE', #5574, .T. ) ;
#10560 = DIRECTION ( 'NONE',  ( -1.000000000000000000, 0.000000000000000000, 0.000000000000000000 ) ) ;
#10561 = LINE ( 'NONE', #3768, #8680 ) ;
#10562 = EDGE_CURVE ( 'NONE', #5180, #7347, #10151, .T. ) ;
#10563 = EDGE_LOOP ( 'NONE', ( #9984, #6906, #6092, #7820 ) ) ;
#10564 = DIRECTION ( 'NONE',  ( -0.000000000000000000, -0.000000000000000000, -1.000000000000000000 ) ) ;
#10565 = DIRECTION ( 'NONE',  ( -1.000000000000000000, 0.000000000000000000, 0.000000000000000000 ) ) ;
#10566 = ORIENTED_EDGE ( 'NONE', *, *, #6369, .F. ) ;
#10567 = ORIENTED_EDGE ( 'NONE', *, *, #6303, .T. ) ;
#10568 = FACE_OUTER_BOUND ( 'NONE', #2561, .T. ) ;
#10569 = DIRECTION ( 'NONE',  ( 0.000000000000000000, 0.000000000000000000, -1.000000000000000000 ) ) ;
#10570 = EDGE_LOOP ( 'NONE', ( #12082, #10448, #6563, #9632 ) ) ;
#10571 = DIRECTION ( 'NONE',  ( -0.000000000000000000, -1.000000000000000000, 0.000000000000000000 ) ) ;
#10572 = EDGE_LOOP ( 'NONE', ( #5400, #2140, #6188, #5031 ) ) ;
#10573 = LINE ( 'NONE', #10632, #6183 ) ;
#10574 = CARTESIAN_POINT ( 'NONE',  ( 14.29000000000000092, -3.049999999999999822, -3.714999999999999858 ) ) ;
#10575 = EDGE_CURVE ( 'NONE', #4397, #6716, #620, .T. ) ;
#10576 = DIRECTION ( 'NONE',  ( 1.000000000000000000, 0.000000000000000000, 0.000000000000000000 ) ) ;
#10577 = CYLINDRICAL_SURFACE ( 'NONE', #4448, 0.1999999999999953204 ) ;
#10578 = DIRECTION ( 'NONE',  ( 1.000000000000000000, 0.000000000000000000, -0.000000000000000000 ) ) ;
#10579 = EDGE_CURVE ( 'NONE', #7350, #589, #3361, .T. ) ;
#10580 = VECTOR ( 'NONE', #3940, 1000.000000000000000 ) ;
#10581 = EDGE_LOOP ( 'NONE', ( #4560, #4353, #6020, #9273 ) ) ;
#10582 = EDGE_LOOP ( 'NONE', ( #1494, #8771, #5563, #431 ) ) ;
#10583 = DIRECTION ( 'NONE',  ( -1.000000000000000000, 0.000000000000000000, 0.000000000000000000 ) ) ;
#10584 = ORIENTED_EDGE ( 'NONE', *, *, #5608, .T. ) ;
#10585 = FACE_OUTER_BOUND ( 'NONE', #4961, .T. ) ;
#10586 = EDGE_LOOP ( 'NONE', ( #7095, #9208, #6893, #6966 ) ) ;
#10587 = CARTESIAN_POINT ( 'NONE',  ( 13.65000000000000036, 1.540000000000000480, 0.4649999999999996914 ) ) ;
#10588 = EDGE_CURVE ( 'NONE', #11764, #8472, #9033, .T. ) ;
#10589 = CARTESIAN_POINT ( 'NONE',  ( -0.9500000000000011768, 0.7200000000000001954, -3.074999999999999734 ) ) ;
#10590 = VECTOR ( 'NONE', #11514, 1000.000000000000000 ) ;
#10591 = DIRECTION ( 'NONE',  ( -0.9063077870366503808, -4.861577055822948687E-17, -0.4226182617406985531 ) ) ;
#10592 = CARTESIAN_POINT ( 'NONE',  ( -3.490000000000001990, 0.000000000000000000, 0.4649999999999996914 ) ) ;
#10593 = FACE_OUTER_BOUND ( 'NONE', #1219, .T. ) ;
#10594 = EDGE_CURVE ( 'NONE', #325, #10340, #1468, .T. ) ;
#10595 = EDGE_LOOP ( 'NONE', ( #7217, #10359, #6003, #2137 ) ) ;
#10596 = VECTOR ( 'NONE', #1462, 1000.000000000000000 ) ;
#10597 = DIRECTION ( 'NONE',  ( -0.000000000000000000, -0.000000000000000000, -1.000000000000000000 ) ) ;
#10598 = ORIENTED_EDGE ( 'NONE', *, *, #8292, .F. ) ;
#10599 = CARTESIAN_POINT ( 'NONE',  ( 11.75000000000000000, -3.049999999999999822, -3.559999999999999165 ) ) ;
#10600 = EDGE_CURVE ( 'NONE', #10119, #4879, #10900, .T. ) ;
#10601 = ORIENTED_EDGE ( 'NONE', *, *, #10227, .F. ) ;
#10602 = LINE ( 'NONE', #195, #5794 ) ;
#10603 = DIRECTION ( 'NONE',  ( 1.000000000000000000, 0.000000000000000000, -0.000000000000000000 ) ) ;
#10604 = LINE ( 'NONE', #6577, #4313 ) ;
#10605 = DIRECTION ( 'NONE',  ( 0.000000000000000000, 0.000000000000000000, -1.000000000000000000 ) ) ;
#10606 = AXIS2_PLACEMENT_3D ( 'NONE', #7262, #11052, #1708 ) ;
#10607 = ADVANCED_FACE ( 'NONE', ( #3482 ), #10954, .T. ) ;
#10608 = VERTEX_POINT ( 'NONE', #5361 ) ;
#10609 = CARTESIAN_POINT ( 'NONE',  ( 12.08999999999999986, 0.5700000000000003952, 0.6649999999999998135 ) ) ;
#10610 = EDGE_LOOP ( 'NONE', ( #9516, #10566, #10497, #5470 ) ) ;
#10611 = EDGE_CURVE ( 'NONE', #8138, #11645, #1675, .T. ) ;
#10612 = VECTOR ( 'NONE', #3232, 1000.000000000000000 ) ;
#10613 = LINE ( 'NONE', #11663, #7656 ) ;
#10614 = ORIENTED_EDGE ( 'NONE', *, *, #6360, .T. ) ;
#10615 = DIRECTION ( 'NONE',  ( 1.000000000000000000, 0.000000000000000000, 0.000000000000000000 ) ) ;
#10616 = CARTESIAN_POINT ( 'NONE',  ( 3.489999999999998437, 0.9000000000000005773, 3.382601427321023646 ) ) ;
#10617 = DIRECTION ( 'NONE',  ( 0.000000000000000000, 0.000000000000000000, 1.000000000000000000 ) ) ;
#10618 = DIRECTION ( 'NONE',  ( 0.000000000000000000, -1.000000000000000000, -1.150347132610614786E-16 ) ) ;
#10619 = ORIENTED_EDGE ( 'NONE', *, *, #3504, .T. ) ;
#10620 = LINE ( 'NONE', #2960, #10086 ) ;
#10621 = AXIS2_PLACEMENT_3D ( 'NONE', #2169, #3036, #6169 ) ;
#10622 = CARTESIAN_POINT ( 'NONE',  ( 1.269999999999996909, 0.7199999999999999734, -2.894999999999998241 ) ) ;
#10623 = ORIENTED_EDGE ( 'NONE', *, *, #10539, .F. ) ;
#10624 = ADVANCED_FACE ( 'NONE', ( #6178 ), #491, .T. ) ;
#10625 = CARTESIAN_POINT ( 'NONE',  ( 10.57000000000000384, 1.870000000000000551, -1.875000000000000000 ) ) ;
#10626 = AXIS2_PLACEMENT_3D ( 'NONE', #10277, #6674, #8347 ) ;
#10627 = ADVANCED_FACE ( 'NONE', ( #3299 ), #4473, .T. ) ;
#10628 = VECTOR ( 'NONE', #1409, 1000.000000000000000 ) ;
#10629 = CARTESIAN_POINT ( 'NONE',  ( 11.14701218716722764, 1.436334613170440644, -5.652012187167225754 ) ) ;
#10630 = ORIENTED_EDGE ( 'NONE', *, *, #928, .T. ) ;
#10631 = AXIS2_PLACEMENT_3D ( 'NONE', #1595, #10992, #2280 ) ;
#10632 = CARTESIAN_POINT ( 'NONE',  ( -13.11000000000000654, 0.5700000000000003952, 0.6649999999999998135 ) ) ;
#10633 = LINE ( 'NONE', #3781, #2898 ) ;
#10635 = EDGE_CURVE ( 'NONE', #765, #2559, #265, .T. ) ;
#10634 = DIRECTION ( 'NONE',  ( 1.000000000000000000, 0.000000000000000000, 0.000000000000000000 ) ) ;
#10636 = CARTESIAN_POINT ( 'NONE',  ( -11.11000000000000121, 0.9000000000000010214, -2.894999999999998241 ) ) ;
#10637 = CARTESIAN_POINT ( 'NONE',  ( -9.210000000000002629, 1.540000000000000480, -2.894999999999997797 ) ) ;
#10638 = CIRCLE ( 'NONE', #3878, 0.1999999999999953204 ) ;
#10639 = VECTOR ( 'NONE', #7617, 1000.000000000000227 ) ;
#10640 = EDGE_CURVE ( 'NONE', #7757, #7949, #11875, .T. ) ;
#10641 = EDGE_LOOP ( 'NONE', ( #7179, #8967, #5, #2567 ) ) ;
#10642 = ORIENTED_EDGE ( 'NONE', *, *, #2157, .T. ) ;
#10643 = DIRECTION ( 'NONE',  ( -0.000000000000000000, -0.000000000000000000, 1.000000000000000000 ) ) ;
#10644 = AXIS2_PLACEMENT_3D ( 'NONE', #10236, #2115, #182 ) ;
#10645 = AXIS2_PLACEMENT_3D ( 'NONE', #9092, #5406, #8093 ) ;
#10646 = EDGE_LOOP ( 'NONE', ( #4010, #248, #3395, #9411 ) ) ;
#10647 = PLANE ( 'NONE',  #2291 ) ;
#10648 = VERTEX_POINT ( 'NONE', #10208 ) ;
#10649 = CYLINDRICAL_SURFACE ( 'NONE', #8464, 0.1999999999999953204 ) ;
#10650 = DIRECTION ( 'NONE',  ( 0.000000000000000000, 0.000000000000000000, 1.000000000000000000 ) ) ;
#10651 = CIRCLE ( 'NONE', #9466, 0.1999999999999953204 ) ;
#10652 = LINE ( 'NONE', #4981, #3229 ) ;
#10653 = CIRCLE ( 'NONE', #7882, 0.1999999999999953204 ) ;
#10654 = DIRECTION ( 'NONE',  ( -1.000000000000000000, 0.000000000000000000, 0.000000000000000000 ) ) ;
#10655 = VERTEX_POINT ( 'NONE', #687 ) ;
#10656 = CARTESIAN_POINT ( 'NONE',  ( 11.75000000000000000, 0.7200000000000000844, -3.074999999999999734 ) ) ;
#10657 = VECTOR ( 'NONE', #2532, 1000.000000000000000 ) ;
#10658 = EDGE_CURVE ( 'NONE', #1035, #5490, #7355, .T. ) ;
#10659 = EDGE_LOOP ( 'NONE', ( #8501, #12161, #8894, #7690 ) ) ;
#10660 = VECTOR ( 'NONE', #10171, 1000.000000000000000 ) ;
#10661 = FACE_OUTER_BOUND ( 'NONE', #4771, .T. ) ;
#10662 = EDGE_CURVE ( 'NONE', #5490, #5775, #11993, .T. ) ;
#10663 = EDGE_LOOP ( 'NONE', ( #9402, #6726, #2987, #6445 ) ) ;
#10664 = FACE_OUTER_BOUND ( 'NONE', #9565, .T. ) ;
#10665 = EDGE_LOOP ( 'NONE', ( #7263, #12147 ) ) ;
#10666 = FACE_BOUND ( 'NONE', #11325, .T. ) ;
#10667 = CARTESIAN_POINT ( 'NONE',  ( -0.9500000000000011768, 0.9000000000000005773, -2.894999999999997797 ) ) ;
#10668 = CARTESIAN_POINT ( 'NONE',  ( -9.210000000000002629, 1.540000000000000480, 0.4649999999999996914 ) ) ;
#10669 = DIRECTION ( 'NONE',  ( 0.000000000000000000, 1.000000000000000000, 0.000000000000000000 ) ) ;
#10670 = ORIENTED_EDGE ( 'NONE', *, *, #7772, .T. ) ;
#10671 = AXIS2_PLACEMENT_3D ( 'NONE', #7991, #11766, #1082 ) ;
#10672 = DIRECTION ( 'NONE',  ( 0.000000000000000000, -0.4226182617407006625, 0.9063077870366493816 ) ) ;
#10673 = CIRCLE ( 'NONE', #2520, 0.1999999999999953204 ) ;
#10674 = ADVANCED_FACE ( 'NONE', ( #7292 ), #11932, .T. ) ;
#10675 = VERTEX_POINT ( 'NONE', #558 ) ;
#10676 = VECTOR ( 'NONE', #6209, 1000.000000000000000 ) ;
#10677 = DIRECTION ( 'NONE',  ( 1.000000000000000000, 0.000000000000000000, -0.000000000000000000 ) ) ;
#10678 = ADVANCED_FACE ( 'NONE', ( #11015 ), #4225, .T. ) ;
#10679 = ORIENTED_EDGE ( 'NONE', *, *, #7913, .T. ) ;
#10680 = EDGE_LOOP ( 'NONE', ( #1937, #5676, #5808, #7348 ) ) ;
#10681 = CARTESIAN_POINT ( 'NONE',  ( 0.000000000000000000, 0.9000000000000005773, 0.4649999999999996914 ) ) ;
#10682 = CIRCLE ( 'NONE', #751, 0.1999999999999953204 ) ;
#10683 = DIRECTION ( 'NONE',  ( 0.000000000000000000, 1.000000000000000000, 0.000000000000000000 ) ) ;
#10684 = DIRECTION ( 'NONE',  ( -1.000000000000000000, 0.000000000000000000, 0.000000000000000000 ) ) ;
#10685 = ORIENTED_EDGE ( 'NONE', *, *, #677, .F. ) ;
#10686 = CARTESIAN_POINT ( 'NONE',  ( -1.930000000000002824, 1.870000000000000551, -1.674999999999999822 ) ) ;
#10687 = FACE_OUTER_BOUND ( 'NONE', #3190, .T. ) ;
#10688 = VECTOR ( 'NONE', #3941, 1000.000000000000000 ) ;
#10689 = VERTEX_POINT ( 'NONE', #4653 ) ;
#10690 = ORIENTED_EDGE ( 'NONE', *, *, #4918, .F. ) ;
#10691 = FACE_OUTER_BOUND ( 'NONE', #1162, .T. ) ;
#10692 = VERTEX_POINT ( 'NONE', #3663 ) ;
#10693 = CIRCLE ( 'NONE', #6542, 0.1999999999999953204 ) ;
#10694 = DIRECTION ( 'NONE',  ( 0.000000000000000000, 0.000000000000000000, 1.000000000000000000 ) ) ;
#10695 = ADVANCED_FACE ( 'NONE', ( #7412 ), #11199, .F. ) ;
#10696 = AXIS2_PLACEMENT_3D ( 'NONE', #3189, #9862, #7876 ) ;
#10697 = ORIENTED_EDGE ( 'NONE', *, *, #8720, .T. ) ;
#10698 = CARTESIAN_POINT ( 'NONE',  ( -4.130000000000001670, 0.7200000000000001954, -3.714999999999999414 ) ) ;
#10699 = ORIENTED_EDGE ( 'NONE', *, *, #11868, .F. ) ;
#10700 = LINE ( 'NONE', #5155, #2387 ) ;
#10701 = PLANE ( 'NONE',  #9469 ) ;
#10702 = ADVANCED_FACE ( 'NONE', ( #12175 ), #2728, .F. ) ;
#10703 = DIRECTION ( 'NONE',  ( 0.000000000000000000, 0.000000000000000000, -1.000000000000000000 ) ) ;
#10704 = DIRECTION ( 'NONE',  ( -0.000000000000000000, -0.000000000000000000, -1.000000000000000000 ) ) ;
#10705 = DIRECTION ( 'NONE',  ( -0.000000000000000000, -0.000000000000000000, 1.000000000000000000 ) ) ;
#10706 = VECTOR ( 'NONE', #3726, 1000.000000000000000 ) ;
#10707 = AXIS2_PLACEMENT_3D ( 'NONE', #1056, #3966, #4832 ) ;
#10708 = EDGE_CURVE ( 'NONE', #11149, #5748, #4542, .T. ) ;
#10709 = ORIENTED_EDGE ( 'NONE', *, *, #2411, .T. ) ;
#10710 = DIRECTION ( 'NONE',  ( 1.000000000000000000, 0.000000000000000000, 0.000000000000000000 ) ) ;
#10711 = VECTOR ( 'NONE', #4128, 1000.000000000000000 ) ;
#10712 = EDGE_LOOP ( 'NONE', ( #4722, #4092, #12124, #7985 ) ) ;
#10713 = ORIENTED_EDGE ( 'NONE', *, *, #10463, .T. ) ;
#10714 = DIRECTION ( 'NONE',  ( 0.000000000000000000, 1.000000000000000000, 0.000000000000000000 ) ) ;
#10715 = CARTESIAN_POINT ( 'NONE',  ( -11.75000000000000178, 1.540000000000000480, -1.674999999999999822 ) ) ;
#10716 = CARTESIAN_POINT ( 'NONE',  ( 11.10999999999999943, 1.540000000000000480, 3.382601427321023646 ) ) ;
#10717 = ADVANCED_FACE ( 'NONE', ( #6490 ), #873, .F. ) ;
#10718 = DIRECTION ( 'NONE',  ( 0.000000000000000000, 1.000000000000000000, 1.150347132610614786E-16 ) ) ;
#10719 = CARTESIAN_POINT ( 'NONE',  ( 0.6099999999999959899, 1.870000000000000551, -1.674999999999999822 ) ) ;
#10720 = VERTEX_POINT ( 'NONE', #4594 ) ;
#10721 = DIRECTION ( 'NONE',  ( 1.000000000000000000, 0.000000000000000000, 0.000000000000000000 ) ) ;
#10722 = ORIENTED_EDGE ( 'NONE', *, *, #5216, .T. ) ;
#10723 = CARTESIAN_POINT ( 'NONE',  ( 1.929999999999997717, 0.5700000000000003952, 0.4649999999999996914 ) ) ;
#10724 = ORIENTED_EDGE ( 'NONE', *, *, #9639, .F. ) ;
#10725 = PLANE ( 'NONE',  #7298 ) ;
#10726 = ORIENTED_EDGE ( 'NONE', *, *, #11534, .F. ) ;
#10727 = CARTESIAN_POINT ( 'NONE',  ( -6.030000000000002025, 0.7200000000000001954, -3.714999999999999414 ) ) ;
#10728 =( NAMED_UNIT ( * ) SI_UNIT ( $, .STERADIAN. ) SOLID_ANGLE_UNIT ( ) );
#10729 = ADVANCED_FACE ( 'NONE', ( #8530 ), #10519, .F. ) ;
#10730 = CYLINDRICAL_SURFACE ( 'NONE', #6525, 0.1999999999999953204 ) ;
#10731 = PLANE ( 'NONE',  #5632 ) ;
#10732 = CARTESIAN_POINT ( 'NONE',  ( -14.13500000000000156, -3.049999999999999822, -3.714999999999999858 ) ) ;
#10733 = EDGE_LOOP ( 'NONE', ( #12213, #2168, #3690, #2723 ) ) ;
#10734 = DIRECTION ( 'NONE',  ( 1.000000000000000000, 0.000000000000000000, -0.000000000000000000 ) ) ;
#10735 = EDGE_CURVE ( 'NONE', #9321, #5763, #2911, .T. ) ;
#10736 = ORIENTED_EDGE ( 'NONE', *, *, #9568, .F. ) ;
#10737 = AXIS2_PLACEMENT_3D ( 'NONE', #4108, #7920, #1192 ) ;
#10738 = CARTESIAN_POINT ( 'NONE',  ( -11.26500000000000234, -3.049999999999999822, -3.230000000000000870 ) ) ;
#10739 = VERTEX_POINT ( 'NONE', #10337 ) ;
#10740 = VERTEX_POINT ( 'NONE', #9347 ) ;
#10741 = SURFACE_SIDE_STYLE ('',( #335 ) ) ;
#10742 = DIRECTION ( 'NONE',  ( -0.000000000000000000, -0.000000000000000000, -1.000000000000000000 ) ) ;
#10743 = VECTOR ( 'NONE', #38, 1000.000000000000000 ) ;
#10744 = CARTESIAN_POINT ( 'NONE',  ( -5.889999999999997904, 0.5700000000000003952, -1.674999999999999822 ) ) ;
#10745 = DIRECTION ( 'NONE',  ( 0.000000000000000000, -0.000000000000000000, 1.000000000000000000 ) ) ;
#10746 = ORIENTED_EDGE ( 'NONE', *, *, #2082, .F. ) ;
#10747 = LINE ( 'NONE', #4254, #12242 ) ;
#10748 = ADVANCED_FACE ( 'NONE', ( #8405 ), #2784, .F. ) ;
#10749 = LINE ( 'NONE', #7081, #7134 ) ;
#10750 = CARTESIAN_POINT ( 'NONE',  ( 11.10999999999999943, 0.7200000000000000844, -3.714999999999999414 ) ) ;
#10751 = CARTESIAN_POINT ( 'NONE',  ( 11.10999999999999943, 0.000000000000000000, 0.4649999999999996914 ) ) ;
#10752 = EDGE_CURVE ( 'NONE', #10491, #11069, #43, .T. ) ;
#10753 = VECTOR ( 'NONE', #10683, 1000.000000000000000 ) ;
#10754 = CARTESIAN_POINT ( 'NONE',  ( 14.13500000000000156, 1.385000000000000897, 3.715000000000003411 ) ) ;
#10755 = ORIENTED_EDGE ( 'NONE', *, *, #499, .F. ) ;
#10756 = DIRECTION ( 'NONE',  ( -0.000000000000000000, -0.000000000000000000, 1.000000000000000000 ) ) ;
#10757 = CARTESIAN_POINT ( 'NONE',  ( 3.489999999999998437, -3.049999999999999822, -3.714999999999999858 ) ) ;
#10758 = DIRECTION ( 'NONE',  ( 0.000000000000000000, -0.000000000000000000, 1.000000000000000000 ) ) ;
#10759 = AXIS2_PLACEMENT_3D ( 'NONE', #2616, #697, #4363 ) ;
#10760 = CARTESIAN_POINT ( 'NONE',  ( 0.000000000000000000, 1.540000000000000480, 0.4649999999999996914 ) ) ;
#10761 = ORIENTED_EDGE ( 'NONE', *, *, #5179, .T. ) ;
#10762 = EDGE_LOOP ( 'NONE', ( #8757, #10197, #3404, #6482 ) ) ;
#10763 = CARTESIAN_POINT ( 'NONE',  ( 4.129999999999998117, 0.7199999999999999734, -2.894999999999998241 ) ) ;
#10764 = EDGE_CURVE ( 'NONE', #9231, #5911, #7474, .T. ) ;
#10765 = VECTOR ( 'NONE', #10531, 1000.000000000000000 ) ;
#10766 = EDGE_CURVE ( 'NONE', #2815, #9524, #3727, .T. ) ;
#10767 = EDGE_LOOP ( 'NONE', ( #6547, #8394, #531, #9508 ) ) ;
#10768 = LINE ( 'NONE', #9025, #10091 ) ;
#10769 = ORIENTED_EDGE ( 'NONE', *, *, #5526, .T. ) ;
#10770 = VERTEX_POINT ( 'NONE', #11318 ) ;
#10771 = CARTESIAN_POINT ( 'NONE',  ( -11.11000000000000121, 1.540000000000001146, -2.894999999999998241 ) ) ;
#10772 = DIRECTION ( 'NONE',  ( 0.000000000000000000, -0.000000000000000000, 1.000000000000000000 ) ) ;
#10773 = LINE ( 'NONE', #4109, #2817 ) ;
#10774 = DIRECTION ( 'NONE',  ( -1.000000000000000000, -0.000000000000000000, 0.000000000000000000 ) ) ;
#10775 = CARTESIAN_POINT ( 'NONE',  ( -4.669999999999999041, 1.870000000000000551, -1.674999999999999822 ) ) ;
#10776 = DIRECTION ( 'NONE',  ( 0.000000000000000000, 0.000000000000000000, -1.000000000000000000 ) ) ;
#10777 = AXIS2_PLACEMENT_3D ( 'NONE', #6396, #9193, #6269 ) ;
#10778 = EDGE_CURVE ( 'NONE', #11772, #802, #6610, .T. ) ;
#10779 = ORIENTED_EDGE ( 'NONE', *, *, #3758, .F. ) ;
#10780 = ADVANCED_FACE ( 'NONE', ( #5663 ), #9463, .F. ) ;
#10781 = ORIENTED_EDGE ( 'NONE', *, *, #3308, .T. ) ;
#10782 = ADVANCED_FACE ( 'NONE', ( #5731 ), #7595, .F. ) ;
#10783 = LINE ( 'NONE', #9848, #11098 ) ;
#10784 = VECTOR ( 'NONE', #6439, 1000.000000000000000 ) ;
#10785 = CARTESIAN_POINT ( 'NONE',  ( -8.890000000000002345, 0.7199999999999999734, -2.894999999999998241 ) ) ;
#10786 = ORIENTED_EDGE ( 'NONE', *, *, #10999, .T. ) ;
#10787 = FACE_OUTER_BOUND ( 'NONE', #318, .T. ) ;
#10788 = VERTEX_POINT ( 'NONE', #5548 ) ;
#10789 = FACE_BOUND ( 'NONE', #2496, .T. ) ;
#10790 = FACE_OUTER_BOUND ( 'NONE', #4216, .T. ) ;
#10791 = CARTESIAN_POINT ( 'NONE',  ( -11.71298781283277357, 1.436334613170440644, -5.652012187167225754 ) ) ;
#10792 = CARTESIAN_POINT ( 'NONE',  ( -13.65000000000000213, 0.9000000000000005773, 3.382601427321023646 ) ) ;
#10793 = FACE_OUTER_BOUND ( 'NONE', #9526, .T. ) ;
#10794 = ORIENTED_EDGE ( 'NONE', *, *, #5916, .F. ) ;
#10795 = DIRECTION ( 'NONE',  ( -0.000000000000000000, -0.4226182617407006625, -0.9063077870366493816 ) ) ;
#10796 = AXIS2_PLACEMENT_3D ( 'NONE', #3230, #7045, #5346 ) ;
#10797 = ORIENTED_EDGE ( 'NONE', *, *, #2654, .T. ) ;
#10798 = EDGE_CURVE ( 'NONE', #11421, #9491, #9532, .T. ) ;
#10799 = DIRECTION ( 'NONE',  ( 0.000000000000000000, 1.000000000000000000, 0.000000000000000000 ) ) ;
#10800 = ORIENTED_EDGE ( 'NONE', *, *, #7372, .T. ) ;
#10801 = CARTESIAN_POINT ( 'NONE',  ( 6.669999999999999041, 0.7200000000000001954, -3.714999999999999414 ) ) ;
#10802 = CARTESIAN_POINT ( 'NONE',  ( 9.549999999999998934, 0.5700000000000003952, -1.674999999999999822 ) ) ;
#10803 = CARTESIAN_POINT ( 'NONE',  ( -6.670000000000002593, -3.049999999999999822, -3.714999999999999858 ) ) ;
#10804 = VECTOR ( 'NONE', #11889, 1000.000000000000000 ) ;
#10805 = DIRECTION ( 'NONE',  ( 0.000000000000000000, 1.150347132610614786E-16, -1.000000000000000000 ) ) ;
#10806 = ORIENTED_EDGE ( 'NONE', *, *, #8623, .T. ) ;
#10807 = LINE ( 'NONE', #7018, #10676 ) ;
#10808 = PLANE ( 'NONE',  #3311 ) ;
#10809 = CARTESIAN_POINT ( 'NONE',  ( -6.030000000000002025, -2.717601427321017837, -3.075000000000000178 ) ) ;
#10810 = EDGE_LOOP ( 'NONE', ( #6665, #8031 ) ) ;
#10811 = DIRECTION ( 'NONE',  ( -0.3892816206350259711, 0.8348171294789868968, -0.3892816206350259711 ) ) ;
#10812 = AXIS2_PLACEMENT_3D ( 'NONE', #430, #2993, #3986 ) ;
#10813 = DIRECTION ( 'NONE',  ( 0.000000000000000000, 1.000000000000000000, 1.150347132610614786E-16 ) ) ;
#10814 = DIRECTION ( 'NONE',  ( 1.000000000000000000, 0.000000000000000000, -0.000000000000000000 ) ) ;
#10815 = DIRECTION ( 'NONE',  ( -1.000000000000000000, 0.000000000000000000, 0.000000000000000000 ) ) ;
#10816 = ADVANCED_FACE ( 'NONE', ( #11440 ), #10577, .T. ) ;
#10817 = CARTESIAN_POINT ( 'NONE',  ( 13.30999999999999872, 1.870000000000000551, -1.875000000000000000 ) ) ;
#10818 = VERTEX_POINT ( 'NONE', #2167 ) ;
#10819 = FILL_AREA_STYLE ('',( #3160 ) ) ;
#10820 = CARTESIAN_POINT ( 'NONE',  ( 11.10999999999999943, -3.049999999999999822, -3.714999999999999858 ) ) ;
#10821 = VECTOR ( 'NONE', #2882, 1000.000000000000000 ) ;
#10822 = ADVANCED_FACE ( 'NONE', ( #9714 ), #8717, .F. ) ;
#10823 = AXIS2_PLACEMENT_3D ( 'NONE', #2953, #5252, #3258 ) ;
#10824 = ORIENTED_EDGE ( 'NONE', *, *, #8022, .T. ) ;
#10825 = DIRECTION ( 'NONE',  ( 0.000000000000000000, 0.000000000000000000, -1.000000000000000000 ) ) ;
#10826 = EDGE_LOOP ( 'NONE', ( #10056, #6687 ) ) ;
#10827 = ORIENTED_EDGE ( 'NONE', *, *, #4643, .T. ) ;
#10828 = EDGE_CURVE ( 'NONE', #4345, #5274, #2035, .T. ) ;
#10829 = LINE ( 'NONE', #6173, #3488 ) ;
#10830 = AXIS2_PLACEMENT_3D ( 'NONE', #1514, #7999, #575 ) ;
#10831 = CARTESIAN_POINT ( 'NONE',  ( 16.22701218716722948, 1.436334613170440644, -1.137987812832773837 ) ) ;
#10832 = DIRECTION ( 'NONE',  ( -1.000000000000000000, 0.000000000000000000, 0.000000000000000000 ) ) ;
#10833 =( NAMED_UNIT ( * ) SI_UNIT ( $, .STERADIAN. ) SOLID_ANGLE_UNIT ( ) );
#10834 = CARTESIAN_POINT ( 'NONE',  ( 0.000000000000000000, 0.9000000000000005773, -1.674999999999999822 ) ) ;
#10835 = ORIENTED_EDGE ( 'NONE', *, *, #708, .T. ) ;
#10836 = EDGE_CURVE ( 'NONE', #3574, #8756, #6855, .T. ) ;
#10837 = FACE_OUTER_BOUND ( 'NONE', #7151, .T. ) ;
#10838 = VECTOR ( 'NONE', #10907, 1000.000000000000000 ) ;
#10839 = ORIENTED_EDGE ( 'NONE', *, *, #4293, .T. ) ;
#10840 = VECTOR ( 'NONE', #11697, 1000.000000000000000 ) ;
#10841 = ORIENTED_EDGE ( 'NONE', *, *, #166, .T. ) ;
#10842 = VECTOR ( 'NONE', #817, 1000.000000000000000 ) ;
#10843 = DIRECTION ( 'NONE',  ( -0.000000000000000000, -0.000000000000000000, -1.000000000000000000 ) ) ;
#10844 = DIRECTION ( 'NONE',  ( 0.000000000000000000, 0.000000000000000000, -1.000000000000000000 ) ) ;
#10845 = VERTEX_POINT ( 'NONE', #1061 ) ;
#10846 = EDGE_CURVE ( 'NONE', #10200, #7547, #109, .T. ) ;
#10847 = CARTESIAN_POINT ( 'NONE',  ( -11.59500000000000064, -3.049999999999999822, -3.714999999999999858 ) ) ;
#10848 = COLOUR_RGB ( '',0.7960784313725489669, 0.8235294117647058432, 0.9372549019607843146 ) ;
#10849 = FACE_BOUND ( 'NONE', #12121, .T. ) ;
#10850 = DIRECTION ( 'NONE',  ( 0.000000000000000000, 1.000000000000000000, -1.150347132610614786E-16 ) ) ;
#10851 = CARTESIAN_POINT ( 'NONE',  ( -0.6100000000000012079, 0.5700000000000003952, 0.4649999999999996914 ) ) ;
#10852 = AXIS2_PLACEMENT_3D ( 'NONE', #6606, #7780, #1847 ) ;
#10853 = CARTESIAN_POINT ( 'NONE',  ( 11.75000000000000000, 0.9000000000000005773, -2.894999999999997797 ) ) ;
#10854 = LINE ( 'NONE', #512, #978 ) ;
#10855 = EDGE_CURVE ( 'NONE', #1244, #6794, #6799, .T. ) ;
#10856 = FACE_OUTER_BOUND ( 'NONE', #6155, .T. ) ;
#10857 = EDGE_LOOP ( 'NONE', ( #2747, #4543 ) ) ;
#10858 = CIRCLE ( 'NONE', #9880, 0.1999999999999953204 ) ;
#10859 = AXIS2_PLACEMENT_3D ( 'NONE', #2958, #4697, #8698 ) ;
#10860 = FACE_OUTER_BOUND ( 'NONE', #5796, .T. ) ;
#10861 = VERTEX_POINT ( 'NONE', #9651 ) ;
#10862 = EDGE_CURVE ( 'NONE', #11522, #1784, #4969, .T. ) ;
#10863 = DIRECTION ( 'NONE',  ( 1.000000000000000000, 0.000000000000000000, 0.000000000000000000 ) ) ;
#10864 = DIRECTION ( 'NONE',  ( 0.000000000000000000, 1.150347132610614786E-16, -1.000000000000000000 ) ) ;
#10865 = DIRECTION ( 'NONE',  ( -0.000000000000000000, -0.000000000000000000, 1.000000000000000000 ) ) ;
#10866 = DIRECTION ( 'NONE',  ( 0.000000000000000000, 1.000000000000000000, 1.150347132610614786E-16 ) ) ;
#10867 = CARTESIAN_POINT ( 'NONE',  ( 0.9499999999999977351, 1.540000000000001146, -2.894999999999998241 ) ) ;
#10868 = FACE_OUTER_BOUND ( 'NONE', #9976, .T. ) ;
#10869 = VECTOR ( 'NONE', #11400, 1000.000000000000000 ) ;
#10870 = LINE ( 'NONE', #9998, #9216 ) ;
#10871 = ORIENTED_EDGE ( 'NONE', *, *, #2157, .F. ) ;
#10872 = ADVANCED_FACE ( 'NONE', ( #173 ), #228, .T. ) ;
#10873 = DIRECTION ( 'NONE',  ( -0.000000000000000000, -0.000000000000000000, -1.000000000000000000 ) ) ;
#10874 = AXIS2_PLACEMENT_3D ( 'NONE', #11705, #10843, #3180 ) ;
#10875 = VERTEX_POINT ( 'NONE', #4908 ) ;
#10876 = AXIS2_PLACEMENT_3D ( 'NONE', #7405, #614, #679 ) ;
#10877 = DIRECTION ( 'NONE',  ( 0.000000000000000000, 0.000000000000000000, -1.000000000000000000 ) ) ;
#10878 = CARTESIAN_POINT ( 'NONE',  ( -5.690000000000002167, 0.5700000000000003952, -1.674999999999999822 ) ) ;
#10879 = VECTOR ( 'NONE', #7145, 1000.000000000000000 ) ;
#10880 = LINE ( 'NONE', #6031, #6388 ) ;
#10881 = CARTESIAN_POINT ( 'NONE',  ( 5.689999999999996838, 1.870000000000000551, 0.6649999999999998135 ) ) ;
#10882 = EDGE_LOOP ( 'NONE', ( #419, #8284 ) ) ;
#10883 = DIRECTION ( 'NONE',  ( 0.000000000000000000, 1.000000000000000000, -1.150347132610614786E-16 ) ) ;
#10884 = EDGE_CURVE ( 'NONE', #4638, #8799, #3911, .T. ) ;
#10885 = VERTEX_POINT ( 'NONE', #11503 ) ;
#10886 = CARTESIAN_POINT ( 'NONE',  ( -4.130000000000001670, 1.540000000000000480, -2.894999999999997797 ) ) ;
#10887 = VECTOR ( 'NONE', #5949, 1000.000000000000000 ) ;
#10888 = EDGE_CURVE ( 'NONE', #11716, #2752, #2974, .T. ) ;
#10889 = AXIS2_PLACEMENT_3D ( 'NONE', #772, #3431, #7244 ) ;
#10890 = ORIENTED_EDGE ( 'NONE', *, *, #1781, .F. ) ;
#10891 = DIRECTION ( 'NONE',  ( -0.000000000000000000, -0.000000000000000000, -1.000000000000000000 ) ) ;
#10892 = VECTOR ( 'NONE', #6481, 1000.000000000000000 ) ;
#10893 = CARTESIAN_POINT ( 'NONE',  ( -7.209999999999999076, 1.870000000000000551, 0.6649999999999998135 ) ) ;
#10894 = LINE ( 'NONE', #11303, #4701 ) ;
#10895 = VECTOR ( 'NONE', #11931, 1000.000000000000000 ) ;
#10896 = DIRECTION ( 'NONE',  ( 1.000000000000000000, 0.000000000000000000, -0.000000000000000000 ) ) ;
#10897 = AXIS2_PLACEMENT_3D ( 'NONE', #7660, #2659, #5600 ) ;
#10898 = DIRECTION ( 'NONE',  ( 0.000000000000000000, 0.9063077870366494926, -0.4226182617407005515 ) ) ;
#10899 = EDGE_CURVE ( 'NONE', #7115, #6344, #12191, .T. ) ;
#10900 = LINE ( 'NONE', #1493, #3052 ) ;
#10901 = DIRECTION ( 'NONE',  ( 0.000000000000000000, 0.000000000000000000, 1.000000000000000000 ) ) ;
#10902 = VECTOR ( 'NONE', #3540, 1000.000000000000227 ) ;
#10903 = ADVANCED_FACE ( 'NONE', ( #1894 ), #5639, .F. ) ;
#10904 = EDGE_LOOP ( 'NONE', ( #7324, #6801, #12063, #2759 ) ) ;
#10905 = VECTOR ( 'NONE', #3843, 1000.000000000000000 ) ;
#10906 = DIRECTION ( 'NONE',  ( 0.3892816206350259711, -0.8348171294789868968, -0.3892816206350259711 ) ) ;
#10907 = DIRECTION ( 'NONE',  ( 0.000000000000000000, -1.000000000000000000, 1.150347132610614786E-16 ) ) ;
#10908 = ORIENTED_EDGE ( 'NONE', *, *, #11519, .T. ) ;
#10909 = DIRECTION ( 'NONE',  ( -0.000000000000000000, -0.000000000000000000, -1.000000000000000000 ) ) ;
#10910 = ORIENTED_EDGE ( 'NONE', *, *, #1353, .F. ) ;
#10911 = FACE_OUTER_BOUND ( 'NONE', #11537, .T. ) ;
#10912 = CARTESIAN_POINT ( 'NONE',  ( 1.104999999999998428, 1.055000000000000382, 3.715000000000003411 ) ) ;
#10913 = CARTESIAN_POINT ( 'NONE',  ( 11.10999999999999943, 0.7200000000000001954, -3.074999999999999734 ) ) ;
#10914 = LINE ( 'NONE', #4942, #6237 ) ;
#10915 = FACE_OUTER_BOUND ( 'NONE', #1171, .T. ) ;
#10916 = EDGE_LOOP ( 'NONE', ( #1477, #7542, #8787, #7458 ) ) ;
#10917 = CARTESIAN_POINT ( 'NONE',  ( -5.490000000000007319, 0.5700000000000003952, 0.4649999999999996914 ) ) ;
#10918 = EDGE_CURVE ( 'NONE', #2792, #5262, #10433, .T. ) ;
#10919 = ORIENTED_EDGE ( 'NONE', *, *, #2721, .T. ) ;
#10920 = DIRECTION ( 'NONE',  ( -0.000000000000000000, -0.000000000000000000, -1.000000000000000000 ) ) ;
#10921 = ADVANCED_FACE ( 'NONE', ( #3705, #9510, #8444, #2709, #982, #6529, #4757, #10559, #10501, #2890, #3766, #12217, #8509, #7708, #8570, #11299, #9628, #84, #2764, #10374, #5830, #11240, #2956, #4695, #3889, #3823, #6718, #8383, #10317, #12153, #6589, #24, #7450, #851, #1830, #7573, #6651 ), #9381, .T. ) ;
#10922 = ORIENTED_EDGE ( 'NONE', *, *, #465, .F. ) ;
#10923 = CARTESIAN_POINT ( 'NONE',  ( 2.950000000000001066, 1.870000000000000551, -1.674999999999999822 ) ) ;
#10924 = DIRECTION ( 'NONE',  ( 1.000000000000000000, 0.000000000000000000, 0.000000000000000000 ) ) ;
#10925 = CARTESIAN_POINT ( 'NONE',  ( -1.435000000000000497, 1.055000000000000382, 3.715000000000003411 ) ) ;
#10926 = LINE ( 'NONE', #9995, #1626 ) ;
#10927 = DIRECTION ( 'NONE',  ( 0.000000000000000000, -1.000000000000000000, 0.000000000000000000 ) ) ;
#10928 = PLANE ( 'NONE',  #2318 ) ;
#10929 = DIRECTION ( 'NONE',  ( -0.000000000000000000, -0.000000000000000000, -1.000000000000000000 ) ) ;
#10930 = VERTEX_POINT ( 'NONE', #1960 ) ;
#10931 = CARTESIAN_POINT ( 'NONE',  ( 3.149999999999996358, 1.870000000000000551, 0.4649999999999996914 ) ) ;
#10932 = ADVANCED_FACE ( 'NONE', ( #4631 ), #2823, .F. ) ;
#10933 = EDGE_LOOP ( 'NONE', ( #7908, #1001, #8519, #1926 ) ) ;
#10934 = DIRECTION ( 'NONE',  ( 1.000000000000000000, 0.000000000000000000, -0.000000000000000000 ) ) ;
#10935 = EDGE_CURVE ( 'NONE', #7917, #6010, #1041, .T. ) ;
#10936 = DIRECTION ( 'NONE',  ( -0.000000000000000000, -0.000000000000000000, -1.000000000000000000 ) ) ;
#10937 = DIRECTION ( 'NONE',  ( 0.000000000000000000, 0.000000000000000000, 1.000000000000000000 ) ) ;
#10938 = CARTESIAN_POINT ( 'NONE',  ( -8.725000000000003197, -3.049999999999999822, -3.075000000000000178 ) ) ;
#10939 = VERTEX_POINT ( 'NONE', #11485 ) ;
#10940 = AXIS2_PLACEMENT_3D ( 'NONE', #5037, #5104, #8847 ) ;
#10941 = DIRECTION ( 'NONE',  ( -0.000000000000000000, 1.000000000000000000, 1.150347132610614786E-16 ) ) ;
#10942 = VECTOR ( 'NONE', #11792, 1000.000000000000000 ) ;
#10943 = ORIENTED_EDGE ( 'NONE', *, *, #12033, .F. ) ;
#10944 = CARTESIAN_POINT ( 'NONE',  ( 10.76999999999999780, 1.870000000000000551, 0.6649999999999998135 ) ) ;
#10945 = ORIENTED_EDGE ( 'NONE', *, *, #3293, .T. ) ;
#10946 = ADVANCED_FACE ( 'NONE', ( #5582 ), #3027, .F. ) ;
#10947 = VERTEX_POINT ( 'NONE', #10754 ) ;
#10948 = FACE_OUTER_BOUND ( 'NONE', #8308, .T. ) ;
#10949 = VECTOR ( 'NONE', #8268, 1000.000000000000000 ) ;
#10950 = LINE ( 'NONE', #2415, #6079 ) ;
#10951 = FACE_OUTER_BOUND ( 'NONE', #10762, .T. ) ;
#10952 = EDGE_CURVE ( 'NONE', #8150, #3192, #1290, .T. ) ;
#10953 = PLANE ( 'NONE',  #3932 ) ;
#10954 = PLANE ( 'NONE',  #4642 ) ;
#10955 = ORIENTED_EDGE ( 'NONE', *, *, #7809, .F. ) ;
#10956 = DIRECTION ( 'NONE',  ( -0.3892816206350239172, 0.3892816206350261377, 0.8348171294789875629 ) ) ;
#10957 = AXIS2_PLACEMENT_3D ( 'NONE', #568, #12005, #7240 ) ;
#10958 = ORIENTED_EDGE ( 'NONE', *, *, #3956, .T. ) ;
#10959 = DIRECTION ( 'NONE',  ( 1.000000000000000000, 0.000000000000000000, -0.000000000000000000 ) ) ;
#10960 = EDGE_LOOP ( 'NONE', ( #10527, #4079, #8231, #562 ) ) ;
#10961 = CARTESIAN_POINT ( 'NONE',  ( 12.08999999999999986, 0.5700000000000003952, 0.6649999999999998135 ) ) ;
#10962 = VERTEX_POINT ( 'NONE', #1177 ) ;
#10963 = EDGE_LOOP ( 'NONE', ( #2452, #10427, #10958, #11265 ) ) ;
#10964 = DIRECTION ( 'NONE',  ( -1.000000000000000000, 0.000000000000000000, 0.000000000000000000 ) ) ;
#10965 = CIRCLE ( 'NONE', #12150, 0.1999999999999953204 ) ;
#10966 =( NAMED_UNIT ( * ) SI_UNIT ( $, .STERADIAN. ) SOLID_ANGLE_UNIT ( ) );
#10967 = EDGE_CURVE ( 'NONE', #10142, #2768, #4024, .T. ) ;
#10968 = CARTESIAN_POINT ( 'NONE',  ( 5.080000000000000071, -3.049999999999999822, -4.336808689942017736E-16 ) ) ;
#10969 = CARTESIAN_POINT ( 'NONE',  ( -6.515000000000001457, -3.049999999999999822, -4.336808689942017736E-16 ) ) ;
#10970 = FACE_OUTER_BOUND ( 'NONE', #3280, .T. ) ;
#10971 = EDGE_LOOP ( 'NONE', ( #18, #11818, #4551, #8186 ) ) ;
#10972 = DIRECTION ( 'NONE',  ( 0.000000000000000000, -1.000000000000000000, 1.150347132610614786E-16 ) ) ;
#10973 = ORIENTED_EDGE ( 'NONE', *, *, #10658, .F. ) ;
#10974 = VECTOR ( 'NONE', #2048, 1000.000000000000000 ) ;
#10975 = EDGE_CURVE ( 'NONE', #10179, #8637, #2262, .T. ) ;
#10976 = CARTESIAN_POINT ( 'NONE',  ( -0.8099999999999963896, 0.5700000000000003952, 0.6649999999999998135 ) ) ;
#10977 = ORIENTED_EDGE ( 'NONE', *, *, #11615, .F. ) ;
#10978 = CARTESIAN_POINT ( 'NONE',  ( -7.010000000000004228, 1.870000000000000551, 0.6649999999999998135 ) ) ;
#10979 = DIRECTION ( 'NONE',  ( 0.000000000000000000, 0.000000000000000000, -1.000000000000000000 ) ) ;
#10980 = DIRECTION ( 'NONE',  ( 0.000000000000000000, 0.000000000000000000, 1.000000000000000000 ) ) ;
#10981 = EDGE_CURVE ( 'NONE', #9205, #6041, #8708, .T. ) ;
#10982 = CARTESIAN_POINT ( 'NONE',  ( 13.65000000000000036, 0.7200000000000000844, -3.074999999999999734 ) ) ;
#10983 = DIRECTION ( 'NONE',  ( 1.000000000000000000, 0.000000000000000000, 0.000000000000000000 ) ) ;
#10984 = CARTESIAN_POINT ( 'NONE',  ( -11.75000000000000178, -3.049999999999999822, -3.714999999999999858 ) ) ;
#10985 = VECTOR ( 'NONE', #2273, 1000.000000000000000 ) ;
#10986 = ORIENTED_EDGE ( 'NONE', *, *, #11717, .F. ) ;
#10987 = ORIENTED_EDGE ( 'NONE', *, *, #12287, .F. ) ;
#10988 = DIRECTION ( 'NONE',  ( 0.9063077870366493816, -0.4226182617407006625, 0.000000000000000000 ) ) ;
#10989 = EDGE_CURVE ( 'NONE', #10845, #11618, #1055, .T. ) ;
#10990 = ORIENTED_EDGE ( 'NONE', *, *, #2188, .T. ) ;
#10991 = VECTOR ( 'NONE', #4000, 999.9999999999998863 ) ;
#10992 = DIRECTION ( 'NONE',  ( 0.000000000000000000, 0.000000000000000000, 1.000000000000000000 ) ) ;
#10993 = ORIENTED_EDGE ( 'NONE', *, *, #8410, .F. ) ;
#10994 = SURFACE_SIDE_STYLE ('',( #5397 ) ) ;
#10995 = CARTESIAN_POINT ( 'NONE',  ( 14.29000000000000092, -2.717601427321017837, -3.714999999999999858 ) ) ;
#10996 = CARTESIAN_POINT ( 'NONE',  ( -6.030000000000002025, 0.7199999999999999734, -2.894999999999998241 ) ) ;
#10997 = EDGE_CURVE ( 'NONE', #10368, #6416, #9641, .T. ) ;
#10998 = VERTEX_POINT ( 'NONE', #4830 ) ;
#10999 = EDGE_CURVE ( 'NONE', #4133, #3794, #3061, .T. ) ;
#11000 = EDGE_LOOP ( 'NONE', ( #2580, #980, #1411, #5972 ) ) ;
#11001 = CARTESIAN_POINT ( 'NONE',  ( 0.9499999999999977351, 0.9000000000000010214, -2.894999999999998241 ) ) ;
#11002 = ORIENTED_EDGE ( 'NONE', *, *, #8546, .T. ) ;
#11003 = ORIENTED_EDGE ( 'NONE', *, *, #8087, .T. ) ;
#11004 = DIRECTION ( 'NONE',  ( -1.000000000000000000, 0.000000000000000000, 0.000000000000000000 ) ) ;
#11005 = AXIS2_PLACEMENT_3D ( 'NONE', #9545, #2680, #6756 ) ;
#11006 = EDGE_CURVE ( 'NONE', #161, #4665, #6262, .T. ) ;
#11007 = ORIENTED_EDGE ( 'NONE', *, *, #4584, .T. ) ;
#11008 = VERTEX_POINT ( 'NONE', #4963 ) ;
#11009 = CARTESIAN_POINT ( 'NONE',  ( 8.030000000000002913, 1.870000000000000551, 0.6649999999999998135 ) ) ;
#11010 = VECTOR ( 'NONE', #7663, 1000.000000000000000 ) ;
#11011 = CARTESIAN_POINT ( 'NONE',  ( -3.490000000000001990, 0.9000000000000013545, 3.382601427321023646 ) ) ;
#11012 = ADVANCED_FACE ( 'NONE', ( #6849 ), #6971, .F. ) ;
#11013 = DIRECTION ( 'NONE',  ( 0.000000000000000000, -0.000000000000000000, 1.000000000000000000 ) ) ;
#11014 = PLANE ( 'NONE',  #11486 ) ;
#11015 = FACE_OUTER_BOUND ( 'NONE', #7886, .T. ) ;
#11016 = VERTEX_POINT ( 'NONE', #2027 ) ;
#11017 = CARTESIAN_POINT ( 'NONE',  ( -0.9500000000000011768, -3.049999999999999822, -3.559999999999999165 ) ) ;
#11018 = ADVANCED_FACE ( 'NONE', ( #3902 ), #8770, .F. ) ;
#11019 = ORIENTED_EDGE ( 'NONE', *, *, #4894, .T. ) ;
#11020 = AXIS2_PLACEMENT_3D ( 'NONE', #916, #12096, #9326 ) ;
#11021 = ORIENTED_EDGE ( 'NONE', *, *, #8439, .F. ) ;
#11022 = DIRECTION ( 'NONE',  ( 1.000000000000000000, 0.000000000000000000, -0.000000000000000000 ) ) ;
#11023 = VECTOR ( 'NONE', #390, 1000.000000000000000 ) ;
#11024 = ORIENTED_EDGE ( 'NONE', *, *, #4102, .F. ) ;
#11025 = LINE ( 'NONE', #8232, #7477 ) ;
#11026 = ORIENTED_EDGE ( 'NONE', *, *, #8739, .F. ) ;
#11027 = ORIENTED_EDGE ( 'NONE', *, *, #9876, .F. ) ;
#11028 = CARTESIAN_POINT ( 'NONE',  ( -6.515000000000001457, -3.049999999999999822, -3.714999999999999858 ) ) ;
#11029 = VECTOR ( 'NONE', #2806, 1000.000000000000000 ) ;
#11030 = DIRECTION ( 'NONE',  ( 0.000000000000000000, -0.000000000000000000, 1.000000000000000000 ) ) ;
#11031 = DIRECTION ( 'NONE',  ( 0.000000000000000000, -1.000000000000000000, 0.000000000000000000 ) ) ;
#11032 = CARTESIAN_POINT ( 'NONE',  ( -13.80500000000000149, -2.174999999999998934, 3.715000000000003855 ) ) ;
#11033 = LINE ( 'NONE', #6507, #3334 ) ;
#11034 = ORIENTED_EDGE ( 'NONE', *, *, #1053, .F. ) ;
#11035 = EDGE_CURVE ( 'NONE', #4604, #8059, #1113, .T. ) ;
#11036 = VECTOR ( 'NONE', #8998, 1000.000000000000000 ) ;
#11037 = DIRECTION ( 'NONE',  ( 0.000000000000000000, 0.000000000000000000, 1.000000000000000000 ) ) ;
#11038 = VECTOR ( 'NONE', #7414, 1000.000000000000000 ) ;
#11039 = ORIENTED_EDGE ( 'NONE', *, *, #6146, .F. ) ;
#11040 = VECTOR ( 'NONE', #1999, 1000.000000000000000 ) ;
#11041 = ADVANCED_FACE ( 'NONE', ( #9760 ), #350, .F. ) ;
#11042 = CARTESIAN_POINT ( 'NONE',  ( 8.570000000000000284, 0.000000000000000000, -1.674999999999999822 ) ) ;
#11043 = LINE ( 'NONE', #2511, #6709 ) ;
#11044 = DIRECTION ( 'NONE',  ( -0.000000000000000000, -0.4226182617407006625, -0.9063077870366493816 ) ) ;
#11045 = AXIS2_PLACEMENT_3D ( 'NONE', #9343, #7409, #2547 ) ;
#11046 = ORIENTED_EDGE ( 'NONE', *, *, #2365, .T. ) ;
#11047 = VECTOR ( 'NONE', #1969, 1000.000000000000000 ) ;
#11048 = CARTESIAN_POINT ( 'NONE',  ( -14.29000000000000270, -3.049999999999999822, -3.075000000000000178 ) ) ;
#11049 = SURFACE_STYLE_FILL_AREA ( #9252 ) ;
#11050 = PLANE ( 'NONE',  #12249 ) ;
#11051 = CARTESIAN_POINT ( 'NONE',  ( -14.29000000000000270, 0.7200000000000000844, -3.074999999999999734 ) ) ;
#11052 = DIRECTION ( 'NONE',  ( 0.9063077870366486044, -4.861577055822993677E-17, -0.4226182617407024389 ) ) ;
#11053 = ORIENTED_EDGE ( 'NONE', *, *, #2668, .T. ) ;
#11054 = EDGE_CURVE ( 'NONE', #10788, #4228, #9429, .T. ) ;
#11055 = AXIS2_PLACEMENT_3D ( 'NONE', #537, #4333, #11971 ) ;
#11056 = EDGE_LOOP ( 'NONE', ( #5541, #12258, #7219, #6475 ) ) ;
#11057 = DIRECTION ( 'NONE',  ( 0.000000000000000000, -1.000000000000000000, 1.150347132610614786E-16 ) ) ;
#11058 = AXIS2_PLACEMENT_3D ( 'NONE', #5156, #473, #9952 ) ;
#11059 = EDGE_CURVE ( 'NONE', #4769, #11112, #1970, .T. ) ;
#11060 = DIRECTION ( 'NONE',  ( 1.000000000000000000, 0.000000000000000000, -0.000000000000000000 ) ) ;
#11061 = ORIENTED_EDGE ( 'NONE', *, *, #6681, .F. ) ;
#11062 =( NAMED_UNIT ( * ) SI_UNIT ( $, .STERADIAN. ) SOLID_ANGLE_UNIT ( ) );
#11063 = VECTOR ( 'NONE', #7572, 1000.000000000000000 ) ;
#11064 = DIRECTION ( 'NONE',  ( -1.000000000000000000, 0.000000000000000000, 0.000000000000000000 ) ) ;
#11065 = CARTESIAN_POINT ( 'NONE',  ( 5.689999999999996838, 1.870000000000000551, 0.4649999999999996914 ) ) ;
#11066 = DIRECTION ( 'NONE',  ( -0.000000000000000000, 0.000000000000000000, -1.000000000000000000 ) ) ;
#11067 = ORIENTED_EDGE ( 'NONE', *, *, #11578, .F. ) ;
#11068 = DIRECTION ( 'NONE',  ( -0.000000000000000000, -0.000000000000000000, 1.000000000000000000 ) ) ;
#11069 = VERTEX_POINT ( 'NONE', #4900 ) ;
#11070 = DIRECTION ( 'NONE',  ( -0.000000000000000000, -0.000000000000000000, 1.000000000000000000 ) ) ;
#11071 = VERTEX_POINT ( 'NONE', #7776 ) ;
#11072 = CARTESIAN_POINT ( 'NONE',  ( -11.11000000000000121, 0.9000000000000010214, -2.894999999999998241 ) ) ;
#11073 = ORIENTED_EDGE ( 'NONE', *, *, #5129, .T. ) ;
#11074 = CIRCLE ( 'NONE', #3305, 0.1999999999999953204 ) ;
#11075 = EDGE_CURVE ( 'NONE', #2949, #6329, #11553, .T. ) ;
#11076 = VECTOR ( 'NONE', #3632, 1000.000000000000000 ) ;
#11077 = ORIENTED_EDGE ( 'NONE', *, *, #2871, .T. ) ;
#11078 = CARTESIAN_POINT ( 'NONE',  ( -1.270000000000002016, 0.7199999999999999734, -2.894999999999998241 ) ) ;
#11079 = ORIENTED_EDGE ( 'NONE', *, *, #10522, .F. ) ;
#11080 = EDGE_CURVE ( 'NONE', #10142, #10407, #4050, .T. ) ;
#11081 = CARTESIAN_POINT ( 'NONE',  ( -3.490000000000001990, 0.9000000000000005773, -2.894999999999997797 ) ) ;
#11082 = CARTESIAN_POINT ( 'NONE',  ( 6.029999999999998472, 1.540000000000000480, 3.715000000000003411 ) ) ;
#11083 = CARTESIAN_POINT ( 'NONE',  ( 9.113014284694891387, 1.443014284694892124, 3.590587964983397828 ) ) ;
#11084 = DIRECTION ( 'NONE',  ( 1.000000000000000000, 0.000000000000000000, -0.000000000000000000 ) ) ;
#11085 = VERTEX_POINT ( 'NONE', #4450 ) ;
#11086 = LINE ( 'NONE', #5296, #5871 ) ;
#11087 = CIRCLE ( 'NONE', #7118, 0.1999999999999953204 ) ;
#11088 = AXIS2_PLACEMENT_3D ( 'NONE', #1447, #9051, #8120 ) ;
#11089 = ORIENTED_EDGE ( 'NONE', *, *, #977, .F. ) ;
#11090 = EDGE_CURVE ( 'NONE', #7998, #3551, #6350, .T. ) ;
#11091 = EDGE_LOOP ( 'NONE', ( #2068, #885, #11089, #875 ) ) ;
#11092 = VERTEX_POINT ( 'NONE', #9145 ) ;
#11093 = AXIS2_PLACEMENT_3D ( 'NONE', #4793, #9359, #8604 ) ;
#11094 = ORIENTED_EDGE ( 'NONE', *, *, #421, .T. ) ;
#11095 = PLANE ( 'NONE',  #10447 ) ;
#11096 = ORIENTED_EDGE ( 'NONE', *, *, #220, .T. ) ;
#11097 = ADVANCED_FACE ( 'NONE', ( #4203 ), #3397, .F. ) ;
#11098 = VECTOR ( 'NONE', #1319, 1000.000000000000000 ) ;
#11099 = CARTESIAN_POINT ( 'NONE',  ( 8.229999999999996874, 1.870000000000000551, -1.875000000000000000 ) ) ;
#11100 =( NAMED_UNIT ( * ) PLANE_ANGLE_UNIT ( ) SI_UNIT ( $, .RADIAN. ) );
#11101 = FACE_OUTER_BOUND ( 'NONE', #11388, .T. ) ;
#11102 = LINE ( 'NONE', #12078, #7228 ) ;
#11103 = DIRECTION ( 'NONE',  ( -0.000000000000000000, 0.000000000000000000, -1.000000000000000000 ) ) ;
#11104 = EDGE_LOOP ( 'NONE', ( #10234, #4499, #9140, #5693 ) ) ;
#11105 = VECTOR ( 'NONE', #10941, 1000.000000000000000 ) ;
#11106 = ORIENTED_EDGE ( 'NONE', *, *, #6257, .F. ) ;
#11107 = CYLINDRICAL_SURFACE ( 'NONE', #10050, 0.1999999999999953204 ) ;
#11108 = ORIENTED_EDGE ( 'NONE', *, *, #10081, .T. ) ;
#11109 = EDGE_CURVE ( 'NONE', #8059, #1569, #8082, .T. ) ;
#11110 = DIRECTION ( 'NONE',  ( 1.000000000000000000, 0.000000000000000000, 0.000000000000000000 ) ) ;
#11111 = DIRECTION ( 'NONE',  ( 1.000000000000000000, 0.000000000000000000, 0.000000000000000000 ) ) ;
#11112 = VERTEX_POINT ( 'NONE', #536 ) ;
#11113 = FACE_OUTER_BOUND ( 'NONE', #3734, .T. ) ;
#11114 = FACE_OUTER_BOUND ( 'NONE', #3109, .T. ) ;
#11115 = DIRECTION ( 'NONE',  ( 1.000000000000000000, 0.000000000000000000, 0.000000000000000000 ) ) ;
#11116 = CARTESIAN_POINT ( 'NONE',  ( -8.230000000000000426, 0.5700000000000003952, 0.6649999999999998135 ) ) ;
#11117 = LINE ( 'NONE', #9255, #9223 ) ;
#11118 = ORIENTED_EDGE ( 'NONE', *, *, #5625, .F. ) ;
#11119 = ADVANCED_FACE ( 'NONE', ( #4332 ), #6160, .F. ) ;
#11120 = ORIENTED_EDGE ( 'NONE', *, *, #1733, .F. ) ;
#11121 = DIRECTION ( 'NONE',  ( -0.000000000000000000, -0.000000000000000000, -1.000000000000000000 ) ) ;
#11122 = CIRCLE ( 'NONE', #5751, 0.1999999999999953204 ) ;
#11123 = LINE ( 'NONE', #5706, #11414 ) ;
#11124 = SURFACE_STYLE_FILL_AREA ( #7391 ) ;
#11125 = ADVANCED_FACE ( 'NONE', ( #593 ), #9948, .T. ) ;
#11126 = DIRECTION ( 'NONE',  ( 0.000000000000000000, 0.000000000000000000, -1.000000000000000000 ) ) ;
#11127 = FACE_OUTER_BOUND ( 'NONE', #10144, .T. ) ;
#11128 = ORIENTED_EDGE ( 'NONE', *, *, #837, .F. ) ;
#11129 = LINE ( 'NONE', #5586, #10281 ) ;
#11130 = PLANE ( 'NONE',  #9404 ) ;
#11131 = VERTEX_POINT ( 'NONE', #468 ) ;
#11132 = ADVANCED_FACE ( 'NONE', ( #8143 ), #11970, .T. ) ;
#11133 = FACE_OUTER_BOUND ( 'NONE', #3802, .T. ) ;
#11134 = VERTEX_POINT ( 'NONE', #10005 ) ;
#11135 = CARTESIAN_POINT ( 'NONE',  ( -13.65000000000000213, 0.9000000000000005773, 3.715000000000003411 ) ) ;
#11136 = ORIENTED_EDGE ( 'NONE', *, *, #5579, .T. ) ;
#11137 = CARTESIAN_POINT ( 'NONE',  ( 4.129999999999998117, 0.7200000000000000844, -3.074999999999999734 ) ) ;
#11138 = ADVANCED_FACE ( 'NONE', ( #3339 ), #5269, .F. ) ;
#11139 = VECTOR ( 'NONE', #6933, 1000.000000000000000 ) ;
#11140 = EDGE_LOOP ( 'NONE', ( #8523, #5591, #4586, #9219 ) ) ;
#11141 = CARTESIAN_POINT ( 'NONE',  ( -0.8099999999999965006, 0.5700000000000003952, 0.6649999999999998135 ) ) ;
#11142 = CYLINDRICAL_SURFACE ( 'NONE', #4275, 0.1999999999999953204 ) ;
#11143 = DIRECTION ( 'NONE',  ( -0.000000000000000000, -0.000000000000000000, 1.000000000000000000 ) ) ;
#11144 = ADVANCED_FACE ( 'NONE', ( #8018 ), #6219, .T. ) ;
#11145 = PLANE ( 'NONE',  #9908 ) ;
#11146 = DIRECTION ( 'NONE',  ( -1.000000000000000000, 0.000000000000000000, 0.000000000000000000 ) ) ;
#11147 = EDGE_LOOP ( 'NONE', ( #3714, #10835 ) ) ;
#11148 = CARTESIAN_POINT ( 'NONE',  ( -1.590000000000001190, 0.000000000000000000, 0.4649999999999996914 ) ) ;
#11149 = VERTEX_POINT ( 'NONE', #11910 ) ;
#11150 = EDGE_CURVE ( 'NONE', #10529, #5610, #2400, .T. ) ;
#11151 = VECTOR ( 'NONE', #4252, 999.9999999999998863 ) ;
#11152 = ORIENTED_EDGE ( 'NONE', *, *, #9186, .F. ) ;
#11153 = DIRECTION ( 'NONE',  ( 0.000000000000000000, 1.000000000000000000, -1.150347132610614786E-16 ) ) ;
#11154 = EDGE_LOOP ( 'NONE', ( #7445, #5856, #520, #9845 ) ) ;
#11155 = DIRECTION ( 'NONE',  ( -0.000000000000000000, -0.4226182617407006625, -0.9063077870366493816 ) ) ;
#11156 = ORIENTED_EDGE ( 'NONE', *, *, #1498, .F. ) ;
#11157 = DIRECTION ( 'NONE',  ( 0.000000000000000000, 0.000000000000000000, 1.000000000000000000 ) ) ;
#11158 = EDGE_CURVE ( 'NONE', #7832, #3720, #5264, .T. ) ;
#11159 = CARTESIAN_POINT ( 'NONE',  ( -8.725000000000003197, -3.049999999999999822, -4.336808689942017736E-16 ) ) ;
#11160 = AXIS2_PLACEMENT_3D ( 'NONE', #2319, #4178, #255 ) ;
#11161 = CARTESIAN_POINT ( 'NONE',  ( 14.29000000000000092, -2.717601427321017837, -3.075000000000000178 ) ) ;
#11162 = LINE ( 'NONE', #8421, #4519 ) ;
#11163 = VERTEX_POINT ( 'NONE', #10068 ) ;
#11164 = EDGE_CURVE ( 'NONE', #4532, #2059, #7209, .T. ) ;
#11165 = ORIENTED_EDGE ( 'NONE', *, *, #1991, .T. ) ;
#11166 = DIRECTION ( 'NONE',  ( -1.000000000000000000, 0.000000000000000000, 0.000000000000000000 ) ) ;
#11167 = EDGE_LOOP ( 'NONE', ( #8737, #8299, #7478, #5434 ) ) ;
#11168 = LINE ( 'NONE', #4250, #6910 ) ;
#11169 = LINE ( 'NONE', #10054, #496 ) ;
#11170 = ORIENTED_EDGE ( 'NONE', *, *, #2441, .F. ) ;
#11171 = DIRECTION ( 'NONE',  ( 0.9063077870366493816, -0.4226182617407006625, 0.000000000000000000 ) ) ;
#11172 = CARTESIAN_POINT ( 'NONE',  ( 3.489999999999998437, 0.9000000000000013545, 3.382601427321023646 ) ) ;
#11173 = CARTESIAN_POINT ( 'NONE',  ( 9.209999999999999076, 0.000000000000000000, 0.4649999999999996914 ) ) ;
#11174 = DIRECTION ( 'NONE',  ( -0.000000000000000000, -0.000000000000000000, -1.000000000000000000 ) ) ;
#11175 = VERTEX_POINT ( 'NONE', #3274 ) ;
#11176 = ORIENTED_EDGE ( 'NONE', *, *, #3444, .F. ) ;
#11177 = DIRECTION ( 'NONE',  ( 0.000000000000000000, 0.000000000000000000, 1.000000000000000000 ) ) ;
#11178 = VECTOR ( 'NONE', #649, 1000.000000000000000 ) ;
#11179 = EDGE_CURVE ( 'NONE', #8722, #1534, #9828, .T. ) ;
#11180 = DIRECTION ( 'NONE',  ( -0.3892816206350276365, 0.3892816206350255825, -0.8348171294789862307 ) ) ;
#11181 = DIRECTION ( 'NONE',  ( -1.000000000000000000, 0.000000000000000000, 0.000000000000000000 ) ) ;
#11182 = DIRECTION ( 'NONE',  ( 1.000000000000000000, 0.000000000000000000, -0.000000000000000000 ) ) ;
#11183 = CYLINDRICAL_SURFACE ( 'NONE', #9078, 0.1999999999999953204 ) ;
#11184 = DIRECTION ( 'NONE',  ( 0.000000000000000000, 0.000000000000000000, 1.000000000000000000 ) ) ;
#11185 = DIRECTION ( 'NONE',  ( -0.000000000000000000, -0.000000000000000000, -1.000000000000000000 ) ) ;
#11186 = ORIENTED_EDGE ( 'NONE', *, *, #5195, .F. ) ;
#11187 = DIRECTION ( 'NONE',  ( 1.000000000000000000, 0.000000000000000000, 0.000000000000000000 ) ) ;
#11188 = DIRECTION ( 'NONE',  ( -0.000000000000000000, -0.000000000000000000, -1.000000000000000000 ) ) ;
#11189 = EDGE_LOOP ( 'NONE', ( #6804, #858 ) ) ;
#11190 = AXIS2_PLACEMENT_3D ( 'NONE', #10379, #4700, #12282 ) ;
#11191 = EDGE_CURVE ( 'NONE', #8480, #10263, #1356, .T. ) ;
#11192 = CARTESIAN_POINT ( 'NONE',  ( 4.129999999999998117, 0.9000000000000005773, 3.715000000000003411 ) ) ;
#11193 = ORIENTED_EDGE ( 'NONE', *, *, #2500, .F. ) ;
#11194 = DIRECTION ( 'NONE',  ( 0.000000000000000000, 0.000000000000000000, 1.000000000000000000 ) ) ;
#11195 = CARTESIAN_POINT ( 'NONE',  ( 3.149999999999996358, 1.870000000000000551, 0.6649999999999998135 ) ) ;
#11196 = DIRECTION ( 'NONE',  ( -1.000000000000000000, 0.000000000000000000, 0.000000000000000000 ) ) ;
#11197 = AXIS2_PLACEMENT_3D ( 'NONE', #10424, #907, #11289 ) ;
#11198 = DIRECTION ( 'NONE',  ( 1.000000000000000000, 0.000000000000000000, -0.000000000000000000 ) ) ;
#11199 = PLANE ( 'NONE',  #9037 ) ;
#11200 = CARTESIAN_POINT ( 'NONE',  ( 13.65000000000000036, 0.9000000000000005773, -2.894999999999997797 ) ) ;
#11201 = ORIENTED_EDGE ( 'NONE', *, *, #8149, .T. ) ;
#11202 = ADVANCED_FACE ( 'NONE', ( #9888 ), #5152, .T. ) ;
#11203 = AXIS2_PLACEMENT_3D ( 'NONE', #4671, #12254, #3744 ) ;
#11204 = EDGE_CURVE ( 'NONE', #2915, #12163, #1869, .T. ) ;
#11205 = CARTESIAN_POINT ( 'NONE',  ( 0.9499999999999977351, 0.9000000000000005773, -2.894999999999997797 ) ) ;
#11206 = VERTEX_POINT ( 'NONE', #9439 ) ;
#11207 = CARTESIAN_POINT ( 'NONE',  ( -12.09000000000000341, 1.870000000000000551, 0.6649999999999998135 ) ) ;
#11208 = ORIENTED_EDGE ( 'NONE', *, *, #2335, .F. ) ;
#11209 = LINE ( 'NONE', #5744, #10765 ) ;
#11210 = CARTESIAN_POINT ( 'NONE',  ( -3.490000000000001990, 0.9000000000000005773, 3.382601427321023646 ) ) ;
#11211 = PLANE ( 'NONE',  #10296 ) ;
#11212 = DIRECTION ( 'NONE',  ( 0.000000000000000000, 0.000000000000000000, 1.000000000000000000 ) ) ;
#11213 = CYLINDRICAL_SURFACE ( 'NONE', #10889, 0.1999999999999953204 ) ;
#11214 = AXIS2_PLACEMENT_3D ( 'NONE', #2017, #12278, #6780 ) ;
#11215 = ORIENTED_EDGE ( 'NONE', *, *, #3687, .F. ) ;
#11216 = AXIS2_PLACEMENT_3D ( 'NONE', #9798, #7759, #7814 ) ;
#11217 = VERTEX_POINT ( 'NONE', #7390 ) ;
#11218 = ADVANCED_FACE ( 'NONE', ( #11349 ), #848, .F. ) ;
#11219 = AXIS2_PLACEMENT_3D ( 'NONE', #5194, #10051, #2440 ) ;
#11220 = DIRECTION ( 'NONE',  ( 1.000000000000000000, 0.000000000000000000, 0.000000000000000000 ) ) ;
#11221 = ORIENTED_EDGE ( 'NONE', *, *, #7614, .T. ) ;
#11222 = CARTESIAN_POINT ( 'NONE',  ( -9.210000000000002629, -3.049999999999999822, -3.714999999999999858 ) ) ;
#11223 = CARTESIAN_POINT ( 'NONE',  ( -6.030000000000002025, 0.9000000000000005773, -2.894999999999997797 ) ) ;
#11224 = CARTESIAN_POINT ( 'NONE',  ( -9.210000000000002629, 1.540000000000001146, -2.894999999999998241 ) ) ;
#11225 = DIRECTION ( 'NONE',  ( -1.000000000000000000, 0.000000000000000000, 0.000000000000000000 ) ) ;
#11226 = ADVANCED_FACE ( 'NONE', ( #5522 ), #21, .F. ) ;
#11227 = DIRECTION ( 'NONE',  ( 0.000000000000000000, -1.150347132610614786E-16, 1.000000000000000000 ) ) ;
#11228 = AXIS2_PLACEMENT_3D ( 'NONE', #8005, #210, #336 ) ;
#11229 = CARTESIAN_POINT ( 'NONE',  ( -1.730000000000007532, 1.870000000000000551, -1.875000000000000000 ) ) ;
#11230 = CIRCLE ( 'NONE', #10426, 0.8200000000000012834 ) ;
#11231 = ORIENTED_EDGE ( 'NONE', *, *, #7389, .T. ) ;
#11232 = VERTEX_POINT ( 'NONE', #12275 ) ;
#11233 = DIRECTION ( 'NONE',  ( -1.000000000000000000, 0.000000000000000000, 0.000000000000000000 ) ) ;
#11234 = AXIS2_PLACEMENT_3D ( 'NONE', #7805, #9732, #6881 ) ;
#11235 = EDGE_CURVE ( 'NONE', #6329, #6199, #11123, .T. ) ;
#11236 = VECTOR ( 'NONE', #6266, 1000.000000000000000 ) ;
#11237 = VECTOR ( 'NONE', #10811, 999.9999999999998863 ) ;
#11238 = DIRECTION ( 'NONE',  ( -0.3892816206350239172, 0.3892816206350261377, 0.8348171294789875629 ) ) ;
#11239 = CARTESIAN_POINT ( 'NONE',  ( -8.230000000000000426, 0.5700000000000003952, 0.6649999999999998135 ) ) ;
#11240 = FACE_BOUND ( 'NONE', #73, .T. ) ;
#11241 = CARTESIAN_POINT ( 'NONE',  ( -1.832979553378577542, -7.643577671652601602, -5.372020446621423417 ) ) ;
#11242 = CARTESIAN_POINT ( 'NONE',  ( 17.78000000000000114, -3.049999999999999822, -3.559999999999999165 ) ) ;
#11243 = EDGE_CURVE ( 'NONE', #3151, #1915, #1828, .T. ) ;
#11244 = ORIENTED_EDGE ( 'NONE', *, *, #8199, .T. ) ;
#11245 = CARTESIAN_POINT ( 'NONE',  ( -8.230000000000000426, 0.5700000000000003952, 0.4649999999999996914 ) ) ;
#11246 = DIRECTION ( 'NONE',  ( 0.000000000000000000, 0.000000000000000000, -1.000000000000000000 ) ) ;
#11247 = EDGE_LOOP ( 'NONE', ( #11252, #10523, #5858, #3238 ) ) ;
#11248 = DIRECTION ( 'NONE',  ( 0.000000000000000000, 0.000000000000000000, -1.000000000000000000 ) ) ;
#11249 = CIRCLE ( 'NONE', #7482, 0.1999999999999953204 ) ;
#11250 = LINE ( 'NONE', #2719, #7444 ) ;
#11251 = AXIS2_PLACEMENT_3D ( 'NONE', #2708, #6779, #3765 ) ;
#11252 = ORIENTED_EDGE ( 'NONE', *, *, #7817, .F. ) ;
#11253 = LINE ( 'NONE', #9339, #3337 ) ;
#11254 = ORIENTED_EDGE ( 'NONE', *, *, #218, .T. ) ;
#11255 = CARTESIAN_POINT ( 'NONE',  ( -7.010000000000004228, 1.870000000000000551, -1.674999999999999822 ) ) ;
#11256 = CARTESIAN_POINT ( 'NONE',  ( -4.470000000000003304, 1.870000000000000551, -1.674999999999999822 ) ) ;
#11257 = EDGE_CURVE ( 'NONE', #4788, #2127, #6587, .T. ) ;
#11258 = CARTESIAN_POINT ( 'NONE',  ( -14.29000000000000270, 0.7199999999999999734, -2.894999999999998241 ) ) ;
#11259 = PLANE ( 'NONE',  #7736 ) ;
#11260 = AXIS2_PLACEMENT_3D ( 'NONE', #3626, #66, #5694 ) ;
#11261 = CARTESIAN_POINT ( 'NONE',  ( 4.129999999999998117, 0.000000000000000000, -1.674999999999999822 ) ) ;
#11262 = EDGE_LOOP ( 'NONE', ( #10067, #50, #3827, #11120 ) ) ;
#11263 = DIRECTION ( 'NONE',  ( -0.000000000000000000, -0.000000000000000000, 1.000000000000000000 ) ) ;
#11264 = EDGE_CURVE ( 'NONE', #262, #4052, #2762, .T. ) ;
#11265 = ORIENTED_EDGE ( 'NONE', *, *, #5970, .T. ) ;
#11266 = CARTESIAN_POINT ( 'NONE',  ( -10.77000000000000135, 0.5700000000000003952, 0.6649999999999998135 ) ) ;
#11267 = AXIS2_PLACEMENT_3D ( 'NONE', #341, #402, #525 ) ;
#11268 = DIRECTION ( 'NONE',  ( 0.000000000000000000, 0.000000000000000000, 1.000000000000000000 ) ) ;
#11269 = CIRCLE ( 'NONE', #11474, 0.8200000000000012834 ) ;
#11270 = ADVANCED_BREP_SHAPE_REPRESENTATION ( '78938-433HLF', ( #4596, #612, #630, #789, #805, #884, #9127, #8991, #720, #8952, #4574, #8690, #4971, #11835 ), #5678 ) ;
#11271 = EDGE_LOOP ( 'NONE', ( #4846, #6634, #78, #8334 ) ) ;
#11272 = CARTESIAN_POINT ( 'NONE',  ( -1.590000000000001190, 0.7199999999999999734, -2.894999999999998241 ) ) ;
#11273 = ORIENTED_EDGE ( 'NONE', *, *, #2399, .F. ) ;
#11274 = ADVANCED_FACE ( 'NONE', ( #10372 ), #8442, .F. ) ;
#11275 = CARTESIAN_POINT ( 'NONE',  ( 6.184999999999999609, -2.174999999999998934, 3.715000000000003855 ) ) ;
#11276 = PRESENTATION_STYLE_ASSIGNMENT (( #12310 ) ) ;
#11277 = DIRECTION ( 'NONE',  ( -1.000000000000000000, 0.000000000000000000, 0.000000000000000000 ) ) ;
#11278 = CARTESIAN_POINT ( 'NONE',  ( 0.000000000000000000, 1.540000000000000480, -1.674999999999999822 ) ) ;
#11279 = VERTEX_POINT ( 'NONE', #8381 ) ;
#11280 = EDGE_CURVE ( 'NONE', #1802, #11480, #7512, .T. ) ;
#11281 = ORIENTED_EDGE ( 'NONE', *, *, #1827, .F. ) ;
#11282 = AXIS2_PLACEMENT_3D ( 'NONE', #6759, #6629, #7492 ) ;
#11283 = PLANE ( 'NONE',  #3276 ) ;
#11284 = ORIENTED_EDGE ( 'NONE', *, *, #12201, .F. ) ;
#11285 = DIRECTION ( 'NONE',  ( -0.000000000000000000, 0.000000000000000000, -1.000000000000000000 ) ) ;
#11286 = LINE ( 'NONE', #7560, #10163 ) ;
#11287 = FACE_OUTER_BOUND ( 'NONE', #8794, .T. ) ;
#11288 = FACE_OUTER_BOUND ( 'NONE', #8687, .T. ) ;
#11289 = DIRECTION ( 'NONE',  ( 0.000000000000000000, -0.000000000000000000, 1.000000000000000000 ) ) ;
#11290 = VECTOR ( 'NONE', #1912, 1000.000000000000000 ) ;
#11291 = ORIENTED_EDGE ( 'NONE', *, *, #10513, .T. ) ;
#11292 = ADVANCED_FACE ( 'NONE', ( #794 ), #8507, .T. ) ;
#11293 = ORIENTED_EDGE ( 'NONE', *, *, #5887, .T. ) ;
#11294 = DIRECTION ( 'NONE',  ( -1.000000000000000000, 0.000000000000000000, 0.000000000000000000 ) ) ;
#11295 = VECTOR ( 'NONE', #2835, 1000.000000000000000 ) ;
#11296 = VECTOR ( 'NONE', #8520, 1000.000000000000000 ) ;
#11297 = CARTESIAN_POINT ( 'NONE',  ( 11.26500000000000057, -3.049999999999999822, -4.336808689942017736E-16 ) ) ;
#11298 = LINE ( 'NONE', #850, #8281 ) ;
#11299 = FACE_BOUND ( 'NONE', #8494, .T. ) ;
#11300 = CYLINDRICAL_SURFACE ( 'NONE', #8776, 0.1800000000000013256 ) ;
#11301 = DIRECTION ( 'NONE',  ( -0.000000000000000000, -0.000000000000000000, -1.000000000000000000 ) ) ;
#11302 = ORIENTED_EDGE ( 'NONE', *, *, #7127, .F. ) ;
#11303 = CARTESIAN_POINT ( 'NONE',  ( -11.65301428469489231, 0.9969857153051095988, 3.590587964983398717 ) ) ;
#11304 = PLANE ( 'NONE',  #11190 ) ;
#11305 = ORIENTED_EDGE ( 'NONE', *, *, #1053, .T. ) ;
#11306 = EDGE_LOOP ( 'NONE', ( #11208, #7666, #9096, #3864 ) ) ;
#11308 = EDGE_CURVE ( 'NONE', #8448, #8409, #9507, .T. ) ;
#11307 = CARTESIAN_POINT ( 'NONE',  ( 6.669999999999999041, -2.717601427321017837, -3.075000000000000178 ) ) ;
#11309 = CARTESIAN_POINT ( 'NONE',  ( -1.105000000000001759, -3.049999999999999822, -4.336808689942017736E-16 ) ) ;
#11310 = EDGE_CURVE ( 'NONE', #4548, #6333, #4753, .T. ) ;
#11311 = LINE ( 'NONE', #6602, #8724 ) ;
#11312 = VERTEX_POINT ( 'NONE', #7448 ) ;
#11313 = CARTESIAN_POINT ( 'NONE',  ( -6.670000000000002593, -3.049999999999999822, -3.230000000000000870 ) ) ;
#11314 = CARTESIAN_POINT ( 'NONE',  ( -0.9500000000000011768, 1.540000000000000480, 0.4649999999999996914 ) ) ;
#11315 = EDGE_LOOP ( 'NONE', ( #6613, #1961 ) ) ;
#11316 = DIRECTION ( 'NONE',  ( 1.000000000000000000, 0.000000000000000000, 0.000000000000000000 ) ) ;
#11317 = DIRECTION ( 'NONE',  ( 0.000000000000000000, 0.9063077870366494926, -0.4226182617407005515 ) ) ;
#11318 = CARTESIAN_POINT ( 'NONE',  ( 13.65000000000000036, 0.9000000000000005773, 0.4649999999999996914 ) ) ;
#11319 = DIRECTION ( 'NONE',  ( -1.000000000000000000, 0.000000000000000000, 0.000000000000000000 ) ) ;
#11320 = EDGE_LOOP ( 'NONE', ( #2923, #12004, #7748, #5888 ) ) ;
#11321 = CARTESIAN_POINT ( 'NONE',  ( -3.490000000000001990, 0.7200000000000001954, -3.714999999999999414 ) ) ;
#11322 = EDGE_CURVE ( 'NONE', #7778, #8624, #10314, .T. ) ;
#11323 = ORIENTED_EDGE ( 'NONE', *, *, #5046, .T. ) ;
#11324 = CARTESIAN_POINT ( 'NONE',  ( -4.669999999999999041, 1.870000000000000551, -1.875000000000000000 ) ) ;
#11325 = EDGE_LOOP ( 'NONE', ( #4944, #5364, #12232, #2097 ) ) ;
#11326 = LINE ( 'NONE', #8600, #5284 ) ;
#11327 = ORIENTED_EDGE ( 'NONE', *, *, #12199, .T. ) ;
#11328 = DIRECTION ( 'NONE',  ( 1.000000000000000000, 0.000000000000000000, 0.000000000000000000 ) ) ;
#11329 = DIRECTION ( 'NONE',  ( 0.000000000000000000, 1.000000000000000000, -1.150347132610614786E-16 ) ) ;
#11330 = PLANE ( 'NONE',  #7516 ) ;
#11331 = CARTESIAN_POINT ( 'NONE',  ( 14.29000000000000092, 0.9000000000000012434, -2.894999999999998241 ) ) ;
#11332 = LINE ( 'NONE', #2746, #1932 ) ;
#11333 = ORIENTED_EDGE ( 'NONE', *, *, #3360, .T. ) ;
#11334 = VECTOR ( 'NONE', #4573, 1000.000000000000000 ) ;
#11335 = ORIENTED_EDGE ( 'NONE', *, *, #535, .T. ) ;
#11336 = LINE ( 'NONE', #7313, #8657 ) ;
#11337 = ADVANCED_FACE ( 'NONE', ( #7330 ), #1773, .T. ) ;
#11338 = ORIENTED_EDGE ( 'NONE', *, *, #9762, .F. ) ;
#11339 = DIRECTION ( 'NONE',  ( -1.000000000000000000, 0.000000000000000000, 0.000000000000000000 ) ) ;
#11340 = AXIS2_PLACEMENT_3D ( 'NONE', #10303, #1879, #5570 ) ;
#11341 = CARTESIAN_POINT ( 'NONE',  ( -13.31000000000000227, 0.5700000000000003952, 0.6649999999999998135 ) ) ;
#11342 = DIRECTION ( 'NONE',  ( -0.3892816206350276365, 0.3892816206350255825, -0.8348171294789862307 ) ) ;
#11343 = LINE ( 'NONE', #4808, #11858 ) ;
#11344 = DIRECTION ( 'NONE',  ( 0.000000000000000000, -1.000000000000000000, 0.000000000000000000 ) ) ;
#11345 = VERTEX_POINT ( 'NONE', #5455 ) ;
#11346 = VERTEX_POINT ( 'NONE', #9263 ) ;
#11347 = DIRECTION ( 'NONE',  ( 1.000000000000000000, 0.000000000000000000, 0.000000000000000000 ) ) ;
#11348 = EDGE_CURVE ( 'NONE', #694, #1504, #4458, .T. ) ;
#11349 = FACE_OUTER_BOUND ( 'NONE', #8745, .T. ) ;
#11350 = EDGE_CURVE ( 'NONE', #4376, #10861, #5580, .T. ) ;
#11351 = EDGE_LOOP ( 'NONE', ( #5955, #1531, #9537, #8024 ) ) ;
#11352 = CARTESIAN_POINT ( 'NONE',  ( -13.31000000000000227, 0.5700000000000003952, -1.674999999999999822 ) ) ;
#11353 = DIRECTION ( 'NONE',  ( 0.000000000000000000, 0.000000000000000000, -1.000000000000000000 ) ) ;
#11354 = LINE ( 'NONE', #8697, #4181 ) ;
#11355 = CARTESIAN_POINT ( 'NONE',  ( -14.63000000000000433, 1.870000000000000551, 0.6649999999999998135 ) ) ;
#11356 = ORIENTED_EDGE ( 'NONE', *, *, #11519, .F. ) ;
#11357 = DIRECTION ( 'NONE',  ( 0.3892816206350259711, -0.8348171294789868968, -0.3892816206350259711 ) ) ;
#11358 = CARTESIAN_POINT ( 'NONE',  ( -1.435000000000000497, -3.049999999999999822, -3.559999999999999165 ) ) ;
#11359 = EDGE_CURVE ( 'NONE', #5875, #4437, #1096, .T. ) ;
#11360 = ORIENTED_EDGE ( 'NONE', *, *, #7861, .F. ) ;
#11361 = VECTOR ( 'NONE', #5818, 1000.000000000000000 ) ;
#11362 = ORIENTED_EDGE ( 'NONE', *, *, #5593, .F. ) ;
#11363 = EDGE_CURVE ( 'NONE', #11764, #9333, #9801, .T. ) ;
#11364 = LINE ( 'NONE', #1783, #6950 ) ;
#11365 = CARTESIAN_POINT ( 'NONE',  ( 13.65000000000000036, 0.9000000000000005773, 3.715000000000003411 ) ) ;
#11366 = AXIS2_PLACEMENT_3D ( 'NONE', #9119, #9048, #12007 ) ;
#11367 = EDGE_CURVE ( 'NONE', #2233, #8217, #11415, .T. ) ;
#11368 = VERTEX_POINT ( 'NONE', #6833 ) ;
#11369 = LINE ( 'NONE', #2775, #2744 ) ;
#11370 = ORIENTED_EDGE ( 'NONE', *, *, #10266, .T. ) ;
#11371 = CARTESIAN_POINT ( 'NONE',  ( -13.50999999999999801, 0.5700000000000003952, 0.6649999999999998135 ) ) ;
#11372 = FACE_OUTER_BOUND ( 'NONE', #1561, .T. ) ;
#11373 = CARTESIAN_POINT ( 'NONE',  ( -13.11000000000000654, 0.5700000000000003952, -1.875000000000000000 ) ) ;
#11374 = ADVANCED_FACE ( 'NONE', ( #6776 ), #6013, .F. ) ;
#11375 = DIRECTION ( 'NONE',  ( 1.000000000000000000, 0.000000000000000000, -0.000000000000000000 ) ) ;
#11376 = CARTESIAN_POINT ( 'NONE',  ( -11.11000000000000121, 0.9000000000000005773, 3.382601427321023646 ) ) ;
#11377 = LINE ( 'NONE', #2847, #10842 ) ;
#11378 = AXIS2_PLACEMENT_3D ( 'NONE', #215, #90, #1965 ) ;
#11379 = ORIENTED_EDGE ( 'NONE', *, *, #5815, .T. ) ;
#11380 = CARTESIAN_POINT ( 'NONE',  ( 3.489999999999998437, 0.9000000000000013545, 3.382601427321023646 ) ) ;
#11381 = ORIENTED_EDGE ( 'NONE', *, *, #3747, .T. ) ;
#11382 = EDGE_CURVE ( 'NONE', #10740, #6710, #2865, .T. ) ;
#11383 = CARTESIAN_POINT ( 'NONE',  ( 3.349999999999991651, 1.870000000000000551, -1.875000000000000000 ) ) ;
#11384 = ORIENTED_EDGE ( 'NONE', *, *, #6925, .F. ) ;
#11385 = AXIS2_PLACEMENT_3D ( 'NONE', #1629, #702, #4427 ) ;
#11386 = CARTESIAN_POINT ( 'NONE',  ( 0.6099999999999959899, 1.870000000000000551, 0.6649999999999998135 ) ) ;
#11387 = EDGE_LOOP ( 'NONE', ( #1804, #3685 ) ) ;
#11388 = EDGE_LOOP ( 'NONE', ( #9019, #12092, #2315, #1154 ) ) ;
#11389 = DIRECTION ( 'NONE',  ( 1.000000000000000000, 0.000000000000000000, 0.000000000000000000 ) ) ;
#11390 = CARTESIAN_POINT ( 'NONE',  ( -13.65000000000000213, 0.9000000000000013545, 3.382601427321023646 ) ) ;
#11391 = ADVANCED_FACE ( 'NONE', ( #206 ), #5827, .T. ) ;
#11392 = FACE_OUTER_BOUND ( 'NONE', #8454, .T. ) ;
#11393 = DIRECTION ( 'NONE',  ( 0.000000000000000000, 0.000000000000000000, 1.000000000000000000 ) ) ;
#11394 = LINE ( 'NONE', #7612, #7312 ) ;
#11395 = VERTEX_POINT ( 'NONE', #9625 ) ;
#11396 = AXIS2_PLACEMENT_3D ( 'NONE', #10535, #6692, #1076 ) ;
#11397 = ORIENTED_EDGE ( 'NONE', *, *, #9279, .F. ) ;
#11398 = CARTESIAN_POINT ( 'NONE',  ( 11.26500000000000057, 1.385000000000000897, 3.715000000000003411 ) ) ;
#11399 = ORIENTED_EDGE ( 'NONE', *, *, #10247, .F. ) ;
#11400 = DIRECTION ( 'NONE',  ( 0.000000000000000000, 1.000000000000000000, -1.150347132610614786E-16 ) ) ;
#11401 = ORIENTED_EDGE ( 'NONE', *, *, #7668, .F. ) ;
#11402 = CARTESIAN_POINT ( 'NONE',  ( 0.000000000000000000, 0.9000000000000005773, -1.674999999999999822 ) ) ;
#11403 = VECTOR ( 'NONE', #5851, 1000.000000000000000 ) ;
#11404 = CARTESIAN_POINT ( 'NONE',  ( -6.185000000000001386, 1.385000000000000897, 3.715000000000003411 ) ) ;
#11405 = EDGE_CURVE ( 'NONE', #8323, #788, #8693, .T. ) ;
#11406 = DIRECTION ( 'NONE',  ( 1.000000000000000000, 0.000000000000000000, 0.000000000000000000 ) ) ;
#11407 = CYLINDRICAL_SURFACE ( 'NONE', #5840, 0.1999999999999952094 ) ;
#11408 = ORIENTED_EDGE ( 'NONE', *, *, #913, .T. ) ;
#11409 = CIRCLE ( 'NONE', #8445, 0.1800000000000013256 ) ;
#11410 = EDGE_LOOP ( 'NONE', ( #5994, #3110 ) ) ;
#11411 = CARTESIAN_POINT ( 'NONE',  ( 11.80448304138466753, -4.206925115746958710, -3.020516958615332648 ) ) ;
#11412 = EDGE_CURVE ( 'NONE', #6010, #4598, #1217, .T. ) ;
#11413 = ORIENTED_EDGE ( 'NONE', *, *, #6831, .F. ) ;
#11414 = VECTOR ( 'NONE', #10249, 1000.000000000000000 ) ;
#11415 = LINE ( 'NONE', #1957, #9437 ) ;
#11416 = VERTEX_POINT ( 'NONE', #1274 ) ;
#11417 = CARTESIAN_POINT ( 'NONE',  ( 0.9499999999999977351, -3.049999999999999822, -3.075000000000000178 ) ) ;
#11418 = AXIS2_PLACEMENT_3D ( 'NONE', #7823, #5895, #1220 ) ;
#11419 = CARTESIAN_POINT ( 'NONE',  ( 6.669999999999999041, 0.9000000000000005773, 3.382601427321023646 ) ) ;
#11420 = FACE_OUTER_BOUND ( 'NONE', #5402, .T. ) ;
#11421 = VERTEX_POINT ( 'NONE', #4069 ) ;
#11422 = CARTESIAN_POINT ( 'NONE',  ( 9.749999999999994671, 0.5700000000000003952, 0.6649999999999998135 ) ) ;
#11423 = EDGE_CURVE ( 'NONE', #9052, #7343, #10613, .T. ) ;
#11424 = DIRECTION ( 'NONE',  ( 0.000000000000000000, 1.000000000000000000, -1.150347132610614786E-16 ) ) ;
#11425 = VECTOR ( 'NONE', #11166, 1000.000000000000000 ) ;
#11426 = ORIENTED_EDGE ( 'NONE', *, *, #9194, .F. ) ;
#11427 = DIRECTION ( 'NONE',  ( -0.000000000000000000, -0.000000000000000000, 1.000000000000000000 ) ) ;
#11428 = CARTESIAN_POINT ( 'NONE',  ( -13.65000000000000213, -2.717601427321017837, -3.075000000000000178 ) ) ;
#11429 = ADVANCED_FACE ( 'NONE', ( #2074 ), #7885, .F. ) ;
#11430 = VECTOR ( 'NONE', #9906, 1000.000000000000000 ) ;
#11431 = VECTOR ( 'NONE', #3484, 1000.000000000000000 ) ;
#11432 = STYLED_ITEM ( 'NONE', ( #2461 ), #11270 ) ;
#11433 = AXIS2_PLACEMENT_3D ( 'NONE', #4451, #3581, #5270 ) ;
#11434 = EDGE_LOOP ( 'NONE', ( #8851, #4748, #3541, #1105 ) ) ;
#11435 = FACE_OUTER_BOUND ( 'NONE', #10586, .T. ) ;
#11436 = DIRECTION ( 'NONE',  ( -0.000000000000000000, -0.000000000000000000, 1.000000000000000000 ) ) ;
#11437 = VECTOR ( 'NONE', #8285, 1000.000000000000000 ) ;
#11438 = LINE ( 'NONE', #526, #5735 ) ;
#11439 = CARTESIAN_POINT ( 'NONE',  ( 14.29000000000000092, 0.9000000000000005773, -1.674999999999999822 ) ) ;
#11440 = FACE_OUTER_BOUND ( 'NONE', #9853, .T. ) ;
#11441 = ORIENTED_EDGE ( 'NONE', *, *, #2966, .F. ) ;
#11442 = DIRECTION ( 'NONE',  ( 0.000000000000000000, 0.000000000000000000, -1.000000000000000000 ) ) ;
#11443 = EDGE_CURVE ( 'NONE', #9655, #3499, #3950, .T. ) ;
#11444 = AXIS2_PLACEMENT_3D ( 'NONE', #2572, #2443, #12020 ) ;
#11445 = CIRCLE ( 'NONE', #115, 0.1999999999999953204 ) ;
#11446 = ORIENTED_EDGE ( 'NONE', *, *, #12257, .T. ) ;
#11447 = EDGE_CURVE ( 'NONE', #5490, #788, #4948, .T. ) ;
#11448 = CARTESIAN_POINT ( 'NONE',  ( -13.11000000000000654, 0.5700000000000003952, 0.6649999999999998135 ) ) ;
#11449 = ORIENTED_EDGE ( 'NONE', *, *, #9261, .T. ) ;
#11450 = DIRECTION ( 'NONE',  ( 1.000000000000000000, 0.000000000000000000, 0.000000000000000000 ) ) ;
#11451 = VERTEX_POINT ( 'NONE', #10738 ) ;
#11452 = DIRECTION ( 'NONE',  ( 0.000000000000000000, 1.000000000000000000, 0.000000000000000000 ) ) ;
#11453 = VECTOR ( 'NONE', #10909, 1000.000000000000000 ) ;
#11454 = LINE ( 'NONE', #9479, #4398 ) ;
#11455 = LINE ( 'NONE', #2928, #7415 ) ;
#11456 = DIRECTION ( 'NONE',  ( -0.9063077870366503808, -4.861577055822948687E-17, -0.4226182617406985531 ) ) ;
#11457 = CARTESIAN_POINT ( 'NONE',  ( -9.210000000000002629, -2.717601427321017837, -3.075000000000000178 ) ) ;
#11458 = LINE ( 'NONE', #2933, #954 ) ;
#11459 = AXIS2_PLACEMENT_3D ( 'NONE', #10126, #5389, #5326 ) ;
#11460 = ORIENTED_EDGE ( 'NONE', *, *, #3835, .F. ) ;
#11461 = EDGE_CURVE ( 'NONE', #9056, #2070, #11597, .T. ) ;
#11462 = EDGE_LOOP ( 'NONE', ( #5412, #11, #665, #7784 ) ) ;
#11463 = AXIS2_PLACEMENT_3D ( 'NONE', #748, #4536, #7407 ) ;
#11464 = EDGE_CURVE ( 'NONE', #5472, #7246, #9645, .T. ) ;
#11465 = CIRCLE ( 'NONE', #2121, 0.1999999999999953204 ) ;
#11466 = LINE ( 'NONE', #5941, #7465 ) ;
#11467 = ORIENTED_EDGE ( 'NONE', *, *, #9544, .T. ) ;
#11468 = CARTESIAN_POINT ( 'NONE',  ( 13.65000000000000036, 1.540000000000000480, 3.382601427321023646 ) ) ;
#11469 = VERTEX_POINT ( 'NONE', #9745 ) ;
#11470 = EDGE_LOOP ( 'NONE', ( #4813, #11906, #8399, #10037 ) ) ;
#11471 = CARTESIAN_POINT ( 'NONE',  ( -4.130000000000001670, 0.7200000000000000844, -3.714999999999999414 ) ) ;
#11472 = DIRECTION ( 'NONE',  ( 0.3892816206350259711, -0.8348171294789868968, -0.3892816206350259711 ) ) ;
#11473 = CARTESIAN_POINT ( 'NONE',  ( 0.000000000000000000, 1.540000000000000480, -1.674999999999999822 ) ) ;
#11474 = AXIS2_PLACEMENT_3D ( 'NONE', #298, #8340, #11926 ) ;
#11475 = DIRECTION ( 'NONE',  ( 0.000000000000000000, 1.000000000000000000, -1.150347132610614786E-16 ) ) ;
#11476 = ORIENTED_EDGE ( 'NONE', *, *, #2858, .F. ) ;
#11477 = ORIENTED_EDGE ( 'NONE', *, *, #10114, .F. ) ;
#11478 = DIRECTION ( 'NONE',  ( -1.000000000000000000, 0.000000000000000000, 0.000000000000000000 ) ) ;
#11479 = AXIS2_PLACEMENT_3D ( 'NONE', #7939, #2193, #4997 ) ;
#11480 = VERTEX_POINT ( 'NONE', #1038 ) ;
#11481 = EDGE_CURVE ( 'NONE', #11232, #8887, #5054, .T. ) ;
#11482 = FACE_OUTER_BOUND ( 'NONE', #791, .T. ) ;
#11483 = ORIENTED_EDGE ( 'NONE', *, *, #7289, .T. ) ;
#11484 = DIRECTION ( 'NONE',  ( 1.000000000000000000, 0.000000000000000000, 0.000000000000000000 ) ) ;
#11485 = CARTESIAN_POINT ( 'NONE',  ( -12.28999999999999915, 1.870000000000000551, -1.674999999999999822 ) ) ;
#11486 = AXIS2_PLACEMENT_3D ( 'NONE', #9287, #753, #2483 ) ;
#11487 = DIRECTION ( 'NONE',  ( 1.000000000000000000, 0.000000000000000000, -0.000000000000000000 ) ) ;
#11488 = CARTESIAN_POINT ( 'NONE',  ( -8.570000000000002061, 1.540000000000001146, -2.894999999999998241 ) ) ;
#11489 = AXIS2_PLACEMENT_3D ( 'NONE', #3304, #2245, #5177 ) ;
#11490 = VERTEX_POINT ( 'NONE', #81 ) ;
#11491 = LINE ( 'NONE', #3828, #9095 ) ;
#11492 = FACE_OUTER_BOUND ( 'NONE', #9723, .T. ) ;
#11493 = ORIENTED_EDGE ( 'NONE', *, *, #724, .T. ) ;
#11494 = CARTESIAN_POINT ( 'NONE',  ( -6.670000000000002593, 0.9000000000000012434, -2.894999999999998241 ) ) ;
#11495 = VECTOR ( 'NONE', #1794, 1000.000000000000000 ) ;
#11496 = ADVANCED_FACE ( 'NONE', ( #11482 ), #3886, .T. ) ;
#11497 = DIRECTION ( 'NONE',  ( 1.000000000000000000, 0.000000000000000000, 0.000000000000000000 ) ) ;
#11498 = CYLINDRICAL_SURFACE ( 'NONE', #10707, 0.1999999999999952094 ) ;
#11499 = DIRECTION ( 'NONE',  ( -0.000000000000000000, -0.000000000000000000, -1.000000000000000000 ) ) ;
#11500 = DIRECTION ( 'NONE',  ( 0.000000000000000000, 1.000000000000000000, -1.150347132610614786E-16 ) ) ;
#11501 = CARTESIAN_POINT ( 'NONE',  ( -6.670000000000002593, 1.540000000000001146, -2.894999999999998241 ) ) ;
#11502 = DIRECTION ( 'NONE',  ( 1.000000000000000000, 0.000000000000000000, -0.000000000000000000 ) ) ;
#11503 = CARTESIAN_POINT ( 'NONE',  ( 8.570000000000000284, 0.7200000000000001954, -3.714999999999999414 ) ) ;
#11504 = PLANE ( 'NONE',  #3672 ) ;
#11505 = EDGE_CURVE ( 'NONE', #4228, #10788, #1679, .T. ) ;
#11506 = VERTEX_POINT ( 'NONE', #11719 ) ;
#11507 = DIRECTION ( 'NONE',  ( 0.000000000000000000, 0.000000000000000000, 1.000000000000000000 ) ) ;
#11508 = ORIENTED_EDGE ( 'NONE', *, *, #8636, .T. ) ;
#11509 = DIRECTION ( 'NONE',  ( -1.000000000000000000, 0.000000000000000000, 0.000000000000000000 ) ) ;
#11510 = ORIENTED_EDGE ( 'NONE', *, *, #159, .T. ) ;
#11511 = EDGE_CURVE ( 'NONE', #10491, #8537, #4314, .T. ) ;
#11512 = FACE_OUTER_BOUND ( 'NONE', #3226, .T. ) ;
#11513 = DIRECTION ( 'NONE',  ( 1.000000000000000000, 0.000000000000000000, 0.000000000000000000 ) ) ;
#11514 = DIRECTION ( 'NONE',  ( -0.000000000000000000, -0.000000000000000000, 1.000000000000000000 ) ) ;
#11515 = CARTESIAN_POINT ( 'NONE',  ( 4.129999999999998117, 0.9000000000000013545, 3.382601427321023646 ) ) ;
#11516 = CARTESIAN_POINT ( 'NONE',  ( 14.43000000000000504, 0.5700000000000003952, -1.674999999999999822 ) ) ;
#11517 = EDGE_CURVE ( 'NONE', #117, #8802, #6202, .T. ) ;
#11518 = DIRECTION ( 'NONE',  ( -0.3892816206350259711, -0.8348171294789868968, -0.3892816206350259711 ) ) ;
#11519 = EDGE_CURVE ( 'NONE', #5262, #9153, #519, .T. ) ;
#11520 = ORIENTED_EDGE ( 'NONE', *, *, #5439, .F. ) ;
#11521 = FACE_OUTER_BOUND ( 'NONE', #11154, .T. ) ;
#11522 = VERTEX_POINT ( 'NONE', #1397 ) ;
#11523 = ADVANCED_FACE ( 'NONE', ( #5380 ), #9058, .F. ) ;
#11524 = DIRECTION ( 'NONE',  ( 1.000000000000000000, 0.000000000000000000, -0.000000000000000000 ) ) ;
#11525 = EDGE_CURVE ( 'NONE', #1196, #2559, #6074, .T. ) ;
#11526 = ORIENTED_EDGE ( 'NONE', *, *, #2704, .T. ) ;
#11527 = VECTOR ( 'NONE', #814, 1000.000000000000000 ) ;
#11528 = CYLINDRICAL_SURFACE ( 'NONE', #10370, 0.1999999999999953204 ) ;
#11529 = CARTESIAN_POINT ( 'NONE',  ( 0.000000000000000000, 1.540000000000000480, 0.4649999999999996914 ) ) ;
#11530 = CARTESIAN_POINT ( 'NONE',  ( 1.434999999999998721, -2.174999999999998934, 3.715000000000003855 ) ) ;
#11531 = VECTOR ( 'NONE', #3838, 999.9999999999998863 ) ;
#11532 = DIRECTION ( 'NONE',  ( 1.000000000000000000, 0.000000000000000000, -0.000000000000000000 ) ) ;
#11533 = EDGE_LOOP ( 'NONE', ( #849, #9832, #1048, #10215 ) ) ;
#11534 = EDGE_CURVE ( 'NONE', #4116, #3131, #1517, .T. ) ;
#11535 = EDGE_LOOP ( 'NONE', ( #1515, #8293, #7976, #11170 ) ) ;
#11536 = CARTESIAN_POINT ( 'NONE',  ( -0.4100000000000059153, 0.5700000000000003952, 0.6649999999999998135 ) ) ;
#11537 = EDGE_LOOP ( 'NONE', ( #7615, #4008, #5215, #10432 ) ) ;
#11538 = VECTOR ( 'NONE', #4887, 1000.000000000000000 ) ;
#11539 = CARTESIAN_POINT ( 'NONE',  ( -1.552987812832773873, 1.436334613170440644, -5.652012187167225754 ) ) ;
#11540 = ADVANCED_FACE ( 'NONE', ( #2383 ), #2329, .F. ) ;
#11541 = EDGE_LOOP ( 'NONE', ( #4822, #743, #1463, #6763 ) ) ;
#11542 = FACE_OUTER_BOUND ( 'NONE', #6896, .T. ) ;
#11543 = LINE ( 'NONE', #150, #4661 ) ;
#11544 = EDGE_LOOP ( 'NONE', ( #4032, #4645, #2471, #2324 ) ) ;
#11545 = DIRECTION ( 'NONE',  ( -0.000000000000000000, 0.000000000000000000, 1.000000000000000000 ) ) ;
#11546 = DIRECTION ( 'NONE',  ( -1.000000000000000000, 0.000000000000000000, 0.000000000000000000 ) ) ;
#11547 = VERTEX_POINT ( 'NONE', #7252 ) ;
#11548 = LINE ( 'NONE', #8516, #4511 ) ;
#11549 = DIRECTION ( 'NONE',  ( -1.000000000000000000, 0.000000000000000000, 0.000000000000000000 ) ) ;
#11550 = ADVANCED_FACE ( 'NONE', ( #10860 ), #332, .F. ) ;
#11551 = AXIS2_PLACEMENT_3D ( 'NONE', #11885, #3372, #9118 ) ;
#11552 = CARTESIAN_POINT ( 'NONE',  ( -3.490000000000001990, 0.9000000000000012434, -2.894999999999998241 ) ) ;
#11553 = LINE ( 'NONE', #10629, #3257 ) ;
#11554 =( LENGTH_UNIT ( ) NAMED_UNIT ( * ) SI_UNIT ( .MILLI., .METRE. ) );
#11555 = PLANE ( 'NONE',  #5377 ) ;
#11556 = VECTOR ( 'NONE', #1265, 1000.000000000000000 ) ;
#11557 = DIRECTION ( 'NONE',  ( 1.000000000000000000, 0.000000000000000000, 0.000000000000000000 ) ) ;
#11558 = CARTESIAN_POINT ( 'NONE',  ( -1.930000000000002824, 1.870000000000000551, 0.6649999999999998135 ) ) ;
#11559 = ORIENTED_EDGE ( 'NONE', *, *, #8113, .T. ) ;
#11560 = LINE ( 'NONE', #8780, #8063 ) ;
#11561 = VECTOR ( 'NONE', #5804, 1000.000000000000000 ) ;
#11562 = EDGE_CURVE ( 'NONE', #1094, #2397, #10039, .T. ) ;
#11563 = ORIENTED_EDGE ( 'NONE', *, *, #395, .F. ) ;
#11564 = VERTEX_POINT ( 'NONE', #7946 ) ;
#11565 = CARTESIAN_POINT ( 'NONE',  ( 4.129999999999998117, 1.540000000000000480, -2.894999999999997797 ) ) ;
#11566 = VERTEX_POINT ( 'NONE', #11955 ) ;
#11567 = DIRECTION ( 'NONE',  ( -0.3892816206350259711, 0.8348171294789868968, -0.3892816206350259711 ) ) ;
#11568 = ORIENTED_EDGE ( 'NONE', *, *, #10708, .F. ) ;
#11569 = LINE ( 'NONE', #5928, #7470 ) ;
#11570 = CARTESIAN_POINT ( 'NONE',  ( 13.65000000000000036, 0.7200000000000001954, -3.074999999999999734 ) ) ;
#11571 = VECTOR ( 'NONE', #10929, 1000.000000000000000 ) ;
#11572 = FACE_OUTER_BOUND ( 'NONE', #5020, .T. ) ;
#11573 = DIRECTION ( 'NONE',  ( 1.000000000000000000, 0.000000000000000000, 0.000000000000000000 ) ) ;
#11574 = EDGE_CURVE ( 'NONE', #5536, #6929, #5872, .T. ) ;
#11575 = DIRECTION ( 'NONE',  ( -1.000000000000000000, 0.000000000000000000, 0.000000000000000000 ) ) ;
#11576 = ORIENTED_EDGE ( 'NONE', *, *, #3929, .F. ) ;
#11577 = CARTESIAN_POINT ( 'NONE',  ( 13.65000000000000036, 0.7200000000000001954, -3.714999999999999414 ) ) ;
#11578 = EDGE_CURVE ( 'NONE', #10117, #8008, #7193, .T. ) ;
#11579 = ORIENTED_EDGE ( 'NONE', *, *, #11581, .F. ) ;
#11580 = AXIS2_PLACEMENT_3D ( 'NONE', #1883, #9499, #141 ) ;
#11581 = EDGE_CURVE ( 'NONE', #1141, #406, #577, .T. ) ;
#11582 = LINE ( 'NONE', #1203, #11040 ) ;
#11583 = ORIENTED_EDGE ( 'NONE', *, *, #5892, .T. ) ;
#11584 = DIRECTION ( 'NONE',  ( 0.000000000000000000, 0.000000000000000000, 1.000000000000000000 ) ) ;
#11585 = ORIENTED_EDGE ( 'NONE', *, *, #6908, .F. ) ;
#11586 = FACE_BOUND ( 'NONE', #9043, .T. ) ;
#11587 = DIRECTION ( 'NONE',  ( 0.000000000000000000, 0.000000000000000000, 1.000000000000000000 ) ) ;
#11588 = ORIENTED_EDGE ( 'NONE', *, *, #1772, .T. ) ;
#11589 = DIRECTION ( 'NONE',  ( -1.000000000000000000, 0.000000000000000000, 0.000000000000000000 ) ) ;
#11590 = LINE ( 'NONE', #7129, #2043 ) ;
#11591 = VECTOR ( 'NONE', #5498, 1000.000000000000227 ) ;
#11592 = ORIENTED_EDGE ( 'NONE', *, *, #5874, .F. ) ;
#11593 = DIRECTION ( 'NONE',  ( -1.000000000000000000, 0.000000000000000000, 0.000000000000000000 ) ) ;
#11594 = EDGE_CURVE ( 'NONE', #4702, #8836, #1453, .T. ) ;
#11595 = ORIENTED_EDGE ( 'NONE', *, *, #3005, .F. ) ;
#11596 = VECTOR ( 'NONE', #6239, 1000.000000000000000 ) ;
#11597 = LINE ( 'NONE', #5066, #9246 ) ;
#11598 = EDGE_CURVE ( 'NONE', #7712, #1141, #3437, .T. ) ;
#11599 = ORIENTED_EDGE ( 'NONE', *, *, #1185, .T. ) ;
#11600 = ORIENTED_EDGE ( 'NONE', *, *, #11461, .T. ) ;
#11601 = SURFACE_STYLE_USAGE ( .BOTH. , #10741 ) ;
#11602 = LINE ( 'NONE', #2266, #2670 ) ;
#11603 = CARTESIAN_POINT ( 'NONE',  ( 11.10999999999999943, 1.540000000000000924, -2.894999999999998241 ) ) ;
#11604 = LINE ( 'NONE', #3080, #3408 ) ;
#11605 = EDGE_LOOP ( 'NONE', ( #1778, #377, #4949, #6378 ) ) ;
#11606 = FACE_OUTER_BOUND ( 'NONE', #3588, .T. ) ;
#11607 = AXIS2_PLACEMENT_3D ( 'NONE', #6228, #4404, #2470 ) ;
#11608 = CARTESIAN_POINT ( 'NONE',  ( -5.690000000000002167, 0.5700000000000003952, -1.875000000000000000 ) ) ;
#11609 = ORIENTED_EDGE ( 'NONE', *, *, #4461, .T. ) ;
#11610 = LINE ( 'NONE', #11733, #3684 ) ;
#11611 = AXIS2_PLACEMENT_3D ( 'NONE', #2484, #6308, #9166 ) ;
#11612 = EDGE_CURVE ( 'NONE', #8452, #6745, #9870, .T. ) ;
#11613 = VECTOR ( 'NONE', #639, 999.9999999999998863 ) ;
#11614 = DIRECTION ( 'NONE',  ( 0.000000000000000000, 0.000000000000000000, -1.000000000000000000 ) ) ;
#11615 = EDGE_CURVE ( 'NONE', #10770, #7669, #7010, .T. ) ;
#11616 = ORIENTED_EDGE ( 'NONE', *, *, #2991, .T. ) ;
#11617 = FACE_OUTER_BOUND ( 'NONE', #449, .T. ) ;
#11618 = VERTEX_POINT ( 'NONE', #7556 ) ;
#11619 = FACE_OUTER_BOUND ( 'NONE', #10646, .T. ) ;
#11620 = PLANE ( 'NONE',  #5695 ) ;
#11621 = DIRECTION ( 'NONE',  ( 0.000000000000000000, 0.000000000000000000, -1.000000000000000000 ) ) ;
#11622 = CIRCLE ( 'NONE', #9650, 0.1999999999999953204 ) ;
#11623 = DIRECTION ( 'NONE',  ( 0.000000000000000000, -0.000000000000000000, -1.000000000000000000 ) ) ;
#11624 = ORIENTED_EDGE ( 'NONE', *, *, #3051, .F. ) ;
#11625 = DIRECTION ( 'NONE',  ( -1.000000000000000000, 0.000000000000000000, -0.000000000000000000 ) ) ;
#11626 = VECTOR ( 'NONE', #6676, 1000.000000000000000 ) ;
#11627 = AXIS2_PLACEMENT_3D ( 'NONE', #1635, #7376, #11220 ) ;
#11628 = EDGE_CURVE ( 'NONE', #1856, #1722, #6571, .T. ) ;
#11629 = EDGE_LOOP ( 'NONE', ( #3316, #5204, #11923, #1748 ) ) ;
#11630 = DIRECTION ( 'NONE',  ( 1.000000000000000000, 0.000000000000000000, -0.000000000000000000 ) ) ;
#11631 = VECTOR ( 'NONE', #9664, 1000.000000000000000 ) ;
#11632 = AXIS2_PLACEMENT_3D ( 'NONE', #6348, #10988, #7205 ) ;
#11633 = ORIENTED_EDGE ( 'NONE', *, *, #4684, .F. ) ;
#11634 = ORIENTED_EDGE ( 'NONE', *, *, #10357, .F. ) ;
#11635 = CARTESIAN_POINT ( 'NONE',  ( 10.76999999999999780, 1.870000000000000551, 0.6649999999999998135 ) ) ;
#11636 = DIRECTION ( 'NONE',  ( -0.3892816206350259711, -0.8348171294789868968, -0.3892816206350259711 ) ) ;
#11637 = AXIS2_PLACEMENT_3D ( 'NONE', #1684, #9296, #764 ) ;
#11638 = LINE ( 'NONE', #11699, #6427 ) ;
#11639 = EDGE_CURVE ( 'NONE', #2485, #11134, #2676, .T. ) ;
#11640 = LINE ( 'NONE', #245, #9112 ) ;
#11641 = COLOUR_RGB ( '',0.7960784313725489669, 0.8235294117647058432, 0.9372549019607843146 ) ;
#11642 = DIRECTION ( 'NONE',  ( 0.000000000000000000, -1.150347132610614786E-16, -1.000000000000000000 ) ) ;
#11643 = CARTESIAN_POINT ( 'NONE',  ( -1.590000000000001190, 0.7200000000000000844, -3.714999999999999414 ) ) ;
#11644 = VECTOR ( 'NONE', #4967, 1000.000000000000000 ) ;
#11645 = VERTEX_POINT ( 'NONE', #8426 ) ;
#11646 = EDGE_CURVE ( 'NONE', #7418, #10119, #6513, .T. ) ;
#11647 = CIRCLE ( 'NONE', #11838, 0.8200000000000012834 ) ;
#11648 = ORIENTED_EDGE ( 'NONE', *, *, #6744, .F. ) ;
#11649 = PLANE ( 'NONE',  #1875 ) ;
#11650 = ORIENTED_EDGE ( 'NONE', *, *, #2351, .T. ) ;
#11651 = CARTESIAN_POINT ( 'NONE',  ( -6.185000000000001386, 1.055000000000000382, 3.715000000000003411 ) ) ;
#11652 = ORIENTED_EDGE ( 'NONE', *, *, #1578, .F. ) ;
#11653 = CARTESIAN_POINT ( 'NONE',  ( 7.209999999999993747, 0.5700000000000003952, 0.6649999999999998135 ) ) ;
#11654 = DIRECTION ( 'NONE',  ( 0.000000000000000000, 0.9063077870366494926, -0.4226182617407005515 ) ) ;
#11655 = ADVANCED_FACE ( 'NONE', ( #2751 ), #11107, .T. ) ;
#11656 = DIRECTION ( 'NONE',  ( 0.3892816206350259711, -0.8348171294789868968, -0.3892816206350259711 ) ) ;
#11657 = LINE ( 'NONE', #11712, #4628 ) ;
#11658 = LINE ( 'NONE', #8058, #4122 ) ;
#11659 = AXIS2_PLACEMENT_3D ( 'NONE', #7868, #9921, #441 ) ;
#11660 = DIRECTION ( 'NONE',  ( 0.000000000000000000, 5.421010862427481938E-15, -1.000000000000000000 ) ) ;
#11661 = ORIENTED_EDGE ( 'NONE', *, *, #2065, .F. ) ;
#11662 = AXIS2_PLACEMENT_3D ( 'NONE', #29, #4823, #459 ) ;
#11663 = CARTESIAN_POINT ( 'NONE',  ( -9.113014284694891387, 0.9969857153051095988, 3.590587964983398717 ) ) ;
#11664 = EDGE_LOOP ( 'NONE', ( #11128, #6953, #1981, #334 ) ) ;
#11665 = ORIENTED_EDGE ( 'NONE', *, *, #10846, .F. ) ;
#11666 = FILL_AREA_STYLE ('',( #8939 ) ) ;
#11667 = LINE ( 'NONE', #3142, #4075 ) ;
#11668 = CARTESIAN_POINT ( 'NONE',  ( 8.607012187167226713, 1.436334613170440644, -1.137987812832773837 ) ) ;
#11669 = FACE_OUTER_BOUND ( 'NONE', #6826, .T. ) ;
#11670 = EDGE_CURVE ( 'NONE', #7848, #3656, #8493, .T. ) ;
#11671 = VERTEX_POINT ( 'NONE', #4616 ) ;
#11672 = DIRECTION ( 'NONE',  ( 0.000000000000000000, -0.000000000000000000, -1.000000000000000000 ) ) ;
#11673 = CARTESIAN_POINT ( 'NONE',  ( -4.130000000000001670, 1.540000000000000480, 3.382601427321023646 ) ) ;
#11674 = CIRCLE ( 'NONE', #145, 0.1999999999999953204 ) ;
#11675 = VERTEX_POINT ( 'NONE', #10358 ) ;
#11676 = VECTOR ( 'NONE', #6442, 1000.000000000000000 ) ;
#11677 = CARTESIAN_POINT ( 'NONE',  ( -6.030000000000002025, 0.9000000000000005773, -2.894999999999997797 ) ) ;
#11678 = ADVANCED_FACE ( 'NONE', ( #4433 ), #3505, .F. ) ;
#11679 = ORIENTED_EDGE ( 'NONE', *, *, #4965, .F. ) ;
#11680 =( GEOMETRIC_REPRESENTATION_CONTEXT ( 3 ) GLOBAL_UNCERTAINTY_ASSIGNED_CONTEXT ( ( #7332 ) ) GLOBAL_UNIT_ASSIGNED_CONTEXT ( ( #12188, #1990, #955 ) ) REPRESENTATION_CONTEXT ( 'NONE', 'WORKASPACE' ) );
#11681 = CARTESIAN_POINT ( 'NONE',  ( 14.29000000000000092, 0.7200000000000000844, -3.074999999999999734 ) ) ;
#11682 = AXIS2_PLACEMENT_3D ( 'NONE', #5998, #1258, #500 ) ;
#11683 = ORIENTED_EDGE ( 'NONE', *, *, #5297, .T. ) ;
#11684 = CARTESIAN_POINT ( 'NONE',  ( -1.435000000000000497, -3.049999999999999822, -3.714999999999999858 ) ) ;
#11685 = ORIENTED_EDGE ( 'NONE', *, *, #6044, .T. ) ;
#11686 = CARTESIAN_POINT ( 'NONE',  ( 12.70000000000000107, 1.055000000000000382, 3.715000000000003411 ) ) ;
#11687 = DIRECTION ( 'NONE',  ( 0.000000000000000000, 1.150347132610614786E-16, -1.000000000000000000 ) ) ;
#11688 = EDGE_CURVE ( 'NONE', #8164, #4326, #8312, .T. ) ;
#11689 = CARTESIAN_POINT ( 'NONE',  ( -1.435000000000000497, 1.385000000000000897, 3.715000000000003411 ) ) ;
#11690 = EDGE_LOOP ( 'NONE', ( #3938, #2227, #3292, #3635 ) ) ;
#11691 = CARTESIAN_POINT ( 'NONE',  ( 4.129999999999998117, -2.717601427321017837, -3.714999999999999858 ) ) ;
#11692 = EDGE_CURVE ( 'NONE', #3370, #4956, #6447, .T. ) ;
#11693 = ORIENTED_EDGE ( 'NONE', *, *, #12261, .T. ) ;
#11694 = CARTESIAN_POINT ( 'NONE',  ( -3.490000000000001990, 0.9000000000000005773, 3.382601427321023646 ) ) ;
#11695 = ORIENTED_EDGE ( 'NONE', *, *, #8905, .T. ) ;
#11696 = ORIENTED_EDGE ( 'NONE', *, *, #4030, .F. ) ;
#11697 = DIRECTION ( 'NONE',  ( -0.000000000000000000, 1.000000000000000000, 1.150347132610614786E-16 ) ) ;
#11698 = FACE_OUTER_BOUND ( 'NONE', #4019, .T. ) ;
#11699 = CARTESIAN_POINT ( 'NONE',  ( 14.13499999999999979, -3.049999999999999822, -3.075000000000000178 ) ) ;
#11700 = SURFACE_SIDE_STYLE ('',( #6048 ) ) ;
#11701 = CARTESIAN_POINT ( 'NONE',  ( 4.669999999999993712, 0.5700000000000003952, 0.4649999999999996914 ) ) ;
#11702 = PLANE ( 'NONE',  #908 ) ;
#11703 = ADVANCED_FACE ( 'NONE', ( #5567 ), #5623, .T. ) ;
#11704 = EDGE_LOOP ( 'NONE', ( #102, #7887, #9636, #10415 ) ) ;
#11705 = CARTESIAN_POINT ( 'NONE',  ( -14.63000000000000433, 1.870000000000000551, 0.6649999999999998135 ) ) ;
#11706 = PLANE ( 'NONE',  #4863 ) ;
#11707 = EDGE_LOOP ( 'NONE', ( #7620, #9348 ) ) ;
#11708 = DIRECTION ( 'NONE',  ( 0.000000000000000000, 1.000000000000000000, -1.150347132610614786E-16 ) ) ;
#11709 = FACE_BOUND ( 'NONE', #5715, .T. ) ;
#11710 = LINE ( 'NONE', #8056, #7510 ) ;
#11711 = AXIS2_PLACEMENT_3D ( 'NONE', #3660, #9286, #10393 ) ;
#11712 = CARTESIAN_POINT ( 'NONE',  ( 0.000000000000000000, 1.540000000000000480, 0.4649999999999996914 ) ) ;
#11713 = DIRECTION ( 'NONE',  ( -0.000000000000000000, -0.000000000000000000, -1.000000000000000000 ) ) ;
#11714 = ORIENTED_EDGE ( 'NONE', *, *, #5334, .T. ) ;
#11715 = CARTESIAN_POINT ( 'NONE',  ( 9.749999999999994671, 0.5700000000000003952, 0.6649999999999998135 ) ) ;
#11716 = VERTEX_POINT ( 'NONE', #10169 ) ;
#11717 = EDGE_CURVE ( 'NONE', #213, #10770, #9188, .T. ) ;
#11718 = CIRCLE ( 'NONE', #9954, 0.1800000000000013256 ) ;
#11719 = CARTESIAN_POINT ( 'NONE',  ( -9.210000000000002629, -2.717601427321017837, -3.075000000000000178 ) ) ;
#11720 = EDGE_LOOP ( 'NONE', ( #1647, #3289, #5391, #9809 ) ) ;
#11721 = VERTEX_POINT ( 'NONE', #4680 ) ;
#11722 = CARTESIAN_POINT ( 'NONE',  ( -14.29000000000000270, -3.049999999999999822, -3.714999999999999858 ) ) ;
#11723 = CARTESIAN_POINT ( 'NONE',  ( 4.129999999999998117, 0.9000000000000012434, -2.894999999999998241 ) ) ;
#11724 = AXIS2_PLACEMENT_3D ( 'NONE', #2163, #1474, #414 ) ;
#11725 = DIRECTION ( 'NONE',  ( -0.000000000000000000, 0.000000000000000000, -1.000000000000000000 ) ) ;
#11726 = DIRECTION ( 'NONE',  ( -0.000000000000000000, -0.000000000000000000, 1.000000000000000000 ) ) ;
#11727 = ORIENTED_EDGE ( 'NONE', *, *, #12170, .T. ) ;
#11728 = FACE_OUTER_BOUND ( 'NONE', #7051, .T. ) ;
#11729 = CARTESIAN_POINT ( 'NONE',  ( -3.150000000000001688, 0.5700000000000003952, -1.674999999999999822 ) ) ;
#11730 = LINE ( 'NONE', #1225, #8413 ) ;
#11731 = ORIENTED_EDGE ( 'NONE', *, *, #9521, .F. ) ;
#11732 = EDGE_CURVE ( 'NONE', #1667, #7554, #11336, .T. ) ;
#11733 = CARTESIAN_POINT ( 'NONE',  ( 25.40000000000000213, 1.055000000000000382, 3.715000000000003411 ) ) ;
#11734 = VECTOR ( 'NONE', #5139, 1000.000000000000000 ) ;
#11735 = ADVANCED_FACE ( 'NONE', ( #9425 ), #11283, .F. ) ;
#11736 = DIRECTION ( 'NONE',  ( -0.000000000000000000, -0.000000000000000000, 1.000000000000000000 ) ) ;
#11737 = EDGE_CURVE ( 'NONE', #10267, #10368, #8459, .T. ) ;
#11738 = CARTESIAN_POINT ( 'NONE',  ( 5.689999999999996838, 1.870000000000000551, 0.4649999999999996914 ) ) ;
#11739 = CYLINDRICAL_SURFACE ( 'NONE', #3100, 0.1999999999999953204 ) ;
#11740 = AXIS2_PLACEMENT_3D ( 'NONE', #68, #3872, #1818 ) ;
#11741 =( NAMED_UNIT ( * ) SI_UNIT ( $, .STERADIAN. ) SOLID_ANGLE_UNIT ( ) );
#11742 = ORIENTED_EDGE ( 'NONE', *, *, #2750, .T. ) ;
#11743 = VERTEX_POINT ( 'NONE', #10416 ) ;
#11744 = DIRECTION ( 'NONE',  ( 0.000000000000000000, 0.000000000000000000, 1.000000000000000000 ) ) ;
#11745 = ADVANCED_FACE ( 'NONE', ( #2571 ), #1699, .F. ) ;
#11746 = ORIENTED_EDGE ( 'NONE', *, *, #1671, .F. ) ;
#11747 = DIRECTION ( 'NONE',  ( -1.000000000000000000, 0.000000000000000000, 0.000000000000000000 ) ) ;
#11748 = ORIENTED_EDGE ( 'NONE', *, *, #3994, .F. ) ;
#11749 = ORIENTED_EDGE ( 'NONE', *, *, #6772, .T. ) ;
#11750 = ADVANCED_FACE ( 'NONE', ( #6391 ), #7432, .F. ) ;
#11751 = CARTESIAN_POINT ( 'NONE',  ( 9.350000000000004974, 0.5700000000000003952, 0.6649999999999998135 ) ) ;
#11752 = DIRECTION ( 'NONE',  ( -0.000000000000000000, -1.000000000000000000, 0.000000000000000000 ) ) ;
#11753 = PLANE ( 'NONE',  #10796 ) ;
#11754 = CARTESIAN_POINT ( 'NONE',  ( -13.31000000000000227, 0.5700000000000003952, 0.6649999999999998135 ) ) ;
#11755 = ORIENTED_EDGE ( 'NONE', *, *, #3409, .T. ) ;
#11756 = DIRECTION ( 'NONE',  ( 1.000000000000000000, 0.000000000000000000, 0.000000000000000000 ) ) ;
#11757 = CIRCLE ( 'NONE', #2805, 0.1999999999999953204 ) ;
#11758 = VERTEX_POINT ( 'NONE', #2939 ) ;
#11759 = ADVANCED_FACE ( 'NONE', ( #6820 ), #6762, .F. ) ;
#11760 = EDGE_LOOP ( 'NONE', ( #10105, #2682, #4040, #10189 ) ) ;
#11761 = DIRECTION ( 'NONE',  ( 0.000000000000000000, -0.4226182617407006625, 0.9063077870366493816 ) ) ;
#11762 = COLOUR_RGB ( '',0.7960784313725489669, 0.8235294117647058432, 0.9372549019607843146 ) ;
#11763 = DIRECTION ( 'NONE',  ( -0.000000000000000000, 0.000000000000000000, 1.000000000000000000 ) ) ;
#11764 = VERTEX_POINT ( 'NONE', #11398 ) ;
#11765 = EDGE_CURVE ( 'NONE', #1942, #11346, #4054, .T. ) ;
#11766 = DIRECTION ( 'NONE',  ( -1.000000000000000000, 0.000000000000000000, 0.000000000000000000 ) ) ;
#11767 = DIRECTION ( 'NONE',  ( 0.3892816206350239172, 0.3892816206350261377, -0.8348171294789875629 ) ) ;
#11768 = LINE ( 'NONE', #139, #4208 ) ;
#11769 = FACE_OUTER_BOUND ( 'NONE', #4990, .T. ) ;
#11770 = CARTESIAN_POINT ( 'NONE',  ( 14.82999999999999652, 0.5700000000000003952, 0.4649999999999996914 ) ) ;
#11771 = DIRECTION ( 'NONE',  ( 1.000000000000000000, 0.000000000000000000, -0.000000000000000000 ) ) ;
#11772 = VERTEX_POINT ( 'NONE', #5873 ) ;
#11773 = DIRECTION ( 'NONE',  ( 0.9063077870366493816, -0.4226182617407006625, 0.000000000000000000 ) ) ;
#11774 = ORIENTED_EDGE ( 'NONE', *, *, #8161, .F. ) ;
#11775 = CARTESIAN_POINT ( 'NONE',  ( 13.65000000000000036, 0.000000000000000000, 0.4649999999999996914 ) ) ;
#11776 = VERTEX_POINT ( 'NONE', #4738 ) ;
#11777 = EDGE_CURVE ( 'NONE', #10861, #2410, #3935, .T. ) ;
#11778 = CARTESIAN_POINT ( 'NONE',  ( 9.549999999999998934, 0.5700000000000003952, 0.4649999999999996914 ) ) ;
#11779 = DIRECTION ( 'NONE',  ( -0.000000000000000000, 1.000000000000000000, 1.150347132610614786E-16 ) ) ;
#11780 = VECTOR ( 'NONE', #9795, 1000.000000000000000 ) ;
#11781 = CARTESIAN_POINT ( 'NONE',  ( 0.6099999999999959899, 1.870000000000000551, -1.674999999999999822 ) ) ;
#11782 = DIRECTION ( 'NONE',  ( -0.000000000000000000, -0.000000000000000000, 1.000000000000000000 ) ) ;
#11783 = DIRECTION ( 'NONE',  ( 0.000000000000000000, -0.000000000000000000, 1.000000000000000000 ) ) ;
#11784 = DIRECTION ( 'NONE',  ( 0.000000000000000000, 0.000000000000000000, 1.000000000000000000 ) ) ;
#11785 = ORIENTED_EDGE ( 'NONE', *, *, #4858, .T. ) ;
#11786 = EDGE_CURVE ( 'NONE', #7554, #9091, #4864, .T. ) ;
#11787 = LINE ( 'NONE', #7265, #2271 ) ;
#11788 = VECTOR ( 'NONE', #127, 1000.000000000000000 ) ;
#11789 = DIRECTION ( 'NONE',  ( 0.000000000000000000, 0.000000000000000000, 1.000000000000000000 ) ) ;
#11790 =( NAMED_UNIT ( * ) PLANE_ANGLE_UNIT ( ) SI_UNIT ( $, .RADIAN. ) );
#11791 = EDGE_CURVE ( 'NONE', #8437, #9610, #6700, .T. ) ;
#11792 = DIRECTION ( 'NONE',  ( 1.000000000000000000, 0.000000000000000000, 0.000000000000000000 ) ) ;
#11793 = DIRECTION ( 'NONE',  ( -0.000000000000000000, -0.000000000000000000, -1.000000000000000000 ) ) ;
#11794 = ORIENTED_EDGE ( 'NONE', *, *, #11308, .F. ) ;
#11795 = AXIS2_PLACEMENT_3D ( 'NONE', #1412, #7268, #10813 ) ;
#11796 = ADVANCED_FACE ( 'NONE', ( #10661 ), #11649, .F. ) ;
#11797 = DIRECTION ( 'NONE',  ( -1.000000000000000000, 0.000000000000000000, 0.000000000000000000 ) ) ;
#11798 = ORIENTED_EDGE ( 'NONE', *, *, #10212, .T. ) ;
#11799 = CARTESIAN_POINT ( 'NONE',  ( 0.9499999999999977351, 0.7200000000000001954, -3.074999999999999734 ) ) ;
#11800 = AXIS2_PLACEMENT_3D ( 'NONE', #975, #5450, #11294 ) ;
#11801 = ADVANCED_FACE ( 'NONE', ( #9490 ), #191, .T. ) ;
#11802 = VECTOR ( 'NONE', #7072, 1000.000000000000000 ) ;
#11803 = ORIENTED_EDGE ( 'NONE', *, *, #2082, .T. ) ;
#11804 = LINE ( 'NONE', #423, #9099 ) ;
#11805 = LINE ( 'NONE', #4165, #5685 ) ;
#11806 = DIRECTION ( 'NONE',  ( -1.000000000000000000, 0.000000000000000000, 0.000000000000000000 ) ) ;
#11807 = CIRCLE ( 'NONE', #85, 0.1999999999999953204 ) ;
#11808 = AXIS2_PLACEMENT_3D ( 'NONE', #6037, #294, #8903 ) ;
#11809 = PLANE ( 'NONE',  #3177 ) ;
#11810 = ADVANCED_FACE ( 'NONE', ( #3868 ), #964, .T. ) ;
#11811 = CARTESIAN_POINT ( 'NONE',  ( 11.59500000000000064, -2.174999999999998934, 3.715000000000003855 ) ) ;
#11812 = CARTESIAN_POINT ( 'NONE',  ( 0.000000000000000000, 0.9000000000000005773, -1.674999999999999822 ) ) ;
#11813 = ORIENTED_EDGE ( 'NONE', *, *, #3308, .F. ) ;
#11814 = DIRECTION ( 'NONE',  ( 0.000000000000000000, 1.189977994191405372E-15, -1.000000000000000000 ) ) ;
#11815 = AXIS2_PLACEMENT_3D ( 'NONE', #565, #7931, #11763 ) ;
#11816 = EDGE_CURVE ( 'NONE', #802, #3192, #11466, .T. ) ;
#11817 = AXIS2_PLACEMENT_3D ( 'NONE', #1072, #4849, #8666 ) ;
#11818 = ORIENTED_EDGE ( 'NONE', *, *, #7191, .T. ) ;
#11819 = VECTOR ( 'NONE', #10444, 1000.000000000000000 ) ;
#11820 = CARTESIAN_POINT ( 'NONE',  ( 3.489999999999998437, 1.540000000000000480, -2.894999999999997797 ) ) ;
#11821 = AXIS2_PLACEMENT_3D ( 'NONE', #3674, #7364, #7485 ) ;
#11822 = CARTESIAN_POINT ( 'NONE',  ( 11.10999999999999943, 1.540000000000000480, 3.715000000000003411 ) ) ;
#11823 = ORIENTED_EDGE ( 'NONE', *, *, #8253, .F. ) ;
#11824 = CARTESIAN_POINT ( 'NONE',  ( -8.724999999999999645, -2.174999999999998934, 3.715000000000003855 ) ) ;
#11825 = EDGE_LOOP ( 'NONE', ( #3432, #1292, #3392, #11714 ) ) ;
#11826 = STYLED_ITEM ( 'NONE', ( #470 ), #720 ) ;
#11827 = DIRECTION ( 'NONE',  ( 0.000000000000000000, 0.000000000000000000, -1.000000000000000000 ) ) ;
#11828 = EDGE_CURVE ( 'NONE', #7246, #4638, #9609, .T. ) ;
#11829 = CARTESIAN_POINT ( 'NONE',  ( -0.9500000000000011768, 0.9000000000000010214, -2.894999999999998241 ) ) ;
#11830 = VECTOR ( 'NONE', #5273, 1000.000000000000000 ) ;
#11831 = CARTESIAN_POINT ( 'NONE',  ( -8.515516958615334531, -4.206925115746958710, -3.020516958615332648 ) ) ;
#11832 = DIRECTION ( 'NONE',  ( -1.000000000000000000, 0.000000000000000000, 0.000000000000000000 ) ) ;
#11833 = EDGE_LOOP ( 'NONE', ( #6035, #6053, #1852, #3380 ) ) ;
#11834 = FACE_OUTER_BOUND ( 'NONE', #2542, .T. ) ;
#11835 = AXIS2_PLACEMENT_3D ( 'NONE', #5459, #4205, #7331 ) ;
#11836 = EDGE_CURVE ( 'NONE', #5763, #4532, #11582, .T. ) ;
#11837 = ORIENTED_EDGE ( 'NONE', *, *, #6954, .T. ) ;
#11838 = AXIS2_PLACEMENT_3D ( 'NONE', #455, #1339, #209 ) ;
#11839 = VECTOR ( 'NONE', #4759, 1000.000000000000000 ) ;
#11840 = DIRECTION ( 'NONE',  ( -0.000000000000000000, -0.000000000000000000, -1.000000000000000000 ) ) ;
#11841 = ORIENTED_EDGE ( 'NONE', *, *, #7269, .F. ) ;
#11842 = LINE ( 'NONE', #3324, #4296 ) ;
#11843 = LINE ( 'NONE', #2573, #7462 ) ;
#11844 = CARTESIAN_POINT ( 'NONE',  ( -1.590000000000001190, 1.540000000000001146, -2.894999999999998241 ) ) ;
#11845 = CARTESIAN_POINT ( 'NONE',  ( 1.434999999999998721, 1.055000000000000382, 3.715000000000003411 ) ) ;
#11846 = CYLINDRICAL_SURFACE ( 'NONE', #9489, 0.1999999999999953204 ) ;
#11847 = LINE ( 'NONE', #9811, #4496 ) ;
#11848 = AXIS2_PLACEMENT_3D ( 'NONE', #11222, #1764, #5569 ) ;
#11849 = CARTESIAN_POINT ( 'NONE',  ( 15.23999999999999844, 0.000000000000000000, 0.4649999999999996914 ) ) ;
#11850 = EDGE_LOOP ( 'NONE', ( #6957, #1712, #76, #6581 ) ) ;
#11851 = DIRECTION ( 'NONE',  ( 1.000000000000000000, 0.000000000000000000, -0.000000000000000000 ) ) ;
#11852 = AXIS2_PLACEMENT_3D ( 'NONE', #10686, #2148, #2209 ) ;
#11853 = EDGE_CURVE ( 'NONE', #176, #2594, #2086, .T. ) ;
#11854 = ORIENTED_EDGE ( 'NONE', *, *, #8803, .F. ) ;
#11855 = ADVANCED_FACE ( 'NONE', ( #11521 ), #2998, .T. ) ;
#11856 = CARTESIAN_POINT ( 'NONE',  ( -10.77000000000000135, 0.5700000000000003952, 0.4649999999999996914 ) ) ;
#11857 = EDGE_LOOP ( 'NONE', ( #9920, #4291, #1945, #9199 ) ) ;
#11858 = VECTOR ( 'NONE', #6706, 1000.000000000000000 ) ;
#11859 = CARTESIAN_POINT ( 'NONE',  ( 12.70000000000000107, -3.049999999999999822, -3.230000000000000870 ) ) ;
#11860 = DIRECTION ( 'NONE',  ( -1.000000000000000000, 0.000000000000000000, 0.000000000000000000 ) ) ;
#11861 = EDGE_LOOP ( 'NONE', ( #2413, #10218, #8533, #2423 ) ) ;
#11862 = FACE_OUTER_BOUND ( 'NONE', #7545, .T. ) ;
#11863 = EDGE_LOOP ( 'NONE', ( #5576, #9475, #7171, #10237 ) ) ;
#11864 = ORIENTED_EDGE ( 'NONE', *, *, #7529, .T. ) ;
#11865 = CYLINDRICAL_SURFACE ( 'NONE', #10645, 0.1999999999999953204 ) ;
#11866 = VERTEX_POINT ( 'NONE', #7749 ) ;
#11867 = CIRCLE ( 'NONE', #2930, 0.8200000000000012834 ) ;
#11868 = EDGE_CURVE ( 'NONE', #11345, #3612, #8676, .T. ) ;
#11869 = PLANE ( 'NONE',  #3522 ) ;
#11870 = DIRECTION ( 'NONE',  ( 0.000000000000000000, 0.000000000000000000, 1.000000000000000000 ) ) ;
#11871 = MECHANICAL_DESIGN_GEOMETRIC_PRESENTATION_REPRESENTATION (  '', ( #6343 ), #961 ) ;
#11872 = CARTESIAN_POINT ( 'NONE',  ( 8.429999999999992610, 1.870000000000000551, -1.875000000000000000 ) ) ;
#11873 = AXIS2_PLACEMENT_3D ( 'NONE', #5202, #9002, #8649 ) ;
#11874 = LINE ( 'NONE', #9031, #4131 ) ;
#11875 = LINE ( 'NONE', #5231, #6460 ) ;
#11876 = ORIENTED_EDGE ( 'NONE', *, *, #4110, .F. ) ;
#11877 = LINE ( 'NONE', #3363, #8857 ) ;
#11878 = EDGE_CURVE ( 'NONE', #1314, #3574, #3677, .T. ) ;
#11879 = ORIENTED_EDGE ( 'NONE', *, *, #4249, .T. ) ;
#11880 = EDGE_CURVE ( 'NONE', #11395, #9707, #6942, .T. ) ;
#11881 = CARTESIAN_POINT ( 'NONE',  ( 1.104999999999998428, -3.049999999999999822, -3.230000000000000870 ) ) ;
#11882 = LINE ( 'NONE', #5305, #6296 ) ;
#11883 = ORIENTED_EDGE ( 'NONE', *, *, #12201, .T. ) ;
#11884 = EDGE_CURVE ( 'NONE', #8537, #7581, #2869, .T. ) ;
#11885 = CARTESIAN_POINT ( 'NONE',  ( 13.30999999999999872, 1.870000000000000551, 0.6649999999999998135 ) ) ;
#11886 = CARTESIAN_POINT ( 'NONE',  ( -11.75000000000000178, 1.540000000000000480, 3.715000000000003411 ) ) ;
#11887 = EDGE_CURVE ( 'NONE', #5893, #7011, #3306, .T. ) ;
#11888 = DIRECTION ( 'NONE',  ( -1.000000000000000000, 0.000000000000000000, 0.000000000000000000 ) ) ;
#11889 = DIRECTION ( 'NONE',  ( -0.000000000000000000, -1.000000000000000000, 1.150347132610614786E-16 ) ) ;
#11890 = PLANE ( 'NONE',  #10696 ) ;
#11891 = ORIENTED_EDGE ( 'NONE', *, *, #3543, .F. ) ;
#11892 = DIRECTION ( 'NONE',  ( 0.000000000000000000, -0.4226182617407006625, 0.9063077870366493816 ) ) ;
#11893 = ORIENTED_EDGE ( 'NONE', *, *, #1185, .F. ) ;
#11894 = ADVANCED_FACE ( 'NONE', ( #2427 ), #6187, .T. ) ;
#11895 = CARTESIAN_POINT ( 'NONE',  ( -9.749999999999998224, 1.870000000000000551, 0.6649999999999998135 ) ) ;
#11896 = ORIENTED_EDGE ( 'NONE', *, *, #3654, .T. ) ;
#11897 = CARTESIAN_POINT ( 'NONE',  ( -14.83000000000000007, 1.870000000000000551, 0.6649999999999998135 ) ) ;
#11898 = DIRECTION ( 'NONE',  ( -0.000000000000000000, -0.000000000000000000, -1.000000000000000000 ) ) ;
#11899 = DIRECTION ( 'NONE',  ( -1.000000000000000000, 0.000000000000000000, 0.000000000000000000 ) ) ;
#11900 =( NAMED_UNIT ( * ) SI_UNIT ( $, .STERADIAN. ) SOLID_ANGLE_UNIT ( ) );
#11901 = EDGE_CURVE ( 'NONE', #10655, #1897, #10440, .T. ) ;
#11902 = CARTESIAN_POINT ( 'NONE',  ( -14.29000000000000270, -2.717601427321017837, -3.075000000000000178 ) ) ;
#11903 = DIRECTION ( 'NONE',  ( -0.000000000000000000, 1.000000000000000000, 1.150347132610614786E-16 ) ) ;
#11904 = DIRECTION ( 'NONE',  ( 0.000000000000000000, -1.000000000000000000, -1.150347132610614786E-16 ) ) ;
#11905 = ORIENTED_EDGE ( 'NONE', *, *, #11901, .F. ) ;
#11906 = ORIENTED_EDGE ( 'NONE', *, *, #8923, .F. ) ;
#11907 = DIRECTION ( 'NONE',  ( 0.000000000000000000, 5.421010862427481938E-15, -1.000000000000000000 ) ) ;
#11908 = EDGE_LOOP ( 'NONE', ( #22, #6560, #3149, #5005 ) ) ;
#11909 = EDGE_CURVE ( 'NONE', #9173, #3303, #12006, .T. ) ;
#11910 = CARTESIAN_POINT ( 'NONE',  ( 14.29000000000000092, 0.9000000000000005773, 3.382601427321023646 ) ) ;
#11911 = CARTESIAN_POINT ( 'NONE',  ( 13.30999999999999872, 1.870000000000000551, 0.6649999999999998135 ) ) ;
#11912 = UNCERTAINTY_MEASURE_WITH_UNIT (LENGTH_MEASURE( 1.000000000000000082E-05 ), #2459, 'distance_accuracy_value', 'NONE');
#11913 = CARTESIAN_POINT ( 'NONE',  ( 6.029999999999998472, 0.9000000000000005773, 3.715000000000003411 ) ) ;
#11914 = DIRECTION ( 'NONE',  ( -0.000000000000000000, -0.4226182617407006625, -0.9063077870366493816 ) ) ;
#11915 = EDGE_CURVE ( 'NONE', #3596, #10692, #6880, .T. ) ;
#11916 = ORIENTED_EDGE ( 'NONE', *, *, #2311, .T. ) ;
#11917 = ORIENTED_EDGE ( 'NONE', *, *, #7124, .T. ) ;
#11918 = PLANE ( 'NONE',  #7329 ) ;
#11919 = VECTOR ( 'NONE', #8999, 1000.000000000000000 ) ;
#11920 = ORIENTED_EDGE ( 'NONE', *, *, #970, .T. ) ;
#11921 = ORIENTED_EDGE ( 'NONE', *, *, #6677, .T. ) ;
#11922 = CARTESIAN_POINT ( 'NONE',  ( 0.000000000000000000, 0.9000000000000005773, 0.4649999999999996914 ) ) ;
#11923 = ORIENTED_EDGE ( 'NONE', *, *, #2101, .T. ) ;
#11924 = ORIENTED_EDGE ( 'NONE', *, *, #10752, .F. ) ;
#11925 = ORIENTED_EDGE ( 'NONE', *, *, #9990, .F. ) ;
#11926 = DIRECTION ( 'NONE',  ( 0.000000000000000000, 1.189977994191405372E-15, -1.000000000000000000 ) ) ;
#11927 = ORIENTED_EDGE ( 'NONE', *, *, #1215, .F. ) ;
#11928 = CARTESIAN_POINT ( 'NONE',  ( 8.570000000000000284, 0.7200000000000001954, -3.074999999999999734 ) ) ;
#11929 = EDGE_CURVE ( 'NONE', #4870, #944, #1259, .T. ) ;
#11930 = FACE_OUTER_BOUND ( 'NONE', #10095, .T. ) ;
#11931 = DIRECTION ( 'NONE',  ( 0.000000000000000000, 1.000000000000000000, -1.150347132610614786E-16 ) ) ;
#11932 = CYLINDRICAL_SURFACE ( 'NONE', #476, 0.8200000000000012834 ) ;
#11933 = ORIENTED_EDGE ( 'NONE', *, *, #7640, .F. ) ;
#11934 = DIRECTION ( 'NONE',  ( 0.000000000000000000, 1.000000000000000000, -1.150347132610614786E-16 ) ) ;
#11935 = EDGE_CURVE ( 'NONE', #5356, #10200, #317, .T. ) ;
#11936 = ORIENTED_EDGE ( 'NONE', *, *, #8774, .T. ) ;
#11937 = AXIS2_PLACEMENT_3D ( 'NONE', #1457, #10174, #10238 ) ;
#11938 = PLANE ( 'NONE',  #9911 ) ;
#11939 = ORIENTED_EDGE ( 'NONE', *, *, #75, .T. ) ;
#11940 = DIRECTION ( 'NONE',  ( -1.000000000000000000, 0.000000000000000000, 0.000000000000000000 ) ) ;
#11941 = ORIENTED_EDGE ( 'NONE', *, *, #2381, .T. ) ;
#11942 = ADVANCED_FACE ( 'NONE', ( #8980 ), #3424, .F. ) ;
#11943 = ORIENTED_EDGE ( 'NONE', *, *, #101, .F. ) ;
#11944 = CARTESIAN_POINT ( 'NONE',  ( -14.29000000000000270, -2.717601427321017837, -3.714999999999999858 ) ) ;
#11945 = PRESENTATION_LAYER_ASSIGNMENT (  '', '', ( #8993 ) ) ;
#11946 = SURFACE_STYLE_FILL_AREA ( #508 ) ;
#11947 = DIRECTION ( 'NONE',  ( 0.000000000000000000, 0.000000000000000000, -1.000000000000000000 ) ) ;
#11948 = CARTESIAN_POINT ( 'NONE',  ( -8.570000000000002061, 1.540000000000000480, -1.674999999999999822 ) ) ;
#11949 = FACE_OUTER_BOUND ( 'NONE', #9124, .T. ) ;
#11950 = ORIENTED_EDGE ( 'NONE', *, *, #11359, .F. ) ;
#11951 = EDGE_CURVE ( 'NONE', #8537, #9034, #1440, .T. ) ;
#11952 = CARTESIAN_POINT ( 'NONE',  ( -11.11000000000000121, 0.9000000000000013545, 3.382601427321023646 ) ) ;
#11953 = ORIENTED_EDGE ( 'NONE', *, *, #2908, .F. ) ;
#11954 = AXIS2_PLACEMENT_3D ( 'NONE', #2796, #10289, #6503 ) ;
#11955 = CARTESIAN_POINT ( 'NONE',  ( -15.24000000000000199, 2.410000000000000142, 0.4649999999999996914 ) ) ;
#11956 = CARTESIAN_POINT ( 'NONE',  ( 13.80500000000000149, 1.055000000000000382, 3.715000000000003411 ) ) ;
#11957 = PLANE ( 'NONE',  #7672 ) ;
#11958 = ORIENTED_EDGE ( 'NONE', *, *, #5422, .T. ) ;
#11959 = DIRECTION ( 'NONE',  ( 0.000000000000000000, 0.000000000000000000, 1.000000000000000000 ) ) ;
#11960 = CARTESIAN_POINT ( 'NONE',  ( 10.96999999999999353, 1.870000000000000551, -1.875000000000000000 ) ) ;
#11961 = FACE_OUTER_BOUND ( 'NONE', #7613, .T. ) ;
#11962 = DIRECTION ( 'NONE',  ( -1.000000000000000000, 0.000000000000000000, 0.000000000000000000 ) ) ;
#11963 = AXIS2_PLACEMENT_3D ( 'NONE', #5203, #8947, #343 ) ;
#11964 = ORIENTED_EDGE ( 'NONE', *, *, #5451, .T. ) ;
#11965 = EDGE_CURVE ( 'NONE', #239, #5800, #5473, .T. ) ;
#11966 = EDGE_LOOP ( 'NONE', ( #6472, #8677 ) ) ;
#11967 = PLANE ( 'NONE',  #5662 ) ;
#11968 = ADVANCED_FACE ( 'NONE', ( #5117 ), #11706, .F. ) ;
#11969 = AXIS2_PLACEMENT_3D ( 'NONE', #9372, #2878, #8500 ) ;
#11970 = PLANE ( 'NONE',  #7860 ) ;
#11971 = DIRECTION ( 'NONE',  ( 0.000000000000000000, 1.000000000000000000, 1.150347132610614786E-16 ) ) ;
#11972 = CYLINDRICAL_SURFACE ( 'NONE', #305, 0.1999999999999953204 ) ;
#11973 = CARTESIAN_POINT ( 'NONE',  ( -4.270000000000008455, 1.870000000000000551, -1.674999999999999822 ) ) ;
#11974 = CARTESIAN_POINT ( 'NONE',  ( 3.644999999999999130, -3.049999999999999822, -3.714999999999999858 ) ) ;
#11975 = EDGE_LOOP ( 'NONE', ( #1456, #7686, #2475, #4915 ) ) ;
#11976 = CARTESIAN_POINT ( 'NONE',  ( 14.13500000000000156, -2.174999999999998934, 3.715000000000003855 ) ) ;
#11977 = ORIENTED_EDGE ( 'NONE', *, *, #4484, .T. ) ;
#11979 = EDGE_CURVE ( 'NONE', #8568, #333, #10651, .T. ) ;
#11978 = DIRECTION ( 'NONE',  ( -0.000000000000000000, 0.000000000000000000, 1.000000000000000000 ) ) ;
#11980 = ORIENTED_EDGE ( 'NONE', *, *, #2750, .F. ) ;
#11981 = LINE ( 'NONE', #674, #7471 ) ;
#11982 = VECTOR ( 'NONE', #2503, 1000.000000000000000 ) ;
#11983 = ORIENTED_EDGE ( 'NONE', *, *, #3278, .T. ) ;
#11984 = EDGE_CURVE ( 'NONE', #7693, #10113, #11882, .T. ) ;
#11985 = ORIENTED_EDGE ( 'NONE', *, *, #10635, .F. ) ;
#11986 = DIRECTION ( 'NONE',  ( 0.000000000000000000, -1.000000000000000000, -0.000000000000000000 ) ) ;
#11987 = VECTOR ( 'NONE', #8778, 1000.000000000000000 ) ;
#11988 = CARTESIAN_POINT ( 'NONE',  ( 14.82999999999999652, 0.5700000000000003952, -1.875000000000000000 ) ) ;
#11989 = ORIENTED_EDGE ( 'NONE', *, *, #2213, .F. ) ;
#11990 = CARTESIAN_POINT ( 'NONE',  ( -6.632987812832774388, 1.436334613170440644, -5.652012187167225754 ) ) ;
#11991 = DIRECTION ( 'NONE',  ( 1.000000000000000000, 0.000000000000000000, 0.000000000000000000 ) ) ;
#11992 = VECTOR ( 'NONE', #6402, 1000.000000000000000 ) ;
#11993 = LINE ( 'NONE', #9289, #3657 ) ;
#11994 = ORIENTED_EDGE ( 'NONE', *, *, #5422, .F. ) ;
#11995 = PLANE ( 'NONE',  #7463 ) ;
#11996 = ORIENTED_EDGE ( 'NONE', *, *, #1827, .T. ) ;
#11997 = VECTOR ( 'NONE', #3013, 1000.000000000000000 ) ;
#11998 = ADVANCED_FACE ( 'NONE', ( #2186 ), #5237, .T. ) ;
#11999 = DIRECTION ( 'NONE',  ( -1.000000000000000000, 0.000000000000000000, 0.000000000000000000 ) ) ;
#12000 = CIRCLE ( 'NONE', #482, 0.1800000000000013256 ) ;
#12001 = ORIENTED_EDGE ( 'NONE', *, *, #311, .F. ) ;
#12002 = DIRECTION ( 'NONE',  ( -0.000000000000000000, 0.000000000000000000, 1.000000000000000000 ) ) ;
#12003 = EDGE_CURVE ( 'NONE', #10168, #6903, #6997, .T. ) ;
#12004 = ORIENTED_EDGE ( 'NONE', *, *, #6919, .F. ) ;
#12005 = DIRECTION ( 'NONE',  ( 0.000000000000000000, 0.000000000000000000, 1.000000000000000000 ) ) ;
#12006 = CIRCLE ( 'NONE', #12212, 0.1999999999999953204 ) ;
#12007 = DIRECTION ( 'NONE',  ( 1.000000000000000000, 0.000000000000000000, 0.000000000000000000 ) ) ;
#12008 = DIRECTION ( 'NONE',  ( 1.000000000000000000, 0.000000000000000000, 0.000000000000000000 ) ) ;
#12009 = LINE ( 'NONE', #7243, #6038 ) ;
#12010 = CARTESIAN_POINT ( 'NONE',  ( 5.889999999999992575, 1.870000000000000551, -1.875000000000000000 ) ) ;
#12011 = ORIENTED_EDGE ( 'NONE', *, *, #10230, .F. ) ;
#12012 = CIRCLE ( 'NONE', #6683, 0.1999999999999953204 ) ;
#12013 = FACE_OUTER_BOUND ( 'NONE', #7301, .T. ) ;
#12014 = AXIS2_PLACEMENT_3D ( 'NONE', #7910, #8961, #4159 ) ;
#12015 = ADVANCED_FACE ( 'NONE', ( #4233 ), #9788, .F. ) ;
#12016 = EDGE_LOOP ( 'NONE', ( #2982, #2155, #9017, #4359 ) ) ;
#12017 = DIRECTION ( 'NONE',  ( -0.9063077870366493816, -0.4226182617407006625, 0.000000000000000000 ) ) ;
#12018 = ADVANCED_FACE ( 'NONE', ( #2314 ), #6128, .F. ) ;
#12019 = EDGE_LOOP ( 'NONE', ( #9590, #1322, #12225, #8694 ) ) ;
#12020 = DIRECTION ( 'NONE',  ( -1.000000000000000000, 0.000000000000000000, 0.000000000000000000 ) ) ;
#12021 = CARTESIAN_POINT ( 'NONE',  ( -6.670000000000002593, 0.9000000000000005773, 0.4649999999999996914 ) ) ;
#12022 = VECTOR ( 'NONE', #10147, 1000.000000000000000 ) ;
#12023 = ORIENTED_EDGE ( 'NONE', *, *, #2839, .T. ) ;
#12024 = DIRECTION ( 'NONE',  ( 0.9063077870366493816, -0.4226182617407006625, 0.000000000000000000 ) ) ;
#12025 = DIRECTION ( 'NONE',  ( -0.000000000000000000, -0.000000000000000000, 1.000000000000000000 ) ) ;
#12026 = LINE ( 'NONE', #7320, #1145 ) ;
#12027 = CARTESIAN_POINT ( 'NONE',  ( -1.104999999999999982, 1.385000000000000897, 3.715000000000003411 ) ) ;
#12028 = PLANE ( 'NONE',  #10606 ) ;
#12029 = ORIENTED_EDGE ( 'NONE', *, *, #11884, .F. ) ;
#12030 = AXIS2_PLACEMENT_3D ( 'NONE', #3095, #8019, #1179 ) ;
#12031 = ORIENTED_EDGE ( 'NONE', *, *, #5161, .T. ) ;
#12032 = PLANE ( 'NONE',  #8048 ) ;
#12033 = EDGE_CURVE ( 'NONE', #8448, #7343, #4550, .T. ) ;
#12034 = AXIS2_PLACEMENT_3D ( 'NONE', #9458, #8589, #933 ) ;
#12035 = CARTESIAN_POINT ( 'NONE',  ( -8.570000000000002061, 1.540000000000000480, 3.715000000000003411 ) ) ;
#12036 = ADVANCED_FACE ( 'NONE', ( #629 ), #3556, .F. ) ;
#12037 = CARTESIAN_POINT ( 'NONE',  ( 5.080000000000000071, -3.049999999999999822, -3.230000000000000870 ) ) ;
#12038 = AXIS2_PLACEMENT_3D ( 'NONE', #8128, #12084, #9248 ) ;
#12039 =( NAMED_UNIT ( * ) PLANE_ANGLE_UNIT ( ) SI_UNIT ( $, .RADIAN. ) );
#12040 = UNCERTAINTY_MEASURE_WITH_UNIT (LENGTH_MEASURE( 1.000000000000000082E-05 ), #4729, 'distance_accuracy_value', 'NONE');
#12041 = LINE ( 'NONE', #3643, #2398 ) ;
#12042 = ORIENTED_EDGE ( 'NONE', *, *, #8540, .T. ) ;
#12043 = DIRECTION ( 'NONE',  ( 1.000000000000000000, 0.000000000000000000, -0.000000000000000000 ) ) ;
#12044 = ORIENTED_EDGE ( 'NONE', *, *, #3608, .T. ) ;
#12045 = DIRECTION ( 'NONE',  ( 0.000000000000000000, 0.000000000000000000, 1.000000000000000000 ) ) ;
#12046 = CARTESIAN_POINT ( 'NONE',  ( 1.589999999999997637, 1.540000000000000480, 3.715000000000003411 ) ) ;
#12047 = ADVANCED_FACE ( 'NONE', ( #9413 ), #4603, .F. ) ;
#12048 = ORIENTED_EDGE ( 'NONE', *, *, #2903, .T. ) ;
#12049 = LINE ( 'NONE', #418, #9523 ) ;
#12050 = ORIENTED_EDGE ( 'NONE', *, *, #5786, .T. ) ;
#12051 = LINE ( 'NONE', #3534, #7846 ) ;
#12052 = ORIENTED_EDGE ( 'NONE', *, *, #8011, .T. ) ;
#12053 = AXIS2_PLACEMENT_3D ( 'NONE', #7501, #3691, #6635 ) ;
#12054 = AXIS2_PLACEMENT_3D ( 'NONE', #12159, #9907, #3646 ) ;
#12055 = EDGE_CURVE ( 'NONE', #5320, #8802, #3882, .T. ) ;
#12056 = CARTESIAN_POINT ( 'NONE',  ( -6.030000000000002025, 0.9000000000000005773, 3.382601427321023646 ) ) ;
#12057 = CARTESIAN_POINT ( 'NONE',  ( -0.6100000000000012079, 0.5700000000000003952, -1.875000000000000000 ) ) ;
#12058 = LINE ( 'NONE', #11081, #6486 ) ;
#12059 = CARTESIAN_POINT ( 'NONE',  ( 2.129999999999992788, 0.5700000000000003952, -1.875000000000000000 ) ) ;
#12060 = ADVANCED_FACE ( 'NONE', ( #10285 ), #11095, .F. ) ;
#12061 = DIRECTION ( 'NONE',  ( -0.000000000000000000, 1.000000000000000000, 1.150347132610614786E-16 ) ) ;
#12062 = DIRECTION ( 'NONE',  ( 0.000000000000000000, 0.000000000000000000, 1.000000000000000000 ) ) ;
#12063 = ORIENTED_EDGE ( 'NONE', *, *, #10662, .T. ) ;
#12064 = DIRECTION ( 'NONE',  ( 0.000000000000000000, 1.000000000000000000, 0.000000000000000000 ) ) ;
#12065 = VECTOR ( 'NONE', #7063, 999.9999999999998863 ) ;
#12066 = VECTOR ( 'NONE', #9484, 1000.000000000000000 ) ;
#12067 = ORIENTED_EDGE ( 'NONE', *, *, #3702, .F. ) ;
#12068 = PLANE ( 'NONE',  #9488 ) ;
#12069 = VECTOR ( 'NONE', #1614, 1000.000000000000000 ) ;
#12070 = ORIENTED_EDGE ( 'NONE', *, *, #10389, .T. ) ;
#12071 = DIRECTION ( 'NONE',  ( -0.000000000000000000, -0.000000000000000000, -1.000000000000000000 ) ) ;
#12072 = ORIENTED_EDGE ( 'NONE', *, *, #10554, .T. ) ;
#12073 = CIRCLE ( 'NONE', #10897, 0.1999999999999953204 ) ;
#12074 = DIRECTION ( 'NONE',  ( 0.000000000000000000, 1.000000000000000000, -1.150347132610614786E-16 ) ) ;
#12075 = CARTESIAN_POINT ( 'NONE',  ( -5.889999999999997904, 0.5700000000000003952, 0.6649999999999998135 ) ) ;
#12076 = EDGE_CURVE ( 'NONE', #11618, #4298, #4664, .T. ) ;
#12077 = DIRECTION ( 'NONE',  ( -1.000000000000000000, 0.000000000000000000, 0.000000000000000000 ) ) ;
#12078 = CARTESIAN_POINT ( 'NONE',  ( -6.185000000000003162, -3.049999999999999822, -3.075000000000000178 ) ) ;
#12079 = CYLINDRICAL_SURFACE ( 'NONE', #4325, 0.1999999999999953204 ) ;
#12080 = ORIENTED_EDGE ( 'NONE', *, *, #4390, .T. ) ;
#12081 = VECTOR ( 'NONE', #3533, 1000.000000000000000 ) ;
#12082 = ORIENTED_EDGE ( 'NONE', *, *, #5932, .T. ) ;
#12083 = DIRECTION ( 'NONE',  ( -0.000000000000000000, 0.000000000000000000, 1.000000000000000000 ) ) ;
#12084 = DIRECTION ( 'NONE',  ( -0.000000000000000000, -0.000000000000000000, -1.000000000000000000 ) ) ;
#12085 = CYLINDRICAL_SURFACE ( 'NONE', #2489, 0.1999999999999953204 ) ;
#12086 = ORIENTED_EDGE ( 'NONE', *, *, #2394, .T. ) ;
#12087 = CARTESIAN_POINT ( 'NONE',  ( -6.670000000000002593, 1.540000000000000480, 3.382601427321023646 ) ) ;
#12088 = PLANE ( 'NONE',  #10777 ) ;
#12089 = CARTESIAN_POINT ( 'NONE',  ( 3.149999999999996358, 1.870000000000000551, -1.674999999999999822 ) ) ;
#12090 = DIRECTION ( 'NONE',  ( 0.000000000000000000, 0.000000000000000000, -1.000000000000000000 ) ) ;
#12091 = EDGE_LOOP ( 'NONE', ( #179, #10477, #1843, #3628 ) ) ;
#12092 = ORIENTED_EDGE ( 'NONE', *, *, #11109, .F. ) ;
#12093 = LINE ( 'NONE', #11411, #1482 ) ;
#12094 = EDGE_CURVE ( 'NONE', #8045, #7202, #4483, .T. ) ;
#12095 = ORIENTED_EDGE ( 'NONE', *, *, #1762, .T. ) ;
#12096 = DIRECTION ( 'NONE',  ( -0.9063077870366503808, -4.861577055822948687E-17, -0.4226182617406985531 ) ) ;
#12097 = FACE_OUTER_BOUND ( 'NONE', #6498, .T. ) ;
#12098 = DIRECTION ( 'NONE',  ( 0.3892816206350259711, -0.8348171294789868968, -0.3892816206350259711 ) ) ;
#12099 = FACE_OUTER_BOUND ( 'NONE', #6302, .T. ) ;
#12100 = DIRECTION ( 'NONE',  ( 0.9063077870366486044, -4.861577055822993677E-17, -0.4226182617407024389 ) ) ;
#12101 = EDGE_CURVE ( 'NONE', #238, #1245, #12218, .T. ) ;
#12102 = CARTESIAN_POINT ( 'NONE',  ( -3.490000000000001990, 0.7200000000000000844, -3.074999999999999734 ) ) ;
#12103 = ORIENTED_EDGE ( 'NONE', *, *, #10766, .F. ) ;
#12104 = VERTEX_POINT ( 'NONE', #8414 ) ;
#12105 = DIRECTION ( 'NONE',  ( -1.000000000000000000, 0.000000000000000000, 0.000000000000000000 ) ) ;
#12106 = CARTESIAN_POINT ( 'NONE',  ( 6.669999999999999041, 0.9000000000000005773, 0.4649999999999996914 ) ) ;
#12107 = ADVANCED_FACE ( 'NONE', ( #3611 ), #9354, .T. ) ;
#12108 = ORIENTED_EDGE ( 'NONE', *, *, #5495, .T. ) ;
#12109 = DIRECTION ( 'NONE',  ( 0.000000000000000000, 0.000000000000000000, 1.000000000000000000 ) ) ;
#12110 = VECTOR ( 'NONE', #6623, 1000.000000000000000 ) ;
#12111 = VERTEX_POINT ( 'NONE', #12182 ) ;
#12112 = DIRECTION ( 'NONE',  ( -1.000000000000000000, 0.000000000000000000, 0.000000000000000000 ) ) ;
#12113 = CARTESIAN_POINT ( 'NONE',  ( 11.75000000000000000, 0.7200000000000000844, -3.074999999999999734 ) ) ;
#12114 = VECTOR ( 'NONE', #9527, 1000.000000000000000 ) ;
#12115 = CARTESIAN_POINT ( 'NONE',  ( -5.690000000000002167, 0.5700000000000003952, 0.6649999999999998135 ) ) ;
#12116 = CARTESIAN_POINT ( 'NONE',  ( 3.489999999999998437, 0.7200000000000008615, -3.074999999999999734 ) ) ;
#12117 = CARTESIAN_POINT ( 'NONE',  ( 6.669999999999999041, 0.9000000000000013545, 3.382601427321023646 ) ) ;
#12118 = ORIENTED_EDGE ( 'NONE', *, *, #10888, .F. ) ;
#12119 = LINE ( 'NONE', #2665, #9055 ) ;
#12120 = ADVANCED_FACE ( 'NONE', ( #2560 ), #2740, .F. ) ;
#12121 = EDGE_LOOP ( 'NONE', ( #6631, #4867, #4099, #5690 ) ) ;
#12122 = AXIS2_PLACEMENT_3D ( 'NONE', #6839, #5770, #6781 ) ;
#12123 = EDGE_CURVE ( 'NONE', #4189, #9056, #2093, .T. ) ;
#12124 = ORIENTED_EDGE ( 'NONE', *, *, #6275, .F. ) ;
#12125 = EDGE_LOOP ( 'NONE', ( #10797, #10100, #3682, #1394 ) ) ;
#12126 = DIRECTION ( 'NONE',  ( 0.000000000000000000, -1.150347132610614786E-16, -1.000000000000000000 ) ) ;
#12127 = VERTEX_POINT ( 'NONE', #2613 ) ;
#12128 = DIRECTION ( 'NONE',  ( 0.000000000000000000, -1.000000000000000000, -0.000000000000000000 ) ) ;
#12129 = DIRECTION ( 'NONE',  ( -0.000000000000000000, 0.000000000000000000, 1.000000000000000000 ) ) ;
#12130 = DIRECTION ( 'NONE',  ( -1.000000000000000000, 0.000000000000000000, 0.000000000000000000 ) ) ;
#12131 = VECTOR ( 'NONE', #9314, 1000.000000000000000 ) ;
#12132 = CARTESIAN_POINT ( 'NONE',  ( 4.129999999999998117, 0.9000000000000005773, 0.4649999999999996914 ) ) ;
#12133 = CARTESIAN_POINT ( 'NONE',  ( 11.10999999999999943, -3.049999999999999822, -3.714999999999999858 ) ) ;
#12134 = ORIENTED_EDGE ( 'NONE', *, *, #80, .F. ) ;
#12135 = EDGE_CURVE ( 'NONE', #8726, #10479, #1803, .T. ) ;
#12136 = ORIENTED_EDGE ( 'NONE', *, *, #6158, .F. ) ;
#12137 = ADVANCED_FACE ( 'NONE', ( #8481 ), #12247, .T. ) ;
#12138 =( GEOMETRIC_REPRESENTATION_CONTEXT ( 3 ) GLOBAL_UNCERTAINTY_ASSIGNED_CONTEXT ( ( #3458 ) ) GLOBAL_UNIT_ASSIGNED_CONTEXT ( ( #2448, #1524, #11900 ) ) REPRESENTATION_CONTEXT ( 'NONE', 'WORKASPACE' ) );
#12139 = DIRECTION ( 'NONE',  ( 1.000000000000000000, 0.000000000000000000, 0.000000000000000000 ) ) ;
#12140 = VERTEX_POINT ( 'NONE', #4422 ) ;
#12141 = CARTESIAN_POINT ( 'NONE',  ( -0.8099999999999963896, 0.5700000000000003952, -1.674999999999999822 ) ) ;
#12142 = DIRECTION ( 'NONE',  ( 0.000000000000000000, 0.000000000000000000, 1.000000000000000000 ) ) ;
#12143 = DIRECTION ( 'NONE',  ( 0.000000000000000000, 0.000000000000000000, 1.000000000000000000 ) ) ;
#12144 = CARTESIAN_POINT ( 'NONE',  ( 11.75000000000000000, 1.540000000000000480, -2.894999999999997797 ) ) ;
#12145 = DIRECTION ( 'NONE',  ( -0.000000000000000000, 0.000000000000000000, 1.000000000000000000 ) ) ;
#12146 = DIRECTION ( 'NONE',  ( -1.000000000000000000, 0.000000000000000000, -0.000000000000000000 ) ) ;
#12147 = ORIENTED_EDGE ( 'NONE', *, *, #4051, .F. ) ;
#12148 = ORIENTED_EDGE ( 'NONE', *, *, #40, .F. ) ;
#12149 = DIRECTION ( 'NONE',  ( -0.000000000000000000, -0.000000000000000000, -1.000000000000000000 ) ) ;
#12150 = AXIS2_PLACEMENT_3D ( 'NONE', #2696, #6518, #6576 ) ;
#12151 = EDGE_CURVE ( 'NONE', #6227, #5845, #11025, .T. ) ;
#12152 = DIRECTION ( 'NONE',  ( -0.000000000000000000, -0.000000000000000000, -1.000000000000000000 ) ) ;
#12153 = FACE_BOUND ( 'NONE', #11091, .T. ) ;
#12154 = CARTESIAN_POINT ( 'NONE',  ( -1.590000000000001190, -2.717601427321017837, -3.075000000000000178 ) ) ;
#12155 = VECTOR ( 'NONE', #4045, 1000.000000000000000 ) ;
#12156 = ADVANCED_FACE ( 'NONE', ( #6435 ), #10217, .F. ) ;
#12157 = DIRECTION ( 'NONE',  ( -0.000000000000000000, -1.000000000000000000, 0.000000000000000000 ) ) ;
#12158 = EDGE_LOOP ( 'NONE', ( #1581, #11302, #6299, #11774 ) ) ;
#12159 = CARTESIAN_POINT ( 'NONE',  ( 1.589999999999997637, 0.9000000000000005773, -2.894999999999997797 ) ) ;
#12160 = DIRECTION ( 'NONE',  ( 0.000000000000000000, -0.000000000000000000, 1.000000000000000000 ) ) ;
#12161 = ORIENTED_EDGE ( 'NONE', *, *, #1710, .F. ) ;
#12162 = DIRECTION ( 'NONE',  ( -0.000000000000000000, -0.000000000000000000, -1.000000000000000000 ) ) ;
#12163 = VERTEX_POINT ( 'NONE', #4916 ) ;
#12164 = LINE ( 'NONE', #3652, #12185 ) ;
#12165 = CIRCLE ( 'NONE', #6840, 0.1999999999999953204 ) ;
#12166 = EDGE_CURVE ( 'NONE', #5795, #10818, #1698, .T. ) ;
#12167 = CARTESIAN_POINT ( 'NONE',  ( 13.30999999999999872, 1.870000000000000551, -1.875000000000000000 ) ) ;
#12168 = VERTEX_POINT ( 'NONE', #4847 ) ;
#12169 = CYLINDRICAL_SURFACE ( 'NONE', #5302, 0.1800000000000013256 ) ;
#12170 = EDGE_CURVE ( 'NONE', #4831, #1551, #6864, .T. ) ;
#12171 = FACE_OUTER_BOUND ( 'NONE', #7175, .T. ) ;
#12172 = CARTESIAN_POINT ( 'NONE',  ( -4.130000000000001670, 0.9000000000000005773, -1.674999999999999822 ) ) ;
#12173 = VECTOR ( 'NONE', #10365, 1000.000000000000000 ) ;
#12174 = PLANE ( 'NONE',  #8131 ) ;
#12175 = FACE_OUTER_BOUND ( 'NONE', #10960, .T. ) ;
#12176 = EDGE_LOOP ( 'NONE', ( #424, #5023 ) ) ;
#12177 = LINE ( 'NONE', #12297, #295 ) ;
#12178 = EDGE_LOOP ( 'NONE', ( #10001, #5957, #12044, #4625 ) ) ;
#12179 = VECTOR ( 'NONE', #2304, 1000.000000000000000 ) ;
#12180 = EDGE_LOOP ( 'NONE', ( #5531, #6463, #10082, #11685 ) ) ;
#12181 = ORIENTED_EDGE ( 'NONE', *, *, #3202, .F. ) ;
#12182 = CARTESIAN_POINT ( 'NONE',  ( -14.13500000000000156, 1.055000000000000382, 3.715000000000003411 ) ) ;
#12183 = ORIENTED_EDGE ( 'NONE', *, *, #7494, .T. ) ;
#12184 = EDGE_CURVE ( 'NONE', #7581, #11069, #11326, .T. ) ;
#12185 = VECTOR ( 'NONE', #12229, 1000.000000000000000 ) ;
#12186 = CARTESIAN_POINT ( 'NONE',  ( -11.11000000000000121, -3.049999999999999822, -3.714999999999999858 ) ) ;
#12187 = FACE_OUTER_BOUND ( 'NONE', #1078, .T. ) ;
#12188 =( LENGTH_UNIT ( ) NAMED_UNIT ( * ) SI_UNIT ( .MILLI., .METRE. ) );
#12189 = CARTESIAN_POINT ( 'NONE',  ( -14.43000000000000860, 1.870000000000000551, -1.674999999999999822 ) ) ;
#12190 = LINE ( 'NONE', #10476, #3926 ) ;
#12191 = CIRCLE ( 'NONE', #11214, 0.1999999999999953204 ) ;
#12192 = EDGE_LOOP ( 'NONE', ( #1986, #4677 ) ) ;
#12193 = EDGE_CURVE ( 'NONE', #1398, #117, #1888, .T. ) ;
#12194 = VECTOR ( 'NONE', #792, 1000.000000000000000 ) ;
#12195 = ORIENTED_EDGE ( 'NONE', *, *, #7402, .F. ) ;
#12196 = AXIS2_PLACEMENT_3D ( 'NONE', #9011, #5336, #2346 ) ;
#12197 = CARTESIAN_POINT ( 'NONE',  ( -6.030000000000002025, -3.049999999999999822, -3.075000000000000178 ) ) ;
#12198 = ORIENTED_EDGE ( 'NONE', *, *, #12033, .T. ) ;
#12199 = EDGE_CURVE ( 'NONE', #9077, #10499, #1360, .T. ) ;
#12200 = CARTESIAN_POINT ( 'NONE',  ( -4.270000000000008455, 1.870000000000000551, -1.875000000000000000 ) ) ;
#12201 = EDGE_CURVE ( 'NONE', #628, #3407, #10406, .T. ) ;
#12202 = DIRECTION ( 'NONE',  ( -0.000000000000000000, -0.000000000000000000, 1.000000000000000000 ) ) ;
#12203 = DIRECTION ( 'NONE',  ( -0.3892816206350276365, 0.3892816206350255825, -0.8348171294789862307 ) ) ;
#12204 = DIRECTION ( 'NONE',  ( 1.000000000000000000, 0.000000000000000000, -0.000000000000000000 ) ) ;
#12205 = CIRCLE ( 'NONE', #6281, 0.1999999999999953204 ) ;
#12206 = DIRECTION ( 'NONE',  ( 1.000000000000000000, 0.000000000000000000, -0.000000000000000000 ) ) ;
#12207 = VECTOR ( 'NONE', #8531, 1000.000000000000000 ) ;
#12208 = VERTEX_POINT ( 'NONE', #9891 ) ;
#12209 = EDGE_CURVE ( 'NONE', #12140, #6882, #6892, .T. ) ;
#12210 = ORIENTED_EDGE ( 'NONE', *, *, #758, .F. ) ;
#12211 = CARTESIAN_POINT ( 'NONE',  ( 6.029999999999998472, 1.540000000000000480, -1.674999999999999822 ) ) ;
#12212 = AXIS2_PLACEMENT_3D ( 'NONE', #8111, #9974, #1321 ) ;
#12213 = ORIENTED_EDGE ( 'NONE', *, *, #7585, .F. ) ;
#12214 = AXIS2_PLACEMENT_3D ( 'NONE', #8789, #10302, #4789 ) ;
#12215 = VECTOR ( 'NONE', #6789, 1000.000000000000000 ) ;
#12216 = DIRECTION ( 'NONE',  ( 1.000000000000000000, 0.000000000000000000, 0.000000000000000000 ) ) ;
#12217 = FACE_BOUND ( 'NONE', #2261, .T. ) ;
#12218 = CIRCLE ( 'NONE', #9849, 0.1999999999999953204 ) ;
#12219 = PLANE ( 'NONE',  #1799 ) ;
#12220 = FACE_OUTER_BOUND ( 'NONE', #4959, .T. ) ;
#12221 = EDGE_LOOP ( 'NONE', ( #10601, #9341, #11568, #9535 ) ) ;
#12222 = DIRECTION ( 'NONE',  ( -1.000000000000000000, -0.000000000000000000, -0.000000000000000000 ) ) ;
#12223 = AXIS2_PLACEMENT_3D ( 'NONE', #3342, #10814, #2282 ) ;
#12224 = DIRECTION ( 'NONE',  ( -0.000000000000000000, -1.000000000000000000, 0.000000000000000000 ) ) ;
#12225 = ORIENTED_EDGE ( 'NONE', *, *, #5353, .F. ) ;
#12226 = FACE_OUTER_BOUND ( 'NONE', #2803, .T. ) ;
#12227 = ADVANCED_FACE ( 'NONE', ( #2924 ), #3979, .T. ) ;
#12228 = VECTOR ( 'NONE', #2033, 1000.000000000000000 ) ;
#12229 = DIRECTION ( 'NONE',  ( -1.000000000000000000, 0.000000000000000000, 0.000000000000000000 ) ) ;
#12230 = MECHANICAL_DESIGN_GEOMETRIC_PRESENTATION_REPRESENTATION (  '', ( #4287 ), #1125 ) ;
#12231 = DIRECTION ( 'NONE',  ( 1.000000000000000000, 0.000000000000000000, -0.000000000000000000 ) ) ;
#12232 = ORIENTED_EDGE ( 'NONE', *, *, #5954, .T. ) ;
#12233 = DIRECTION ( 'NONE',  ( -0.000000000000000000, -0.000000000000000000, -1.000000000000000000 ) ) ;
#12234 = CARTESIAN_POINT ( 'NONE',  ( 11.89000000000000412, 0.5700000000000003952, -1.875000000000000000 ) ) ;
#12235 = PLANE ( 'NONE',  #4752 ) ;
#12236 = CARTESIAN_POINT ( 'NONE',  ( 9.209999999999999076, 0.9000000000000005773, 3.382601427321023646 ) ) ;
#12237 = AXIS2_PLACEMENT_3D ( 'NONE', #10332, #8400, #3597 ) ;
#12238 = DIRECTION ( 'NONE',  ( -0.000000000000000000, 1.000000000000000000, 0.000000000000000000 ) ) ;
#12239 = DIRECTION ( 'NONE',  ( 0.000000000000000000, -0.000000000000000000, -1.000000000000000000 ) ) ;
#12240 = EDGE_LOOP ( 'NONE', ( #4121, #8280, #11483, #9539 ) ) ;
#12241 = DIRECTION ( 'NONE',  ( 0.000000000000000000, 1.000000000000000000, -1.150347132610614786E-16 ) ) ;
#12242 = VECTOR ( 'NONE', #11782, 1000.000000000000000 ) ;
#12243 = ADVANCED_FACE ( 'NONE', ( #949 ), #413, .F. ) ;
#12244 = ORIENTED_EDGE ( 'NONE', *, *, #10180, .F. ) ;
#12245 = FACE_OUTER_BOUND ( 'NONE', #967, .T. ) ;
#12246 = ORIENTED_EDGE ( 'NONE', *, *, #9345, .F. ) ;
#12247 = PLANE ( 'NONE',  #5689 ) ;
#12248 = EDGE_LOOP ( 'NONE', ( #7892, #6448, #3648, #4258 ) ) ;
#12249 = AXIS2_PLACEMENT_3D ( 'NONE', #786, #2516, #12145 ) ;
#12250 = DIRECTION ( 'NONE',  ( 0.000000000000000000, -1.000000000000000000, 1.150347132610614786E-16 ) ) ;
#12251 = DIRECTION ( 'NONE',  ( -0.000000000000000000, -0.000000000000000000, -1.000000000000000000 ) ) ;
#12252 = FACE_OUTER_BOUND ( 'NONE', #2598, .T. ) ;
#12253 = ADVANCED_FACE ( 'NONE', ( #52 ), #10647, .F. ) ;
#12254 = DIRECTION ( 'NONE',  ( 1.000000000000000000, 0.000000000000000000, -0.000000000000000000 ) ) ;
#12255 = DIRECTION ( 'NONE',  ( 0.000000000000000000, 0.000000000000000000, -1.000000000000000000 ) ) ;
#12256 = ORIENTED_EDGE ( 'NONE', *, *, #5575, .F. ) ;
#12257 = EDGE_CURVE ( 'NONE', #12104, #6443, #7792, .T. ) ;
#12258 = ORIENTED_EDGE ( 'NONE', *, *, #6714, .T. ) ;
#12259 = AXIS2_PLACEMENT_3D ( 'NONE', #7923, #10774, #4224 ) ;
#12260 = EDGE_LOOP ( 'NONE', ( #4115, #6359, #594, #610 ) ) ;
#12261 = EDGE_CURVE ( 'NONE', #5775, #10168, #1008, .T. ) ;
#12262 = DIRECTION ( 'NONE',  ( 0.000000000000000000, -0.000000000000000000, 1.000000000000000000 ) ) ;
#12263 = ORIENTED_EDGE ( 'NONE', *, *, #6681, .T. ) ;
#12264 = CARTESIAN_POINT ( 'NONE',  ( 12.08999999999999986, 0.5700000000000003952, 0.6649999999999998135 ) ) ;
#12265 = LINE ( 'NONE', #6767, #3193 ) ;
#12266 = DIRECTION ( 'NONE',  ( 0.000000000000000000, 0.000000000000000000, 1.000000000000000000 ) ) ;
#12267 = DIRECTION ( 'NONE',  ( -0.3892816206350259711, 0.8348171294789868968, -0.3892816206350259711 ) ) ;
#12268 = FACE_OUTER_BOUND ( 'NONE', #6968, .T. ) ;
#12269 = VECTOR ( 'NONE', #8023, 1000.000000000000227 ) ;
#12270 = ORIENTED_EDGE ( 'NONE', *, *, #5129, .F. ) ;
#12271 = EDGE_LOOP ( 'NONE', ( #1655, #6897, #3710, #10181 ) ) ;
#12272 = CARTESIAN_POINT ( 'NONE',  ( 14.29000000000000092, 0.7200000000000001954, -3.714999999999999414 ) ) ;
#12273 = ADVANCED_FACE ( 'NONE', ( #10468 ), #9596, .F. ) ;
#12274 = VECTOR ( 'NONE', #6660, 1000.000000000000000 ) ;
#12275 = CARTESIAN_POINT ( 'NONE',  ( 10.57000000000000384, 1.870000000000000551, -1.674999999999999822 ) ) ;
#12276 = EDGE_CURVE ( 'NONE', #6075, #5250, #5859, .T. ) ;
#12277 = FACE_OUTER_BOUND ( 'NONE', #12271, .T. ) ;
#12278 = DIRECTION ( 'NONE',  ( 0.000000000000000000, 0.000000000000000000, 1.000000000000000000 ) ) ;
#12279 = CARTESIAN_POINT ( 'NONE',  ( -8.230000000000000426, 0.5700000000000003952, -1.875000000000000000 ) ) ;
#12280 = CARTESIAN_POINT ( 'NONE',  ( 13.65000000000000036, -2.717601427321017837, -3.075000000000000178 ) ) ;
#12281 = DIRECTION ( 'NONE',  ( 0.000000000000000000, 0.000000000000000000, 1.000000000000000000 ) ) ;
#12282 = DIRECTION ( 'NONE',  ( -0.000000000000000000, 0.000000000000000000, 1.000000000000000000 ) ) ;
#12283 = VERTEX_POINT ( 'NONE', #1925 ) ;
#12284 = ORIENTED_EDGE ( 'NONE', *, *, #1991, .F. ) ;
#12285 = FACE_OUTER_BOUND ( 'NONE', #10074, .T. ) ;
#12286 = DIRECTION ( 'NONE',  ( 1.000000000000000000, 0.000000000000000000, 0.000000000000000000 ) ) ;
#12287 = EDGE_CURVE ( 'NONE', #8766, #2959, #4726, .T. ) ;
#12288 = ADVANCED_FACE ( 'NONE', ( #3792 ), #7604, .F. ) ;
#12289 = CARTESIAN_POINT ( 'NONE',  ( 6.029999999999998472, 0.7200000000000001954, -3.714999999999999414 ) ) ;
#12290 = ORIENTED_EDGE ( 'NONE', *, *, #10533, .F. ) ;
#12291 = CARTESIAN_POINT ( 'NONE',  ( -4.470000000000003304, 1.870000000000000551, -1.875000000000000000 ) ) ;
#12292 = CARTESIAN_POINT ( 'NONE',  ( -6.030000000000002025, -2.717601427321017837, -3.075000000000000178 ) ) ;
#12293 = DIRECTION ( 'NONE',  ( 0.000000000000000000, 0.000000000000000000, -1.000000000000000000 ) ) ;
#12294 = LINE ( 'NONE', #3661, #11290 ) ;
#12295 = DIRECTION ( 'NONE',  ( 0.000000000000000000, -1.150347132610614786E-16, -1.000000000000000000 ) ) ;
#12296 = ORIENTED_EDGE ( 'NONE', *, *, #11511, .F. ) ;
#12297 = CARTESIAN_POINT ( 'NONE',  ( -14.29000000000000270, -3.049999999999999822, -3.230000000000000870 ) ) ;
#12298 = DIRECTION ( 'NONE',  ( -1.000000000000000000, 0.000000000000000000, 0.000000000000000000 ) ) ;
#12299 = ORIENTED_EDGE ( 'NONE', *, *, #3102, .T. ) ;
#12300 = AXIS2_PLACEMENT_3D ( 'NONE', #6423, #5414, #1374 ) ;
#12301 = ADVANCED_FACE ( 'NONE', ( #10585 ), #2044, .T. ) ;
#12302 = CARTESIAN_POINT ( 'NONE',  ( 14.29000000000000092, 0.9000000000000005773, 0.4649999999999996914 ) ) ;
#12303 = VECTOR ( 'NONE', #9015, 999.9999999999998863 ) ;
#12304 = ORIENTED_EDGE ( 'NONE', *, *, #4110, .T. ) ;
#12305 = DIRECTION ( 'NONE',  ( -1.000000000000000000, 0.000000000000000000, 0.000000000000000000 ) ) ;
#12306 = ORIENTED_EDGE ( 'NONE', *, *, #9564, .F. ) ;
#12307 = CARTESIAN_POINT ( 'NONE',  ( -11.20698571530510890, 1.443014284694892124, 3.590587964983397828 ) ) ;
#12308 = SURFACE_STYLE_USAGE ( .BOTH. , #10532 ) ;
#12309 = ADVANCED_FACE ( 'NONE', ( #2586 ), #11972, .T. ) ;
#12310 = SURFACE_STYLE_USAGE ( .BOTH. , #6627 ) ;
ENDSEC;
END-ISO-10303-21;
