ISO-10303-21;
HEADER;
FILE_DESCRIPTION (( 'STEP AP214' ),
    '1' );
FILE_NAME ('TSS-110-01-G-D.STEP',
    '2020-06-02T18:36:51',
    ( '' ),
    ( '' ),
    'SwSTEP 2.0',
    'SolidWorks 2017',
    '' );
FILE_SCHEMA (( 'AUTOMOTIVE_DESIGN' ));
ENDSEC;

DATA;
#1 = LINE ( 'NONE', #11458, #4304 ) ;
#2 = ADVANCED_FACE ( 'NONE', ( #85 ), #5519, .F. ) ;
#3 = CARTESIAN_POINT ( 'NONE',  ( 0.06250000000000008300, 0.3128282661284084700, 0.03749999999999999900 ) ) ;
#4 = EDGE_CURVE ( 'NONE', #7600, #5922, #1204, .T. ) ;
#5 = FACE_OUTER_BOUND ( 'NONE', #932, .T. ) ;
#6 = DIRECTION ( 'NONE',  ( -0.0000000000000000000, 1.000000000000000000, -0.0000000000000000000 ) ) ;
#7 = ORIENTED_EDGE ( 'NONE', *, *, #6899, .F. ) ;
#8 = EDGE_LOOP ( 'NONE', ( #238, #7973, #1457, #1065 ) ) ;
#9 = VERTEX_POINT ( 'NONE', #7325 ) ;
#10 = ADVANCED_FACE ( 'NONE', ( #362 ), #1087, .T. ) ;
#11 = FACE_OUTER_BOUND ( 'NONE', #10892, .T. ) ;
#12 = CARTESIAN_POINT ( 'NONE',  ( -0.5250000000000002400, 0.0000000000000000000, -0.1674999999999999800 ) ) ;
#13 = DIRECTION ( 'NONE',  ( -1.000000000000000000, 0.0000000000000000000, 0.0000000000000000000 ) ) ;
#14 = VERTEX_POINT ( 'NONE', #10785 ) ;
#15 = LINE ( 'NONE', #9914, #10931 ) ;
#16 = CARTESIAN_POINT ( 'NONE',  ( 0.3375000000000000800, -0.1400000000000000100, 0.05624999999999997400 ) ) ;
#17 = VECTOR ( 'NONE', #8276, 39.37007874015748100 ) ;
#18 = PLANE ( 'NONE',  #4849 ) ;
#19 = DIRECTION ( 'NONE',  ( -0.0000000000000000000, 1.000000000000000000, -0.0000000000000000000 ) ) ;
#20 = FACE_OUTER_BOUND ( 'NONE', #11223, .T. ) ;
#21 = DIRECTION ( 'NONE',  ( 0.0000000000000000000, 0.0000000000000000000, -1.000000000000000000 ) ) ;
#22 = DIRECTION ( 'NONE',  ( 1.000000000000000000, 0.0000000000000000000, 0.0000000000000000000 ) ) ;
#23 = VECTOR ( 'NONE', #4858, 39.37007874015748100 ) ;
#24 = EDGE_CURVE ( 'NONE', #4841, #3429, #8130, .T. ) ;
#25 = LENGTH_MEASURE_WITH_UNIT ( LENGTH_MEASURE( 0.02539999999999999900 ), #2498 );
#26 = ORIENTED_EDGE ( 'NONE', *, *, #5150, .F. ) ;
#27 = CARTESIAN_POINT ( 'NONE',  ( -0.1000000000000000100, 0.04999999999999998200, 0.1825000000000000000 ) ) ;
#28 = EDGE_LOOP ( 'NONE', ( #3696, #11171, #8163, #11178 ) ) ;
#29 = EDGE_CURVE ( 'NONE', #6277, #4374, #7161, .T. ) ;
#30 = CARTESIAN_POINT ( 'NONE',  ( -0.06249999999999995100, 0.09999999999999992200, 0.06250000000000001400 ) ) ;
#31 = ORIENTED_EDGE ( 'NONE', *, *, #7068, .T. ) ;
#32 = LINE ( 'NONE', #5048, #9177 ) ;
#33 = FACE_OUTER_BOUND ( 'NONE', #3413, .T. ) ;
#34 = DIRECTION ( 'NONE',  ( 1.000000000000000000, 0.0000000000000000000, 0.0000000000000000000 ) ) ;
#35 = CARTESIAN_POINT ( 'NONE',  ( -0.2437500000000003300, 0.3299999999999999600, -0.05624999999999997400 ) ) ;
#36 = DIRECTION ( 'NONE',  ( -0.0000000000000000000, 0.3420201433256686000, 0.9396926207859085400 ) ) ;
#37 = DIRECTION ( 'NONE',  ( 0.3236155771181846200, 0.8891264907159883700, 0.3236155771181846200 ) ) ;
#38 = CARTESIAN_POINT ( 'NONE',  ( -0.1562499999999999400, -0.1400000000000000100, 0.04375000000000003900 ) ) ;
#39 = ORIENTED_EDGE ( 'NONE', *, *, #1274, .F. ) ;
#40 = VERTEX_POINT ( 'NONE', #9092 ) ;
#41 = CARTESIAN_POINT ( 'NONE',  ( -0.2375000000000002900, -0.01499999999999997700, -0.03749999999999999900 ) ) ;
#42 = VECTOR ( 'NONE', #5143, 39.37007874015748100 ) ;
#43 = EDGE_CURVE ( 'NONE', #9951, #5998, #10062, .T. ) ;
#44 = DIRECTION ( 'NONE',  ( 1.000000000000000000, 0.0000000000000000000, 0.0000000000000000000 ) ) ;
#45 = CARTESIAN_POINT ( 'NONE',  ( 0.5249999999999995800, 0.2500000000000000000, -0.06499999999999996100 ) ) ;
#46 = ADVANCED_FACE ( 'NONE', ( #9389 ), #383, .F. ) ;
#47 = CARTESIAN_POINT ( 'NONE',  ( -0.3625000000000003200, 0.3128282661284084700, -0.03749999999999999900 ) ) ;
#48 = DIRECTION ( 'NONE',  ( -0.0000000000000000000, 0.0000000000000000000, 1.000000000000000000 ) ) ;
#49 = FACE_OUTER_BOUND ( 'NONE', #7878, .T. ) ;
#50 = VECTOR ( 'NONE', #11275, 39.37007874015748100 ) ;
#51 = EDGE_CURVE ( 'NONE', #1787, #1059, #8550, .T. ) ;
#52 = VECTOR ( 'NONE', #1847, 39.37007874015748100 ) ;
#53 = VECTOR ( 'NONE', #11366, 39.37007874015748100 ) ;
#54 = ADVANCED_FACE ( 'NONE', ( #7718 ), #1368, .T. ) ;
#55 = EDGE_CURVE ( 'NONE', #1063, #7024, #10344, .T. ) ;
#56 = DIRECTION ( 'NONE',  ( -1.000000000000000000, 0.0000000000000000000, 0.0000000000000000000 ) ) ;
#57 = FACE_BOUND ( 'NONE', #9742, .T. ) ;
#58 = LINE ( 'NONE', #766, #1316 ) ;
#59 = LINE ( 'NONE', #1989, #5034 ) ;
#60 = LINE ( 'NONE', #9861, #3658 ) ;
#61 = DIRECTION ( 'NONE',  ( 0.0000000000000000000, 0.0000000000000000000, -1.000000000000000000 ) ) ;
#62 = EDGE_CURVE ( 'NONE', #10197, #6469, #1778, .T. ) ;
#63 = CARTESIAN_POINT ( 'NONE',  ( 0.1562499999999996700, 0.3299999999999999600, -0.05624999999999997400 ) ) ;
#64 = LINE ( 'NONE', #4082, #9069 ) ;
#65 = DIRECTION ( 'NONE',  ( 0.0000000000000000000, 0.0000000000000000000, 1.000000000000000000 ) ) ;
#66 = EDGE_CURVE ( 'NONE', #3580, #376, #7863, .T. ) ;
#67 = VERTEX_POINT ( 'NONE', #11134 ) ;
#68 = LINE ( 'NONE', #5547, #1619 ) ;
#69 = PLANE ( 'NONE',  #6301 ) ;
#70 = EDGE_LOOP ( 'NONE', ( #8877, #6597, #3177, #8853 ) ) ;
#71 = DIRECTION ( 'NONE',  ( -0.9396926207859085400, 0.3420201433256686000, 0.0000000000000000000 ) ) ;
#72 = ORIENTED_EDGE ( 'NONE', *, *, #10541, .T. ) ;
#73 = AXIS2_PLACEMENT_3D ( 'NONE', #8257, #6530, #2959 ) ;
#74 = VERTEX_POINT ( 'NONE', #2445 ) ;
#75 = CARTESIAN_POINT ( 'NONE',  ( 0.1375000000000000400, 0.3128282661284084700, 0.06250000000000001400 ) ) ;
#76 = LINE ( 'NONE', #3379, #7713 ) ;
#77 = DIRECTION ( 'NONE',  ( -0.0000000000000000000, 0.0000000000000000000, 1.000000000000000000 ) ) ;
#78 = DIRECTION ( 'NONE',  ( 0.0000000000000000000, -1.000000000000000000, 0.0000000000000000000 ) ) ;
#79 = PLANE ( 'NONE',  #3688 ) ;
#80 = VECTOR ( 'NONE', #8482, 39.37007874015748100 ) ;
#81 = PRESENTATION_STYLE_ASSIGNMENT (( #3272 ) ) ;
#82 = CARTESIAN_POINT ( 'NONE',  ( 0.3374999999999996900, 0.3128282661284084700, -0.06250000000000001400 ) ) ;
#83 = EDGE_CURVE ( 'NONE', #5949, #1363, #9662, .T. ) ;
#84 = VERTEX_POINT ( 'NONE', #1485 ) ;
#85 = FACE_OUTER_BOUND ( 'NONE', #792, .T. ) ;
#86 = EDGE_LOOP ( 'NONE', ( #11196, #3451, #10759, #2096 ) ) ;
#87 = ORIENTED_EDGE ( 'NONE', *, *, #5220, .F. ) ;
#88 = EDGE_LOOP ( 'NONE', ( #525, #5672, #11045, #535 ) ) ;
#89 = CARTESIAN_POINT ( 'NONE',  ( 0.2437500000000001100, -0.1400000000000000100, 0.04375000000000003900 ) ) ;
#90 = ORIENTED_EDGE ( 'NONE', *, *, #9436, .T. ) ;
#91 = VECTOR ( 'NONE', #2804, 39.37007874015748100 ) ;
#92 = ORIENTED_EDGE ( 'NONE', *, *, #5913, .T. ) ;
#93 = ORIENTED_EDGE ( 'NONE', *, *, #5012, .F. ) ;
#94 = VERTEX_POINT ( 'NONE', #5042 ) ;
#95 = ORIENTED_EDGE ( 'NONE', *, *, #7711, .F. ) ;
#96 = ORIENTED_EDGE ( 'NONE', *, *, #8770, .T. ) ;
#97 = ORIENTED_EDGE ( 'NONE', *, *, #2162, .T. ) ;
#98 = CARTESIAN_POINT ( 'NONE',  ( 0.1374999999999997100, -0.1228282661284084400, -0.06250000000000001400 ) ) ;
#99 = VECTOR ( 'NONE', #2696, 39.37007874015748100 ) ;
#100 = PLANE ( 'NONE',  #8787 ) ;
#101 = SURFACE_SIDE_STYLE ('',( #4252 ) ) ;
#102 = ADVANCED_FACE ( 'NONE', ( #2729 ), #4978, .T. ) ;
#103 = VECTOR ( 'NONE', #10127, 39.37007874015748100 ) ;
#104 = CARTESIAN_POINT ( 'NONE',  ( 0.1374999999999997100, 0.3299999999999999600, -0.03749999999999999900 ) ) ;
#105 = ORIENTED_EDGE ( 'NONE', *, *, #1338, .F. ) ;
#106 = DIRECTION ( 'NONE',  ( 1.000000000000000000, 0.0000000000000000000, 0.0000000000000000000 ) ) ;
#107 = ORIENTED_EDGE ( 'NONE', *, *, #4439, .T. ) ;
#108 = ORIENTED_EDGE ( 'NONE', *, *, #9811, .T. ) ;
#109 = ORIENTED_EDGE ( 'NONE', *, *, #3046, .T. ) ;
#110 = ORIENTED_EDGE ( 'NONE', *, *, #11250, .F. ) ;
#111 = EDGE_CURVE ( 'NONE', #6139, #1996, #5473, .T. ) ;
#112 = PLANE ( 'NONE',  #6410 ) ;
#113 = CARTESIAN_POINT ( 'NONE',  ( -0.06250000000000029100, 0.09999999999999992200, -0.06250000000000001400 ) ) ;
#114 = ADVANCED_FACE ( 'NONE', ( #3157 ), #1600, .T. ) ;
#115 = AXIS2_PLACEMENT_3D ( 'NONE', #4424, #4464, #6135 ) ;
#116 = FILL_AREA_STYLE_COLOUR ( '', #965 ) ;
#117 = VERTEX_POINT ( 'NONE', #7791 ) ;
#118 = LINE ( 'NONE', #6824, #393 ) ;
#119 = DIRECTION ( 'NONE',  ( -0.0000000000000000000, -0.0000000000000000000, 1.000000000000000000 ) ) ;
#120 = CARTESIAN_POINT ( 'NONE',  ( -0.1375000000000003200, -4.268512490100411300E-018, -0.03749999999999999900 ) ) ;
#121 =( GEOMETRIC_REPRESENTATION_CONTEXT ( 3 ) GLOBAL_UNCERTAINTY_ASSIGNED_CONTEXT ( ( #3001 ) ) GLOBAL_UNIT_ASSIGNED_CONTEXT ( ( #8418, #2241, #11195 ) ) REPRESENTATION_CONTEXT ( 'NONE', 'WORKASPACE' ) );
#122 = PLANE ( 'NONE',  #10425 ) ;
#123 = ORIENTED_EDGE ( 'NONE', *, *, #500, .F. ) ;
#124 = CARTESIAN_POINT ( 'NONE',  ( -0.4624999999999999700, 0.09999999999999996400, 0.0000000000000000000 ) ) ;
#125 = EDGE_CURVE ( 'NONE', #11343, #5267, #9515, .T. ) ;
#126 = EDGE_LOOP ( 'NONE', ( #5620, #6485, #9849, #6482 ) ) ;
#127 = EDGE_LOOP ( 'NONE', ( #2265, #9619, #5959, #1590 ) ) ;
#128 = CARTESIAN_POINT ( 'NONE',  ( 0.03749999999999973500, -0.1228282661284085800, -0.03749999999999999900 ) ) ;
#129 = ORIENTED_EDGE ( 'NONE', *, *, #8666, .F. ) ;
#130 = CARTESIAN_POINT ( 'NONE',  ( -0.03750000000000028300, 0.09999999999999996400, 0.0000000000000000000 ) ) ;
#131 = VECTOR ( 'NONE', #2905, 39.37007874015748100 ) ;
#132 = CARTESIAN_POINT ( 'NONE',  ( -0.06250000000000029100, -0.1228282661284084400, -0.03749999999999999900 ) ) ;
#133 = CARTESIAN_POINT ( 'NONE',  ( 0.2625000000000000700, 0.3299999999999999600, 0.05624999999999997400 ) ) ;
#134 = VECTOR ( 'NONE', #4741, 39.37007874015748100 ) ;
#135 = DIRECTION ( 'NONE',  ( 0.0000000000000000000, 0.0000000000000000000, -1.000000000000000000 ) ) ;
#136 = EDGE_CURVE ( 'NONE', #3336, #3493, #7302, .T. ) ;
#137 = AXIS2_PLACEMENT_3D ( 'NONE', #10941, #5691, #3881 ) ;
#138 = ORIENTED_EDGE ( 'NONE', *, *, #5677, .F. ) ;
#139 = ORIENTED_EDGE ( 'NONE', *, *, #4000, .F. ) ;
#140 = VERTEX_POINT ( 'NONE', #6825 ) ;
#141 = LINE ( 'NONE', #3919, #6943 ) ;
#142 = VERTEX_POINT ( 'NONE', #5961 ) ;
#143 = VECTOR ( 'NONE', #5236, 39.37007874015748100 ) ;
#144 = EDGE_CURVE ( 'NONE', #3504, #8502, #6190, .T. ) ;
#145 = PLANE ( 'NONE',  #5304 ) ;
#146 = CARTESIAN_POINT ( 'NONE',  ( 0.4374999999999997200, -0.1400000000000000100, -0.04375000000000003900 ) ) ;
#147 = AXIS2_PLACEMENT_3D ( 'NONE', #11355, #8618, #827 ) ;
#148 = SHAPE_DEFINITION_REPRESENTATION ( #5698, #6401 ) ;
#149 = ORIENTED_EDGE ( 'NONE', *, *, #2582, .T. ) ;
#150 = DIRECTION ( 'NONE',  ( -1.000000000000000000, 0.0000000000000000000, -0.0000000000000000000 ) ) ;
#151 = EDGE_CURVE ( 'NONE', #6768, #1914, #791, .T. ) ;
#152 = AXIS2_PLACEMENT_3D ( 'NONE', #9647, #5206, #824 ) ;
#153 = VERTEX_POINT ( 'NONE', #6940 ) ;
#154 = PLANE ( 'NONE',  #2790 ) ;
#155 = FACE_OUTER_BOUND ( 'NONE', #5535, .T. ) ;
#156 = CARTESIAN_POINT ( 'NONE',  ( -0.2624999999999999600, -0.1228282661284085800, 0.03749999999999999900 ) ) ;
#157 = CARTESIAN_POINT ( 'NONE',  ( -0.06249999999999995100, 0.09999999999999996400, 0.0000000000000000000 ) ) ;
#158 = CARTESIAN_POINT ( 'NONE',  ( -0.1375000000000003200, -0.1228282661284085800, -0.03749999999999999900 ) ) ;
#159 = ORIENTED_EDGE ( 'NONE', *, *, #5538, .F. ) ;
#160 = CARTESIAN_POINT ( 'NONE',  ( -0.06249999999999995100, 0.3128282661284084700, 0.06250000000000001400 ) ) ;
#161 = EDGE_CURVE ( 'NONE', #1363, #10530, #5200, .T. ) ;
#162 = LINE ( 'NONE', #7983, #7094 ) ;
#163 = PLANE ( 'NONE',  #8273 ) ;
#164 = FACE_OUTER_BOUND ( 'NONE', #6315, .T. ) ;
#165 = CARTESIAN_POINT ( 'NONE',  ( -0.3625000000000003200, -0.01499999999999997700, -0.03749999999999999900 ) ) ;
#166 = ADVANCED_FACE ( 'NONE', ( #7588 ), #613, .F. ) ;
#167 = PLANE ( 'NONE',  #3507 ) ;
#168 = DIRECTION ( 'NONE',  ( -0.2873478855663455000, -0.9578262852211513200, 0.0000000000000000000 ) ) ;
#169 = CARTESIAN_POINT ( 'NONE',  ( -0.4624999999999999700, -0.1228282661284085800, 0.06250000000000001400 ) ) ;
#170 = VERTEX_POINT ( 'NONE', #1639 ) ;
#171 = ADVANCED_FACE ( 'NONE', ( #228 ), #1683, .F. ) ;
#172 = EDGE_CURVE ( 'NONE', #6457, #7540, #4929, .T. ) ;
#173 = VERTEX_POINT ( 'NONE', #11176 ) ;
#174 = DIRECTION ( 'NONE',  ( -0.9396926207859085400, 0.3420201433256686000, 0.0000000000000000000 ) ) ;
#175 = DIRECTION ( 'NONE',  ( 0.9396926207859079800, -0.3420201433256698200, -0.0000000000000000000 ) ) ;
#176 = STYLED_ITEM ( 'NONE', ( #3930 ), #11006 ) ;
#177 = EDGE_CURVE ( 'NONE', #4796, #1095, #4782, .T. ) ;
#178 = DIRECTION ( 'NONE',  ( 1.000000000000000000, 0.0000000000000000000, 0.0000000000000000000 ) ) ;
#179 = CARTESIAN_POINT ( 'NONE',  ( -0.2624999999999999600, 0.3128282661284084700, 0.06250000000000001400 ) ) ;
#180 = SURFACE_STYLE_FILL_AREA ( #5129 ) ;
#181 = ORIENTED_EDGE ( 'NONE', *, *, #7620, .F. ) ;
#182 = DIRECTION ( 'NONE',  ( -1.000000000000000000, 0.0000000000000000000, 0.0000000000000000000 ) ) ;
#183 = VERTEX_POINT ( 'NONE', #5035 ) ;
#184 = FACE_BOUND ( 'NONE', #374, .T. ) ;
#185 = CARTESIAN_POINT ( 'NONE',  ( -0.06249999999999995100, 0.3299999999999999600, 0.06250000000000001400 ) ) ;
#186 = DIRECTION ( 'NONE',  ( -1.000000000000000000, 0.0000000000000000000, 0.0000000000000000000 ) ) ;
#187 = ORIENTED_EDGE ( 'NONE', *, *, #9253, .F. ) ;
#188 = DIMENSIONAL_EXPONENTS ( 1.000000000000000000, 0.0000000000000000000, 0.0000000000000000000, 0.0000000000000000000, 0.0000000000000000000, 0.0000000000000000000, 0.0000000000000000000 ) ;
#189 = CARTESIAN_POINT ( 'NONE',  ( -0.5150000000000004600, 0.0000000000000000000, 0.08499999999999811900 ) ) ;
#190 = PLANE ( 'NONE',  #4403 ) ;
#191 = VECTOR ( 'NONE', #5591, 39.37007874015748100 ) ;
#192 = EDGE_CURVE ( 'NONE', #7624, #11220, #4648, .T. ) ;
#193 = VECTOR ( 'NONE', #8881, 39.37007874015748100 ) ;
#194 = DIRECTION ( 'NONE',  ( -1.000000000000000000, 0.0000000000000000000, 0.0000000000000000000 ) ) ;
#195 = LINE ( 'NONE', #5214, #2427 ) ;
#196 = VECTOR ( 'NONE', #1964, 39.37007874015748100 ) ;
#197 = PLANE ( 'NONE',  #10056 ) ;
#198 = DIRECTION ( 'NONE',  ( 0.0000000000000000000, 0.0000000000000000000, 1.000000000000000000 ) ) ;
#199 = EDGE_CURVE ( 'NONE', #9388, #1909, #9095, .T. ) ;
#200 = VECTOR ( 'NONE', #783, 39.37007874015748100 ) ;
#201 = LINE ( 'NONE', #5980, #9771 ) ;
#202 = ORIENTED_EDGE ( 'NONE', *, *, #1624, .F. ) ;
#203 = EDGE_CURVE ( 'NONE', #6222, #5978, #8819, .T. ) ;
#204 = PLANE ( 'NONE',  #10726 ) ;
#205 = MECHANICAL_DESIGN_GEOMETRIC_PRESENTATION_REPRESENTATION (  '', ( #4169 ), #436 ) ;
#206 = LENGTH_MEASURE_WITH_UNIT ( LENGTH_MEASURE( 0.02539999999999999900 ), #6392 );
#207 = ORIENTED_EDGE ( 'NONE', *, *, #8864, .F. ) ;
#208 = VECTOR ( 'NONE', #9282, 39.37007874015748100 ) ;
#209 = ADVANCED_FACE ( 'NONE', ( #2463 ), #6024, .T. ) ;
#210 = LINE ( 'NONE', #6970, #3540 ) ;
#211 = ORIENTED_EDGE ( 'NONE', *, *, #192, .F. ) ;
#212 = ORIENTED_EDGE ( 'NONE', *, *, #4309, .F. ) ;
#213 = ORIENTED_EDGE ( 'NONE', *, *, #10266, .T. ) ;
#214 = EDGE_LOOP ( 'NONE', ( #9824, #7909, #7221, #2868, #3178 ) ) ;
#215 = CARTESIAN_POINT ( 'NONE',  ( 0.4624999999999996900, 0.0000000000000000000, 0.0000000000000000000 ) ) ;
#216 = ORIENTED_EDGE ( 'NONE', *, *, #680, .F. ) ;
#217 = VECTOR ( 'NONE', #8846, 39.37007874015748100 ) ;
#218 = CARTESIAN_POINT ( 'NONE',  ( 0.1598818239561616300, -0.1300216456890116200, 0.04011817604383840400 ) ) ;
#219 = UNCERTAINTY_MEASURE_WITH_UNIT (LENGTH_MEASURE( 1.000000000000000100E-005 ), #6709, 'distance_accuracy_value', 'NONE');
#220 = ADVANCED_FACE ( 'NONE', ( #3007 ), #5001, .F. ) ;
#221 = CARTESIAN_POINT ( 'NONE',  ( -0.06249999999999995100, -0.1228282661284085800, 0.06250000000000001400 ) ) ;
#222 = EDGE_CURVE ( 'NONE', #8440, #10722, #1501, .T. ) ;
#223 = CARTESIAN_POINT ( 'NONE',  ( -0.2374999999999999600, -0.1228282661284085800, 0.03749999999999999900 ) ) ;
#224 = DIRECTION ( 'NONE',  ( 0.0000000000000000000, 0.0000000000000000000, -1.000000000000000000 ) ) ;
#225 = AXIS2_PLACEMENT_3D ( 'NONE', #9187, #3889, #5563 ) ;
#226 = EDGE_LOOP ( 'NONE', ( #6483, #1770, #9283, #90 ) ) ;
#227 = EDGE_LOOP ( 'NONE', ( #1542, #3146, #6681, #8999 ) ) ;
#228 = FACE_OUTER_BOUND ( 'NONE', #2218, .T. ) ;
#229 = ORIENTED_EDGE ( 'NONE', *, *, #7527, .T. ) ;
#230 = CARTESIAN_POINT ( 'NONE',  ( 0.7999999999999997100, -0.1400000000000000100, -0.1000000000000000100 ) ) ;
#231 = ORIENTED_EDGE ( 'NONE', *, *, #4332, .F. ) ;
#232 = DIRECTION ( 'NONE',  ( 0.0000000000000000000, 0.0000000000000000000, 1.000000000000000000 ) ) ;
#233 = DIRECTION ( 'NONE',  ( -0.0000000000000000000, 1.000000000000000000, -0.0000000000000000000 ) ) ;
#234 = LINE ( 'NONE', #9660, #9394 ) ;
#235 = CARTESIAN_POINT ( 'NONE',  ( -0.2624999999999999600, -0.01499999999999997700, 0.06250000000000001400 ) ) ;
#236 = PLANE ( 'NONE',  #336 ) ;
#237 = ORIENTED_EDGE ( 'NONE', *, *, #1018, .T. ) ;
#238 = ORIENTED_EDGE ( 'NONE', *, *, #4368, .F. ) ;
#239 = ORIENTED_EDGE ( 'NONE', *, *, #9759, .F. ) ;
#240 = ORIENTED_EDGE ( 'NONE', *, *, #11418, .T. ) ;
#241 = ORIENTED_EDGE ( 'NONE', *, *, #5332, .T. ) ;
#242 = ORIENTED_EDGE ( 'NONE', *, *, #10493, .F. ) ;
#243 = VECTOR ( 'NONE', #56, 39.37007874015748100 ) ;
#244 = FACE_OUTER_BOUND ( 'NONE', #3951, .T. ) ;
#245 = CARTESIAN_POINT ( 'NONE',  ( -0.1624999999999999800, -0.01499999999999997700, 0.06250000000000001400 ) ) ;
#246 =( LENGTH_UNIT ( ) NAMED_UNIT ( * ) SI_UNIT ( $, .METRE. ) );
#247 = VERTEX_POINT ( 'NONE', #5294 ) ;
#248 = CARTESIAN_POINT ( 'NONE',  ( -0.1624999999999999800, 0.3128282661284084700, 0.03749999999999999900 ) ) ;
#249 = EDGE_LOOP ( 'NONE', ( #3312, #2631, #9094, #3916 ) ) ;
#250 = DIRECTION ( 'NONE',  ( 0.0000000000000000000, -1.000000000000000000, 0.0000000000000000000 ) ) ;
#251 = ORIENTED_EDGE ( 'NONE', *, *, #4981, .T. ) ;
#252 = EDGE_LOOP ( 'NONE', ( #6203, #2731, #3764, #6989 ) ) ;
#253 = ORIENTED_EDGE ( 'NONE', *, *, #360, .T. ) ;
#254 = LINE ( 'NONE', #5678, #9284 ) ;
#255 =( NAMED_UNIT ( * ) SI_UNIT ( $, .STERADIAN. ) SOLID_ANGLE_UNIT ( ) );
#256 = LINE ( 'NONE', #6461, #5808 ) ;
#257 = EDGE_LOOP ( 'NONE', ( #4544, #7291, #10091, #10398 ) ) ;
#258 = EDGE_CURVE ( 'NONE', #9927, #9850, #8267, .T. ) ;
#259 = CARTESIAN_POINT ( 'NONE',  ( -0.04375000000000031600, -0.1400000000000000100, -0.03749999999999999900 ) ) ;
#260 = EDGE_LOOP ( 'NONE', ( #1513, #4611, #10527, #3967 ) ) ;
#261 = ORIENTED_EDGE ( 'NONE', *, *, #4807, .F. ) ;
#262 = ORIENTED_EDGE ( 'NONE', *, *, #1216, .T. ) ;
#263 = AXIS2_PLACEMENT_3D ( 'NONE', #9046, #3742, #9931 ) ;
#264 = CARTESIAN_POINT ( 'NONE',  ( 0.4374999999999997200, -0.1228282661284085800, -0.03749999999999999900 ) ) ;
#265 = VECTOR ( 'NONE', #11188, 39.37007874015748100 ) ;
#266 = CARTESIAN_POINT ( 'NONE',  ( 0.1375000000000000400, -0.1228282661284085800, 0.03749999999999999900 ) ) ;
#267 = LINE ( 'NONE', #7066, #2237 ) ;
#268 = CARTESIAN_POINT ( 'NONE',  ( -0.1000000000000000100, 0.04999999999999998200, 0.1825000000000000000 ) ) ;
#269 = CARTESIAN_POINT ( 'NONE',  ( 0.03749999999999973500, -0.1228282661284085800, -0.06250000000000001400 ) ) ;
#270 = EDGE_CURVE ( 'NONE', #7245, #11340, #6612, .T. ) ;
#271 = ADVANCED_FACE ( 'NONE', ( #10194 ), #1809, .F. ) ;
#272 = ORIENTED_EDGE ( 'NONE', *, *, #6972, .F. ) ;
#273 = ORIENTED_EDGE ( 'NONE', *, *, #9047, .F. ) ;
#274 = EDGE_LOOP ( 'NONE', ( #7441, #9261, #5525, #8701 ) ) ;
#275 = LINE ( 'NONE', #2079, #7498 ) ;
#276 = CARTESIAN_POINT ( 'NONE',  ( 0.0000000000000000000, 0.09999999999999996400, -0.03749999999999999900 ) ) ;
#277 = PLANE ( 'NONE',  #10662 ) ;
#278 = CARTESIAN_POINT ( 'NONE',  ( -0.0000000000000000000, 0.0000000000000000000, -0.03749999999999999900 ) ) ;
#279 = VERTEX_POINT ( 'NONE', #2927 ) ;
#280 = EDGE_CURVE ( 'NONE', #7523, #11321, #5899, .T. ) ;
#281 = FACE_OUTER_BOUND ( 'NONE', #9869, .T. ) ;
#282 = CARTESIAN_POINT ( 'NONE',  ( 0.1437499999999997400, -0.1400000000000000100, -0.04375000000000003900 ) ) ;
#283 = ADVANCED_FACE ( 'NONE', ( #11305 ), #9586, .T. ) ;
#284 = PLANE ( 'NONE',  #5089 ) ;
#285 = ORIENTED_EDGE ( 'NONE', *, *, #10447, .T. ) ;
#286 = CARTESIAN_POINT ( 'NONE',  ( 0.5150000000000000100, 0.0000000000000000000, -0.1000000000000000100 ) ) ;
#287 = VECTOR ( 'NONE', #7405, 39.37007874015748100 ) ;
#288 = EDGE_CURVE ( 'NONE', #1888, #10562, #1895, .T. ) ;
#289 = CARTESIAN_POINT ( 'NONE',  ( -0.1374999999999999600, 0.3128282661284084700, 0.06250000000000001400 ) ) ;
#290 = CARTESIAN_POINT ( 'NONE',  ( 0.03750000000000007500, 0.3128282661284084700, 0.03749999999999999900 ) ) ;
#291 = LENGTH_MEASURE_WITH_UNIT ( LENGTH_MEASURE( 0.02539999999999999900 ), #9210 );
#292 = CARTESIAN_POINT ( 'NONE',  ( 0.1374999999999997100, 0.09999999999999996400, 0.0000000000000000000 ) ) ;
#293 = MANIFOLD_SOLID_BREP ( 'Pin[10]', #5385 ) ;
#294 = DIRECTION ( 'NONE',  ( 1.000000000000000000, 0.0000000000000000000, 0.0000000000000000000 ) ) ;
#295 = DIRECTION ( 'NONE',  ( 0.3236155771181846200, 0.8891264907159883700, -0.3236155771181846200 ) ) ;
#296 = EDGE_CURVE ( 'NONE', #7198, #9814, #4514, .T. ) ;
#297 = AXIS2_PLACEMENT_3D ( 'NONE', #7801, #3415, #8727 ) ;
#298 = PLANE ( 'NONE',  #7543 ) ;
#299 = ORIENTED_EDGE ( 'NONE', *, *, #2156, .T. ) ;
#300 = ORIENTED_EDGE ( 'NONE', *, *, #2060, .T. ) ;
#301 = PLANE ( 'NONE',  #4766 ) ;
#302 = CARTESIAN_POINT ( 'NONE',  ( -0.1625000000000003100, 0.09999999999999996400, 0.0000000000000000000 ) ) ;
#303 = DIRECTION ( 'NONE',  ( 1.000000000000000000, 0.0000000000000000000, 0.0000000000000000000 ) ) ;
#304 = DIRECTION ( 'NONE',  ( 0.0000000000000000000, 0.0000000000000000000, -1.000000000000000000 ) ) ;
#305 = EDGE_CURVE ( 'NONE', #10559, #1403, #6323, .T. ) ;
#306 = ORIENTED_EDGE ( 'NONE', *, *, #3473, .F. ) ;
#307 = VECTOR ( 'NONE', #3147, 39.37007874015748100 ) ;
#308 = CARTESIAN_POINT ( 'NONE',  ( 0.03750000000000007500, -0.1228282661284085800, 0.03749999999999999900 ) ) ;
#309 = DIRECTION ( 'NONE',  ( 0.0000000000000000000, 0.0000000000000000000, -1.000000000000000000 ) ) ;
#310 = ORIENTED_EDGE ( 'NONE', *, *, #11180, .F. ) ;
#311 = CARTESIAN_POINT ( 'NONE',  ( 0.4437500000000001400, 0.3299999999999999600, 0.04375000000000003900 ) ) ;
#312 = FACE_OUTER_BOUND ( 'NONE', #5619, .T. ) ;
#313 = AXIS2_PLACEMENT_3D ( 'NONE', #1706, #7250, #1993 ) ;
#314 = DIRECTION ( 'NONE',  ( 0.3236155771181846200, 0.8891264907159883700, 0.3236155771181846200 ) ) ;
#315 = ORIENTED_EDGE ( 'NONE', *, *, #2880, .F. ) ;
#316 = ORIENTED_EDGE ( 'NONE', *, *, #5794, .T. ) ;
#317 = DIRECTION ( 'NONE',  ( -0.9396926207859079800, -0.3420201433256698200, -0.0000000000000000000 ) ) ;
#318 = LINE ( 'NONE', #10156, #2136 ) ;
#319 = LINE ( 'NONE', #5581, #2685 ) ;
#320 = EDGE_CURVE ( 'NONE', #11254, #5353, #3812, .T. ) ;
#321 = CARTESIAN_POINT ( 'NONE',  ( 0.06250000000000008300, -0.01499999999999997700, 0.03749999999999999900 ) ) ;
#322 =( CONVERSION_BASED_UNIT ( 'INCH', #1652 ) LENGTH_UNIT ( ) NAMED_UNIT ( #11246 ) );
#323 = CARTESIAN_POINT ( 'NONE',  ( 0.5249999999999996900, 0.3499999999999999800, -0.1674999999999999800 ) ) ;
#324 = VECTOR ( 'NONE', #4306, 39.37007874015748100 ) ;
#325 = DIRECTION ( 'NONE',  ( 0.0000000000000000000, 0.0000000000000000000, -1.000000000000000000 ) ) ;
#326 = LINE ( 'NONE', #10650, #11271 ) ;
#328 = ADVANCED_FACE ( 'NONE', ( #8806 ), #10979, .T. ) ;
#327 = FACE_OUTER_BOUND ( 'NONE', #11181, .T. ) ;
#329 = EDGE_CURVE ( 'NONE', #4292, #10865, #8676, .T. ) ;
#330 = VECTOR ( 'NONE', #6367, 39.37007874015748100 ) ;
#331 = CARTESIAN_POINT ( 'NONE',  ( 0.2624999999999996800, -0.01499999999999997700, -0.06250000000000001400 ) ) ;
#332 = AXIS2_PLACEMENT_3D ( 'NONE', #6521, #7402, #9309 ) ;
#333 = DIRECTION ( 'NONE',  ( -1.000000000000000000, 0.0000000000000000000, 0.0000000000000000000 ) ) ;
#334 = VECTOR ( 'NONE', #2986, 39.37007874015748100 ) ;
#335 = VECTOR ( 'NONE', #11342, 39.37007874015748100 ) ;
#336 = AXIS2_PLACEMENT_3D ( 'NONE', #1102, #6528, #9004 ) ;
#337 = CARTESIAN_POINT ( 'NONE',  ( 0.2624999999999996800, 0.3128282661284084700, -0.03749999999999999900 ) ) ;
#338 = ADVANCED_FACE ( 'NONE', ( #6453 ), #1424, .T. ) ;
#339 = LINE ( 'NONE', #9061, #5299 ) ;
#340 = VECTOR ( 'NONE', #8319, 39.37007874015748100 ) ;
#341 = FILL_AREA_STYLE ('',( #1044 ) ) ;
#342 = PLANE ( 'NONE',  #9962 ) ;
#343 = EDGE_CURVE ( 'NONE', #7024, #3778, #10329, .T. ) ;
#344 = DIRECTION ( 'NONE',  ( 0.0000000000000000000, -1.000000000000000000, 0.0000000000000000000 ) ) ;
#345 = CARTESIAN_POINT ( 'NONE',  ( -0.05624999999999991100, 0.3299999999999999600, 0.04375000000000003900 ) ) ;
#346 = SURFACE_SIDE_STYLE ('',( #9857 ) ) ;
#347 = SPHERICAL_SURFACE ( 'NONE', #4984, 0.01499999999999997700 ) ;
#348 = ORIENTED_EDGE ( 'NONE', *, *, #9179, .F. ) ;
#349 = LINE ( 'NONE', #9793, #2577 ) ;
#350 = DIRECTION ( 'NONE',  ( -1.000000000000000000, 0.0000000000000000000, -0.0000000000000000000 ) ) ;
#351 = EDGE_LOOP ( 'NONE', ( #3559, #6510, #7758, #2795 ) ) ;
#352 = ORIENTED_EDGE ( 'NONE', *, *, #3817, .T. ) ;
#353 = ORIENTED_EDGE ( 'NONE', *, *, #3876, .T. ) ;
#354 = DIRECTION ( 'NONE',  ( 1.000000000000000000, 0.0000000000000000000, 0.0000000000000000000 ) ) ;
#355 = EDGE_CURVE ( 'NONE', #3462, #9951, #10734, .T. ) ;
#356 = LINE ( 'NONE', #9614, #7980 ) ;
#357 = DIRECTION ( 'NONE',  ( 0.0000000000000000000, 0.0000000000000000000, 1.000000000000000000 ) ) ;
#358 = FACE_OUTER_BOUND ( 'NONE', #9476, .T. ) ;
#359 = VECTOR ( 'NONE', #9475, 39.37007874015748100 ) ;
#360 = EDGE_CURVE ( 'NONE', #10625, #9850, #8400, .T. ) ;
#361 = EDGE_LOOP ( 'NONE', ( #10778, #9236 ) ) ;
#362 = FACE_OUTER_BOUND ( 'NONE', #2058, .T. ) ;
#363 = ORIENTED_EDGE ( 'NONE', *, *, #5862, .T. ) ;
#364 = CARTESIAN_POINT ( 'NONE',  ( 0.3999999999999996900, 0.3299999999999999600, -0.1000000000000000100 ) ) ;
#365 = EDGE_LOOP ( 'NONE', ( #11327, #8849, #3034, #5633 ) ) ;
#366 = AXIS2_PLACEMENT_3D ( 'NONE', #10864, #8341, #9810 ) ;
#367 = DIRECTION ( 'NONE',  ( 0.0000000000000000000, 0.0000000000000000000, -1.000000000000000000 ) ) ;
#368 = VERTEX_POINT ( 'NONE', #3887 ) ;
#369 = CIRCLE ( 'NONE', #313, 0.01499999999999997700 ) ;
#370 = CARTESIAN_POINT ( 'NONE',  ( -0.3625000000000003200, -0.1228282661284085800, -0.03749999999999999900 ) ) ;
#371 = DIRECTION ( 'NONE',  ( 0.0000000000000000000, -1.000000000000000000, 0.0000000000000000000 ) ) ;
#372 = VERTEX_POINT ( 'NONE', #505 ) ;
#373 = CARTESIAN_POINT ( 'NONE',  ( -0.0000000000000000000, 0.0000000000000000000, -0.03749999999999999900 ) ) ;
#374 = EDGE_LOOP ( 'NONE', ( #8966, #2730, #5361, #2052 ) ) ;
#375 = ORIENTED_EDGE ( 'NONE', *, *, #2326, .F. ) ;
#376 = VERTEX_POINT ( 'NONE', #4751 ) ;
#377 = VERTEX_POINT ( 'NONE', #3106 ) ;
#378 = ORIENTED_EDGE ( 'NONE', *, *, #10165, .F. ) ;
#379 = LINE ( 'NONE', #9040, #10362 ) ;
#380 = CARTESIAN_POINT ( 'NONE',  ( -0.5249999999999994700, 0.3325000000000001800, -0.1175000000000000500 ) ) ;
#381 = VECTOR ( 'NONE', #9928, 39.37007874015748100 ) ;
#382 = PLANE ( 'NONE',  #11038 ) ;
#383 = PLANE ( 'NONE',  #8044 ) ;
#384 = CARTESIAN_POINT ( 'NONE',  ( 0.06250000000000008300, 0.3299999999999999600, 0.06250000000000001400 ) ) ;
#385 = ORIENTED_EDGE ( 'NONE', *, *, #8145, .F. ) ;
#386 = ORIENTED_EDGE ( 'NONE', *, *, #6255, .F. ) ;
#387 = ORIENTED_EDGE ( 'NONE', *, *, #2687, .T. ) ;
#388 = CLOSED_SHELL ( 'NONE', ( #913, #1981, #9509, #9415, #10894, #220, #1099, #1712, #4225, #8226, #2792, #2260, #7727, #3712 ) ) ;
#389 = VERTEX_POINT ( 'NONE', #10072 ) ;
#390 = VERTEX_POINT ( 'NONE', #11067 ) ;
#391 = ADVANCED_FACE ( 'NONE', ( #6047 ), #2234, .T. ) ;
#392 = ORIENTED_EDGE ( 'NONE', *, *, #7923, .F. ) ;
#393 = VECTOR ( 'NONE', #3289, 39.37007874015748100 ) ;
#394 = EDGE_CURVE ( 'NONE', #1517, #2781, #9082, .T. ) ;
#395 = DIRECTION ( 'NONE',  ( 0.0000000000000000000, 0.0000000000000000000, -1.000000000000000000 ) ) ;
#396 = CARTESIAN_POINT ( 'NONE',  ( 0.4374999999999997200, 0.3299999999999999600, -0.03749999999999999900 ) ) ;
#397 = ORIENTED_EDGE ( 'NONE', *, *, #9591, .F. ) ;
#398 = ORIENTED_EDGE ( 'NONE', *, *, #4115, .F. ) ;
#399 = ORIENTED_EDGE ( 'NONE', *, *, #10947, .F. ) ;
#400 = CARTESIAN_POINT ( 'NONE',  ( -0.05624999999999991100, -0.1400000000000000100, 0.05624999999999997400 ) ) ;
#401 = ORIENTED_EDGE ( 'NONE', *, *, #5723, .T. ) ;
#402 = AXIS2_PLACEMENT_3D ( 'NONE', #4939, #9304, #1447 ) ;
#403 = ADVANCED_FACE ( 'NONE', ( #1631 ), #5053, .F. ) ;
#404 = LINE ( 'NONE', #156, #8720 ) ;
#405 = EDGE_CURVE ( 'NONE', #9278, #3370, #10476, .T. ) ;
#406 = DIRECTION ( 'NONE',  ( -1.000000000000000000, 0.0000000000000000000, 0.0000000000000000000 ) ) ;
#407 = FACE_OUTER_BOUND ( 'NONE', #1259, .T. ) ;
#408 = CARTESIAN_POINT ( 'NONE',  ( 0.03749999999999973500, 0.0000000000000000000, 0.0000000000000000000 ) ) ;
#409 = CARTESIAN_POINT ( 'NONE',  ( 0.3374999999999996900, 0.3128282661284084700, -0.03749999999999999900 ) ) ;
#410 = AXIS2_PLACEMENT_3D ( 'NONE', #6756, #3195, #9385 ) ;
#411 = EDGE_LOOP ( 'NONE', ( #2343, #3705, #4472, #399 ) ) ;
#412 = EDGE_LOOP ( 'NONE', ( #9835, #3337, #10262, #3620 ) ) ;
#413 = DIRECTION ( 'NONE',  ( 1.000000000000000000, 0.0000000000000000000, 0.0000000000000000000 ) ) ;
#414 = ORIENTED_EDGE ( 'NONE', *, *, #3283, .T. ) ;
#415 = FACE_OUTER_BOUND ( 'NONE', #5774, .T. ) ;
#416 = CARTESIAN_POINT ( 'NONE',  ( 0.3437500000000001100, -0.1400000000000000100, 0.04375000000000003900 ) ) ;
#417 = FACE_OUTER_BOUND ( 'NONE', #6772, .T. ) ;
#418 = EDGE_CURVE ( 'NONE', #5189, #5351, #1349, .T. ) ;
#419 = SURFACE_STYLE_FILL_AREA ( #2097 ) ;
#420 = DIRECTION ( 'NONE',  ( 0.0000000000000000000, 0.0000000000000000000, -1.000000000000000000 ) ) ;
#421 = DIRECTION ( 'NONE',  ( 0.0000000000000000000, -1.000000000000000000, 0.0000000000000000000 ) ) ;
#422 = DIRECTION ( 'NONE',  ( 0.0000000000000000000, 0.0000000000000000000, 1.000000000000000000 ) ) ;
#423 = EDGE_LOOP ( 'NONE', ( #9428, #6069, #930, #1519 ) ) ;
#424 = PLANE ( 'NONE',  #5342 ) ;
#425 = LINE ( 'NONE', #8099, #7223 ) ;
#426 = CARTESIAN_POINT ( 'NONE',  ( -0.3624999999999999300, -0.1228282661284084400, 0.06250000000000001400 ) ) ;
#427 = ORIENTED_EDGE ( 'NONE', *, *, #11004, .T. ) ;
#428 = VECTOR ( 'NONE', #4353, 39.37007874015748100 ) ;
#429 = CARTESIAN_POINT ( 'NONE',  ( -0.4437500000000003700, 0.3299999999999999600, -0.04375000000000003900 ) ) ;
#430 = EDGE_CURVE ( 'NONE', #5998, #11288, #5459, .T. ) ;
#431 = DIRECTION ( 'NONE',  ( -0.9396926207859085400, 0.3420201433256686000, 0.0000000000000000000 ) ) ;
#432 = DIRECTION ( 'NONE',  ( 0.0000000000000000000, 0.0000000000000000000, -1.000000000000000000 ) ) ;
#433 = EDGE_CURVE ( 'NONE', #3778, #2356, #775, .T. ) ;
#434 = FILL_AREA_STYLE_COLOUR ( '', #870 ) ;
#435 = CARTESIAN_POINT ( 'NONE',  ( 0.5749999999999996200, 0.0000000000000000000, -0.06499999999999996100 ) ) ;
#436 =( GEOMETRIC_REPRESENTATION_CONTEXT ( 3 ) GLOBAL_UNCERTAINTY_ASSIGNED_CONTEXT ( ( #4892 ) ) GLOBAL_UNIT_ASSIGNED_CONTEXT ( ( #3355, #6847, #1514 ) ) REPRESENTATION_CONTEXT ( 'NONE', 'WORKASPACE' ) );
#437 = LINE ( 'NONE', #5396, #4583 ) ;
#438 = SURFACE_STYLE_USAGE ( .BOTH. , #3230 ) ;
#439 = DIRECTION ( 'NONE',  ( 0.0000000000000000000, 0.0000000000000000000, -1.000000000000000000 ) ) ;
#440 = UNCERTAINTY_MEASURE_WITH_UNIT (LENGTH_MEASURE( 1.000000000000000100E-005 ), #3781, 'distance_accuracy_value', 'NONE');
#441 = CARTESIAN_POINT ( 'NONE',  ( -0.5249999999999995800, 0.0000000000000000000, -0.06499999999999996100 ) ) ;
#442 = EDGE_CURVE ( 'NONE', #8404, #4292, #3681, .T. ) ;
#443 = CARTESIAN_POINT ( 'NONE',  ( -0.1562500000000002800, -0.1400000000000000100, -0.05624999999999997400 ) ) ;
#444 = CARTESIAN_POINT ( 'NONE',  ( -0.4375000000000003300, -0.01499999999999997700, -0.03749999999999999900 ) ) ;
#445 = VECTOR ( 'NONE', #9341, 39.37007874015748100 ) ;
#446 = DIRECTION ( 'NONE',  ( 0.0000000000000000000, 0.0000000000000000000, 1.000000000000000000 ) ) ;
#447 = ADVANCED_FACE ( 'NONE', ( #6178 ), #884, .F. ) ;
#448 = ORIENTED_EDGE ( 'NONE', *, *, #10400, .F. ) ;
#449 = CARTESIAN_POINT ( 'NONE',  ( 0.2625000000000000700, -0.1228282661284084400, 0.03749999999999999900 ) ) ;
#450 = EDGE_CURVE ( 'NONE', #2778, #5801, #11436, .T. ) ;
#451 = EDGE_LOOP ( 'NONE', ( #3032, #3227, #6653, #10622 ) ) ;
#452 = CARTESIAN_POINT ( 'NONE',  ( 0.1598818239561612700, 0.3200216456890114800, -0.05988182395616160900 ) ) ;
#453 = EDGE_LOOP ( 'NONE', ( #1105, #4401, #7177, #7805 ) ) ;
#454 = ADVANCED_FACE ( 'NONE', ( #494 ), #4269, .T. ) ;
#455 = CARTESIAN_POINT ( 'NONE',  ( 0.2374999999999996600, 0.09999999999999996400, 0.0000000000000000000 ) ) ;
#456 = DIRECTION ( 'NONE',  ( 0.0000000000000000000, 0.0000000000000000000, 1.000000000000000000 ) ) ;
#457 = PLANE ( 'NONE',  #7156 ) ;
#458 = CARTESIAN_POINT ( 'NONE',  ( -0.1374999999999999600, -0.01499999999999997700, 0.06250000000000001400 ) ) ;
#459 = ORIENTED_EDGE ( 'NONE', *, *, #7247, .T. ) ;
#460 = PLANE ( 'NONE',  #717 ) ;
#461 = VECTOR ( 'NONE', #10054, 39.37007874015748100 ) ;
#462 = AXIS2_PLACEMENT_3D ( 'NONE', #4455, #6200, #9725 ) ;
#463 = DIRECTION ( 'NONE',  ( 0.0000000000000000000, -0.0000000000000000000, 1.000000000000000000 ) ) ;
#464 = CARTESIAN_POINT ( 'NONE',  ( -0.1625000000000003100, 0.09999999999999992200, -0.06250000000000001400 ) ) ;
#465 = CARTESIAN_POINT ( 'NONE',  ( -0.4375000000000003300, 0.3299999999999999600, -0.04375000000000003900 ) ) ;
#466 = CARTESIAN_POINT ( 'NONE',  ( -0.2374999999999999600, 0.3299999999999999600, 0.03749999999999999900 ) ) ;
#467 = DIRECTION ( 'NONE',  ( 0.3236155771181846200, 0.8891264907159883700, 0.3236155771181846200 ) ) ;
#468 = FACE_OUTER_BOUND ( 'NONE', #2353, .T. ) ;
#469 = LINE ( 'NONE', #7880, #2565 ) ;
#470 = DIRECTION ( 'NONE',  ( 0.0000000000000000000, 0.0000000000000000000, -1.000000000000000000 ) ) ;
#471 = FACE_OUTER_BOUND ( 'NONE', #257, .T. ) ;
#472 = FACE_OUTER_BOUND ( 'NONE', #8973, .T. ) ;
#473 = CARTESIAN_POINT ( 'NONE',  ( -0.3401181760438383700, -0.1300216456890116200, 0.04011817604383840400 ) ) ;
#474 = DIRECTION ( 'NONE',  ( 0.0000000000000000000, -0.0000000000000000000, -1.000000000000000000 ) ) ;
#475 = CARTESIAN_POINT ( 'NONE',  ( 0.04011817604383850100, 0.3200216456890114800, 0.04011817604383839700 ) ) ;
#476 = PLANE ( 'NONE',  #4491 ) ;
#477 = AXIS2_PLACEMENT_3D ( 'NONE', #370, #3809, #6577 ) ;
#478 = FACE_OUTER_BOUND ( 'NONE', #2369, .T. ) ;
#479 = EDGE_CURVE ( 'NONE', #3142, #1078, #8251, .T. ) ;
#480 = LINE ( 'NONE', #7609, #2014 ) ;
#481 = CARTESIAN_POINT ( 'NONE',  ( -0.4598818239561615600, 0.3200216456890114800, 0.04011817604383839700 ) ) ;
#482 = AXIS2_PLACEMENT_3D ( 'NONE', #978, #4490, #3616 ) ;
#483 = LINE ( 'NONE', #1609, #9070 ) ;
#484 = EDGE_LOOP ( 'NONE', ( #4334, #11453, #3020, #11197 ) ) ;
#485 = CARTESIAN_POINT ( 'NONE',  ( -0.1624999999999999800, -0.1228282661284084400, 0.03749999999999999900 ) ) ;
#486 = MECHANICAL_DESIGN_GEOMETRIC_PRESENTATION_REPRESENTATION (  '', ( #4852 ), #9690 ) ;
#487 = ORIENTED_EDGE ( 'NONE', *, *, #691, .T. ) ;
#488 = EDGE_CURVE ( 'NONE', #6942, #10858, #483, .T. ) ;
#489 = CARTESIAN_POINT ( 'NONE',  ( 0.4598818239561616700, 0.3200216456890114800, 0.05988182395616160900 ) ) ;
#490 = CARTESIAN_POINT ( 'NONE',  ( 0.2375000000000000700, -0.1228282661284085800, 0.03749999999999999900 ) ) ;
#491 = VECTOR ( 'NONE', #4524, 39.37007874015748100 ) ;
#492 = LINE ( 'NONE', #10963, #6319 ) ;
#493 = EDGE_LOOP ( 'NONE', ( #1966, #385, #3843, #10748 ) ) ;
#494 = FACE_OUTER_BOUND ( 'NONE', #8148, .T. ) ;
#495 = ORIENTED_EDGE ( 'NONE', *, *, #6126, .F. ) ;
#496 = PLANE ( 'NONE',  #4336 ) ;
#497 = ORIENTED_EDGE ( 'NONE', *, *, #7112, .T. ) ;
#498 = DIRECTION ( 'NONE',  ( 0.0000000000000000000, 0.0000000000000000000, -1.000000000000000000 ) ) ;
#499 = ORIENTED_EDGE ( 'NONE', *, *, #9423, .T. ) ;
#500 = EDGE_CURVE ( 'NONE', #817, #9278, #10050, .T. ) ;
#501 = VERTEX_POINT ( 'NONE', #2708 ) ;
#502 = CARTESIAN_POINT ( 'NONE',  ( -0.2624999999999999600, -0.01499999999999997700, 0.03749999999999999900 ) ) ;
#503 = DIMENSIONAL_EXPONENTS ( 1.000000000000000000, 0.0000000000000000000, 0.0000000000000000000, 0.0000000000000000000, 0.0000000000000000000, 0.0000000000000000000, 0.0000000000000000000 ) ;
#504 = VECTOR ( 'NONE', #10715, 39.37007874015748100 ) ;
#505 = CARTESIAN_POINT ( 'NONE',  ( -0.2624999999999999600, -4.268512490100411300E-018, 0.06250000000000001400 ) ) ;
#506 = PLANE ( 'NONE',  #9575 ) ;
#507 = ORIENTED_EDGE ( 'NONE', *, *, #2071, .F. ) ;
#508 = DIRECTION ( 'NONE',  ( 1.000000000000000000, 0.0000000000000000000, 0.0000000000000000000 ) ) ;
#509 = ORIENTED_EDGE ( 'NONE', *, *, #4795, .F. ) ;
#510 = VERTEX_POINT ( 'NONE', #4590 ) ;
#511 = CARTESIAN_POINT ( 'NONE',  ( 0.03749999999999973500, -0.01499999999999997700, -0.03749999999999999900 ) ) ;
#512 = EDGE_CURVE ( 'NONE', #10625, #7873, #8663, .T. ) ;
#513 = ORIENTED_EDGE ( 'NONE', *, *, #2002, .F. ) ;
#514 = DIRECTION ( 'NONE',  ( -1.000000000000000000, 0.0000000000000000000, -0.0000000000000000000 ) ) ;
#515 = VERTEX_POINT ( 'NONE', #8986 ) ;
#516 = DIRECTION ( 'NONE',  ( 0.3236155771181846200, -0.8891264907159883700, -0.3236155771181846200 ) ) ;
#517 = PLANE ( 'NONE',  #3225 ) ;
#518 = ADVANCED_FACE ( 'NONE', ( #9635 ), #112, .T. ) ;
#519 = VECTOR ( 'NONE', #639, 39.37007874015748100 ) ;
#520 = DIRECTION ( 'NONE',  ( 0.0000000000000000000, -0.3420201433256698200, -0.9396926207859079800 ) ) ;
#521 = EDGE_CURVE ( 'NONE', #2190, #9814, #2992, .T. ) ;
#522 = AXIS2_PLACEMENT_3D ( 'NONE', #3259, #6048, #1611 ) ;
#523 = ORIENTED_EDGE ( 'NONE', *, *, #1759, .F. ) ;
#524 = CARTESIAN_POINT ( 'NONE',  ( -0.03750000000000028300, 0.3299999999999999600, -0.06250000000000001400 ) ) ;
#525 = ORIENTED_EDGE ( 'NONE', *, *, #2080, .T. ) ;
#526 = PLANE ( 'NONE',  #1616 ) ;
#527 = ORIENTED_EDGE ( 'NONE', *, *, #320, .T. ) ;
#528 = ORIENTED_EDGE ( 'NONE', *, *, #1266, .T. ) ;
#529 = EDGE_LOOP ( 'NONE', ( #4381, #9344, #6052, #6817 ) ) ;
#530 = PLANE ( 'NONE',  #6584 ) ;
#531 = FACE_OUTER_BOUND ( 'NONE', #4163, .T. ) ;
#532 = EDGE_CURVE ( 'NONE', #11169, #5267, #349, .T. ) ;
#533 = CARTESIAN_POINT ( 'NONE',  ( -0.4375000000000000000, -0.1228282661284085800, 0.06250000000000001400 ) ) ;
#534 = ORIENTED_EDGE ( 'NONE', *, *, #11036, .F. ) ;
#535 = ORIENTED_EDGE ( 'NONE', *, *, #5494, .T. ) ;
#536 = VERTEX_POINT ( 'NONE', #5392 ) ;
#537 = DIRECTION ( 'NONE',  ( 0.0000000000000000000, -1.000000000000000000, 0.0000000000000000000 ) ) ;
#538 = EDGE_LOOP ( 'NONE', ( #316, #3149, #4529, #637 ) ) ;
#539 = CARTESIAN_POINT ( 'NONE',  ( 0.3375000000000000800, 0.3128282661284084700, 0.03749999999999999900 ) ) ;
#540 = LINE ( 'NONE', #10933, #7335 ) ;
#541 = CARTESIAN_POINT ( 'NONE',  ( -0.2375000000000002900, 0.3128282661284084700, -0.06250000000000001400 ) ) ;
#542 = AXIS2_PLACEMENT_3D ( 'NONE', #8003, #874, #6293 ) ;
#543 = DIRECTION ( 'NONE',  ( -1.000000000000000000, 0.0000000000000000000, -0.0000000000000000000 ) ) ;
#544 = DIRECTION ( 'NONE',  ( 0.0000000000000000000, 0.0000000000000000000, 1.000000000000000000 ) ) ;
#545 = VERTEX_POINT ( 'NONE', #1805 ) ;
#546 = EDGE_LOOP ( 'NONE', ( #4380, #3625 ) ) ;
#547 = VERTEX_POINT ( 'NONE', #7965 ) ;
#548 = LINE ( 'NONE', #8052, #1252 ) ;
#549 = EDGE_CURVE ( 'NONE', #2300, #9107, #634, .T. ) ;
#550 = DIRECTION ( 'NONE',  ( 0.0000000000000000000, 0.0000000000000000000, -1.000000000000000000 ) ) ;
#551 = CARTESIAN_POINT ( 'NONE',  ( 0.4437500000000001400, -0.1400000000000000100, 0.03749999999999999900 ) ) ;
#552 = FACE_OUTER_BOUND ( 'NONE', #7063, .T. ) ;
#553 = CARTESIAN_POINT ( 'NONE',  ( -0.1374999999999999600, -0.1228282661284085800, 0.03749999999999999900 ) ) ;
#554 = DIRECTION ( 'NONE',  ( 0.0000000000000000000, -0.0000000000000000000, 1.000000000000000000 ) ) ;
#555 = CARTESIAN_POINT ( 'NONE',  ( 0.1374999999999997100, -0.1400000000000000100, -0.04375000000000003900 ) ) ;
#556 = AXIS2_PLACEMENT_3D ( 'NONE', #878, #9637, #7093 ) ;
#557 = EDGE_CURVE ( 'NONE', #1996, #11071, #4899, .T. ) ;
#558 = VERTEX_POINT ( 'NONE', #6237 ) ;
#559 = CARTESIAN_POINT ( 'NONE',  ( -0.2374999999999999600, 0.09999999999999996400, 0.06250000000000001400 ) ) ;
#560 = DIRECTION ( 'NONE',  ( -0.0000000000000000000, 1.000000000000000000, -0.0000000000000000000 ) ) ;
#561 = ORIENTED_EDGE ( 'NONE', *, *, #7178, .F. ) ;
#562 = VECTOR ( 'NONE', #395, 39.37007874015748100 ) ;
#563 = CARTESIAN_POINT ( 'NONE',  ( 0.0000000000000000000, 0.0000000000000000000, -0.06250000000000001400 ) ) ;
#564 = ORIENTED_EDGE ( 'NONE', *, *, #1021, .F. ) ;
#565 = VECTOR ( 'NONE', #4754, 39.37007874015748100 ) ;
#566 = CARTESIAN_POINT ( 'NONE',  ( 0.2624999999999996800, 0.0000000000000000000, -0.06250000000000001400 ) ) ;
#567 = ADVANCED_FACE ( 'NONE', ( #6034 ), #8017, .T. ) ;
#568 = AXIS2_PLACEMENT_3D ( 'NONE', #6507, #1193, #3866 ) ;
#569 = ORIENTED_EDGE ( 'NONE', *, *, #1228, .F. ) ;
#570 = VECTOR ( 'NONE', #1164, 39.37007874015748100 ) ;
#571 = DIRECTION ( 'NONE',  ( 0.0000000000000000000, 0.0000000000000000000, -1.000000000000000000 ) ) ;
#572 = EDGE_CURVE ( 'NONE', #9785, #9221, #3270, .T. ) ;
#573 = VECTOR ( 'NONE', #2607, 39.37007874015748100 ) ;
#574 = DIRECTION ( 'NONE',  ( 0.3236155771181846200, -0.8891264907159883700, -0.3236155771181846200 ) ) ;
#575 = ADVANCED_FACE ( 'NONE', ( #3403 ), #1867, .F. ) ;
#576 = AXIS2_PLACEMENT_3D ( 'NONE', #10711, #9100, #3788 ) ;
#577 = DIRECTION ( 'NONE',  ( 1.000000000000000000, 0.0000000000000000000, 0.0000000000000000000 ) ) ;
#578 = DIRECTION ( 'NONE',  ( 0.0000000000000000000, 0.0000000000000000000, -1.000000000000000000 ) ) ;
#579 = CARTESIAN_POINT ( 'NONE',  ( -0.1625000000000003100, -0.1228282661284085800, -0.03749999999999999900 ) ) ;
#580 = LINE ( 'NONE', #3295, #8194 ) ;
#581 = EDGE_LOOP ( 'NONE', ( #9772, #5245, #6362, #11016 ) ) ;
#582 = EDGE_CURVE ( 'NONE', #6931, #8568, #6308, .T. ) ;
#583 = ORIENTED_EDGE ( 'NONE', *, *, #10438, .T. ) ;
#584 =( NAMED_UNIT ( * ) SI_UNIT ( $, .STERADIAN. ) SOLID_ANGLE_UNIT ( ) );
#585 = VECTOR ( 'NONE', #6956, 39.37007874015748100 ) ;
#586 = MANIFOLD_SOLID_BREP ( 'Pin[13]', #4182 ) ;
#587 = DIRECTION ( 'NONE',  ( 0.0000000000000000000, 0.0000000000000000000, 1.000000000000000000 ) ) ;
#588 = DIRECTION ( 'NONE',  ( 1.000000000000000000, 0.0000000000000000000, 0.0000000000000000000 ) ) ;
#589 = ADVANCED_FACE ( 'NONE', ( #5311 ), #7238, .T. ) ;
#590 = ORIENTED_EDGE ( 'NONE', *, *, #9166, .F. ) ;
#591 = EDGE_CURVE ( 'NONE', #7047, #7888, #2448, .T. ) ;
#592 = EDGE_LOOP ( 'NONE', ( #9410, #10876, #7355, #4061 ) ) ;
#593 = PLANE ( 'NONE',  #522 ) ;
#594 = DIRECTION ( 'NONE',  ( 1.000000000000000000, 1.280553747030123100E-016, 0.0000000000000000000 ) ) ;
#595 = STYLED_ITEM ( 'NONE', ( #4534 ), #6125 ) ;
#596 = LINE ( 'NONE', #5671, #9867 ) ;
#597 = DIRECTION ( 'NONE',  ( -0.0000000000000000000, 1.000000000000000000, -0.0000000000000000000 ) ) ;
#598 = ORIENTED_EDGE ( 'NONE', *, *, #3926, .T. ) ;
#599 = LINE ( 'NONE', #396, #11115 ) ;
#600 = DIRECTION ( 'NONE',  ( -0.0000000000000000000, 1.000000000000000000, -0.0000000000000000000 ) ) ;
#601 = DIRECTION ( 'NONE',  ( -1.000000000000000000, -0.0000000000000000000, -0.0000000000000000000 ) ) ;
#602 = CARTESIAN_POINT ( 'NONE',  ( 0.1598818239561616300, 0.3200216456890114800, 0.04011817604383839700 ) ) ;
#603 = PLANE ( 'NONE',  #10110 ) ;
#604 = EDGE_LOOP ( 'NONE', ( #916, #5099, #8012, #7854 ) ) ;
#605 = DIRECTION ( 'NONE',  ( -1.000000000000000000, 0.0000000000000000000, -3.278217592397116300E-015 ) ) ;
#606 = VECTOR ( 'NONE', #11152, 39.37007874015748100 ) ;
#607 = VECTOR ( 'NONE', #6625, 39.37007874015748100 ) ;
#608 = CARTESIAN_POINT ( 'NONE',  ( -0.03749999999999994300, 0.3128282661284084700, 0.06250000000000001400 ) ) ;
#609 = DIRECTION ( 'NONE',  ( -0.0000000000000000000, 0.0000000000000000000, 1.000000000000000000 ) ) ;
#610 = FACE_OUTER_BOUND ( 'NONE', #8809, .T. ) ;
#611 = LINE ( 'NONE', #5027, #3519 ) ;
#612 = LINE ( 'NONE', #6965, #5295 ) ;
#613 = PLANE ( 'NONE',  #5417 ) ;
#614 = CARTESIAN_POINT ( 'NONE',  ( 0.1598818239561612700, -0.1300216456890116200, -0.05988182395616160200 ) ) ;
#615 = EDGE_CURVE ( 'NONE', #10385, #9640, #6883, .T. ) ;
#616 = CARTESIAN_POINT ( 'NONE',  ( 0.1375000000000000400, 0.3299999999999999600, 0.06250000000000001400 ) ) ;
#617 = VECTOR ( 'NONE', #6131, 39.37007874015748100 ) ;
#618 = ADVANCED_FACE ( 'NONE', ( #9367 ), #1081, .F. ) ;
#619 = DIRECTION ( 'NONE',  ( 0.0000000000000000000, 0.0000000000000000000, -1.000000000000000000 ) ) ;
#620 = VECTOR ( 'NONE', #7825, 39.37007874015748100 ) ;
#621 = AXIS2_PLACEMENT_3D ( 'NONE', #6959, #6095, #826 ) ;
#622 = VECTOR ( 'NONE', #7072, 39.37007874015748100 ) ;
#623 = EDGE_CURVE ( 'NONE', #7617, #1078, #7561, .T. ) ;
#624 = LINE ( 'NONE', #10930, #4228 ) ;
#625 = DIRECTION ( 'NONE',  ( -1.000000000000000000, -0.0000000000000000000, -0.0000000000000000000 ) ) ;
#626 = PLANE ( 'NONE',  #8390 ) ;
#627 = FILL_AREA_STYLE ('',( #3348 ) ) ;
#628 = CARTESIAN_POINT ( 'NONE',  ( 0.7000000000000000700, 0.3299999999999999600, 0.0000000000000000000 ) ) ;
#629 = CARTESIAN_POINT ( 'NONE',  ( -0.5250000000000003600, 0.09999999999999996400, 0.1324999999999999500 ) ) ;
#630 = ADVANCED_FACE ( 'NONE', ( #2299 ), #301, .F. ) ;
#631 = CARTESIAN_POINT ( 'NONE',  ( 0.3374999999999996900, -0.1228282661284085800, -0.06250000000000001400 ) ) ;
#632 = DIRECTION ( 'NONE',  ( 1.000000000000000000, 0.0000000000000000000, 0.0000000000000000000 ) ) ;
#633 = ORIENTED_EDGE ( 'NONE', *, *, #10483, .T. ) ;
#634 = LINE ( 'NONE', #6303, #11424 ) ;
#635 = ORIENTED_EDGE ( 'NONE', *, *, #10724, .F. ) ;
#636 = DIRECTION ( 'NONE',  ( -1.000000000000000000, 0.0000000000000000000, 0.0000000000000000000 ) ) ;
#637 = ORIENTED_EDGE ( 'NONE', *, *, #2547, .F. ) ;
#638 = ORIENTED_EDGE ( 'NONE', *, *, #9253, .T. ) ;
#639 = DIRECTION ( 'NONE',  ( 0.0000000000000000000, 0.0000000000000000000, -1.000000000000000000 ) ) ;
#640 = CARTESIAN_POINT ( 'NONE',  ( -0.06249999999999995100, 0.3299999999999999600, 0.06250000000000001400 ) ) ;
#641 = EDGE_CURVE ( 'NONE', #7467, #10560, #68, .T. ) ;
#642 = FACE_OUTER_BOUND ( 'NONE', #3635, .T. ) ;
#643 = AXIS2_PLACEMENT_3D ( 'NONE', #3252, #5810, #4192 ) ;
#644 = VECTOR ( 'NONE', #3218, 39.37007874015748100 ) ;
#645 = COLOUR_RGB ( '',1.000000000000000000, 0.8117647058823529400, 0.5019607843137254800 ) ;
#646 = DIRECTION ( 'NONE',  ( -0.3236155771181856200, 0.8891264907159877100, 0.3236155771181856200 ) ) ;
#647 = ORIENTED_EDGE ( 'NONE', *, *, #4887, .F. ) ;
#648 = VECTOR ( 'NONE', #9603, 39.37007874015748100 ) ;
#649 = ORIENTED_EDGE ( 'NONE', *, *, #3406, .T. ) ;
#650 = ORIENTED_EDGE ( 'NONE', *, *, #1645, .T. ) ;
#651 = ORIENTED_EDGE ( 'NONE', *, *, #5913, .F. ) ;
#652 = EDGE_CURVE ( 'NONE', #84, #6896, #1332, .T. ) ;
#653 = DIRECTION ( 'NONE',  ( -1.000000000000000000, 0.0000000000000000000, 0.0000000000000000000 ) ) ;
#654 = DIRECTION ( 'NONE',  ( -2.731847993664263200E-016, 0.0000000000000000000, -1.000000000000000000 ) ) ;
#655 = VECTOR ( 'NONE', #6652, 39.37007874015748100 ) ;
#656 = CARTESIAN_POINT ( 'NONE',  ( 0.1374999999999997100, 0.3299999999999999600, -0.06250000000000001400 ) ) ;
#657 = CARTESIAN_POINT ( 'NONE',  ( -0.1624999999999999800, 0.3299999999999999600, 0.06250000000000001400 ) ) ;
#658 = ORIENTED_EDGE ( 'NONE', *, *, #7630, .T. ) ;
#659 = EDGE_CURVE ( 'NONE', #3723, #2261, #4501, .T. ) ;
#660 = ORIENTED_EDGE ( 'NONE', *, *, #7802, .F. ) ;
#661 = ORIENTED_EDGE ( 'NONE', *, *, #9039, .T. ) ;
#662 = ORIENTED_EDGE ( 'NONE', *, *, #8892, .F. ) ;
#663 = ORIENTED_EDGE ( 'NONE', *, *, #9039, .F. ) ;
#664 = LINE ( 'NONE', #5338, #2059 ) ;
#665 = LINE ( 'NONE', #9600, #10083 ) ;
#666 = CARTESIAN_POINT ( 'NONE',  ( 0.1624999999999997000, -0.01499999999999997700, -0.06250000000000001400 ) ) ;
#667 = CARTESIAN_POINT ( 'NONE',  ( 0.4374999999999997200, 0.3128282661284084700, -0.03749999999999999900 ) ) ;
#668 = ORIENTED_EDGE ( 'NONE', *, *, #479, .F. ) ;
#669 = CARTESIAN_POINT ( 'NONE',  ( -0.4200000000000002100, 0.3499999999999999800, 0.1875000000000000300 ) ) ;
#670 = EDGE_CURVE ( 'NONE', #4294, #9, #11289, .T. ) ;
#671 = DIRECTION ( 'NONE',  ( 0.0000000000000000000, -0.0000000000000000000, -1.000000000000000000 ) ) ;
#672 = VERTEX_POINT ( 'NONE', #1890 ) ;
#673 = ORIENTED_EDGE ( 'NONE', *, *, #3347, .F. ) ;
#674 = VERTEX_POINT ( 'NONE', #7349 ) ;
#675 = ORIENTED_EDGE ( 'NONE', *, *, #6208, .T. ) ;
#676 = ORIENTED_EDGE ( 'NONE', *, *, #9901, .T. ) ;
#677 = VECTOR ( 'NONE', #2289, 39.37007874015748100 ) ;
#678 =( NAMED_UNIT ( * ) PLANE_ANGLE_UNIT ( ) SI_UNIT ( $, .RADIAN. ) );
#679 = VERTEX_POINT ( 'NONE', #3631 ) ;
#680 = EDGE_CURVE ( 'NONE', #6310, #9130, #2168, .T. ) ;
#681 = LINE ( 'NONE', #1414, #6649 ) ;
#682 = CARTESIAN_POINT ( 'NONE',  ( -0.2375000000000002900, 0.3128282661284084700, -0.03749999999999999900 ) ) ;
#683 = DIRECTION ( 'NONE',  ( 1.000000000000000000, 0.0000000000000000000, 0.0000000000000000000 ) ) ;
#684 = EDGE_LOOP ( 'NONE', ( #9648, #1518, #2513, #2671 ) ) ;
#685 = ADVANCED_FACE ( 'NONE', ( #2842 ), #8223, .F. ) ;
#686 = ORIENTED_EDGE ( 'NONE', *, *, #1711, .F. ) ;
#687 = ORIENTED_EDGE ( 'NONE', *, *, #1394, .F. ) ;
#688 = VERTEX_POINT ( 'NONE', #1026 ) ;
#689 = VECTOR ( 'NONE', #574, 39.37007874015748100 ) ;
#690 = CARTESIAN_POINT ( 'NONE',  ( -0.2374999999999999600, -0.1400000000000000100, 0.04375000000000003900 ) ) ;
#691 = EDGE_CURVE ( 'NONE', #9667, #6229, #5445, .T. ) ;
#692 = CARTESIAN_POINT ( 'NONE',  ( -0.3624999999999999300, 0.09999999999999992200, 0.03749999999999999900 ) ) ;
#693 = ADVANCED_FACE ( 'NONE', ( #10721 ), #100, .T. ) ;
#694 = DIRECTION ( 'NONE',  ( -0.0000000000000000000, 0.0000000000000000000, 1.000000000000000000 ) ) ;
#695 = ORIENTED_EDGE ( 'NONE', *, *, #10066, .T. ) ;
#696 = VERTEX_POINT ( 'NONE', #4508 ) ;
#697 = ORIENTED_EDGE ( 'NONE', *, *, #10932, .T. ) ;
#698 = AXIS2_PLACEMENT_3D ( 'NONE', #10795, #8956, #8065 ) ;
#699 = VECTOR ( 'NONE', #9148, 39.37007874015748100 ) ;
#700 = DIRECTION ( 'NONE',  ( -1.000000000000000000, 0.0000000000000000000, -0.0000000000000000000 ) ) ;
#701 = DIRECTION ( 'NONE',  ( -0.0000000000000000000, 1.000000000000000000, -0.0000000000000000000 ) ) ;
#702 = ORIENTED_EDGE ( 'NONE', *, *, #4505, .F. ) ;
#703 = LINE ( 'NONE', #5819, #1121 ) ;
#704 = AXIS2_PLACEMENT_3D ( 'NONE', #7820, #11256, #2531 ) ;
#705 = ORIENTED_EDGE ( 'NONE', *, *, #3024, .F. ) ;
#706 = DIRECTION ( 'NONE',  ( -1.000000000000000000, 0.0000000000000000000, 0.0000000000000000000 ) ) ;
#707 = ADVANCED_FACE ( 'NONE', ( #2701 ), #5500, .F. ) ;
#708 = CARTESIAN_POINT ( 'NONE',  ( -0.4500000000000002300, 0.2499999999999999200, 0.1825000000000000000 ) ) ;
#709 = LINE ( 'NONE', #1230, #10674 ) ;
#710 = SURFACE_STYLE_USAGE ( .BOTH. , #10389 ) ;
#711 = DIRECTION ( 'NONE',  ( 0.0000000000000000000, -1.000000000000000000, 0.0000000000000000000 ) ) ;
#712 = ORIENTED_EDGE ( 'NONE', *, *, #5735, .T. ) ;
#713 = VECTOR ( 'NONE', #8891, 39.37007874015748100 ) ;
#714 = CARTESIAN_POINT ( 'NONE',  ( 0.3375000000000000800, 0.0000000000000000000, 0.0000000000000000000 ) ) ;
#715 = EDGE_CURVE ( 'NONE', #7197, #2625, #9494, .T. ) ;
#716 = DIRECTION ( 'NONE',  ( 0.0000000000000000000, -1.000000000000000000, 0.0000000000000000000 ) ) ;
#717 = AXIS2_PLACEMENT_3D ( 'NONE', #7491, #2185, #6683 ) ;
#718 = ORIENTED_EDGE ( 'NONE', *, *, #4713, .T. ) ;
#719 = DIRECTION ( 'NONE',  ( 0.3236155771181856200, -0.8891264907159877100, 0.3236155771181856200 ) ) ;
#720 = COLOUR_RGB ( '',1.000000000000000000, 0.8117647058823529400, 0.5019607843137254800 ) ;
#721 = MECHANICAL_DESIGN_GEOMETRIC_PRESENTATION_REPRESENTATION (  '', ( #6672 ), #10282 ) ;
#722 = LINE ( 'NONE', #9025, #7652 ) ;
#723 = EDGE_CURVE ( 'NONE', #11315, #10900, #1608, .T. ) ;
#724 = FACE_OUTER_BOUND ( 'NONE', #4317, .T. ) ;
#725 = EDGE_CURVE ( 'NONE', #1777, #1851, #60, .T. ) ;
#726 = SURFACE_SIDE_STYLE ('',( #6223 ) ) ;
#727 = DIRECTION ( 'NONE',  ( -1.000000000000000000, 0.0000000000000000000, 0.0000000000000000000 ) ) ;
#728 = ORIENTED_EDGE ( 'NONE', *, *, #7650, .T. ) ;
#729 = PLANE ( 'NONE',  #5132 ) ;
#730 = DIRECTION ( 'NONE',  ( 0.3236155771181846200, -0.8891264907159883700, -0.3236155771181846200 ) ) ;
#731 = CARTESIAN_POINT ( 'NONE',  ( 0.3375000000000000800, -0.01499999999999997700, 0.06250000000000001400 ) ) ;
#732 = ORIENTED_EDGE ( 'NONE', *, *, #2465, .F. ) ;
#733 = VERTEX_POINT ( 'NONE', #7306 ) ;
#734 = EDGE_CURVE ( 'NONE', #2086, #9960, #3395, .T. ) ;
#736 = LINE ( 'NONE', #5172, #3923 ) ;
#735 = DIMENSIONAL_EXPONENTS ( 1.000000000000000000, 0.0000000000000000000, 0.0000000000000000000, 0.0000000000000000000, 0.0000000000000000000, 0.0000000000000000000, 0.0000000000000000000 ) ;
#737 = CARTESIAN_POINT ( 'NONE',  ( -0.3374999999999999700, 0.0000000000000000000, 0.0000000000000000000 ) ) ;
#738 = DIRECTION ( 'NONE',  ( 0.0000000000000000000, 0.0000000000000000000, -1.000000000000000000 ) ) ;
#739 = EDGE_CURVE ( 'NONE', #3154, #11227, #1479, .T. ) ;
#740 = CARTESIAN_POINT ( 'NONE',  ( 0.2374999999999996600, 0.3128282661284084700, -0.06250000000000001400 ) ) ;
#741 = VECTOR ( 'NONE', #6591, 39.37007874015748100 ) ;
#742 = ORIENTED_EDGE ( 'NONE', *, *, #11017, .F. ) ;
#743 = ADVANCED_FACE ( 'NONE', ( #6170 ), #1972, .T. ) ;
#744 = VECTOR ( 'NONE', #3801, 39.37007874015748100 ) ;
#745 = VECTOR ( 'NONE', #2877, 39.37007874015748100 ) ;
#746 = CARTESIAN_POINT ( 'NONE',  ( -0.0000000000000000000, 0.0000000000000000000, 0.03749999999999999900 ) ) ;
#747 = ADVANCED_FACE ( 'NONE', ( #4495 ), #8192, .T. ) ;
#748 = CARTESIAN_POINT ( 'NONE',  ( -0.4624999999999999700, 0.3299999999999999600, 0.06250000000000001400 ) ) ;
#749 = EDGE_CURVE ( 'NONE', #6810, #10958, #8655, .T. ) ;
#750 = DIRECTION ( 'NONE',  ( 0.3236155771181846200, -0.8891264907159883700, -0.3236155771181846200 ) ) ;
#751 = FACE_BOUND ( 'NONE', #7676, .T. ) ;
#752 = FACE_OUTER_BOUND ( 'NONE', #11014, .T. ) ;
#753 = FACE_OUTER_BOUND ( 'NONE', #5513, .T. ) ;
#754 = FACE_OUTER_BOUND ( 'NONE', #3695, .T. ) ;
#755 = AXIS2_PLACEMENT_3D ( 'NONE', #4029, #2139, #8329 ) ;
#756 = ADVANCED_FACE ( 'NONE', ( #4365 ), #10729, .T. ) ;
#757 = CARTESIAN_POINT ( 'NONE',  ( 0.3375000000000000800, 0.09999999999999992200, 0.03749999999999999900 ) ) ;
#758 = CARTESIAN_POINT ( 'NONE',  ( 0.0000000000000000000, 0.09999999999999996400, -0.06250000000000001400 ) ) ;
#759 = DIRECTION ( 'NONE',  ( 0.0000000000000000000, 0.0000000000000000000, -1.000000000000000000 ) ) ;
#760 = LINE ( 'NONE', #6876, #1035 ) ;
#761 = CARTESIAN_POINT ( 'NONE',  ( -0.4375000000000000000, -0.1228282661284085800, 0.06250000000000001400 ) ) ;
#762 = VECTOR ( 'NONE', #10101, 39.37007874015748100 ) ;
#763 = EDGE_CURVE ( 'NONE', #8536, #6071, #3940, .T. ) ;
#764 = ORIENTED_EDGE ( 'NONE', *, *, #7027, .F. ) ;
#765 = EDGE_LOOP ( 'NONE', ( #9071, #675, #7890, #1769 ) ) ;
#766 = CARTESIAN_POINT ( 'NONE',  ( -0.04011817604383836200, 0.3200216456890114800, 0.04011817604383839700 ) ) ;
#767 = LINE ( 'NONE', #6129, #10867 ) ;
#768 = EDGE_LOOP ( 'NONE', ( #9969, #9669, #11344, #8417 ) ) ;
#769 = STYLED_ITEM ( 'NONE', ( #2275 ), #11230 ) ;
#770 = FACE_OUTER_BOUND ( 'NONE', #3570, .T. ) ;
#771 = EDGE_CURVE ( 'NONE', #9, #5389, #10714, .T. ) ;
#772 = LINE ( 'NONE', #5873, #9079 ) ;
#773 = DIRECTION ( 'NONE',  ( 0.0000000000000000000, -1.000000000000000000, 0.0000000000000000000 ) ) ;
#774 = ORIENTED_EDGE ( 'NONE', *, *, #1944, .F. ) ;
#775 = LINE ( 'NONE', #11383, #4375 ) ;
#776 = DIRECTION ( 'NONE',  ( 1.000000000000000000, 0.0000000000000000000, 0.0000000000000000000 ) ) ;
#777 = EDGE_LOOP ( 'NONE', ( #4012, #8679, #9775, #5083 ) ) ;
#778 = PLANE ( 'NONE',  #3445 ) ;
#779 = EDGE_LOOP ( 'NONE', ( #3148, #3852, #9038, #9552 ) ) ;
#780 = ORIENTED_EDGE ( 'NONE', *, *, #10694, .F. ) ;
#781 = VERTEX_POINT ( 'NONE', #6573 ) ;
#782 = CARTESIAN_POINT ( 'NONE',  ( 0.5249999999999996900, 0.3499999999999999800, -0.1350000000000000600 ) ) ;
#783 = DIRECTION ( 'NONE',  ( -1.000000000000000000, 0.0000000000000000000, 0.0000000000000000000 ) ) ;
#784 = VECTOR ( 'NONE', #9879, 39.37007874015748100 ) ;
#785 = CARTESIAN_POINT ( 'NONE',  ( 0.03749999999999973500, -0.1228282661284085800, -0.06250000000000001400 ) ) ;
#786 = VECTOR ( 'NONE', #3166, 39.37007874015748100 ) ;
#787 = DIRECTION ( 'NONE',  ( 0.0000000000000000000, -0.0000000000000000000, 1.000000000000000000 ) ) ;
#788 = ORIENTED_EDGE ( 'NONE', *, *, #4086, .T. ) ;
#789 = CARTESIAN_POINT ( 'NONE',  ( -0.2374999999999999600, 0.09999999999999992200, 0.03749999999999999900 ) ) ;
#790 = ORIENTED_EDGE ( 'NONE', *, *, #4212, .F. ) ;
#791 = LINE ( 'NONE', #5008, #2601 ) ;
#792 = EDGE_LOOP ( 'NONE', ( #8736, #9577, #10177, #3021 ) ) ;
#793 = ORIENTED_EDGE ( 'NONE', *, *, #8820, .T. ) ;
#794 = CARTESIAN_POINT ( 'NONE',  ( -0.4625000000000003000, -0.01499999999999997700, -0.06250000000000001400 ) ) ;
#795 = DIMENSIONAL_EXPONENTS ( 1.000000000000000000, 0.0000000000000000000, 0.0000000000000000000, 0.0000000000000000000, 0.0000000000000000000, 0.0000000000000000000, 0.0000000000000000000 ) ;
#796 = EDGE_CURVE ( 'NONE', #10553, #7024, #2018, .T. ) ;
#797 = AXIS2_PLACEMENT_3D ( 'NONE', #9590, #5113, #3464 ) ;
#798 = VECTOR ( 'NONE', #5070, 39.37007874015748100 ) ;
#799 = CARTESIAN_POINT ( 'NONE',  ( -0.1624999999999999800, -0.1228282661284084400, 0.06250000000000001400 ) ) ;
#800 = ORIENTED_EDGE ( 'NONE', *, *, #11238, .F. ) ;
#801 = ORIENTED_EDGE ( 'NONE', *, *, #270, .F. ) ;
#802 = EDGE_CURVE ( 'NONE', #5901, #4118, #3800, .T. ) ;
#803 = ORIENTED_EDGE ( 'NONE', *, *, #3461, .T. ) ;
#804 = DIRECTION ( 'NONE',  ( 0.3236155771181856200, -0.8891264907159877100, 0.3236155771181856200 ) ) ;
#805 = VERTEX_POINT ( 'NONE', #4763 ) ;
#806 = CARTESIAN_POINT ( 'NONE',  ( 0.3437499999999997200, -0.1400000000000000100, -0.04375000000000003900 ) ) ;
#807 = DIRECTION ( 'NONE',  ( 1.000000000000000000, 0.0000000000000000000, 0.0000000000000000000 ) ) ;
#808 = ADVANCED_FACE ( 'NONE', ( #8798 ), #4697, .F. ) ;
#809 = LINE ( 'NONE', #10727, #3577 ) ;
#810 = CARTESIAN_POINT ( 'NONE',  ( -0.4625000000000003000, -4.268512490100411300E-018, -0.03749999999999999900 ) ) ;
#811 = EDGE_CURVE ( 'NONE', #5921, #8704, #6025, .T. ) ;
#812 = MECHANICAL_DESIGN_GEOMETRIC_PRESENTATION_REPRESENTATION (  '', ( #5936 ), #5540 ) ;
#813 = EDGE_LOOP ( 'NONE', ( #11027, #95, #3830, #7390 ) ) ;
#814 = CARTESIAN_POINT ( 'NONE',  ( -0.06249999999999995100, -0.1228282661284085800, 0.03749999999999999900 ) ) ;
#815 = ORIENTED_EDGE ( 'NONE', *, *, #6082, .F. ) ;
#816 = VERTEX_POINT ( 'NONE', #3012 ) ;
#817 = VERTEX_POINT ( 'NONE', #5665 ) ;
#818 = ORIENTED_EDGE ( 'NONE', *, *, #6104, .T. ) ;
#819 = VECTOR ( 'NONE', #2104, 39.37007874015748100 ) ;
#820 = ADVANCED_FACE ( 'NONE', ( #8378 ), #8428, .F. ) ;
#821 = DIRECTION ( 'NONE',  ( 0.0000000000000000000, -1.000000000000000000, 0.0000000000000000000 ) ) ;
#822 = VERTEX_POINT ( 'NONE', #8383 ) ;
#823 = LINE ( 'NONE', #8126, #1679 ) ;
#824 = DIRECTION ( 'NONE',  ( 0.0000000000000000000, 0.0000000000000000000, 1.000000000000000000 ) ) ;
#825 = PLANE ( 'NONE',  #10032 ) ;
#826 = DIRECTION ( 'NONE',  ( 0.0000000000000000000, -0.0000000000000000000, 1.000000000000000000 ) ) ;
#827 = DIRECTION ( 'NONE',  ( 1.000000000000000000, 0.0000000000000000000, 0.0000000000000000000 ) ) ;
#828 = ORIENTED_EDGE ( 'NONE', *, *, #8343, .F. ) ;
#829 = ORIENTED_EDGE ( 'NONE', *, *, #2664, .T. ) ;
#830 = DIRECTION ( 'NONE',  ( 0.3236155771181846200, -0.8891264907159883700, 0.3236155771181846200 ) ) ;
#831 = EDGE_LOOP ( 'NONE', ( #10014, #4786, #3430, #7429, #4397, #4969, #11440, #5669, #3643, #1380 ) ) ;
#832 = CARTESIAN_POINT ( 'NONE',  ( 0.5249999999999996900, 0.3499999999999999800, -0.1825000000000000000 ) ) ;
#833 = VECTOR ( 'NONE', #1498, 39.37007874015748100 ) ;
#834 = EDGE_CURVE ( 'NONE', #5629, #6147, #5036, .T. ) ;
#835 = MECHANICAL_DESIGN_GEOMETRIC_PRESENTATION_REPRESENTATION (  '', ( #7431 ), #8172 ) ;
#836 = DIRECTION ( 'NONE',  ( 0.0000000000000000000, 0.0000000000000000000, 1.000000000000000000 ) ) ;
#837 = LINE ( 'NONE', #3487, #3736 ) ;
#838 = PLANE ( 'NONE',  #10544 ) ;
#839 = VERTEX_POINT ( 'NONE', #10007 ) ;
#840 = ORIENTED_EDGE ( 'NONE', *, *, #3793, .T. ) ;
#841 = EDGE_LOOP ( 'NONE', ( #6616, #4769, #1091, #9150 ) ) ;
#842 = VECTOR ( 'NONE', #5439, 39.37007874015748100 ) ;
#843 = ORIENTED_EDGE ( 'NONE', *, *, #8343, .T. ) ;
#844 = LINE ( 'NONE', #551, #10404 ) ;
#845 = CARTESIAN_POINT ( 'NONE',  ( -0.5249999999999995800, -2.388061258337336500E-017, 0.06499999999999991900 ) ) ;
#846 = CARTESIAN_POINT ( 'NONE',  ( -0.2562500000000002600, 0.3299999999999999600, -0.03749999999999999900 ) ) ;
#847 = VERTEX_POINT ( 'NONE', #10129 ) ;
#848 = LINE ( 'NONE', #10855, #570 ) ;
#849 = PLANE ( 'NONE',  #6639 ) ;
#850 = AXIS2_PLACEMENT_3D ( 'NONE', #4624, #6509, #3748 ) ;
#851 = CARTESIAN_POINT ( 'NONE',  ( -0.5250000000000003600, 0.09999999999999996400, 0.1324999999999999500 ) ) ;
#852 = CARTESIAN_POINT ( 'NONE',  ( -0.1625000000000003100, 0.3128282661284084700, -0.06250000000000001400 ) ) ;
#853 = CARTESIAN_POINT ( 'NONE',  ( 0.1401181760438384400, 0.3200216456890114800, 0.04011817604383839700 ) ) ;
#854 = DIRECTION ( 'NONE',  ( 0.0000000000000000000, -1.000000000000000000, 0.0000000000000000000 ) ) ;
#855 = LINE ( 'NONE', #6168, #7659 ) ;
#856 = CARTESIAN_POINT ( 'NONE',  ( -0.5424999999999994300, 0.3499999999999999800, -0.1350000000000000600 ) ) ;
#857 = ORIENTED_EDGE ( 'NONE', *, *, #3853, .F. ) ;
#858 = EDGE_CURVE ( 'NONE', #7046, #9827, #8524, .T. ) ;
#859 = CARTESIAN_POINT ( 'NONE',  ( -0.03750000000000028300, 0.3128282661284084700, -0.06250000000000001400 ) ) ;
#860 = MECHANICAL_DESIGN_GEOMETRIC_PRESENTATION_REPRESENTATION (  '', ( #9904 ), #5365 ) ;
#861 = DIRECTION ( 'NONE',  ( 1.000000000000000000, 0.0000000000000000000, 0.0000000000000000000 ) ) ;
#862 = ADVANCED_FACE ( 'NONE', ( #10172 ), #3902, .T. ) ;
#863 = CARTESIAN_POINT ( 'NONE',  ( -0.06250000000000029100, -0.01499999999999997700, -0.03749999999999999900 ) ) ;
#864 = PLANE ( 'NONE',  #10761 ) ;
#865 = ORIENTED_EDGE ( 'NONE', *, *, #10717, .T. ) ;
#866 = DIRECTION ( 'NONE',  ( 0.0000000000000000000, -1.000000000000000000, 0.0000000000000000000 ) ) ;
#867 = VECTOR ( 'NONE', #11164, 39.37007874015748100 ) ;
#868 = EDGE_CURVE ( 'NONE', #6229, #9388, #1321, .T. ) ;
#869 = ORIENTED_EDGE ( 'NONE', *, *, #111, .T. ) ;
#870 = COLOUR_RGB ( '',0.2509803921568627400, 0.2509803921568627400, 0.2509803921568627400 ) ;
#871 = ADVANCED_FACE ( 'NONE', ( #6870 ), #2249, .T. ) ;
#872 = EDGE_CURVE ( 'NONE', #4136, #4665, #1176, .T. ) ;
#873 = DIRECTION ( 'NONE',  ( 0.0000000000000000000, -0.3420201433256698200, -0.9396926207859079800 ) ) ;
#874 = DIRECTION ( 'NONE',  ( -1.000000000000000000, 0.0000000000000000000, -0.0000000000000000000 ) ) ;
#875 = VECTOR ( 'NONE', #8208, 39.37007874015748100 ) ;
#876 = FACE_BOUND ( 'NONE', #529, .T. ) ;
#877 = ORIENTED_EDGE ( 'NONE', *, *, #6966, .T. ) ;
#878 = CARTESIAN_POINT ( 'NONE',  ( 0.1625000000000000300, 0.3128282661284084700, 0.06250000000000001400 ) ) ;
#879 = DIRECTION ( 'NONE',  ( -1.000000000000000000, 0.0000000000000000000, -0.0000000000000000000 ) ) ;
#880 = EDGE_CURVE ( 'NONE', #4928, #2362, #10451, .T. ) ;
#881 = LINE ( 'NONE', #6680, #6010 ) ;
#882 = VECTOR ( 'NONE', #6724, 39.37007874015748100 ) ;
#883 = FACE_OUTER_BOUND ( 'NONE', #8508, .T. ) ;
#884 = PLANE ( 'NONE',  #5204 ) ;
#885 = PLANE ( 'NONE',  #2885 ) ;
#886 = DIRECTION ( 'NONE',  ( 1.000000000000000000, 0.0000000000000000000, 0.0000000000000000000 ) ) ;
#887 = EDGE_CURVE ( 'NONE', #4261, #3301, #8238, .T. ) ;
#888 = CARTESIAN_POINT ( 'NONE',  ( -0.03750000000000028300, -0.1400000000000000100, -0.05624999999999997400 ) ) ;
#889 = CARTESIAN_POINT ( 'NONE',  ( -0.2625000000000002900, 0.3128282661284084700, -0.06250000000000001400 ) ) ;
#890 = AXIS2_PLACEMENT_3D ( 'NONE', #8569, #1551, #7719 ) ;
#891 = DIRECTION ( 'NONE',  ( -0.0000000000000000000, 1.000000000000000000, -0.0000000000000000000 ) ) ;
#892 = VECTOR ( 'NONE', #10459, 39.37007874015748100 ) ;
#893 = LINE ( 'NONE', #10030, #9760 ) ;
#894 = CARTESIAN_POINT ( 'NONE',  ( 0.2562500000000000300, 0.3299999999999999600, 0.03749999999999999900 ) ) ;
#895 = VECTOR ( 'NONE', #8094, 39.37007874015748100 ) ;
#896 = LINE ( 'NONE', #4017, #1879 ) ;
#897 = EDGE_CURVE ( 'NONE', #7636, #3977, #5301, .T. ) ;
#898 = DIRECTION ( 'NONE',  ( 0.0000000000000000000, 0.0000000000000000000, -1.000000000000000000 ) ) ;
#899 = CARTESIAN_POINT ( 'NONE',  ( -0.5250000000000002400, 0.3499999999999999800, -0.1825000000000000000 ) ) ;
#900 = LINE ( 'NONE', #6188, #11446 ) ;
#901 = LINE ( 'NONE', #10349, #5582 ) ;
#902 = FACE_OUTER_BOUND ( 'NONE', #2070, .T. ) ;
#903 = AXIS2_PLACEMENT_3D ( 'NONE', #2659, #10508, #10613 ) ;
#904 = ORIENTED_EDGE ( 'NONE', *, *, #1475, .T. ) ;
#905 = COLOUR_RGB ( '',1.000000000000000000, 0.8117647058823529400, 0.5019607843137254800 ) ;
#906 = ORIENTED_EDGE ( 'NONE', *, *, #739, .T. ) ;
#907 = ORIENTED_EDGE ( 'NONE', *, *, #488, .F. ) ;
#908 = EDGE_LOOP ( 'NONE', ( #10499, #97, #487, #5849 ) ) ;
#909 = DIRECTION ( 'NONE',  ( 1.000000000000000000, 0.0000000000000000000, 0.0000000000000000000 ) ) ;
#910 = DIRECTION ( 'NONE',  ( -1.000000000000000000, 0.0000000000000000000, -0.0000000000000000000 ) ) ;
#911 = VECTOR ( 'NONE', #8911, 39.37007874015748100 ) ;
#912 = LINE ( 'NONE', #5233, #1628 ) ;
#913 = ADVANCED_FACE ( 'NONE', ( #10321 ), #1473, .T. ) ;
#914 = LINE ( 'NONE', #11118, #7033 ) ;
#915 = DIRECTION ( 'NONE',  ( 0.0000000000000000000, -4.097771990496394300E-016, 1.000000000000000000 ) ) ;
#916 = ORIENTED_EDGE ( 'NONE', *, *, #4788, .T. ) ;
#917 = VECTOR ( 'NONE', #10850, 39.37007874015748100 ) ;
#918 = ORIENTED_EDGE ( 'NONE', *, *, #2017, .F. ) ;
#919 = VERTEX_POINT ( 'NONE', #7697 ) ;
#920 = DIRECTION ( 'NONE',  ( 0.3236155771181856200, 0.8891264907159877100, 0.3236155771181856200 ) ) ;
#921 = EDGE_CURVE ( 'NONE', #5635, #6084, #7962, .T. ) ;
#922 = FACE_OUTER_BOUND ( 'NONE', #9668, .T. ) ;
#923 = DIRECTION ( 'NONE',  ( 1.000000000000000000, 0.0000000000000000000, 0.0000000000000000000 ) ) ;
#924 = ADVANCED_FACE ( 'NONE', ( #11283 ), #3169, .T. ) ;
#925 = AXIS2_PLACEMENT_3D ( 'NONE', #10654, #7943, #938 ) ;
#926 = PLANE ( 'NONE',  #1669 ) ;
#927 = CARTESIAN_POINT ( 'NONE',  ( 0.5150000000000000100, 0.0000000000000000000, -0.1149999999999999900 ) ) ;
#928 = CARTESIAN_POINT ( 'NONE',  ( -0.03749999999999994300, 0.3128282661284084700, 0.03749999999999999900 ) ) ;
#929 = ORIENTED_EDGE ( 'NONE', *, *, #7078, .F. ) ;
#930 = ORIENTED_EDGE ( 'NONE', *, *, #8293, .F. ) ;
#931 = VERTEX_POINT ( 'NONE', #4137 ) ;
#932 = EDGE_LOOP ( 'NONE', ( #5933, #1780, #2628, #7041 ) ) ;
#933 = EDGE_LOOP ( 'NONE', ( #5605, #2903, #2754, #9281, #5316, #8983, #4473, #1250 ) ) ;
#934 = DIRECTION ( 'NONE',  ( 0.0000000000000000000, -0.0000000000000000000, 1.000000000000000000 ) ) ;
#935 = ORIENTED_EDGE ( 'NONE', *, *, #5154, .T. ) ;
#936 = FACE_OUTER_BOUND ( 'NONE', #11039, .T. ) ;
#937 = AXIS2_PLACEMENT_3D ( 'NONE', #10367, #7628, #8548 ) ;
#938 = DIRECTION ( 'NONE',  ( 1.000000000000000000, 0.0000000000000000000, 0.0000000000000000000 ) ) ;
#939 = UNCERTAINTY_MEASURE_WITH_UNIT (LENGTH_MEASURE( 1.000000000000000100E-005 ), #1197, 'distance_accuracy_value', 'NONE');
#940 = DIRECTION ( 'NONE',  ( 0.0000000000000000000, 0.0000000000000000000, -1.000000000000000000 ) ) ;
#941 = VECTOR ( 'NONE', #8042, 39.37007874015748100 ) ;
#942 = PLANE ( 'NONE',  #9720 ) ;
#943 = PLANE ( 'NONE',  #9605 ) ;
#944 = ORIENTED_EDGE ( 'NONE', *, *, #1624, .T. ) ;
#945 = CARTESIAN_POINT ( 'NONE',  ( 0.3625000000000001000, 0.3299999999999999600, 0.03749999999999999900 ) ) ;
#946 = PLANE ( 'NONE',  #10401 ) ;
#947 = VERTEX_POINT ( 'NONE', #2277 ) ;
#948 = EDGE_CURVE ( 'NONE', #4210, #2204, #6587, .T. ) ;
#949 = EDGE_LOOP ( 'NONE', ( #9608, #2242, #4688, #7102 ) ) ;
#950 = ORIENTED_EDGE ( 'NONE', *, *, #2950, .T. ) ;
#951 = ORIENTED_EDGE ( 'NONE', *, *, #10483, .F. ) ;
#952 = ORIENTED_EDGE ( 'NONE', *, *, #7149, .T. ) ;
#953 = FACE_OUTER_BOUND ( 'NONE', #2739, .T. ) ;
#954 = EDGE_LOOP ( 'NONE', ( #4445, #877, #10354, #2392 ) ) ;
#955 = LINE ( 'NONE', #6117, #8435 ) ;
#956 = EDGE_CURVE ( 'NONE', #7116, #10487, #896, .T. ) ;
#957 = PLANE ( 'NONE',  #2398 ) ;
#958 = ORIENTED_EDGE ( 'NONE', *, *, #3629, .T. ) ;
#959 = VERTEX_POINT ( 'NONE', #566 ) ;
#960 = ORIENTED_EDGE ( 'NONE', *, *, #6737, .T. ) ;
#961 = ORIENTED_EDGE ( 'NONE', *, *, #8450, .T. ) ;
#962 = FACE_OUTER_BOUND ( 'NONE', #6655, .T. ) ;
#963 = DIRECTION ( 'NONE',  ( 1.000000000000000000, 0.0000000000000000000, 0.0000000000000000000 ) ) ;
#964 = EDGE_CURVE ( 'NONE', #1403, #5763, #8934, .T. ) ;
#965 = COLOUR_RGB ( '',1.000000000000000000, 0.8117647058823529400, 0.5019607843137254800 ) ;
#966 = CARTESIAN_POINT ( 'NONE',  ( -0.2401181760438387300, 0.3200216456890114800, -0.04011817604383839700 ) ) ;
#967 = DIRECTION ( 'NONE',  ( 0.0000000000000000000, -0.3420201433256698200, -0.9396926207859079800 ) ) ;
#968 = ORIENTED_EDGE ( 'NONE', *, *, #1317, .T. ) ;
#969 = ORIENTED_EDGE ( 'NONE', *, *, #641, .F. ) ;
#970 = PLANE ( 'NONE',  #10949 ) ;
#971 = ORIENTED_EDGE ( 'NONE', *, *, #3615, .T. ) ;
#972 = DIRECTION ( 'NONE',  ( 0.0000000000000000000, 0.0000000000000000000, -1.000000000000000000 ) ) ;
#973 = VECTOR ( 'NONE', #8183, 39.37007874015748100 ) ;
#974 = CARTESIAN_POINT ( 'NONE',  ( 0.03750000000000007500, 0.3299999999999999600, 0.06250000000000001400 ) ) ;
#975 = SURFACE_SIDE_STYLE ('',( #10055 ) ) ;
#976 = VECTOR ( 'NONE', #3642, 39.37007874015748100 ) ;
#977 = CARTESIAN_POINT ( 'NONE',  ( -0.06249999999999995100, -0.1228282661284085800, 0.06250000000000001400 ) ) ;
#978 = CARTESIAN_POINT ( 'NONE',  ( 0.2374999999999996600, -0.1228282661284085800, -0.03749999999999999900 ) ) ;
#979 = CARTESIAN_POINT ( 'NONE',  ( -0.2401181760438383900, 0.3200216456890114800, 0.05988182395616160900 ) ) ;
#980 = CARTESIAN_POINT ( 'NONE',  ( -0.2624999999999999600, -0.1228282661284085800, 0.06250000000000001400 ) ) ;
#981 = ADVANCED_FACE ( 'NONE', ( #8097 ), #7660, .F. ) ;
#982 = PLANE ( 'NONE',  #2520 ) ;
#983 = ORIENTED_EDGE ( 'NONE', *, *, #2389, .F. ) ;
#984 = EDGE_LOOP ( 'NONE', ( #3369, #5898, #7477, #9442 ) ) ;
#985 = DIRECTION ( 'NONE',  ( -0.0000000000000000000, 1.000000000000000000, -0.0000000000000000000 ) ) ;
#986 = AXIS2_PLACEMENT_3D ( 'NONE', #5156, #759, #1680 ) ;
#987 = PLANE ( 'NONE',  #4037 ) ;
#988 = PLANE ( 'NONE',  #8882 ) ;
#989 = CARTESIAN_POINT ( 'NONE',  ( -0.4375000000000000000, -0.01499999999999997700, 0.06250000000000001400 ) ) ;
#990 = ORIENTED_EDGE ( 'NONE', *, *, #8770, .F. ) ;
#991 = LINE ( 'NONE', #10934, #8049 ) ;
#992 = ADVANCED_FACE ( 'NONE', ( #5736 ), #8582, .T. ) ;
#993 = EDGE_CURVE ( 'NONE', #816, #5353, #10040, .T. ) ;
#994 = VECTOR ( 'NONE', #10791, 39.37007874015748100 ) ;
#995 = CARTESIAN_POINT ( 'NONE',  ( -0.1562500000000002800, 0.3299999999999999600, -0.04375000000000003900 ) ) ;
#996 = CARTESIAN_POINT ( 'NONE',  ( 0.2624999999999996800, 0.3128282661284084700, -0.03749999999999999900 ) ) ;
#997 = LINE ( 'NONE', #1042, #10135 ) ;
#998 = DIRECTION ( 'NONE',  ( -1.000000000000000000, 0.0000000000000000000, -0.0000000000000000000 ) ) ;
#999 = STYLED_ITEM ( 'NONE', ( #11148 ), #9863 ) ;
#1000 = EDGE_CURVE ( 'NONE', #10762, #3885, #9765, .T. ) ;
#1001 = CARTESIAN_POINT ( 'NONE',  ( 0.1375000000000000400, 0.3128282661284084700, 0.06250000000000001400 ) ) ;
#1002 = VECTOR ( 'NONE', #10247, 39.37007874015748100 ) ;
#1003 = DIRECTION ( 'NONE',  ( 0.0000000000000000000, -1.000000000000000000, 0.0000000000000000000 ) ) ;
#1004 = ORIENTED_EDGE ( 'NONE', *, *, #6944, .T. ) ;
#1005 = VECTOR ( 'NONE', #6565, 39.37007874015748100 ) ;
#1006 = AXIS2_PLACEMENT_3D ( 'NONE', #1945, #10893, #2943 ) ;
#1007 = DIRECTION ( 'NONE',  ( 0.3236155771181856200, 0.8891264907159877100, 0.3236155771181856200 ) ) ;
#1008 = SURFACE_SIDE_STYLE ('',( #1710 ) ) ;
#1009 = VERTEX_POINT ( 'NONE', #4089 ) ;
#1010 = ORIENTED_EDGE ( 'NONE', *, *, #3119, .T. ) ;
#1011 = DIRECTION ( 'NONE',  ( -0.0000000000000000000, 1.000000000000000000, -0.0000000000000000000 ) ) ;
#1012 = LINE ( 'NONE', #8578, #9333 ) ;
#1013 = EDGE_CURVE ( 'NONE', #4056, #9829, #1030, .T. ) ;
#1014 = DIRECTION ( 'NONE',  ( -1.000000000000000000, -0.0000000000000000000, -0.0000000000000000000 ) ) ;
#1015 = DIRECTION ( 'NONE',  ( 0.0000000000000000000, 0.0000000000000000000, -1.000000000000000000 ) ) ;
#1016 = LINE ( 'NONE', #2817, #4606 ) ;
#1017 = EDGE_LOOP ( 'NONE', ( #10500, #9144, #3269, #7771 ) ) ;
#1018 = EDGE_CURVE ( 'NONE', #7597, #6782, #10311, .T. ) ;
#1019 = VECTOR ( 'NONE', #5662, 39.37007874015748100 ) ;
#1020 = VECTOR ( 'NONE', #3682, 39.37007874015748100 ) ;
#1021 = EDGE_CURVE ( 'NONE', #8570, #10397, #4750, .T. ) ;
#1022 = CARTESIAN_POINT ( 'NONE',  ( -0.5250000000000002400, 0.3499999999999999800, -0.1674999999999999800 ) ) ;
#1023 = AXIS2_PLACEMENT_3D ( 'NONE', #4242, #7775, #636 ) ;
#1024 = DIRECTION ( 'NONE',  ( 0.9396926207859085400, 0.3420201433256686000, 0.0000000000000000000 ) ) ;
#1025 = LINE ( 'NONE', #8291, #4614 ) ;
#1026 = CARTESIAN_POINT ( 'NONE',  ( -0.2375000000000002900, -4.268512490100411300E-018, -0.03749999999999999900 ) ) ;
#1027 = LINE ( 'NONE', #814, #1605 ) ;
#1029 = ADVANCED_FACE ( 'NONE', ( #883 ), #476, .F. ) ;
#1028 = FACE_OUTER_BOUND ( 'NONE', #5462, .T. ) ;
#1030 = LINE ( 'NONE', #6851, #8516 ) ;
#1031 = CARTESIAN_POINT ( 'NONE',  ( 0.2624999999999996800, 0.0000000000000000000, 0.0000000000000000000 ) ) ;
#1032 = CARTESIAN_POINT ( 'NONE',  ( -0.3562500000000002900, 0.3299999999999999600, -0.03749999999999999900 ) ) ;
#1033 = EDGE_CURVE ( 'NONE', #3504, #558, #11415, .T. ) ;
#1034 = DIRECTION ( 'NONE',  ( 1.000000000000000000, 0.0000000000000000000, 0.0000000000000000000 ) ) ;
#1035 = VECTOR ( 'NONE', #9548, 39.37007874015748100 ) ;
#1036 = PRESENTATION_STYLE_ASSIGNMENT (( #3760 ) ) ;
#1037 = DIRECTION ( 'NONE',  ( 1.000000000000000000, 0.0000000000000000000, 0.0000000000000000000 ) ) ;
#1038 = ADVANCED_FACE ( 'NONE', ( #2010 ), #526, .T. ) ;
#1039 = CARTESIAN_POINT ( 'NONE',  ( 0.4374999999999997200, 0.3299999999999999600, -0.05624999999999997400 ) ) ;
#1040 = EDGE_CURVE ( 'NONE', #8549, #8131, #8925, .T. ) ;
#1041 = ORIENTED_EDGE ( 'NONE', *, *, #1110, .T. ) ;
#1042 = CARTESIAN_POINT ( 'NONE',  ( -0.04011817604383870200, -0.1300216456890116200, -0.05988182395616160200 ) ) ;
#1043 = ORIENTED_EDGE ( 'NONE', *, *, #7058, .T. ) ;
#1044 = FILL_AREA_STYLE_COLOUR ( '', #9911 ) ;
#1045 = FILL_AREA_STYLE ('',( #2717 ) ) ;
#1046 = ORIENTED_EDGE ( 'NONE', *, *, #5748, .F. ) ;
#1047 = CARTESIAN_POINT ( 'NONE',  ( -0.4562500000000002700, 0.3299999999999999600, -0.04375000000000003900 ) ) ;
#1048 = FACE_OUTER_BOUND ( 'NONE', #10222, .T. ) ;
#1049 = EDGE_LOOP ( 'NONE', ( #4461, #4561, #8388, #7300 ) ) ;
#1050 = CARTESIAN_POINT ( 'NONE',  ( 0.5249999999999995800, 0.0000000000000000000, -0.06499999999999996100 ) ) ;
#1051 = CARTESIAN_POINT ( 'NONE',  ( 0.1375000000000000400, 0.3299999999999999600, 0.04375000000000003900 ) ) ;
#1052 = CARTESIAN_POINT ( 'NONE',  ( -0.0000000000000000000, 0.0000000000000000000, -0.03749999999999999900 ) ) ;
#1053 = LINE ( 'NONE', #9417, #9231 ) ;
#1054 =( NAMED_UNIT ( * ) PLANE_ANGLE_UNIT ( ) SI_UNIT ( $, .RADIAN. ) );
#1055 = VECTOR ( 'NONE', #7687, 39.37007874015748100 ) ;
#1056 = ORIENTED_EDGE ( 'NONE', *, *, #10493, .T. ) ;
#1057 = PLANE ( 'NONE',  #8506 ) ;
#1058 = ORIENTED_EDGE ( 'NONE', *, *, #10277, .T. ) ;
#1059 = VERTEX_POINT ( 'NONE', #6889 ) ;
#1060 = ORIENTED_EDGE ( 'NONE', *, *, #5854, .T. ) ;
#1061 = LINE ( 'NONE', #2425, #2736 ) ;
#1062 = LINE ( 'NONE', #3057, #10059 ) ;
#1063 = VERTEX_POINT ( 'NONE', #10281 ) ;
#1064 = VECTOR ( 'NONE', #9257, 39.37007874015748100 ) ;
#1065 = ORIENTED_EDGE ( 'NONE', *, *, #161, .F. ) ;
#1066 = ORIENTED_EDGE ( 'NONE', *, *, #1782, .F. ) ;
#1067 = CARTESIAN_POINT ( 'NONE',  ( -0.3624999999999999300, -0.01499999999999997700, 0.03749999999999999900 ) ) ;
#1068 = VECTOR ( 'NONE', #2314, 39.37007874015748100 ) ;
#1069 = DIRECTION ( 'NONE',  ( 1.000000000000000000, 0.0000000000000000000, 0.0000000000000000000 ) ) ;
#1070 = CIRCLE ( 'NONE', #903, 0.01499999999999997700 ) ;
#1071 = AXIS2_PLACEMENT_3D ( 'NONE', #4458, #7977, #8878 ) ;
#1072 = DIRECTION ( 'NONE',  ( 1.000000000000000000, 0.0000000000000000000, 0.0000000000000000000 ) ) ;
#1073 = VERTEX_POINT ( 'NONE', #6108 ) ;
#1074 = CARTESIAN_POINT ( 'NONE',  ( -0.1625000000000003100, -0.01499999999999997700, -0.06250000000000001400 ) ) ;
#1075 = ORIENTED_EDGE ( 'NONE', *, *, #2799, .T. ) ;
#1076 = EDGE_LOOP ( 'NONE', ( #8870, #1357, #3452, #509, #8823, #4944, #10145, #6774 ) ) ;
#1077 = ORIENTED_EDGE ( 'NONE', *, *, #8757, .F. ) ;
#1078 = VERTEX_POINT ( 'NONE', #5119 ) ;
#1079 = VECTOR ( 'NONE', #5191, 39.37007874015748100 ) ;
#1080 = EDGE_CURVE ( 'NONE', #8154, #1113, #612, .T. ) ;
#1081 = PLANE ( 'NONE',  #850 ) ;
#1082 = DIRECTION ( 'NONE',  ( 1.000000000000000000, 0.0000000000000000000, 0.0000000000000000000 ) ) ;
#1083 = UNCERTAINTY_MEASURE_WITH_UNIT (LENGTH_MEASURE( 1.000000000000000100E-005 ), #9181, 'distance_accuracy_value', 'NONE');
#1084 = DIRECTION ( 'NONE',  ( -0.0000000000000000000, 1.000000000000000000, -0.0000000000000000000 ) ) ;
#1085 = VECTOR ( 'NONE', #3802, 39.37007874015748100 ) ;
#1086 = DIRECTION ( 'NONE',  ( -1.000000000000000000, 0.0000000000000000000, 0.0000000000000000000 ) ) ;
#1087 = PLANE ( 'NONE',  #3659 ) ;
#1088 = CARTESIAN_POINT ( 'NONE',  ( 0.1374999999999997100, -0.01499999999999997700, -0.06250000000000001400 ) ) ;
#1089 = DIRECTION ( 'NONE',  ( 0.0000000000000000000, 0.0000000000000000000, -1.000000000000000000 ) ) ;
#1090 = EDGE_LOOP ( 'NONE', ( #7896, #3841, #10569 ) ) ;
#1091 = ORIENTED_EDGE ( 'NONE', *, *, #1900, .T. ) ;
#1092 = CARTESIAN_POINT ( 'NONE',  ( -0.5249999999999994700, 0.09999999999999996400, -0.1175000000000000500 ) ) ;
#1093 = EDGE_CURVE ( 'NONE', #4261, #3154, #7953, .T. ) ;
#1094 = ORIENTED_EDGE ( 'NONE', *, *, #9719, .T. ) ;
#1095 = VERTEX_POINT ( 'NONE', #7919 ) ;
#1096 = EDGE_LOOP ( 'NONE', ( #8562, #11024, #8084, #10093 ) ) ;
#1097 = CARTESIAN_POINT ( 'NONE',  ( -0.2374999999999999600, 0.3128282661284084700, 0.03749999999999999900 ) ) ;
#1098 = VECTOR ( 'NONE', #6632, 39.37007874015748100 ) ;
#1099 = ADVANCED_FACE ( 'NONE', ( #7407 ), #7039, .T. ) ;
#1100 = CARTESIAN_POINT ( 'NONE',  ( -0.2624999999999999600, -0.1228282661284084400, 0.03749999999999999900 ) ) ;
#1101 = VECTOR ( 'NONE', #8236, 39.37007874015748100 ) ;
#1102 = CARTESIAN_POINT ( 'NONE',  ( -0.2374999999999999600, -0.01499999999999997700, 0.06250000000000001400 ) ) ;
#1103 = EDGE_CURVE ( 'NONE', #7152, #4646, #6723, .T. ) ;
#1104 = ORIENTED_EDGE ( 'NONE', *, *, #549, .T. ) ;
#1105 = ORIENTED_EDGE ( 'NONE', *, *, #10370, .T. ) ;
#1106 = ORIENTED_EDGE ( 'NONE', *, *, #8230, .F. ) ;
#1107 = ADVANCED_FACE ( 'NONE', ( #11274 ), #3389, .T. ) ;
#1108 = LINE ( 'NONE', #6872, #3598 ) ;
#1109 = LINE ( 'NONE', #2712, #9434 ) ;
#1110 = EDGE_CURVE ( 'NONE', #7279, #7523, #3790, .T. ) ;
#1111 = CARTESIAN_POINT ( 'NONE',  ( 0.2624999999999996800, 0.3299999999999999600, -0.04375000000000003900 ) ) ;
#1112 = DIRECTION ( 'NONE',  ( -1.000000000000000000, 0.0000000000000000000, 0.0000000000000000000 ) ) ;
#1113 = VERTEX_POINT ( 'NONE', #11280 ) ;
#1114 = ORIENTED_EDGE ( 'NONE', *, *, #7869, .T. ) ;
#1115 =( LENGTH_UNIT ( ) NAMED_UNIT ( * ) SI_UNIT ( $, .METRE. ) );
#1116 = DIRECTION ( 'NONE',  ( 0.0000000000000000000, 0.0000000000000000000, -1.000000000000000000 ) ) ;
#1117 = ORIENTED_EDGE ( 'NONE', *, *, #8438, .F. ) ;
#1118 = EDGE_CURVE ( 'NONE', #4921, #5209, #1744, .T. ) ;
#1119 = EDGE_LOOP ( 'NONE', ( #4552, #10100, #129, #3075 ) ) ;
#1120 = DIRECTION ( 'NONE',  ( 0.0000000000000000000, 0.3420201433256686000, -0.9396926207859085400 ) ) ;
#1121 = VECTOR ( 'NONE', #11189, 39.37007874015748100 ) ;
#1122 = SURFACE_STYLE_USAGE ( .BOTH. , #1195 ) ;
#1123 = CARTESIAN_POINT ( 'NONE',  ( 0.03750000000000007500, 0.3128282661284084700, 0.06250000000000001400 ) ) ;
#1124 = CARTESIAN_POINT ( 'NONE',  ( 0.2624999999999996800, 0.09999999999999996400, -0.03749999999999999900 ) ) ;
#1125 = DIRECTION ( 'NONE',  ( -0.3236155771181856200, -0.8891264907159877100, 0.3236155771181856200 ) ) ;
#1126 = ORIENTED_EDGE ( 'NONE', *, *, #10804, .F. ) ;
#1127 = DIRECTION ( 'NONE',  ( 0.0000000000000000000, 0.0000000000000000000, 1.000000000000000000 ) ) ;
#1128 = EDGE_CURVE ( 'NONE', #10179, #6905, #6434, .T. ) ;
#1129 = LINE ( 'NONE', #1052, #9454 ) ;
#1130 = DIRECTION ( 'NONE',  ( -0.0000000000000000000, 1.000000000000000000, -0.0000000000000000000 ) ) ;
#1131 = FACE_OUTER_BOUND ( 'NONE', #8855, .T. ) ;
#1132 = DIRECTION ( 'NONE',  ( 1.000000000000000000, 0.0000000000000000000, 0.0000000000000000000 ) ) ;
#1133 = DIRECTION ( 'NONE',  ( -1.000000000000000000, 0.0000000000000000000, 0.0000000000000000000 ) ) ;
#1134 = AXIS2_PLACEMENT_3D ( 'NONE', #5020, #11268, #594 ) ;
#1135 = CARTESIAN_POINT ( 'NONE',  ( -0.03750000000000028300, 0.0000000000000000000, -0.06250000000000001400 ) ) ;
#1136 = DIRECTION ( 'NONE',  ( -0.0000000000000000000, 0.0000000000000000000, 1.000000000000000000 ) ) ;
#1137 = CARTESIAN_POINT ( 'NONE',  ( -0.2624999999999999600, 0.3299999999999999600, 0.04375000000000003900 ) ) ;
#1138 = VECTOR ( 'NONE', #11294, 39.37007874015748100 ) ;
#1139 = ORIENTED_EDGE ( 'NONE', *, *, #763, .T. ) ;
#1140 = VECTOR ( 'NONE', #5136, 39.37007874015748100 ) ;
#1141 = EDGE_CURVE ( 'NONE', #8568, #11320, #10583, .T. ) ;
#1142 = VERTEX_POINT ( 'NONE', #10469 ) ;
#1143 = DIRECTION ( 'NONE',  ( 0.0000000000000000000, 0.0000000000000000000, -1.000000000000000000 ) ) ;
#1144 = PLANE ( 'NONE',  #5715 ) ;
#1145 = LINE ( 'NONE', #4923, #2806 ) ;
#1146 = DIRECTION ( 'NONE',  ( 0.0000000000000000000, 0.0000000000000000000, 1.000000000000000000 ) ) ;
#1147 =( GEOMETRIC_REPRESENTATION_CONTEXT ( 3 ) GLOBAL_UNCERTAINTY_ASSIGNED_CONTEXT ( ( #10018 ) ) GLOBAL_UNIT_ASSIGNED_CONTEXT ( ( #6036, #6081, #10558 ) ) REPRESENTATION_CONTEXT ( 'NONE', 'WORKASPACE' ) );
#1148 = ADVANCED_FACE ( 'NONE', ( #5166 ), #5148, .T. ) ;
#1149 = ORIENTED_EDGE ( 'NONE', *, *, #9853, .T. ) ;
#1150 = EDGE_CURVE ( 'NONE', #2584, #3142, #10842, .T. ) ;
#1151 = LINE ( 'NONE', #553, #3232 ) ;
#1152 =( LENGTH_UNIT ( ) NAMED_UNIT ( * ) SI_UNIT ( $, .METRE. ) );
#1153 = CARTESIAN_POINT ( 'NONE',  ( 0.04999999999999976000, 0.3499999999999999800, -0.1825000000000000000 ) ) ;
#1154 = PLANE ( 'NONE',  #11470 ) ;
#1155 = VECTOR ( 'NONE', #1210, 39.37007874015748100 ) ;
#1156 = LINE ( 'NONE', #2837, #745 ) ;
#1157 = PLANE ( 'NONE',  #3254 ) ;
#1158 = ADVANCED_FACE ( 'NONE', ( #4483 ), #8738, .T. ) ;
#1159 = CARTESIAN_POINT ( 'NONE',  ( -0.5750000000000001800, 0.3499999999999999800, 0.1825000000000000000 ) ) ;
#1160 = LINE ( 'NONE', #9421, #4214 ) ;
#1161 = EDGE_CURVE ( 'NONE', #6111, #3142, #9202, .T. ) ;
#1162 = FACE_OUTER_BOUND ( 'NONE', #6809, .T. ) ;
#1163 = DIRECTION ( 'NONE',  ( 0.3236155771181856200, 0.8891264907159877100, 0.3236155771181856200 ) ) ;
#1164 = DIRECTION ( 'NONE',  ( 0.0000000000000000000, -1.000000000000000000, 0.0000000000000000000 ) ) ;
#1165 = VECTOR ( 'NONE', #600, 39.37007874015748100 ) ;
#1166 = LINE ( 'NONE', #276, #7004 ) ;
#1167 = CARTESIAN_POINT ( 'NONE',  ( 0.2625000000000000700, 0.0000000000000000000, 0.0000000000000000000 ) ) ;
#1168 = CARTESIAN_POINT ( 'NONE',  ( -0.1374999999999999600, 0.3299999999999999600, 0.03749999999999999900 ) ) ;
#1169 = DIRECTION ( 'NONE',  ( 0.0000000000000000000, -0.0000000000000000000, -1.000000000000000000 ) ) ;
#1170 = CARTESIAN_POINT ( 'NONE',  ( 0.3625000000000001000, 0.3128282661284084700, 0.03749999999999999900 ) ) ;
#1171 = EDGE_CURVE ( 'NONE', #10899, #6222, #2151, .T. ) ;
#1172 = VECTOR ( 'NONE', #1837, 39.37007874015748100 ) ;
#1173 = FACE_OUTER_BOUND ( 'NONE', #7160, .T. ) ;
#1174 = CARTESIAN_POINT ( 'NONE',  ( 0.06250000000000008300, -0.1228282661284085800, 0.06250000000000001400 ) ) ;
#1175 = LINE ( 'NONE', #7330, #9890 ) ;
#1176 = LINE ( 'NONE', #11042, #4760 ) ;
#1177 = CARTESIAN_POINT ( 'NONE',  ( -0.3625000000000003200, -4.268512490100411300E-018, -0.03749999999999999900 ) ) ;
#1178 = CARTESIAN_POINT ( 'NONE',  ( 0.5249999999999995800, 0.2500000000000000000, -0.06499999999999996100 ) ) ;
#1179 = EDGE_CURVE ( 'NONE', #4377, #4210, #8786, .T. ) ;
#1180 = CARTESIAN_POINT ( 'NONE',  ( -0.1625000000000003100, -0.01499999999999997700, -0.03749999999999999900 ) ) ;
#1181 = AXIS2_PLACEMENT_3D ( 'NONE', #9398, #2201, #7618 ) ;
#1182 = CARTESIAN_POINT ( 'NONE',  ( 0.3598818239561616900, 0.3200216456890114800, 0.04011817604383839700 ) ) ;
#1183 = FACE_OUTER_BOUND ( 'NONE', #1530, .T. ) ;
#1184 = FACE_OUTER_BOUND ( 'NONE', #1223, .T. ) ;
#1185 = LINE ( 'NONE', #9438, #9895 ) ;
#1186 = CARTESIAN_POINT ( 'NONE',  ( 0.04999999999999976000, 0.0000000000000000000, -0.1825000000000000000 ) ) ;
#1187 =( NAMED_UNIT ( * ) PLANE_ANGLE_UNIT ( ) SI_UNIT ( $, .RADIAN. ) );
#1188 = EDGE_LOOP ( 'NONE', ( #9189, #2821, #569, #5058 ) ) ;
#1189 = PRESENTATION_STYLE_ASSIGNMENT (( #7146 ) ) ;
#1190 = EDGE_LOOP ( 'NONE', ( #780, #4530, #8571, #10521, #231, #7811, #7444, #5764, #1354, #4366, #1785, #9916, #10112, #1630, #4821, #1300, #1540, #5950, #7076, #8563 ) ) ;
#1191 = ORIENTED_EDGE ( 'NONE', *, *, #5523, .F. ) ;
#1192 = ORIENTED_EDGE ( 'NONE', *, *, #1997, .F. ) ;
#1193 = DIRECTION ( 'NONE',  ( -0.0000000000000000000, 0.0000000000000000000, 1.000000000000000000 ) ) ;
#1194 = LINE ( 'NONE', #7938, #5904 ) ;
#1195 = SURFACE_SIDE_STYLE ('',( #7277 ) ) ;
#1196 = CARTESIAN_POINT ( 'NONE',  ( 0.4624999999999996900, -0.1400000000000000100, -0.05624999999999997400 ) ) ;
#1197 =( CONVERSION_BASED_UNIT ( 'INCH', #5370 ) LENGTH_UNIT ( ) NAMED_UNIT ( #3472 ) );
#1198 = VECTOR ( 'NONE', #6001, 39.37007874015748100 ) ;
#1199 =( NAMED_UNIT ( * ) PLANE_ANGLE_UNIT ( ) SI_UNIT ( $, .RADIAN. ) );
#1200 = CARTESIAN_POINT ( 'NONE',  ( 0.5999999999999996400, 0.3299999999999999600, -0.1000000000000000100 ) ) ;
#1201 =( LENGTH_UNIT ( ) NAMED_UNIT ( * ) SI_UNIT ( $, .METRE. ) );
#1202 = AXIS2_PLACEMENT_3D ( 'NONE', #7382, #9120, #5541 ) ;
#1203 = EDGE_LOOP ( 'NONE', ( #11183, #5761, #6192, #5452 ) ) ;
#1204 = LINE ( 'NONE', #8201, #917 ) ;
#1205 = EDGE_LOOP ( 'NONE', ( #6120, #8009, #9664, #5190 ) ) ;
#1206 = ORIENTED_EDGE ( 'NONE', *, *, #7193, .T. ) ;
#1207 = DIRECTION ( 'NONE',  ( -1.000000000000000000, 0.0000000000000000000, 0.0000000000000000000 ) ) ;
#1208 = EDGE_LOOP ( 'NONE', ( #4771, #1224, #9405, #8292 ) ) ;
#1209 = CARTESIAN_POINT ( 'NONE',  ( -0.1374999999999999600, 0.09999999999999996400, 0.0000000000000000000 ) ) ;
#1210 = DIRECTION ( 'NONE',  ( 0.3236155771181856200, -0.8891264907159877100, 0.3236155771181856200 ) ) ;
#1211 = DIRECTION ( 'NONE',  ( 0.0000000000000000000, -0.3420201433256698200, 0.9396926207859079800 ) ) ;
#1212 = ADVANCED_FACE ( 'NONE', ( #754 ), #6140, .F. ) ;
#1213 = PLANE ( 'NONE',  #3673 ) ;
#1214 = FACE_OUTER_BOUND ( 'NONE', #9414, .T. ) ;
#1215 = DIRECTION ( 'NONE',  ( 5.691349986800549600E-017, 1.000000000000000000, -0.0000000000000000000 ) ) ;
#1216 = EDGE_CURVE ( 'NONE', #9651, #1009, #1467, .T. ) ;
#1217 = ORIENTED_EDGE ( 'NONE', *, *, #11077, .F. ) ;
#1218 = DIRECTION ( 'NONE',  ( 0.0000000000000000000, 0.0000000000000000000, -1.000000000000000000 ) ) ;
#1219 = ORIENTED_EDGE ( 'NONE', *, *, #6017, .T. ) ;
#1220 = PLANE ( 'NONE',  #225 ) ;
#1221 = EDGE_LOOP ( 'NONE', ( #6189, #3172, #523, #11358 ) ) ;
#1222 = CARTESIAN_POINT ( 'NONE',  ( 0.5749999999999996200, 0.3499999999999999800, 0.1825000000000000000 ) ) ;
#1223 = EDGE_LOOP ( 'NONE', ( #5003, #2231, #7640, #2732 ) ) ;
#1224 = ORIENTED_EDGE ( 'NONE', *, *, #11099, .F. ) ;
#1225 = ORIENTED_EDGE ( 'NONE', *, *, #1917, .F. ) ;
#1226 = CARTESIAN_POINT ( 'NONE',  ( 0.4624999999999996900, -0.1228282661284085800, -0.03749999999999999900 ) ) ;
#1227 = ADVANCED_FACE ( 'NONE', ( #7692 ), #988, .F. ) ;
#1228 = EDGE_CURVE ( 'NONE', #1646, #8850, #7554, .T. ) ;
#1229 = FACE_OUTER_BOUND ( 'NONE', #2470, .T. ) ;
#1230 = CARTESIAN_POINT ( 'NONE',  ( 0.1598818239561616300, 0.3200216456890114800, 0.05988182395616160900 ) ) ;
#1231 = VERTEX_POINT ( 'NONE', #2688 ) ;
#1232 = DIRECTION ( 'NONE',  ( 1.000000000000000000, 0.0000000000000000000, 0.0000000000000000000 ) ) ;
#1233 = ORIENTED_EDGE ( 'NONE', *, *, #7442, .F. ) ;
#1234 = CARTESIAN_POINT ( 'NONE',  ( -0.4375000000000003300, -4.268512490100411300E-018, -0.03749999999999999900 ) ) ;
#1235 = ORIENTED_EDGE ( 'NONE', *, *, #6451, .T. ) ;
#1236 = DIRECTION ( 'NONE',  ( 0.0000000000000000000, 0.0000000000000000000, 1.000000000000000000 ) ) ;
#1237 = VERTEX_POINT ( 'NONE', #5406 ) ;
#1238 = ORIENTED_EDGE ( 'NONE', *, *, #10641, .T. ) ;
#1239 = ORIENTED_EDGE ( 'NONE', *, *, #2504, .T. ) ;
#1240 = VECTOR ( 'NONE', #7894, 39.37007874015748100 ) ;
#1241 =( GEOMETRIC_REPRESENTATION_CONTEXT ( 3 ) GLOBAL_UNCERTAINTY_ASSIGNED_CONTEXT ( ( #440 ) ) GLOBAL_UNIT_ASSIGNED_CONTEXT ( ( #3781, #6417, #1979 ) ) REPRESENTATION_CONTEXT ( 'NONE', 'WORKASPACE' ) );
#1242 = PLANE ( 'NONE',  #477 ) ;
#1243 = DIRECTION ( 'NONE',  ( 0.0000000000000000000, 0.0000000000000000000, -1.000000000000000000 ) ) ;
#1244 = ORIENTED_EDGE ( 'NONE', *, *, #7205, .F. ) ;
#1245 = ORIENTED_EDGE ( 'NONE', *, *, #10115, .F. ) ;
#1246 = EDGE_CURVE ( 'NONE', #5949, #5998, #6576, .T. ) ;
#1247 = ORIENTED_EDGE ( 'NONE', *, *, #10809, .F. ) ;
#1248 = ORIENTED_EDGE ( 'NONE', *, *, #5127, .F. ) ;
#1249 = CARTESIAN_POINT ( 'NONE',  ( 0.03750000000000007500, -4.268512490100411300E-018, 0.03749999999999999900 ) ) ;
#1250 = ORIENTED_EDGE ( 'NONE', *, *, #6561, .F. ) ;
#1251 = DIRECTION ( 'NONE',  ( 0.0000000000000000000, 0.0000000000000000000, -1.000000000000000000 ) ) ;
#1252 = VECTOR ( 'NONE', #1007, 39.37007874015748100 ) ;
#1253 = CARTESIAN_POINT ( 'NONE',  ( 0.3625000000000001000, -0.1228282661284085800, 0.03749999999999999900 ) ) ;
#1254 = LINE ( 'NONE', #7212, #2227 ) ;
#1255 = CARTESIAN_POINT ( 'NONE',  ( 0.03750000000000007500, -0.1228282661284085800, 0.03749999999999999900 ) ) ;
#1256 = CARTESIAN_POINT ( 'NONE',  ( -0.5150000000000004600, 0.0000000000000000000, 0.1149999999999980800 ) ) ;
#1257 = EDGE_CURVE ( 'NONE', #6310, #2917, #5579, .T. ) ;
#1258 = DIRECTION ( 'NONE',  ( 0.3236155771181846200, -0.8891264907159883700, 0.3236155771181846200 ) ) ;
#1259 = EDGE_LOOP ( 'NONE', ( #3300, #93, #8731, #3010 ) ) ;
#1260 = ORIENTED_EDGE ( 'NONE', *, *, #3424, .T. ) ;
#1261 = ORIENTED_EDGE ( 'NONE', *, *, #9628, .F. ) ;
#1262 = FACE_OUTER_BOUND ( 'NONE', #4553, .T. ) ;
#1263 = CARTESIAN_POINT ( 'NONE',  ( 0.05625000000000005000, 0.3299999999999999600, 0.05624999999999997400 ) ) ;
#1264 = CARTESIAN_POINT ( 'NONE',  ( -0.06250000000000029100, -0.1228282661284085800, -0.06250000000000001400 ) ) ;
#1265 = VERTEX_POINT ( 'NONE', #5288 ) ;
#1266 = EDGE_CURVE ( 'NONE', #4210, #6147, #4895, .T. ) ;
#1267 = VECTOR ( 'NONE', #9149, 39.37007874015748100 ) ;
#1268 = CARTESIAN_POINT ( 'NONE',  ( -0.3374999999999999700, 0.09999999999999992200, 0.03749999999999999900 ) ) ;
#1269 = AXIS2_PLACEMENT_3D ( 'NONE', #11173, #9372, #9484 ) ;
#1270 = COLOUR_RGB ( '',0.7921568627450980000, 0.8196078431372548800, 0.9333333333333333500 ) ;
#1271 = CARTESIAN_POINT ( 'NONE',  ( -0.3562499999999999000, 0.3299999999999999600, 0.05624999999999997400 ) ) ;
#1272 = ORIENTED_EDGE ( 'NONE', *, *, #296, .F. ) ;
#1273 = CARTESIAN_POINT ( 'NONE',  ( 0.0000000000000000000, 0.09999999999999996400, -0.03749999999999999900 ) ) ;
#1274 = EDGE_CURVE ( 'NONE', #9111, #7709, #6160, .T. ) ;
#1275 = CARTESIAN_POINT ( 'NONE',  ( 0.4375000000000001100, -0.1228282661284085800, 0.03749999999999999900 ) ) ;
#1276 = CARTESIAN_POINT ( 'NONE',  ( 0.2375000000000000700, -0.01499999999999997700, 0.03749999999999999900 ) ) ;
#1277 = ORIENTED_EDGE ( 'NONE', *, *, #9941, .F. ) ;
#1278 = VECTOR ( 'NONE', #5289, 39.37007874015748100 ) ;
#1279 = DIRECTION ( 'NONE',  ( 1.000000000000000000, 0.0000000000000000000, 0.0000000000000000000 ) ) ;
#1280 = ADVANCED_FACE ( 'NONE', ( #472 ), #236, .F. ) ;
#1281 = DIRECTION ( 'NONE',  ( 0.0000000000000000000, -1.000000000000000000, 0.0000000000000000000 ) ) ;
#1282 = PLANE ( 'NONE',  #3822 ) ;
#1283 = EDGE_CURVE ( 'NONE', #3580, #8120, #3117, .T. ) ;
#1284 = PRESENTATION_STYLE_ASSIGNMENT (( #4221 ) ) ;
#1285 = DIRECTION ( 'NONE',  ( 0.0000000000000000000, -0.3420201433256698200, -0.9396926207859079800 ) ) ;
#1286 = LINE ( 'NONE', #7215, #3358 ) ;
#1287 = ADVANCED_FACE ( 'NONE', ( #5877 ), #1057, .T. ) ;
#1288 = CARTESIAN_POINT ( 'NONE',  ( 0.3624999999999997100, 0.3299999999999999600, -0.03749999999999999900 ) ) ;
#1289 = EDGE_CURVE ( 'NONE', #94, #1063, #8227, .T. ) ;
#1290 = DIRECTION ( 'NONE',  ( -0.0000000000000000000, 0.0000000000000000000, 1.000000000000000000 ) ) ;
#1291 = LINE ( 'NONE', #4885, #7932 ) ;
#1292 = CARTESIAN_POINT ( 'NONE',  ( -0.2625000000000002900, -0.01499999999999997700, -0.03749999999999999900 ) ) ;
#1293 =( LENGTH_UNIT ( ) NAMED_UNIT ( * ) SI_UNIT ( $, .METRE. ) );
#1294 = ORIENTED_EDGE ( 'NONE', *, *, #8338, .F. ) ;
#1295 = CARTESIAN_POINT ( 'NONE',  ( 0.4375000000000001100, -4.268512490100411300E-018, 0.06250000000000001400 ) ) ;
#1296 = LINE ( 'NONE', #4798, #10692 ) ;
#1297 = DIRECTION ( 'NONE',  ( -1.000000000000000000, 0.0000000000000000000, 0.0000000000000000000 ) ) ;
#1298 = DIRECTION ( 'NONE',  ( 0.0000000000000000000, -1.000000000000000000, 0.0000000000000000000 ) ) ;
#1299 = ORIENTED_EDGE ( 'NONE', *, *, #8614, .F. ) ;
#1300 = ORIENTED_EDGE ( 'NONE', *, *, #4355, .F. ) ;
#1301 = DIRECTION ( 'NONE',  ( -1.000000000000000000, 0.0000000000000000000, -0.0000000000000000000 ) ) ;
#1302 = COLOUR_RGB ( '',1.000000000000000000, 0.8117647058823529400, 0.5019607843137254800 ) ;
#1303 = CARTESIAN_POINT ( 'NONE',  ( 0.04375000000000011500, -0.1400000000000000100, 0.04375000000000003900 ) ) ;
#1304 = EDGE_CURVE ( 'NONE', #11491, #2213, #9626, .T. ) ;
#1305 = DIRECTION ( 'NONE',  ( 1.000000000000000000, 0.0000000000000000000, 0.0000000000000000000 ) ) ;
#1306 = CARTESIAN_POINT ( 'NONE',  ( 0.1624999999999997000, 0.09999999999999996400, -0.03749999999999999900 ) ) ;
#1307 = VECTOR ( 'NONE', #9340, 39.37007874015748100 ) ;
#1308 = VERTEX_POINT ( 'NONE', #5601 ) ;
#1309 = DIRECTION ( 'NONE',  ( 0.0000000000000000000, 0.0000000000000000000, 1.000000000000000000 ) ) ;
#1310 = AXIS2_PLACEMENT_3D ( 'NONE', #9930, #8228, #6504 ) ;
#1311 = LINE ( 'NONE', #308, #1155 ) ;
#1312 = FACE_BOUND ( 'NONE', #11350, .T. ) ;
#1313 = DIRECTION ( 'NONE',  ( 0.0000000000000000000, 0.0000000000000000000, -1.000000000000000000 ) ) ;
#1314 = CARTESIAN_POINT ( 'NONE',  ( 0.2375000000000000700, 0.3128282661284084700, 0.03749999999999999900 ) ) ;
#1315 = FACE_OUTER_BOUND ( 'NONE', #8164, .T. ) ;
#1316 = VECTOR ( 'NONE', #1541, 39.37007874015748100 ) ;
#1317 = EDGE_CURVE ( 'NONE', #3475, #1961, #1166, .T. ) ;
#1318 = DIRECTION ( 'NONE',  ( 0.0000000000000000000, 0.0000000000000000000, -1.000000000000000000 ) ) ;
#1319 = DIRECTION ( 'NONE',  ( 0.3236155771181846200, 0.8891264907159883700, -0.3236155771181846200 ) ) ;
#1320 = VECTOR ( 'NONE', #5765, 39.37007874015748100 ) ;
#1321 = LINE ( 'NONE', #6618, #3532 ) ;
#1322 = CARTESIAN_POINT ( 'NONE',  ( 0.4625000000000001300, -0.1228282661284084400, 0.03749999999999999900 ) ) ;
#1323 = SURFACE_STYLE_USAGE ( .BOTH. , #3874 ) ;
#1324 = CARTESIAN_POINT ( 'NONE',  ( 0.2437499999999996900, -0.1400000000000000100, -0.04375000000000003900 ) ) ;
#1325 = EDGE_CURVE ( 'NONE', #10874, #6217, #2558, .T. ) ;
#1326 = PLANE ( 'NONE',  #6419 ) ;
#1327 =( GEOMETRIC_REPRESENTATION_CONTEXT ( 3 ) GLOBAL_UNCERTAINTY_ASSIGNED_CONTEXT ( ( #1083 ) ) GLOBAL_UNIT_ASSIGNED_CONTEXT ( ( #9181, #9215, #10975 ) ) REPRESENTATION_CONTEXT ( 'NONE', 'WORKASPACE' ) );
#1328 = FACE_OUTER_BOUND ( 'NONE', #10912, .T. ) ;
#1329 = ADVANCED_FACE ( 'NONE', ( #9360 ), #197, .T. ) ;
#1330 = FACE_OUTER_BOUND ( 'NONE', #7611, .T. ) ;
#1331 = ORIENTED_EDGE ( 'NONE', *, *, #10010, .F. ) ;
#1332 = LINE ( 'NONE', #218, #7011 ) ;
#1333 = DIRECTION ( 'NONE',  ( 0.0000000000000000000, 0.0000000000000000000, -1.000000000000000000 ) ) ;
#1334 = ORIENTED_EDGE ( 'NONE', *, *, #9411, .F. ) ;
#1335 = EDGE_LOOP ( 'NONE', ( #8838, #7283, #1557, #11466 ) ) ;
#1336 = DIRECTION ( 'NONE',  ( 0.0000000000000000000, 0.0000000000000000000, -1.000000000000000000 ) ) ;
#1337 = CARTESIAN_POINT ( 'NONE',  ( 0.5000000000000001100, 0.3299999999999999600, 0.0000000000000000000 ) ) ;
#1338 = EDGE_CURVE ( 'NONE', #11295, #501, #8505, .T. ) ;
#1339 = CARTESIAN_POINT ( 'NONE',  ( 0.3401181760438384800, 0.3200216456890114800, 0.04011817604383839700 ) ) ;
#1340 = FACE_OUTER_BOUND ( 'NONE', #7304, .T. ) ;
#1341 = ORIENTED_EDGE ( 'NONE', *, *, #532, .T. ) ;
#1342 = CARTESIAN_POINT ( 'NONE',  ( -0.2624999999999999600, 0.09999999999999992200, 0.03749999999999999900 ) ) ;
#1343 = ADVANCED_FACE ( 'NONE', ( #11123 ), #10826, .T. ) ;
#1344 = LINE ( 'NONE', #614, #2723 ) ;
#1345 = VECTOR ( 'NONE', #5184, 39.37007874015748100 ) ;
#1346 = CARTESIAN_POINT ( 'NONE',  ( 0.03750000000000007500, -0.1228282661284085800, 0.06250000000000001400 ) ) ;
#1347 = EDGE_CURVE ( 'NONE', #4533, #5901, #9618, .T. ) ;
#1348 = ORIENTED_EDGE ( 'NONE', *, *, #10277, .F. ) ;
#1349 = LINE ( 'NONE', #4113, #3414 ) ;
#1350 = ORIENTED_EDGE ( 'NONE', *, *, #11180, .T. ) ;
#1351 = CARTESIAN_POINT ( 'NONE',  ( 0.1562499999999996700, -0.1400000000000000100, -0.05624999999999997400 ) ) ;
#1352 = ORIENTED_EDGE ( 'NONE', *, *, #3903, .T. ) ;
#1353 = PLANE ( 'NONE',  #5482 ) ;
#1354 = ORIENTED_EDGE ( 'NONE', *, *, #5037, .F. ) ;
#1355 = CARTESIAN_POINT ( 'NONE',  ( 0.06249999999999974300, -0.1400000000000000100, -0.05624999999999997400 ) ) ;
#1356 = VECTOR ( 'NONE', #8889, 39.37007874015748100 ) ;
#1357 = ORIENTED_EDGE ( 'NONE', *, *, #10041, .T. ) ;
#1358 = EDGE_CURVE ( 'NONE', #2220, #11169, #8217, .T. ) ;
#1359 = DIRECTION ( 'NONE',  ( 0.0000000000000000000, -0.3420201433256698200, 0.9396926207859079800 ) ) ;
#1360 = EDGE_LOOP ( 'NONE', ( #8604, #5787, #6382, #11308 ) ) ;
#1361 = ORIENTED_EDGE ( 'NONE', *, *, #3065, .T. ) ;
#1362 = ORIENTED_EDGE ( 'NONE', *, *, #1862, .T. ) ;
#1363 = VERTEX_POINT ( 'NONE', #5560 ) ;
#1364 = PLANE ( 'NONE',  #4442 ) ;
#1365 =( CONVERSION_BASED_UNIT ( 'INCH', #5227 ) LENGTH_UNIT ( ) NAMED_UNIT ( #10693 ) );
#1366 = LINE ( 'NONE', #8542, #11324 ) ;
#1367 = CARTESIAN_POINT ( 'NONE',  ( 0.1374999999999997100, -0.1228282661284085800, -0.03749999999999999900 ) ) ;
#1368 = PLANE ( 'NONE',  #10422 ) ;
#1369 = CARTESIAN_POINT ( 'NONE',  ( -0.2437499999999999900, -0.1400000000000000100, 0.05624999999999997400 ) ) ;
#1370 = AXIS2_PLACEMENT_3D ( 'NONE', #8898, #5297, #7154 ) ;
#1371 = PLANE ( 'NONE',  #5064 ) ;
#1372 = DIRECTION ( 'NONE',  ( 1.000000000000000000, 0.0000000000000000000, 0.0000000000000000000 ) ) ;
#1373 = ORIENTED_EDGE ( 'NONE', *, *, #199, .T. ) ;
#1374 = ORIENTED_EDGE ( 'NONE', *, *, #10519, .T. ) ;
#1375 = ORIENTED_EDGE ( 'NONE', *, *, #7864, .F. ) ;
#1376 = ORIENTED_EDGE ( 'NONE', *, *, #4360, .T. ) ;
#1377 = ORIENTED_EDGE ( 'NONE', *, *, #652, .T. ) ;
#1378 = VECTOR ( 'NONE', #6936, 39.37007874015748100 ) ;
#1379 = SURFACE_STYLE_USAGE ( .BOTH. , #3104 ) ;
#1380 = ORIENTED_EDGE ( 'NONE', *, *, #512, .T. ) ;
#1381 = FACE_OUTER_BOUND ( 'NONE', #10664, .T. ) ;
#1382 = EDGE_CURVE ( 'NONE', #1237, #2056, #7258, .T. ) ;
#1383 = CARTESIAN_POINT ( 'NONE',  ( -0.4375000000000003300, 0.0000000000000000000, -0.06250000000000001400 ) ) ;
#1384 =( LENGTH_UNIT ( ) NAMED_UNIT ( * ) SI_UNIT ( $, .METRE. ) );
#1385 = CARTESIAN_POINT ( 'NONE',  ( 0.4374999999999997200, -0.01499999999999997700, -0.06250000000000001400 ) ) ;
#1386 = ORIENTED_EDGE ( 'NONE', *, *, #6358, .F. ) ;
#1387 = CARTESIAN_POINT ( 'NONE',  ( -0.03749999999999994300, -0.1228282661284085800, 0.06250000000000001400 ) ) ;
#1388 = VERTEX_POINT ( 'NONE', #10908 ) ;
#1389 = ORIENTED_EDGE ( 'NONE', *, *, #10143, .T. ) ;
#1390 = DIRECTION ( 'NONE',  ( 1.000000000000000000, 0.0000000000000000000, 0.0000000000000000000 ) ) ;
#1391 = ORIENTED_EDGE ( 'NONE', *, *, #1723, .F. ) ;
#1392 =( GEOMETRIC_REPRESENTATION_CONTEXT ( 3 ) GLOBAL_UNCERTAINTY_ASSIGNED_CONTEXT ( ( #4347 ) ) GLOBAL_UNIT_ASSIGNED_CONTEXT ( ( #8602, #9457, #9489 ) ) REPRESENTATION_CONTEXT ( 'NONE', 'WORKASPACE' ) );
#1393 = FACE_OUTER_BOUND ( 'NONE', #8250, .T. ) ;
#1394 = EDGE_CURVE ( 'NONE', #6372, #9829, #1156, .T. ) ;
#1395 = CARTESIAN_POINT ( 'NONE',  ( 0.5249999999999995800, 0.0000000000000000000, 0.06500000000000003000 ) ) ;
#1396 = DIRECTION ( 'NONE',  ( -0.3236155771181856200, -0.8891264907159877100, 0.3236155771181856200 ) ) ;
#1397 = DIRECTION ( 'NONE',  ( 0.0000000000000000000, -0.3420201433256698200, 0.9396926207859079800 ) ) ;
#1398 = ORIENTED_EDGE ( 'NONE', *, *, #3664, .F. ) ;
#1399 = FACE_OUTER_BOUND ( 'NONE', #8210, .T. ) ;
#1400 = CARTESIAN_POINT ( 'NONE',  ( 0.2437499999999996900, -0.1400000000000000100, -0.05624999999999997400 ) ) ;
#1401 = DIRECTION ( 'NONE',  ( -1.000000000000000000, 0.0000000000000000000, 0.0000000000000000000 ) ) ;
#1402 = AXIS2_PLACEMENT_3D ( 'NONE', #11002, #10205, #3018 ) ;
#1403 = VERTEX_POINT ( 'NONE', #8938 ) ;
#1404 = ORIENTED_EDGE ( 'NONE', *, *, #5379, .T. ) ;
#1405 = APPLICATION_CONTEXT ( 'automotive_design' ) ;
#1406 = DIRECTION ( 'NONE',  ( 0.0000000000000000000, 0.3420201433256686000, -0.9396926207859085400 ) ) ;
#1407 = ORIENTED_EDGE ( 'NONE', *, *, #5388, .F. ) ;
#1408 = LINE ( 'NONE', #8908, #10657 ) ;
#1409 = CARTESIAN_POINT ( 'NONE',  ( 0.06249999999999974300, 0.09999999999999996400, 0.0000000000000000000 ) ) ;
#1410 = FACE_OUTER_BOUND ( 'NONE', #8401, .T. ) ;
#1411 = EDGE_CURVE ( 'NONE', #2317, #153, #10164, .T. ) ;
#1412 = CARTESIAN_POINT ( 'NONE',  ( 0.1437500000000000700, -0.1400000000000000100, 0.03749999999999999900 ) ) ;
#1413 = ADVANCED_FACE ( 'NONE', ( #8779 ), #1882, .F. ) ;
#1414 = CARTESIAN_POINT ( 'NONE',  ( 0.5249999999999998000, 0.09999999999999996400, 0.1324999999999999500 ) ) ;
#1415 = ORIENTED_EDGE ( 'NONE', *, *, #8830, .F. ) ;
#1416 = CARTESIAN_POINT ( 'NONE',  ( 0.0000000000000000000, 0.09999999999999996400, -0.06250000000000001400 ) ) ;
#1417 = ORIENTED_EDGE ( 'NONE', *, *, #2632, .F. ) ;
#1418 = LINE ( 'NONE', #2747, #3346 ) ;
#1419 = DIRECTION ( 'NONE',  ( 0.0000000000000000000, 0.0000000000000000000, 1.000000000000000000 ) ) ;
#1420 = ORIENTED_EDGE ( 'NONE', *, *, #4222, .F. ) ;
#1421 = LINE ( 'NONE', #3196, #9151 ) ;
#1422 = PLANE ( 'NONE',  #3091 ) ;
#1423 = EDGE_CURVE ( 'NONE', #10887, #2086, #11406, .T. ) ;
#1424 = PLANE ( 'NONE',  #3455 ) ;
#1425 = PLANE ( 'NONE',  #7256 ) ;
#1426 = ADVANCED_FACE ( 'NONE', ( #1455 ), #298, .T. ) ;
#1427 = FACE_OUTER_BOUND ( 'NONE', #9248, .T. ) ;
#1428 = EDGE_CURVE ( 'NONE', #9, #3192, #4073, .T. ) ;
#1429 = CARTESIAN_POINT ( 'NONE',  ( 0.2562499999999996400, 0.3299999999999999600, -0.06250000000000001400 ) ) ;
#1430 = CARTESIAN_POINT ( 'NONE',  ( 0.5000000000000001100, -0.1400000000000000100, 0.0000000000000000000 ) ) ;
#1431 = LINE ( 'NONE', #669, #9986 ) ;
#1432 = DIRECTION ( 'NONE',  ( 1.000000000000000000, 0.0000000000000000000, 0.0000000000000000000 ) ) ;
#1433 = CARTESIAN_POINT ( 'NONE',  ( -0.4624999999999999700, -0.1228282661284085800, 0.03749999999999999900 ) ) ;
#1434 = CARTESIAN_POINT ( 'NONE',  ( -0.4375000000000000000, -0.1228282661284084400, 0.06250000000000001400 ) ) ;
#1435 = COLOUR_RGB ( '',0.2509803921568627400, 0.2509803921568627400, 0.2509803921568627400 ) ;
#1436 = CARTESIAN_POINT ( 'NONE',  ( 0.0000000000000000000, 0.09999999999999996400, 0.06250000000000001400 ) ) ;
#1437 = EDGE_LOOP ( 'NONE', ( #1238, #4886, #1886, #7887, #5710, #3286 ) ) ;
#1438 = DIRECTION ( 'NONE',  ( 0.0000000000000000000, -0.3420201433256698200, -0.9396926207859079800 ) ) ;
#1439 = EDGE_CURVE ( 'NONE', #7624, #10625, #6416, .T. ) ;
#1440 = STYLED_ITEM ( 'NONE', ( #11351 ), #8176 ) ;
#1441 = PLANE ( 'NONE',  #8285 ) ;
#1442 = CLOSED_SHELL ( 'NONE', ( #7799, #1287, #8816, #10993, #3258, #5548, #9159, #4804, #1637, #9101, #7367, #6273, #1480, #2026 ) ) ;
#1443 = LINE ( 'NONE', #4055, #7111 ) ;
#1444 = CARTESIAN_POINT ( 'NONE',  ( 0.1625000000000000300, 0.3299999999999999600, 0.03749999999999999900 ) ) ;
#1445 = ORIENTED_EDGE ( 'NONE', *, *, #5082, .T. ) ;
#1446 = FACE_OUTER_BOUND ( 'NONE', #11153, .T. ) ;
#1447 = DIRECTION ( 'NONE',  ( -0.0000000000000000000, 0.0000000000000000000, 1.000000000000000000 ) ) ;
#1448 =( LENGTH_UNIT ( ) NAMED_UNIT ( * ) SI_UNIT ( $, .METRE. ) );
#1449 = VERTEX_POINT ( 'NONE', #2820 ) ;
#1450 = ORIENTED_EDGE ( 'NONE', *, *, #8197, .T. ) ;
#1451 = CARTESIAN_POINT ( 'NONE',  ( -0.5749999999999996200, 0.0000000000000000000, -0.06499999999999996100 ) ) ;
#1453 = ADVANCED_FACE ( 'NONE', ( #3650 ), #5419, .F. ) ;
#1452 = PRESENTATION_STYLE_ASSIGNMENT (( #2117 ) ) ;
#1454 = DIRECTION ( 'NONE',  ( -0.3236155771181856200, -0.8891264907159877100, 0.3236155771181856200 ) ) ;
#1455 = FACE_OUTER_BOUND ( 'NONE', #9516, .T. ) ;
#1456 = AXIS2_PLACEMENT_3D ( 'NONE', #4046, #9499, #1464 ) ;
#1457 = ORIENTED_EDGE ( 'NONE', *, *, #6593, .F. ) ;
#1458 = DIRECTION ( 'NONE',  ( 0.0000000000000000000, -1.000000000000000000, 0.0000000000000000000 ) ) ;
#1459 = DIRECTION ( 'NONE',  ( -0.3236155771181856200, 0.8891264907159877100, 0.3236155771181856200 ) ) ;
#1460 = CARTESIAN_POINT ( 'NONE',  ( 0.3437500000000001100, 0.3299999999999999600, 0.04375000000000003900 ) ) ;
#1461 = CARTESIAN_POINT ( 'NONE',  ( 0.0000000000000000000, 0.09999999999999996400, 0.03749999999999999900 ) ) ;
#1462 = LINE ( 'NONE', #4826, #9198 ) ;
#1463 = CARTESIAN_POINT ( 'NONE',  ( -0.3624999999999999300, 0.3128282661284084700, 0.06250000000000001400 ) ) ;
#1464 = DIRECTION ( 'NONE',  ( -1.000000000000000000, 0.0000000000000000000, -0.0000000000000000000 ) ) ;
#1465 = ADVANCED_FACE ( 'NONE', ( #7819 ), #8980, .T. ) ;
#1466 = FACE_OUTER_BOUND ( 'NONE', #1927, .T. ) ;
#1467 = LINE ( 'NONE', #1821, #4219 ) ;
#1468 = DIRECTION ( 'NONE',  ( -0.0000000000000000000, 0.0000000000000000000, 1.000000000000000000 ) ) ;
#1469 = AXIS2_PLACEMENT_3D ( 'NONE', #6496, #6663, #9158 ) ;
#1470 = DIRECTION ( 'NONE',  ( -0.9396926207859085400, 0.3420201433256686000, 0.0000000000000000000 ) ) ;
#1471 = CARTESIAN_POINT ( 'NONE',  ( 0.0000000000000000000, 0.09999999999999996400, 0.06250000000000001400 ) ) ;
#1472 = DIRECTION ( 'NONE',  ( 0.0000000000000000000, 0.0000000000000000000, 1.000000000000000000 ) ) ;
#1473 = PLANE ( 'NONE',  #8939 ) ;
#1474 = VECTOR ( 'NONE', #1730, 39.37007874015748100 ) ;
#1475 = EDGE_CURVE ( 'NONE', #8290, #1717, #5423, .T. ) ;
#1476 = LINE ( 'NONE', #9954, #5730 ) ;
#1477 =( NAMED_UNIT ( * ) SI_UNIT ( $, .STERADIAN. ) SOLID_ANGLE_UNIT ( ) );
#1478 = LINE ( 'NONE', #3574, #622 ) ;
#1479 = LINE ( 'NONE', #6408, #6444 ) ;
#1480 = ADVANCED_FACE ( 'NONE', ( #1732 ), #154, .T. ) ;
#1481 = CARTESIAN_POINT ( 'NONE',  ( 0.2374999999999996600, -0.1228282661284085800, -0.03749999999999999900 ) ) ;
#1482 = EDGE_CURVE ( 'NONE', #9133, #5044, #10300, .T. ) ;
#1483 = LINE ( 'NONE', #3314, #8659 ) ;
#1484 = VECTOR ( 'NONE', #3175, 39.37007874015748100 ) ;
#1485 = CARTESIAN_POINT ( 'NONE',  ( 0.1625000000000000300, -0.1228282661284084400, 0.03749999999999999900 ) ) ;
#1486 = DIRECTION ( 'NONE',  ( -1.000000000000000000, 0.0000000000000000000, 0.0000000000000000000 ) ) ;
#1487 = ORIENTED_EDGE ( 'NONE', *, *, #5379, .F. ) ;
#1488 = LINE ( 'NONE', #10133, #8103 ) ;
#1489 = ORIENTED_EDGE ( 'NONE', *, *, #10918, .F. ) ;
#1490 = DIRECTION ( 'NONE',  ( -1.000000000000000000, 0.0000000000000000000, 0.0000000000000000000 ) ) ;
#1491 = ORIENTED_EDGE ( 'NONE', *, *, #1857, .T. ) ;
#1492 = ORIENTED_EDGE ( 'NONE', *, *, #5258, .F. ) ;
#1493 = EDGE_CURVE ( 'NONE', #5799, #1632, #9884, .T. ) ;
#1494 = AXIS2_PLACEMENT_3D ( 'NONE', #7098, #8940, #1806 ) ;
#1495 = VECTOR ( 'NONE', #7216, 39.37007874015748100 ) ;
#1496 = LINE ( 'NONE', #5193, #5906 ) ;
#1497 = LINE ( 'NONE', #6615, #4387 ) ;
#1498 = DIRECTION ( 'NONE',  ( 0.0000000000000000000, 0.0000000000000000000, 1.000000000000000000 ) ) ;
#1499 = CARTESIAN_POINT ( 'NONE',  ( -0.4375000000000000000, 0.09999999999999996400, 0.0000000000000000000 ) ) ;
#1500 = VERTEX_POINT ( 'NONE', #4621 ) ;
#1501 = LINE ( 'NONE', #5225, #10615 ) ;
#1502 = CARTESIAN_POINT ( 'NONE',  ( -0.4598818239561618900, 0.3200216456890114800, -0.05988182395616160900 ) ) ;
#1503 = EDGE_CURVE ( 'NONE', #6900, #5635, #7941, .T. ) ;
#1504 = EDGE_LOOP ( 'NONE', ( #9124, #4146, #2466, #7872 ) ) ;
#1505 = ORIENTED_EDGE ( 'NONE', *, *, #2749, .T. ) ;
#1506 = PLANE ( 'NONE',  #6647 ) ;
#1507 = ORIENTED_EDGE ( 'NONE', *, *, #6340, .T. ) ;
#1508 = PLANE ( 'NONE',  #4203 ) ;
#1509 = VECTOR ( 'NONE', #7466, 39.37007874015748100 ) ;
#1510 = CARTESIAN_POINT ( 'NONE',  ( 0.8000000000000000400, -0.1400000000000000100, 0.0000000000000000000 ) ) ;
#1511 = DIRECTION ( 'NONE',  ( 0.3236155771181846200, 0.8891264907159883700, -0.3236155771181846200 ) ) ;
#1512 = EDGE_CURVE ( 'NONE', #7208, #6939, #1866, .T. ) ;
#1513 = ORIENTED_EDGE ( 'NONE', *, *, #55, .T. ) ;
#1514 =( NAMED_UNIT ( * ) SI_UNIT ( $, .STERADIAN. ) SOLID_ANGLE_UNIT ( ) );
#1515 = EDGE_LOOP ( 'NONE', ( #11388, #1544, #1004, #7457 ) ) ;
#1516 = ORIENTED_EDGE ( 'NONE', *, *, #4482, .T. ) ;
#1517 = VERTEX_POINT ( 'NONE', #2901 ) ;
#1518 = ORIENTED_EDGE ( 'NONE', *, *, #1554, .F. ) ;
#1519 = ORIENTED_EDGE ( 'NONE', *, *, #4862, .T. ) ;
#1520 = LINE ( 'NONE', #10764, #6338 ) ;
#1521 = ADVANCED_FACE ( 'NONE', ( #876, #2281, #9052, #3241, #7542, #8086, #7678, #4884, #2964, #184, #10978, #8647, #4610, #6290, #3933, #5158, #1599, #3384, #10703, #6710, #6014, #1312, #10443, #4344, #5721 ), #4661, .F. ) ;
#1522 = FACE_OUTER_BOUND ( 'NONE', #9280, .T. ) ;
#1523 = DIRECTION ( 'NONE',  ( 0.0000000000000000000, 0.0000000000000000000, -1.000000000000000000 ) ) ;
#1524 = EDGE_CURVE ( 'NONE', #3991, #9391, #319, .T. ) ;
#1525 = ORIENTED_EDGE ( 'NONE', *, *, #6914, .F. ) ;
#1526 = DIRECTION ( 'NONE',  ( 0.0000000000000000000, -0.3420201433256698200, -0.9396926207859079800 ) ) ;
#1527 = ORIENTED_EDGE ( 'NONE', *, *, #5471, .F. ) ;
#1528 = ORIENTED_EDGE ( 'NONE', *, *, #2928, .F. ) ;
#1529 = ORIENTED_EDGE ( 'NONE', *, *, #8433, .F. ) ;
#1530 = EDGE_LOOP ( 'NONE', ( #3675, #4998, #1235, #2853 ) ) ;
#1531 = PLANE ( 'NONE',  #5230 ) ;
#1532 = CLOSED_SHELL ( 'NONE', ( #6329, #11311, #9001, #9709, #2, #2907, #3481, #1593, #7249, #7742, #7842, #6691, #5679, #10198 ) ) ;
#1533 = ADVANCED_FACE ( 'NONE', ( #9479 ), #1154, .T. ) ;
#1534 = LENGTH_MEASURE_WITH_UNIT ( LENGTH_MEASURE( 0.02539999999999999900 ), #2529 );
#1535 = CARTESIAN_POINT ( 'NONE',  ( 0.3375000000000000800, 0.3128282661284084700, 0.06250000000000001400 ) ) ;
#1536 = PLANE ( 'NONE',  #3959 ) ;
#1537 = ORIENTED_EDGE ( 'NONE', *, *, #8964, .T. ) ;
#1538 = FACE_OUTER_BOUND ( 'NONE', #451, .T. ) ;
#1539 = CARTESIAN_POINT ( 'NONE',  ( 0.4374999999999997200, 0.3299999999999999600, -0.03749999999999999900 ) ) ;
#1540 = ORIENTED_EDGE ( 'NONE', *, *, #9483, .T. ) ;
#1541 = DIRECTION ( 'NONE',  ( 0.3236155771181846200, -0.8891264907159883700, -0.3236155771181846200 ) ) ;
#1542 = ORIENTED_EDGE ( 'NONE', *, *, #7048, .T. ) ;
#1543 = ORIENTED_EDGE ( 'NONE', *, *, #1667, .T. ) ;
#1544 = ORIENTED_EDGE ( 'NONE', *, *, #8926, .T. ) ;
#1545 = FACE_OUTER_BOUND ( 'NONE', #2467, .T. ) ;
#1546 = EDGE_CURVE ( 'NONE', #10232, #6942, #5016, .T. ) ;
#1547 = CARTESIAN_POINT ( 'NONE',  ( 0.06249999999999974300, 0.3299999999999999600, -0.06250000000000001400 ) ) ;
#1548 = ADVANCED_FACE ( 'NONE', ( #7393 ), #10166, .T. ) ;
#1549 = PLANE ( 'NONE',  #6393 ) ;
#1550 = VECTOR ( 'NONE', #1696, 39.37007874015748100 ) ;
#1551 = DIRECTION ( 'NONE',  ( -0.0000000000000000000, 1.000000000000000000, 0.0000000000000000000 ) ) ;
#1552 = DIRECTION ( 'NONE',  ( 0.0000000000000000000, 0.0000000000000000000, 1.000000000000000000 ) ) ;
#1553 = AXIS2_PLACEMENT_3D ( 'NONE', #3878, #8449, #3986 ) ;
#1554 = EDGE_CURVE ( 'NONE', #4665, #9774, #1488, .T. ) ;
#1555 = PLANE ( 'NONE',  #8957 ) ;
#1556 = ORIENTED_EDGE ( 'NONE', *, *, #7558, .T. ) ;
#1557 = ORIENTED_EDGE ( 'NONE', *, *, #5781, .F. ) ;
#1558 = CARTESIAN_POINT ( 'NONE',  ( -0.06249999999999995100, 0.3128282661284084700, 0.06250000000000001400 ) ) ;
#1559 = ORIENTED_EDGE ( 'NONE', *, *, #11216, .F. ) ;
#1560 = VECTOR ( 'NONE', #198, 39.37007874015748100 ) ;
#1561 = DIRECTION ( 'NONE',  ( 0.0000000000000000000, 0.0000000000000000000, -1.000000000000000000 ) ) ;
#1562 = LINE ( 'NONE', #8213, #10667 ) ;
#1563 = CARTESIAN_POINT ( 'NONE',  ( 0.03750000000000007500, -0.01499999999999997700, 0.03749999999999999900 ) ) ;
#1564 = EDGE_LOOP ( 'NONE', ( #6180, #3167, #3784, #6918 ) ) ;
#1565 = LINE ( 'NONE', #10042, #9581 ) ;
#1566 = DIRECTION ( 'NONE',  ( -0.0000000000000000000, -1.000000000000000000, -0.0000000000000000000 ) ) ;
#1567 = EDGE_CURVE ( 'NONE', #5799, #2866, #624, .T. ) ;
#1568 = LINE ( 'NONE', #2661, #713 ) ;
#1569 = AXIS2_PLACEMENT_3D ( 'NONE', #4748, #1211, #2953 ) ;
#1570 = DIRECTION ( 'NONE',  ( 0.0000000000000000000, -1.000000000000000000, 0.0000000000000000000 ) ) ;
#1571 = DIRECTION ( 'NONE',  ( 0.9396926207859079800, -0.3420201433256698200, -0.0000000000000000000 ) ) ;
#1572 = FILL_AREA_STYLE_COLOUR ( '', #7124 ) ;
#1573 =( CONVERSION_BASED_UNIT ( 'INCH', #25 ) LENGTH_UNIT ( ) NAMED_UNIT ( #11296 ) );
#1574 = EDGE_CURVE ( 'NONE', #8837, #4841, #4618, .T. ) ;
#1575 = DIMENSIONAL_EXPONENTS ( 1.000000000000000000, 0.0000000000000000000, 0.0000000000000000000, 0.0000000000000000000, 0.0000000000000000000, 0.0000000000000000000, 0.0000000000000000000 ) ;
#1576 = LINE ( 'NONE', #8055, #6967 ) ;
#1577 = CARTESIAN_POINT ( 'NONE',  ( 0.3625000000000001000, -0.01499999999999997700, 0.03749999999999999900 ) ) ;
#1578 = CARTESIAN_POINT ( 'NONE',  ( -0.2625000000000002900, -0.1400000000000000100, -0.04375000000000003900 ) ) ;
#1579 = EDGE_CURVE ( 'NONE', #5502, #6040, #1999, .T. ) ;
#1580 = AXIS2_PLACEMENT_3D ( 'NONE', #82, #3047, #6284 ) ;
#1581 = VECTOR ( 'NONE', #1313, 39.37007874015748100 ) ;
#1582 = CARTESIAN_POINT ( 'NONE',  ( 0.4437499999999997600, 0.3299999999999999600, -0.04375000000000003900 ) ) ;
#1583 = ADVANCED_FACE ( 'NONE', ( #6298 ), #3908, .F. ) ;
#1584 = EDGE_LOOP ( 'NONE', ( #3594, #8281, #6354, #9973 ) ) ;
#1585 = LINE ( 'NONE', #2998, #9472 ) ;
#1586 = CARTESIAN_POINT ( 'NONE',  ( -0.4624999999999999700, -0.1228282661284085800, 0.06250000000000001400 ) ) ;
#1587 = CARTESIAN_POINT ( 'NONE',  ( -0.5249999999999994700, 0.09999999999999996400, -0.1175000000000000500 ) ) ;
#1588 = DIRECTION ( 'NONE',  ( 1.000000000000000000, 0.0000000000000000000, 0.0000000000000000000 ) ) ;
#1589 = ORIENTED_EDGE ( 'NONE', *, *, #4115, .T. ) ;
#1590 = ORIENTED_EDGE ( 'NONE', *, *, #1304, .T. ) ;
#1591 = CARTESIAN_POINT ( 'NONE',  ( -0.05988182395616152600, 0.3200216456890114800, 0.04011817604383839700 ) ) ;
#1592 = LINE ( 'NONE', #1703, #10434 ) ;
#1593 = ADVANCED_FACE ( 'NONE', ( #7038 ), #7433, .T. ) ;
#1594 = PLANE ( 'NONE',  #9088 ) ;
#1595 = LINE ( 'NONE', #3913, #741 ) ;
#1596 = DIRECTION ( 'NONE',  ( 1.000000000000000000, 0.0000000000000000000, 0.0000000000000000000 ) ) ;
#1597 = DIRECTION ( 'NONE',  ( 1.000000000000000000, 0.0000000000000000000, 0.0000000000000000000 ) ) ;
#1598 = LINE ( 'NONE', #1051, #4609 ) ;
#1599 = FACE_BOUND ( 'NONE', #7480, .T. ) ;
#1600 = PLANE ( 'NONE',  #704 ) ;
#1601 = CARTESIAN_POINT ( 'NONE',  ( 0.1000000000000000200, -0.1400000000000000100, 0.0000000000000000000 ) ) ;
#1602 = EDGE_CURVE ( 'NONE', #2331, #558, #2823, .T. ) ;
#1603 = DIRECTION ( 'NONE',  ( 0.0000000000000000000, 0.3420201433256686000, -0.9396926207859085400 ) ) ;
#1604 = LINE ( 'NONE', #8865, #5728 ) ;
#1605 = VECTOR ( 'NONE', #8607, 39.37007874015748100 ) ;
#1606 = VECTOR ( 'NONE', #2765, 39.37007874015748100 ) ;
#1607 = EDGE_CURVE ( 'NONE', #11179, #8664, #1765, .T. ) ;
#1608 = LINE ( 'NONE', #3655, #10986 ) ;
#1609 = CARTESIAN_POINT ( 'NONE',  ( 0.4375000000000001100, 0.3128282661284084700, 0.06250000000000001400 ) ) ;
#1610 = DIRECTION ( 'NONE',  ( -1.000000000000000000, 0.0000000000000000000, -0.0000000000000000000 ) ) ;
#1611 = DIRECTION ( 'NONE',  ( 0.0000000000000000000, -0.0000000000000000000, 1.000000000000000000 ) ) ;
#1612 = CARTESIAN_POINT ( 'NONE',  ( 0.1375000000000000400, -4.268512490100411300E-018, 0.03749999999999999900 ) ) ;
#1613 = CARTESIAN_POINT ( 'NONE',  ( -0.0000000000000000000, 0.0000000000000000000, 0.03749999999999999900 ) ) ;
#1614 = LINE ( 'NONE', #8839, #3255 ) ;
#1615 = DIRECTION ( 'NONE',  ( 0.0000000000000000000, 0.0000000000000000000, -1.000000000000000000 ) ) ;
#1616 = AXIS2_PLACEMENT_3D ( 'NONE', #7812, #4211, #9556 ) ;
#1617 = DIRECTION ( 'NONE',  ( 0.0000000000000000000, 0.0000000000000000000, 1.000000000000000000 ) ) ;
#1618 = ORIENTED_EDGE ( 'NONE', *, *, #4862, .F. ) ;
#1619 = VECTOR ( 'NONE', #8234, 39.37007874015748100 ) ;
#1620 = ORIENTED_EDGE ( 'NONE', *, *, #4795, .T. ) ;
#1621 = CARTESIAN_POINT ( 'NONE',  ( 0.3562499999999996200, -0.1400000000000000100, -0.03749999999999999900 ) ) ;
#1622 = EDGE_LOOP ( 'NONE', ( #9006, #9800, #1525, #11157 ) ) ;
#1623 = CARTESIAN_POINT ( 'NONE',  ( -0.3624999999999999300, -0.1228282661284085800, 0.03749999999999999900 ) ) ;
#1624 = EDGE_CURVE ( 'NONE', #5635, #10466, #10326, .T. ) ;
#1625 = CIRCLE ( 'NONE', #10416, 0.01499999999999997700 ) ;
#1626 = EDGE_LOOP ( 'NONE', ( #10486, #11479, #8818, #7021 ) ) ;
#1627 = STYLED_ITEM ( 'NONE', ( #1284 ), #3996 ) ;
#1628 = VECTOR ( 'NONE', #4364, 39.37007874015748100 ) ;
#1629 = FACE_OUTER_BOUND ( 'NONE', #7781, .T. ) ;
#1630 = ORIENTED_EDGE ( 'NONE', *, *, #1110, .F. ) ;
#1631 = FACE_OUTER_BOUND ( 'NONE', #11438, .T. ) ;
#1632 = VERTEX_POINT ( 'NONE', #3934 ) ;
#1633 = ORIENTED_EDGE ( 'NONE', *, *, #4727, .F. ) ;
#1634 = VERTEX_POINT ( 'NONE', #416 ) ;
#1635 = EDGE_CURVE ( 'NONE', #247, #8541, #3679, .T. ) ;
#1636 = CARTESIAN_POINT ( 'NONE',  ( -0.4624999999999999700, 0.3128282661284084700, 0.03749999999999999900 ) ) ;
#1637 = ADVANCED_FACE ( 'NONE', ( #9909 ), #4736, .T. ) ;
#1638 = LINE ( 'NONE', #1461, #8407 ) ;
#1639 = CARTESIAN_POINT ( 'NONE',  ( -0.4624999999999999700, -0.1228282661284084400, 0.06250000000000001400 ) ) ;
#1640 = CARTESIAN_POINT ( 'NONE',  ( -0.1624999999999999800, -0.01499999999999997700, 0.06250000000000001400 ) ) ;
#1641 = ADVANCED_FACE ( 'NONE', ( #11010 ), #3092, .T. ) ;
#1642 = DIRECTION ( 'NONE',  ( 0.0000000000000000000, 0.0000000000000000000, -1.000000000000000000 ) ) ;
#1643 = DIRECTION ( 'NONE',  ( -1.000000000000000000, 0.0000000000000000000, 0.0000000000000000000 ) ) ;
#1644 = ORIENTED_EDGE ( 'NONE', *, *, #5794, .F. ) ;
#1645 = EDGE_CURVE ( 'NONE', #1403, #11227, #5183, .T. ) ;
#1646 = VERTEX_POINT ( 'NONE', #8325 ) ;
#1647 = ORIENTED_EDGE ( 'NONE', *, *, #7509, .T. ) ;
#1648 = VERTEX_POINT ( 'NONE', #8436 ) ;
#1649 = ORIENTED_EDGE ( 'NONE', *, *, #5643, .F. ) ;
#1650 = ORIENTED_EDGE ( 'NONE', *, *, #10150, .F. ) ;
#1651 = AXIS2_PLACEMENT_3D ( 'NONE', #5381, #7088, #2812 ) ;
#1652 = LENGTH_MEASURE_WITH_UNIT ( LENGTH_MEASURE( 0.02539999999999999900 ), #3899 );
#1653 = LINE ( 'NONE', #475, #2604 ) ;
#1654 = CARTESIAN_POINT ( 'NONE',  ( 0.06250000000000008300, 0.3128282661284084700, 0.06250000000000001400 ) ) ;
#1655 =( NAMED_UNIT ( * ) SI_UNIT ( $, .STERADIAN. ) SOLID_ANGLE_UNIT ( ) );
#1656 = EDGE_CURVE ( 'NONE', #2728, #3783, #492, .T. ) ;
#1657 = CARTESIAN_POINT ( 'NONE',  ( -0.06249999999999995100, -4.268512490100411300E-018, 0.03749999999999999900 ) ) ;
#1658 = ORIENTED_EDGE ( 'NONE', *, *, #4439, .F. ) ;
#1659 = ORIENTED_EDGE ( 'NONE', *, *, #66, .T. ) ;
#1660 = ORIENTED_EDGE ( 'NONE', *, *, #2662, .F. ) ;
#1661 = ORIENTED_EDGE ( 'NONE', *, *, #1870, .F. ) ;
#1662 = CARTESIAN_POINT ( 'NONE',  ( 0.3625000000000001000, 0.09999999999999992200, 0.03749999999999999900 ) ) ;
#1663 = VERTEX_POINT ( 'NONE', #9331 ) ;
#1664 = LINE ( 'NONE', #4099, #7471 ) ;
#1665 = FILL_AREA_STYLE_COLOUR ( '', #8224 ) ;
#1666 = EDGE_LOOP ( 'NONE', ( #8278, #2492, #3558, #590 ) ) ;
#1667 = EDGE_CURVE ( 'NONE', #2194, #3475, #3807, .T. ) ;
#1668 = VECTOR ( 'NONE', #11131, 39.37007874015748100 ) ;
#1669 = AXIS2_PLACEMENT_3D ( 'NONE', #3562, #1841, #10566 ) ;
#1670 = CARTESIAN_POINT ( 'NONE',  ( -0.3625000000000003200, 0.0000000000000000000, 0.0000000000000000000 ) ) ;
#1671 = CARTESIAN_POINT ( 'NONE',  ( -0.3625000000000003200, -0.1228282661284085800, -0.06250000000000001400 ) ) ;
#1672 = ORIENTED_EDGE ( 'NONE', *, *, #1602, .F. ) ;
#1673 = ORIENTED_EDGE ( 'NONE', *, *, #5019, .T. ) ;
#1674 = ORIENTED_EDGE ( 'NONE', *, *, #2229, .F. ) ;
#1675 = VECTOR ( 'NONE', #10779, 39.37007874015748100 ) ;
#1676 = CARTESIAN_POINT ( 'NONE',  ( 0.5249999999999998000, 0.3325000000000001800, 0.1324999999999999500 ) ) ;
#1677 = EDGE_LOOP ( 'NONE', ( #4828, #1786, #857, #1516 ) ) ;
#1678 = DIRECTION ( 'NONE',  ( -1.000000000000000000, -0.0000000000000000000, -0.0000000000000000000 ) ) ;
#1679 = VECTOR ( 'NONE', #3667, 39.37007874015748100 ) ;
#1680 = DIRECTION ( 'NONE',  ( -1.000000000000000000, 0.0000000000000000000, -0.0000000000000000000 ) ) ;
#1681 = ORIENTED_EDGE ( 'NONE', *, *, #11485, .F. ) ;
#1682 = ORIENTED_EDGE ( 'NONE', *, *, #7403, .T. ) ;
#1683 = PLANE ( 'NONE',  #6659 ) ;
#1684 = PLANE ( 'NONE',  #6402 ) ;
#1685 = ORIENTED_EDGE ( 'NONE', *, *, #125, .T. ) ;
#1686 = VECTOR ( 'NONE', #6954, 39.37007874015748100 ) ;
#1687 = DIRECTION ( 'NONE',  ( -0.9396926207859079800, -0.3420201433256698200, -0.0000000000000000000 ) ) ;
#1688 = CARTESIAN_POINT ( 'NONE',  ( 0.5249999999999996900, 0.3325000000000001800, -0.1175000000000000500 ) ) ;
#1689 = ORIENTED_EDGE ( 'NONE', *, *, #7755, .F. ) ;
#1690 = LINE ( 'NONE', #1726, #4835 ) ;
#1691 = DIRECTION ( 'NONE',  ( 1.000000000000000000, 0.0000000000000000000, 0.0000000000000000000 ) ) ;
#1692 = DIRECTION ( 'NONE',  ( -0.0000000000000000000, 0.0000000000000000000, 1.000000000000000000 ) ) ;
#1693 = AXIS2_PLACEMENT_3D ( 'NONE', #5274, #2536, #1692 ) ;
#1694 = EDGE_LOOP ( 'NONE', ( #695, #1939, #5926, #1043 ) ) ;
#1695 = CARTESIAN_POINT ( 'NONE',  ( -0.4625000000000003000, 0.09999999999999996400, 0.0000000000000000000 ) ) ;
#1696 = DIRECTION ( 'NONE',  ( 0.0000000000000000000, 0.0000000000000000000, -1.000000000000000000 ) ) ;
#1697 = LINE ( 'NONE', #473, #10796 ) ;
#1698 = CARTESIAN_POINT ( 'NONE',  ( 0.2624999999999996800, 0.09999999999999992200, -0.06250000000000001400 ) ) ;
#1699 = ORIENTED_EDGE ( 'NONE', *, *, #1347, .F. ) ;
#1700 = PLANE ( 'NONE',  #9318 ) ;
#1701 = STYLED_ITEM ( 'NONE', ( #9016 ), #11431 ) ;
#1702 = EDGE_CURVE ( 'NONE', #5647, #7636, #11151, .T. ) ;
#1703 = CARTESIAN_POINT ( 'NONE',  ( -0.4624999999999999700, -0.1228282661284085800, 0.06250000000000001400 ) ) ;
#1704 = ADVANCED_FACE ( 'NONE', ( #3138 ), #10287, .T. ) ;
#1705 = DIRECTION ( 'NONE',  ( 0.0000000000000000000, 0.0000000000000000000, 1.000000000000000000 ) ) ;
#1706 = CARTESIAN_POINT ( 'NONE',  ( 0.5150000000000000100, 0.0000000000000000000, -0.1000000000000000100 ) ) ;
#1707 = VECTOR ( 'NONE', #6363, 39.37007874015748100 ) ;
#1708 = CARTESIAN_POINT ( 'NONE',  ( 0.3375000000000000800, 0.3299999999999999600, 0.06250000000000001400 ) ) ;
#1709 = CARTESIAN_POINT ( 'NONE',  ( 0.06250000000000008300, 0.3299999999999999600, 0.03749999999999999900 ) ) ;
#1710 = SURFACE_STYLE_FILL_AREA ( #10707 ) ;
#1711 = EDGE_CURVE ( 'NONE', #4646, #10722, #2847, .T. ) ;
#1712 = ADVANCED_FACE ( 'NONE', ( #4372 ), #11166, .T. ) ;
#1713 = LINE ( 'NONE', #4493, #10810 ) ;
#1714 = EDGE_CURVE ( 'NONE', #545, #2204, #9642, .T. ) ;
#1715 = DIRECTION ( 'NONE',  ( 0.0000000000000000000, 1.000000000000000000, 4.097771990496394300E-016 ) ) ;
#1716 = CARTESIAN_POINT ( 'NONE',  ( -0.1375000000000003200, 0.3299999999999999600, -0.03749999999999999900 ) ) ;
#1717 = VERTEX_POINT ( 'NONE', #8478 ) ;
#1718 = LENGTH_MEASURE_WITH_UNIT ( LENGTH_MEASURE( 0.02539999999999999900 ), #8613 );
#1719 = CARTESIAN_POINT ( 'NONE',  ( -0.5250000000000002400, 0.3499999999999999800, -0.1674999999999999800 ) ) ;
#1720 = CARTESIAN_POINT ( 'NONE',  ( -0.2624999999999999600, -0.1228282661284085800, 0.06250000000000001400 ) ) ;
#1721 = EDGE_LOOP ( 'NONE', ( #4658, #6221, #9081, #9507 ) ) ;
#1722 = ORIENTED_EDGE ( 'NONE', *, *, #1737, .T. ) ;
#1723 = EDGE_CURVE ( 'NONE', #7295, #7996, #7966, .T. ) ;
#1724 = ORIENTED_EDGE ( 'NONE', *, *, #8438, .T. ) ;
#1725 = VECTOR ( 'NONE', #985, 39.37007874015748100 ) ;
#1726 = CARTESIAN_POINT ( 'NONE',  ( 0.3375000000000000800, -0.01499999999999997700, 0.06250000000000001400 ) ) ;
#1727 = EDGE_CURVE ( 'NONE', #10874, #8147, #11433, .T. ) ;
#1728 = CARTESIAN_POINT ( 'NONE',  ( 0.2625000000000000700, -0.1228282661284085800, 0.06250000000000001400 ) ) ;
#1729 = ORIENTED_EDGE ( 'NONE', *, *, #2534, .F. ) ;
#1730 = DIRECTION ( 'NONE',  ( 0.0000000000000000000, 0.0000000000000000000, 1.000000000000000000 ) ) ;
#1731 = COLOUR_RGB ( '',1.000000000000000000, 0.8117647058823529400, 0.5019607843137254800 ) ;
#1732 = FACE_OUTER_BOUND ( 'NONE', #2906, .T. ) ;
#1733 = DIRECTION ( 'NONE',  ( 1.000000000000000000, 0.0000000000000000000, 0.0000000000000000000 ) ) ;
#1734 = ORIENTED_EDGE ( 'NONE', *, *, #4127, .T. ) ;
#1735 = DIRECTION ( 'NONE',  ( 1.000000000000000000, 0.0000000000000000000, 0.0000000000000000000 ) ) ;
#1736 = FILL_AREA_STYLE_COLOUR ( '', #1435 ) ;
#1737 = EDGE_CURVE ( 'NONE', #6469, #11315, #10597, .T. ) ;
#1738 = CARTESIAN_POINT ( 'NONE',  ( 0.03749999999999973500, -0.1228282661284085800, -0.03749999999999999900 ) ) ;
#1739 = DIRECTION ( 'NONE',  ( 0.3236155771181846200, -0.8891264907159883700, 0.3236155771181846200 ) ) ;
#1740 = DIRECTION ( 'NONE',  ( 1.000000000000000000, 0.0000000000000000000, 0.0000000000000000000 ) ) ;
#1741 = LINE ( 'NONE', #9058, #9204 ) ;
#1742 = VECTOR ( 'NONE', #8905, 39.37007874015748100 ) ;
#1743 = VECTOR ( 'NONE', #4346, 39.37007874015748100 ) ;
#1744 = LINE ( 'NONE', #9508, #7267 ) ;
#1745 = AXIS2_PLACEMENT_3D ( 'NONE', #160, #71, #6423 ) ;
#1746 = DIRECTION ( 'NONE',  ( -1.000000000000000000, 0.0000000000000000000, 0.0000000000000000000 ) ) ;
#1747 = DIRECTION ( 'NONE',  ( 0.0000000000000000000, 0.0000000000000000000, -1.000000000000000000 ) ) ;
#1748 = FACE_OUTER_BOUND ( 'NONE', #70, .T. ) ;
#1749 = FACE_OUTER_BOUND ( 'NONE', #5339, .T. ) ;
#1751 = ADVANCED_FACE ( 'NONE', ( #2307 ), #1441, .F. ) ;
#1750 = VECTOR ( 'NONE', #6707, 39.37007874015748100 ) ;
#1752 = VECTOR ( 'NONE', #4732, 39.37007874015748100 ) ;
#1753 = CARTESIAN_POINT ( 'NONE',  ( 0.5249999999999998000, 0.3325000000000001800, 0.1324999999999999500 ) ) ;
#1754 = PLANE ( 'NONE',  #8137 ) ;
#1755 = CARTESIAN_POINT ( 'NONE',  ( -0.2375000000000002900, -0.1228282661284085800, -0.03749999999999999900 ) ) ;
#1756 = LINE ( 'NONE', #5714, #2024 ) ;
#1757 = AXIS2_PLACEMENT_3D ( 'NONE', #977, #4532, #1771 ) ;
#1758 = LINE ( 'NONE', #8310, #2025 ) ;
#1759 = EDGE_CURVE ( 'NONE', #2598, #1936, #772, .T. ) ;
#1760 = LINE ( 'NONE', #4005, #1055 ) ;
#1761 = CARTESIAN_POINT ( 'NONE',  ( -0.03749999999999994300, 0.09999999999999996400, 0.0000000000000000000 ) ) ;
#1762 = ADVANCED_FACE ( 'NONE', ( #8804 ), #2373, .T. ) ;
#1763 = DIRECTION ( 'NONE',  ( 0.0000000000000000000, 0.0000000000000000000, 1.000000000000000000 ) ) ;
#1764 = ORIENTED_EDGE ( 'NONE', *, *, #9917, .F. ) ;
#1765 = LINE ( 'NONE', #373, #762 ) ;
#1766 = DIRECTION ( 'NONE',  ( 1.000000000000000000, 0.0000000000000000000, 0.0000000000000000000 ) ) ;
#1767 = ORIENTED_EDGE ( 'NONE', *, *, #4086, .F. ) ;
#1768 = VERTEX_POINT ( 'NONE', #9513 ) ;
#1769 = ORIENTED_EDGE ( 'NONE', *, *, #288, .T. ) ;
#1770 = ORIENTED_EDGE ( 'NONE', *, *, #7691, .T. ) ;
#1771 = DIRECTION ( 'NONE',  ( -1.000000000000000000, 0.0000000000000000000, 0.0000000000000000000 ) ) ;
#1772 = LINE ( 'NONE', #5314, #8813 ) ;
#1773 = CARTESIAN_POINT ( 'NONE',  ( -0.03749999999999994300, 0.3299999999999999600, 0.06250000000000001400 ) ) ;
#1774 = LINE ( 'NONE', #541, #8261 ) ;
#1775 = LINE ( 'NONE', #9287, #2863 ) ;
#1776 = CARTESIAN_POINT ( 'NONE',  ( 0.4375000000000001100, -0.1228282661284084400, 0.06250000000000001400 ) ) ;
#1777 = VERTEX_POINT ( 'NONE', #485 ) ;
#1778 = LINE ( 'NONE', #4032, #7989 ) ;
#1779 = ORIENTED_EDGE ( 'NONE', *, *, #10134, .T. ) ;
#1780 = ORIENTED_EDGE ( 'NONE', *, *, #3130, .T. ) ;
#1781 = CARTESIAN_POINT ( 'NONE',  ( 0.2374999999999996600, 0.3128282661284084700, -0.03749999999999999900 ) ) ;
#1782 = EDGE_CURVE ( 'NONE', #6795, #1914, #11302, .T. ) ;
#1783 = MECHANICAL_DESIGN_GEOMETRIC_PRESENTATION_REPRESENTATION (  '', ( #3757 ), #1327 ) ;
#1784 = VECTOR ( 'NONE', #7696, 39.37007874015748100 ) ;
#1785 = ORIENTED_EDGE ( 'NONE', *, *, #6878, .F. ) ;
#1786 = ORIENTED_EDGE ( 'NONE', *, *, #725, .T. ) ;
#1787 = VERTEX_POINT ( 'NONE', #9482 ) ;
#1788 = EDGE_CURVE ( 'NONE', #170, #2843, #7017, .T. ) ;
#1789 = ORIENTED_EDGE ( 'NONE', *, *, #2396, .T. ) ;
#1790 = VERTEX_POINT ( 'NONE', #6736 ) ;
#1791 = CARTESIAN_POINT ( 'NONE',  ( 0.06249999999999974300, 0.3299999999999999600, -0.04375000000000003900 ) ) ;
#1792 = ORIENTED_EDGE ( 'NONE', *, *, #8207, .F. ) ;
#1793 = DIRECTION ( 'NONE',  ( 0.0000000000000000000, 0.0000000000000000000, 1.000000000000000000 ) ) ;
#1794 = SURFACE_STYLE_FILL_AREA ( #8151 ) ;
#1795 = VECTOR ( 'NONE', #10090, 39.37007874015748100 ) ;
#1796 = CARTESIAN_POINT ( 'NONE',  ( 0.1598818239561612700, 0.3200216456890114800, -0.04011817604383839700 ) ) ;
#1797 = ORIENTED_EDGE ( 'NONE', *, *, #2872, .T. ) ;
#1798 = EDGE_CURVE ( 'NONE', #6558, #4292, #2586, .T. ) ;
#1799 = EDGE_LOOP ( 'NONE', ( #4123, #6386, #6781, #5622 ) ) ;
#1800 = ORIENTED_EDGE ( 'NONE', *, *, #3600, .T. ) ;
#1801 = VERTEX_POINT ( 'NONE', #8626 ) ;
#1802 = ORIENTED_EDGE ( 'NONE', *, *, #10304, .F. ) ;
#1803 = ORIENTED_EDGE ( 'NONE', *, *, #10381, .F. ) ;
#1804 = LINE ( 'NONE', #7788, #3318 ) ;
#1805 = CARTESIAN_POINT ( 'NONE',  ( -0.1625000000000003100, 0.3128282661284084700, -0.03749999999999999900 ) ) ;
#1806 = DIRECTION ( 'NONE',  ( -1.000000000000000000, 0.0000000000000000000, -0.0000000000000000000 ) ) ;
#1807 = LINE ( 'NONE', #9207, #10763 ) ;
#1808 = DIRECTION ( 'NONE',  ( 0.0000000000000000000, 0.0000000000000000000, 1.000000000000000000 ) ) ;
#1809 = PLANE ( 'NONE',  #1071 ) ;
#1810 = DIRECTION ( 'NONE',  ( -4.024392169772604800E-017, -0.7071067811865420200, -0.7071067811865530100 ) ) ;
#1811 = ORIENTED_EDGE ( 'NONE', *, *, #5303, .T. ) ;
#1812 = ORIENTED_EDGE ( 'NONE', *, *, #11162, .F. ) ;
#1813 = ORIENTED_EDGE ( 'NONE', *, *, #7345, .T. ) ;
#1814 = PLANE ( 'NONE',  #925 ) ;
#1815 = EDGE_LOOP ( 'NONE', ( #3569, #6793, #2368, #4868 ) ) ;
#1816 = CARTESIAN_POINT ( 'NONE',  ( 0.4375000000000001100, -0.1228282661284085800, 0.03749999999999999900 ) ) ;
#1817 = LINE ( 'NONE', #11143, #1952 ) ;
#1818 = ADVANCED_FACE ( 'NONE', ( #4248 ), #4097, .F. ) ;
#1819 = DIRECTION ( 'NONE',  ( -0.9396926207859079800, -0.3420201433256698200, -0.0000000000000000000 ) ) ;
#1820 = FACE_OUTER_BOUND ( 'NONE', #3692, .T. ) ;
#1821 = CARTESIAN_POINT ( 'NONE',  ( -0.1374999999999999600, -0.1400000000000000100, 0.04375000000000003900 ) ) ;
#1822 = ORIENTED_EDGE ( 'NONE', *, *, #2216, .F. ) ;
#1823 = VERTEX_POINT ( 'NONE', #6854 ) ;
#1824 = ORIENTED_EDGE ( 'NONE', *, *, #1093, .T. ) ;
#1825 = ADVANCED_FACE ( 'NONE', ( #902 ), #2327, .T. ) ;
#1826 = FACE_OUTER_BOUND ( 'NONE', #2202, .T. ) ;
#1827 = EDGE_CURVE ( 'NONE', #9821, #6905, #210, .T. ) ;
#1828 = ORIENTED_EDGE ( 'NONE', *, *, #948, .F. ) ;
#1829 = LINE ( 'NONE', #6651, #8185 ) ;
#1830 = CARTESIAN_POINT ( 'NONE',  ( -0.2437499999999999900, -0.1400000000000000100, 0.04375000000000003900 ) ) ;
#1831 = CARTESIAN_POINT ( 'NONE',  ( 0.06249999999999974300, 0.3128282661284084700, -0.06250000000000001400 ) ) ;
#1832 = LINE ( 'NONE', #8322, #17 ) ;
#1833 = DIRECTION ( 'NONE',  ( -0.9396926207859079800, -0.3420201433256698200, -0.0000000000000000000 ) ) ;
#1834 = EDGE_CURVE ( 'NONE', #9392, #3154, #4633, .T. ) ;
#1835 = EDGE_LOOP ( 'NONE', ( #4531, #9727, #7172, #7759 ) ) ;
#1836 = EDGE_LOOP ( 'NONE', ( #676, #3327, #4183, #5925 ) ) ;
#1837 = DIRECTION ( 'NONE',  ( 0.0000000000000000000, -1.000000000000000000, 0.0000000000000000000 ) ) ;
#1838 = VECTOR ( 'NONE', #10192, 39.37007874015748100 ) ;
#1839 = LINE ( 'NONE', #10897, #10678 ) ;
#1840 = CARTESIAN_POINT ( 'NONE',  ( -0.06250000000000029100, -0.1228282661284085800, -0.06250000000000001400 ) ) ;
#1841 = DIRECTION ( 'NONE',  ( 0.0000000000000000000, -0.0000000000000000000, 1.000000000000000000 ) ) ;
#1842 = PLANE ( 'NONE',  #4683 ) ;
#1843 = DIRECTION ( 'NONE',  ( 1.000000000000000000, 0.0000000000000000000, 0.0000000000000000000 ) ) ;
#1844 = EDGE_CURVE ( 'NONE', #8687, #1777, #6042, .T. ) ;
#1845 = PRESENTATION_STYLE_ASSIGNMENT (( #710 ) ) ;
#1846 = DIRECTION ( 'NONE',  ( 5.691349986800549600E-017, 1.000000000000000000, 0.0000000000000000000 ) ) ;
#1847 = DIRECTION ( 'NONE',  ( -1.000000000000000000, 0.0000000000000000000, 0.0000000000000000000 ) ) ;
#1848 = AXIS2_PLACEMENT_3D ( 'NONE', #2361, #10278, #3235 ) ;
#1849 = DIRECTION ( 'NONE',  ( -1.000000000000000000, 0.0000000000000000000, -0.0000000000000000000 ) ) ;
#1850 = DIRECTION ( 'NONE',  ( 0.3236155771181846200, 0.8891264907159883700, -0.3236155771181846200 ) ) ;
#1851 = VERTEX_POINT ( 'NONE', #799 ) ;
#1852 = PLANE ( 'NONE',  #5864 ) ;
#1853 = LINE ( 'NONE', #8473, #1002 ) ;
#1854 = EDGE_CURVE ( 'NONE', #10901, #8963, #5598, .T. ) ;
#1855 = ORIENTED_EDGE ( 'NONE', *, *, #2244, .T. ) ;
#1856 = LINE ( 'NONE', #7531, #5273 ) ;
#1857 = EDGE_CURVE ( 'NONE', #6771, #5743, #8397, .T. ) ;
#1858 = ORIENTED_EDGE ( 'NONE', *, *, #6713, .T. ) ;
#1859 = CARTESIAN_POINT ( 'NONE',  ( -0.4375000000000003300, 0.3299999999999999600, -0.03749999999999999900 ) ) ;
#1860 = MECHANICAL_DESIGN_GEOMETRIC_PRESENTATION_REPRESENTATION (  '', ( #3048 ), #2455 ) ;
#1861 = ADVANCED_FACE ( 'NONE', ( #1629 ), #3360, .T. ) ;
#1862 = EDGE_CURVE ( 'NONE', #4796, #5776, #10731, .T. ) ;
#1863 = VECTOR ( 'NONE', #11408, 39.37007874015748100 ) ;
#1864 = DIRECTION ( 'NONE',  ( -0.0000000000000000000, -1.000000000000000000, -4.097771990496395300E-016 ) ) ;
#1865 = LINE ( 'NONE', #8451, #7952 ) ;
#1866 = LINE ( 'NONE', #215, #3512 ) ;
#1867 = PLANE ( 'NONE',  #2272 ) ;
#1868 = CARTESIAN_POINT ( 'NONE',  ( 0.2374999999999996600, 0.3299999999999999600, -0.03749999999999999900 ) ) ;
#1869 = ADVANCED_FACE ( 'NONE', ( #8532 ), #1594, .T. ) ;
#1870 = EDGE_CURVE ( 'NONE', #6063, #4274, #8114, .T. ) ;
#1871 = DIRECTION ( 'NONE',  ( 0.0000000000000000000, 0.0000000000000000000, 1.000000000000000000 ) ) ;
#1872 = DIRECTION ( 'NONE',  ( 3.278217592397116300E-015, 0.0000000000000000000, -1.000000000000000000 ) ) ;
#1873 = VECTOR ( 'NONE', #2182, 39.37007874015748100 ) ;
#1874 = VECTOR ( 'NONE', #7712, 39.37007874015748100 ) ;
#1875 = CARTESIAN_POINT ( 'NONE',  ( 0.1375000000000000400, 0.0000000000000000000, 0.0000000000000000000 ) ) ;
#1876 = PLANE ( 'NONE',  #2515 ) ;
#1877 = VECTOR ( 'NONE', #11061, 39.37007874015748100 ) ;
#1878 = FILL_AREA_STYLE ('',( #7287 ) ) ;
#1879 = VECTOR ( 'NONE', #3121, 39.37007874015748100 ) ;
#1880 = CARTESIAN_POINT ( 'NONE',  ( -0.5250000000000003600, 0.3325000000000001800, 0.1324999999999999200 ) ) ;
#1881 = EDGE_CURVE ( 'NONE', #7925, #10490, #5454, .T. ) ;
#1882 = PLANE ( 'NONE',  #2211 ) ;
#1883 = PLANE ( 'NONE',  #2952 ) ;
#1884 = FACE_OUTER_BOUND ( 'NONE', #6629, .T. ) ;
#1885 = AXIS2_PLACEMENT_3D ( 'NONE', #7532, #3791, #5775 ) ;
#1886 = ORIENTED_EDGE ( 'NONE', *, *, #4623, .T. ) ;
#1887 = EDGE_LOOP ( 'NONE', ( #1075, #5648, #4573, #5017 ) ) ;
#1888 = VERTEX_POINT ( 'NONE', #757 ) ;
#1889 = FACE_OUTER_BOUND ( 'NONE', #4422, .T. ) ;
#1890 = CARTESIAN_POINT ( 'NONE',  ( -0.3624999999999999300, 0.09999999999999992200, 0.06250000000000001400 ) ) ;
#1891 = LINE ( 'NONE', #6941, #11008 ) ;
#1892 = VECTOR ( 'NONE', #5632, 39.37007874015748100 ) ;
#1893 = EDGE_CURVE ( 'NONE', #2261, #279, #3411, .T. ) ;
#1894 = ORIENTED_EDGE ( 'NONE', *, *, #8949, .T. ) ;
#1895 = LINE ( 'NONE', #4104, #7020 ) ;
#1896 = ORIENTED_EDGE ( 'NONE', *, *, #5174, .F. ) ;
#1897 = EDGE_LOOP ( 'NONE', ( #6098, #3427, #3661, #10614 ) ) ;
#1898 = CARTESIAN_POINT ( 'NONE',  ( -0.2374999999999999600, 0.3299999999999999600, 0.06250000000000001400 ) ) ;
#1899 = EDGE_LOOP ( 'NONE', ( #9504, #6491, #4284, #3566 ) ) ;
#1900 = EDGE_CURVE ( 'NONE', #6746, #3129, #1760, .T. ) ;
#1901 = VECTOR ( 'NONE', #5527, 39.37007874015748100 ) ;
#1902 = DIRECTION ( 'NONE',  ( -1.000000000000000000, 0.0000000000000000000, -0.0000000000000000000 ) ) ;
#1903 = CARTESIAN_POINT ( 'NONE',  ( -0.0000000000000000000, 0.0000000000000000000, 0.03749999999999999900 ) ) ;
#1904 = AXIS2_PLACEMENT_3D ( 'NONE', #2654, #78, #10575 ) ;
#1905 = CARTESIAN_POINT ( 'NONE',  ( 0.4000000000000000200, -0.1400000000000000100, 0.0000000000000000000 ) ) ;
#1906 = CARTESIAN_POINT ( 'NONE',  ( 0.05625000000000005000, 0.3299999999999999600, 0.04375000000000003900 ) ) ;
#1907 = CARTESIAN_POINT ( 'NONE',  ( 0.1437499999999997400, -0.1400000000000000100, -0.05624999999999997400 ) ) ;
#1908 = VERTEX_POINT ( 'NONE', #1342 ) ;
#1909 = VERTEX_POINT ( 'NONE', #4124 ) ;
#1910 = EDGE_LOOP ( 'NONE', ( #1813, #651, #9112, #10859 ) ) ;
#1911 = ORIENTED_EDGE ( 'NONE', *, *, #7849, .F. ) ;
#1912 = MECHANICAL_DESIGN_GEOMETRIC_PRESENTATION_REPRESENTATION (  '', ( #3604 ), #121 ) ;
#1913 = CARTESIAN_POINT ( 'NONE',  ( 0.1625000000000000300, 0.0000000000000000000, 0.0000000000000000000 ) ) ;
#1914 = VERTEX_POINT ( 'NONE', #11032 ) ;
#1915 = LINE ( 'NONE', #6336, #10630 ) ;
#1916 = PLANE ( 'NONE',  #11241 ) ;
#1917 = EDGE_CURVE ( 'NONE', #1142, #11179, #1185, .T. ) ;
#1918 = CARTESIAN_POINT ( 'NONE',  ( 0.2624999999999996800, -0.01499999999999997700, -0.03749999999999999900 ) ) ;
#1919 = ADVANCED_FACE ( 'NONE', ( #3264 ), #3957, .T. ) ;
#1920 = CARTESIAN_POINT ( 'NONE',  ( 0.3375000000000000800, -0.01499999999999997700, 0.03749999999999999900 ) ) ;
#1921 = FACE_OUTER_BOUND ( 'NONE', #954, .T. ) ;
#1922 = CARTESIAN_POINT ( 'NONE',  ( 0.04375000000000011500, 0.3299999999999999600, 0.04375000000000003900 ) ) ;
#1923 = DIRECTION ( 'NONE',  ( 1.000000000000000000, 0.0000000000000000000, 0.0000000000000000000 ) ) ;
#1924 = CARTESIAN_POINT ( 'NONE',  ( 0.1437499999999997400, 0.3299999999999999600, -0.05624999999999997400 ) ) ;
#1925 = EDGE_LOOP ( 'NONE', ( #6420, #4819, #2500, #4822 ) ) ;
#1926 = EDGE_CURVE ( 'NONE', #8541, #2451, #5443, .T. ) ;
#1927 = EDGE_LOOP ( 'NONE', ( #229, #969, #951, #9652 ) ) ;
#1928 = ORIENTED_EDGE ( 'NONE', *, *, #1141, .F. ) ;
#1929 = ORIENTED_EDGE ( 'NONE', *, *, #10241, .F. ) ;
#1930 = EDGE_LOOP ( 'NONE', ( #10245, #9132, #6643, #6812 ) ) ;
#1931 = AXIS2_PLACEMENT_3D ( 'NONE', #2347, #588, #4075 ) ;
#1932 = ADVANCED_FACE ( 'NONE', ( #1330 ), #1508, .T. ) ;
#1933 = FACE_OUTER_BOUND ( 'NONE', #2170, .T. ) ;
#1934 = EDGE_CURVE ( 'NONE', #4374, #7738, #6733, .T. ) ;
#1935 = DIRECTION ( 'NONE',  ( -0.0000000000000000000, 0.3420201433256686000, 0.9396926207859085400 ) ) ;
#1936 = VERTEX_POINT ( 'NONE', #10187 ) ;
#1937 = CARTESIAN_POINT ( 'NONE',  ( -0.2625000000000002900, 0.3128282661284084700, -0.03749999999999999900 ) ) ;
#1938 = EDGE_LOOP ( 'NONE', ( #10049, #840, #668, #2384 ) ) ;
#1939 = ORIENTED_EDGE ( 'NONE', *, *, #8902, .T. ) ;
#1940 = CLOSED_SHELL ( 'NONE', ( #10942, #5368, #589, #6921, #1413, #403, #2618, #7954, #4404, #8178, #2332, #1038, #6112, #10565 ) ) ;
#1941 = LINE ( 'NONE', #2174, #10237 ) ;
#1942 = CARTESIAN_POINT ( 'NONE',  ( 0.3562500000000000700, -0.1400000000000000100, 0.05624999999999997400 ) ) ;
#1943 = CARTESIAN_POINT ( 'NONE',  ( 0.05988182395616132400, 0.3200216456890114800, -0.04011817604383839700 ) ) ;
#1944 = EDGE_CURVE ( 'NONE', #2192, #8448, #2990, .T. ) ;
#1945 = CARTESIAN_POINT ( 'NONE',  ( -0.1374999999999999600, 0.3299999999999999600, 0.06250000000000001400 ) ) ;
#1946 = EDGE_LOOP ( 'NONE', ( #3859, #1911, #26, #261 ) ) ;
#1947 = EDGE_LOOP ( 'NONE', ( #8035, #10113, #2367, #6770 ) ) ;
#1948 = DIRECTION ( 'NONE',  ( 0.0000000000000000000, 0.0000000000000000000, -1.000000000000000000 ) ) ;
#1949 = ORIENTED_EDGE ( 'NONE', *, *, #3119, .F. ) ;
#1950 = MANIFOLD_SOLID_BREP ( 'Pin[20]', #11441 ) ;
#1951 = DIRECTION ( 'NONE',  ( 0.0000000000000000000, 0.0000000000000000000, -1.000000000000000000 ) ) ;
#1952 = VECTOR ( 'NONE', #1458, 39.37007874015748100 ) ;
#1953 = DIRECTION ( 'NONE',  ( 0.0000000000000000000, 0.7071067811865530100, -0.7071067811865420200 ) ) ;
#1954 = CARTESIAN_POINT ( 'NONE',  ( 0.4374999999999997200, 0.3299999999999999600, -0.06250000000000001400 ) ) ;
#1955 = EDGE_CURVE ( 'NONE', #7379, #8570, #64, .T. ) ;
#1956 = ORIENTED_EDGE ( 'NONE', *, *, #10330, .F. ) ;
#1957 = LINE ( 'NONE', #4373, #10529 ) ;
#1958 = CARTESIAN_POINT ( 'NONE',  ( -0.4375000000000000000, -4.268512490100411300E-018, 0.03749999999999999900 ) ) ;
#1959 = CARTESIAN_POINT ( 'NONE',  ( -0.3374999999999999700, 0.3128282661284084700, 0.06250000000000001400 ) ) ;
#1960 = PLANE ( 'NONE',  #5441 ) ;
#1961 = VERTEX_POINT ( 'NONE', #5857 ) ;
#1962 = CARTESIAN_POINT ( 'NONE',  ( 0.4375000000000001100, 0.09999999999999992200, 0.06250000000000001400 ) ) ;
#1963 = VECTOR ( 'NONE', #9194, 39.37007874015748100 ) ;
#1964 = DIRECTION ( 'NONE',  ( -1.000000000000000000, 0.0000000000000000000, -0.0000000000000000000 ) ) ;
#1965 = DIRECTION ( 'NONE',  ( -1.000000000000000000, 0.0000000000000000000, -0.0000000000000000000 ) ) ;
#1966 = ORIENTED_EDGE ( 'NONE', *, *, #3949, .T. ) ;
#1967 = LINE ( 'NONE', #9172, #4035 ) ;
#1968 = EDGE_CURVE ( 'NONE', #2362, #3442, #7560, .T. ) ;
#1969 = LINE ( 'NONE', #7219, #10419 ) ;
#1970 = SURFACE_STYLE_USAGE ( .BOTH. , #2091 ) ;
#1971 = LINE ( 'NONE', #6245, #7232 ) ;
#1972 = PLANE ( 'NONE',  #5984 ) ;
#1973 = ADVANCED_FACE ( 'NONE', ( #9219 ), #4873, .T. ) ;
#1974 = EDGE_CURVE ( 'NONE', #9813, #6111, #2444, .T. ) ;
#1975 =( NAMED_UNIT ( * ) SI_UNIT ( $, .STERADIAN. ) SOLID_ANGLE_UNIT ( ) );
#1976 = VECTOR ( 'NONE', #5237, 39.37007874015748100 ) ;
#1977 = ORIENTED_EDGE ( 'NONE', *, *, #10528, .F. ) ;
#1978 = FACE_OUTER_BOUND ( 'NONE', #7117, .T. ) ;
#1979 =( NAMED_UNIT ( * ) SI_UNIT ( $, .STERADIAN. ) SOLID_ANGLE_UNIT ( ) );
#1980 = AXIS2_PLACEMENT_3D ( 'NONE', #4026, #1285, #4888 ) ;
#1981 = ADVANCED_FACE ( 'NONE', ( #7273 ), #8461, .T. ) ;
#1982 = DIRECTION ( 'NONE',  ( -0.9396926207859079800, -0.3420201433256698200, -0.0000000000000000000 ) ) ;
#1983 = CARTESIAN_POINT ( 'NONE',  ( -0.5750000000000001800, 0.3499999999999999800, 0.1825000000000000000 ) ) ;
#1984 = DIRECTION ( 'NONE',  ( 0.0000000000000000000, 0.0000000000000000000, 1.000000000000000000 ) ) ;
#1985 = ORIENTED_EDGE ( 'NONE', *, *, #1493, .F. ) ;
#1986 = EDGE_LOOP ( 'NONE', ( #7737, #2665, #7220, #11307 ) ) ;
#1987 = DIRECTION ( 'NONE',  ( -1.000000000000000000, 0.0000000000000000000, -0.0000000000000000000 ) ) ;
#1988 = EDGE_CURVE ( 'NONE', #9470, #10891, #480, .T. ) ;
#1989 = CARTESIAN_POINT ( 'NONE',  ( -0.1437500000000003500, 0.3299999999999999600, -0.06250000000000001400 ) ) ;
#1990 = DIRECTION ( 'NONE',  ( -0.0000000000000000000, -1.000000000000000000, -0.0000000000000000000 ) ) ;
#1991 = PRESENTATION_STYLE_ASSIGNMENT (( #6687 ) ) ;
#1992 =( GEOMETRIC_REPRESENTATION_CONTEXT ( 3 ) GLOBAL_UNCERTAINTY_ASSIGNED_CONTEXT ( ( #3497 ) ) GLOBAL_UNIT_ASSIGNED_CONTEXT ( ( #5792, #7513, #1477 ) ) REPRESENTATION_CONTEXT ( 'NONE', 'WORKASPACE' ) );
#1993 = DIRECTION ( 'NONE',  ( 0.0000000000000000000, 0.0000000000000000000, 1.000000000000000000 ) ) ;
#1994 = CARTESIAN_POINT ( 'NONE',  ( 0.4374999999999997200, -0.1228282661284085800, -0.03749999999999999900 ) ) ;
#1995 = LINE ( 'NONE', #1720, #143 ) ;
#1996 = VERTEX_POINT ( 'NONE', #1582 ) ;
#1997 = EDGE_CURVE ( 'NONE', #10639, #6191, #2165, .T. ) ;
#1998 = LINE ( 'NONE', #3055, #5157 ) ;
#1999 = LINE ( 'NONE', #11050, #461 ) ;
#2000 = VERTEX_POINT ( 'NONE', #5023 ) ;
#2001 = ORIENTED_EDGE ( 'NONE', *, *, #9212, .F. ) ;
#2002 = EDGE_CURVE ( 'NONE', #5503, #10639, #10995, .T. ) ;
#2003 = CARTESIAN_POINT ( 'NONE',  ( -0.3374999999999999700, 0.3128282661284084700, 0.03749999999999999900 ) ) ;
#2004 = PLANE ( 'NONE',  #3943 ) ;
#2005 = FACE_BOUND ( 'NONE', #8215, .T. ) ;
#2006 = CARTESIAN_POINT ( 'NONE',  ( 0.4437500000000001400, 0.3299999999999999600, 0.06250000000000001400 ) ) ;
#2007 = SPHERICAL_SURFACE ( 'NONE', #3875, 0.01499999999999997700 ) ;
#2008 = MANIFOLD_SOLID_BREP ( 'Pin[4]', #10746 ) ;
#2009 = FACE_OUTER_BOUND ( 'NONE', #4844, .T. ) ;
#2010 = FACE_OUTER_BOUND ( 'NONE', #6938, .T. ) ;
#2011 =( CONVERSION_BASED_UNIT ( 'INCH', #4568 ) LENGTH_UNIT ( ) NAMED_UNIT ( #10801 ) );
#2012 = LINE ( 'NONE', #629, #3122 ) ;
#2013 = DIRECTION ( 'NONE',  ( 1.000000000000000000, 0.0000000000000000000, -2.731847993664263200E-016 ) ) ;
#2014 = VECTOR ( 'NONE', #3114, 39.37007874015748100 ) ;
#2015 = DIRECTION ( 'NONE',  ( 0.0000000000000000000, 0.0000000000000000000, 1.000000000000000000 ) ) ;
#2016 = FACE_OUTER_BOUND ( 'NONE', #8564, .T. ) ;
#2017 = EDGE_CURVE ( 'NONE', #959, #8840, #201, .T. ) ;
#2018 = LINE ( 'NONE', #2972, #11142 ) ;
#2019 = CARTESIAN_POINT ( 'NONE',  ( -0.04374999999999997600, 0.3299999999999999600, 0.05624999999999997400 ) ) ;
#2020 = ORIENTED_EDGE ( 'NONE', *, *, #8897, .T. ) ;
#2021 = DIRECTION ( 'NONE',  ( 0.0000000000000000000, 0.0000000000000000000, -1.000000000000000000 ) ) ;
#2022 = CARTESIAN_POINT ( 'NONE',  ( 0.4375000000000001100, -0.1228282661284084400, 0.03749999999999999900 ) ) ;
#2023 = DIRECTION ( 'NONE',  ( 0.0000000000000000000, -0.0000000000000000000, -1.000000000000000000 ) ) ;
#2024 = VECTOR ( 'NONE', #10936, 39.37007874015748100 ) ;
#2025 = VECTOR ( 'NONE', #3000, 39.37007874015748100 ) ;
#2026 = ADVANCED_FACE ( 'NONE', ( #2298 ), #5404, .T. ) ;
#2027 = VECTOR ( 'NONE', #7586, 39.37007874015748100 ) ;
#2028 = CARTESIAN_POINT ( 'NONE',  ( -0.1624999999999999800, 0.0000000000000000000, 0.0000000000000000000 ) ) ;
#2029 = ORIENTED_EDGE ( 'NONE', *, *, #4727, .T. ) ;
#2030 = VECTOR ( 'NONE', #6, 39.37007874015748100 ) ;
#2031 = ORIENTED_EDGE ( 'NONE', *, *, #7092, .T. ) ;
#2032 = ORIENTED_EDGE ( 'NONE', *, *, #6891, .F. ) ;
#2033 = CARTESIAN_POINT ( 'NONE',  ( -0.3562499999999999000, -0.1400000000000000100, 0.04375000000000003900 ) ) ;
#2034 = ORIENTED_EDGE ( 'NONE', *, *, #6846, .T. ) ;
#2035 = CARTESIAN_POINT ( 'NONE',  ( 0.3374999999999996900, 0.09999999999999992200, -0.06250000000000001400 ) ) ;
#2036 = VERTEX_POINT ( 'NONE', #10823 ) ;
#2037 = FACE_OUTER_BOUND ( 'NONE', #4799, .T. ) ;
#2038 = ADVANCED_FACE ( 'NONE', ( #6304 ), #982, .F. ) ;
#2039 = FACE_OUTER_BOUND ( 'NONE', #6714, .T. ) ;
#2040 = FACE_OUTER_BOUND ( 'NONE', #4038, .T. ) ;
#2041 = DIRECTION ( 'NONE',  ( 1.000000000000000000, 0.0000000000000000000, 0.0000000000000000000 ) ) ;
#2042 = DIRECTION ( 'NONE',  ( 0.0000000000000000000, -1.000000000000000000, 0.0000000000000000000 ) ) ;
#2043 = ORIENTED_EDGE ( 'NONE', *, *, #6358, .T. ) ;
#2044 = VECTOR ( 'NONE', #5907, 39.37007874015748100 ) ;
#2045 = ORIENTED_EDGE ( 'NONE', *, *, #9366, .F. ) ;
#2046 = DIRECTION ( 'NONE',  ( -1.000000000000000000, 0.0000000000000000000, -0.0000000000000000000 ) ) ;
#2047 = VERTEX_POINT ( 'NONE', #132 ) ;
#2048 = DIRECTION ( 'NONE',  ( 0.0000000000000000000, -0.3420201433256698200, -0.9396926207859079800 ) ) ;
#2049 = CARTESIAN_POINT ( 'NONE',  ( -0.4401181760438387400, 0.3200216456890114800, -0.05988182395616160900 ) ) ;
#2050 = VECTOR ( 'NONE', #4287, 39.37007874015748100 ) ;
#2051 = STYLED_ITEM ( 'NONE', ( #1189 ), #293 ) ;
#2052 = ORIENTED_EDGE ( 'NONE', *, *, #5697, .T. ) ;
#2053 = EDGE_LOOP ( 'NONE', ( #11108, #7261, #7191, #10230 ) ) ;
#2054 = CARTESIAN_POINT ( 'NONE',  ( 0.4375000000000001100, 0.3299999999999999600, 0.04375000000000003900 ) ) ;
#2055 = ORIENTED_EDGE ( 'NONE', *, *, #1834, .T. ) ;
#2056 = VERTEX_POINT ( 'NONE', #6433 ) ;
#2057 = VERTEX_POINT ( 'NONE', #7874 ) ;
#2058 = EDGE_LOOP ( 'NONE', ( #5746, #8429, #10774, #8299 ) ) ;
#2059 = VECTOR ( 'NONE', #7194, 39.37007874015748100 ) ;
#2060 = EDGE_CURVE ( 'NONE', #11018, #11254, #1476, .T. ) ;
#2061 = FILL_AREA_STYLE_COLOUR ( '', #905 ) ;
#2062 = CARTESIAN_POINT ( 'NONE',  ( -0.4624999999999999700, -0.01499999999999997700, 0.06250000000000001400 ) ) ;
#2063 = AXIS2_PLACEMENT_3D ( 'NONE', #1346, #1397, #5780 ) ;
#2064 = VECTOR ( 'NONE', #10044, 39.37007874015748100 ) ;
#2065 = SURFACE_STYLE_USAGE ( .BOTH. , #1008 ) ;
#2066 = CARTESIAN_POINT ( 'NONE',  ( 0.4374999999999997200, -0.1228282661284085800, -0.03749999999999999900 ) ) ;
#2067 = VERTEX_POINT ( 'NONE', #3917 ) ;
#2068 = CARTESIAN_POINT ( 'NONE',  ( 0.05624999999999971000, -0.1400000000000000100, -0.04375000000000003900 ) ) ;
#2069 = ORIENTED_EDGE ( 'NONE', *, *, #4315, .T. ) ;
#2070 = EDGE_LOOP ( 'NONE', ( #9670, #4650, #8203, #958 ) ) ;
#2071 = EDGE_CURVE ( 'NONE', #11179, #8465, #893, .T. ) ;
#2072 = ORIENTED_EDGE ( 'NONE', *, *, #7442, .T. ) ;
#2073 = ORIENTED_EDGE ( 'NONE', *, *, #10086, .T. ) ;
#2074 = ORIENTED_EDGE ( 'NONE', *, *, #172, .F. ) ;
#2075 = DIRECTION ( 'NONE',  ( 1.000000000000000000, 0.0000000000000000000, 0.0000000000000000000 ) ) ;
#2076 = VECTOR ( 'NONE', #6351, 39.37007874015748100 ) ;
#2077 = VERTEX_POINT ( 'NONE', #6475 ) ;
#2078 = VECTOR ( 'NONE', #7670, 39.37007874015748100 ) ;
#2079 = CARTESIAN_POINT ( 'NONE',  ( 0.0000000000000000000, 0.09999999999999996400, 0.03749999999999999900 ) ) ;
#2080 = EDGE_CURVE ( 'NONE', #2995, #10874, #5882, .T. ) ;
#2081 = DIRECTION ( 'NONE',  ( -3.278217592397116300E-015, 0.0000000000000000000, 1.000000000000000000 ) ) ;
#2082 = AXIS2_PLACEMENT_3D ( 'NONE', #1123, #11005, #5800 ) ;
#2083 = ORIENTED_EDGE ( 'NONE', *, *, #10199, .T. ) ;
#2084 = ORIENTED_EDGE ( 'NONE', *, *, #3547, .T. ) ;
#2085 = VERTEX_POINT ( 'NONE', #1295 ) ;
#2086 = VERTEX_POINT ( 'NONE', #311 ) ;
#2087 = LINE ( 'NONE', #5818, #7899 ) ;
#2088 = DIRECTION ( 'NONE',  ( 1.000000000000000000, -0.0000000000000000000, -0.0000000000000000000 ) ) ;
#2089 = LINE ( 'NONE', #6162, #8592 ) ;
#2090 = EDGE_CURVE ( 'NONE', #9932, #2778, #8093, .T. ) ;
#2091 = SURFACE_SIDE_STYLE ('',( #1794 ) ) ;
#2092 = CARTESIAN_POINT ( 'NONE',  ( -0.1375000000000003200, 0.09999999999999992200, -0.06250000000000001400 ) ) ;
#2093 = CARTESIAN_POINT ( 'NONE',  ( -0.4375000000000000000, -0.01499999999999997700, 0.06250000000000001400 ) ) ;
#2094 = ADVANCED_FACE ( 'NONE', ( #1749 ), #1213, .F. ) ;
#2095 = ORIENTED_EDGE ( 'NONE', *, *, #4505, .T. ) ;
#2096 = ORIENTED_EDGE ( 'NONE', *, *, #9453, .F. ) ;
#2097 = FILL_AREA_STYLE ('',( #9080 ) ) ;
#2098 = PLANE ( 'NONE',  #4426 ) ;
#2099 = EDGE_LOOP ( 'NONE', ( #5176, #803, #3690, #10000 ) ) ;
#2100 = EDGE_CURVE ( 'NONE', #4674, #805, #5584, .T. ) ;
#2101 = PRESENTATION_LAYER_ASSIGNMENT (  '', '', ( #8834 ) ) ;
#2102 = DIRECTION ( 'NONE',  ( 1.000000000000000000, 0.0000000000000000000, 0.0000000000000000000 ) ) ;
#2103 = LINE ( 'NONE', #278, #7087 ) ;
#2104 = DIRECTION ( 'NONE',  ( -0.3236155771181856200, 0.8891264907159877100, 0.3236155771181856200 ) ) ;
#2105 = ADVANCED_FACE ( 'NONE', ( #4489 ), #3526, .T. ) ;
#2106 = DIRECTION ( 'NONE',  ( -1.000000000000000000, 0.0000000000000000000, -0.0000000000000000000 ) ) ;
#2107 = PLANE ( 'NONE',  #9288 ) ;
#2108 = ORIENTED_EDGE ( 'NONE', *, *, #1423, .T. ) ;
#2109 = EDGE_LOOP ( 'NONE', ( #815, #828, #11477, #7747 ) ) ;
#2110 = DIRECTION ( 'NONE',  ( 0.0000000000000000000, -1.000000000000000000, 0.0000000000000000000 ) ) ;
#2111 = STYLED_ITEM ( 'NONE', ( #2146 ), #2377 ) ;
#2112 = EDGE_CURVE ( 'NONE', #7198, #7197, #3392, .T. ) ;
#2113 = LINE ( 'NONE', #6368, #7085 ) ;
#2114 = CARTESIAN_POINT ( 'NONE',  ( -0.2437499999999999900, 0.3299999999999999600, 0.03749999999999999900 ) ) ;
#2115 = VECTOR ( 'NONE', #6109, 39.37007874015748100 ) ;
#2116 = CARTESIAN_POINT ( 'NONE',  ( -0.2562500000000002600, -0.1400000000000000100, -0.05624999999999997400 ) ) ;
#2117 = SURFACE_STYLE_USAGE ( .BOTH. , #7404 ) ;
#2118 = AXIS2_PLACEMENT_3D ( 'NONE', #4564, #5520, #8056 ) ;
#2119 = CARTESIAN_POINT ( 'NONE',  ( -0.1375000000000003200, 0.3128282661284084700, -0.03749999999999999900 ) ) ;
#2120 = CARTESIAN_POINT ( 'NONE',  ( -0.3624999999999999300, -4.268512490100411300E-018, 0.03749999999999999900 ) ) ;
#2121 = DIRECTION ( 'NONE',  ( 0.0000000000000000000, 0.0000000000000000000, -1.000000000000000000 ) ) ;
#2122 = VECTOR ( 'NONE', #498, 39.37007874015748100 ) ;
#2123 = PLANE ( 'NONE',  #11111 ) ;
#2124 = CARTESIAN_POINT ( 'NONE',  ( 0.1375000000000000400, 0.3128282661284084700, 0.06250000000000001400 ) ) ;
#2125 = CARTESIAN_POINT ( 'NONE',  ( -0.3562499999999999000, -0.1400000000000000100, 0.03749999999999999900 ) ) ;
#2126 = DIRECTION ( 'NONE',  ( -1.000000000000000000, 0.0000000000000000000, -0.0000000000000000000 ) ) ;
#2127 = LINE ( 'NONE', #6545, #1581 ) ;
#2128 = CARTESIAN_POINT ( 'NONE',  ( 0.1375000000000000400, -0.1228282661284085800, 0.03749999999999999900 ) ) ;
#2129 = ORIENTED_EDGE ( 'NONE', *, *, #11267, .T. ) ;
#2130 = EDGE_CURVE ( 'NONE', #8166, #6097, #10449, .T. ) ;
#2131 = LINE ( 'NONE', #466, #5708 ) ;
#2132 = CARTESIAN_POINT ( 'NONE',  ( 0.06249999999999974300, 0.3299999999999999600, -0.03749999999999999900 ) ) ;
#2133 = CARTESIAN_POINT ( 'NONE',  ( 0.1624999999999997000, 0.0000000000000000000, -0.06250000000000001400 ) ) ;
#2134 = ORIENTED_EDGE ( 'NONE', *, *, #670, .F. ) ;
#2135 = ORIENTED_EDGE ( 'NONE', *, *, #5607, .T. ) ;
#2136 = VECTOR ( 'NONE', #7730, 39.37007874015748100 ) ;
#2137 = AXIS2_PLACEMENT_3D ( 'NONE', #1671, #5179, #683 ) ;
#2138 = CARTESIAN_POINT ( 'NONE',  ( -0.1562500000000002800, -0.1400000000000000100, -0.04375000000000003900 ) ) ;
#2139 = DIRECTION ( 'NONE',  ( -0.9396926207859079800, -0.3420201433256698200, -0.0000000000000000000 ) ) ;
#2140 = DIRECTION ( 'NONE',  ( 1.000000000000000000, 0.0000000000000000000, 0.0000000000000000000 ) ) ;
#2141 = CARTESIAN_POINT ( 'NONE',  ( -0.4625000000000003000, 0.3299999999999999600, -0.06250000000000001400 ) ) ;
#2142 = DIRECTION ( 'NONE',  ( 0.0000000000000000000, 0.0000000000000000000, 1.000000000000000000 ) ) ;
#2143 = CARTESIAN_POINT ( 'NONE',  ( -0.3624999999999999300, -0.1228282661284084400, 0.03749999999999999900 ) ) ;
#2144 = VECTOR ( 'NONE', #4940, 39.37007874015748100 ) ;
#2145 = EDGE_CURVE ( 'NONE', #9096, #9640, #6441, .T. ) ;
#2146 = PRESENTATION_STYLE_ASSIGNMENT (( #6960 ) ) ;
#2147 = FILL_AREA_STYLE_COLOUR ( '', #720 ) ;
#2149 = ADVANCED_FACE ( 'NONE', ( #7134 ), #11229, .T. ) ;
#2148 = FACE_OUTER_BOUND ( 'NONE', #126, .T. ) ;
#2150 = CARTESIAN_POINT ( 'NONE',  ( -0.3624999999999999300, -0.01499999999999997700, 0.06250000000000001400 ) ) ;
#2151 = LINE ( 'NONE', #11429, #9487 ) ;
#2152 = CARTESIAN_POINT ( 'NONE',  ( 0.4375000000000001100, -0.1228282661284085800, 0.03749999999999999900 ) ) ;
#2153 = CARTESIAN_POINT ( 'NONE',  ( 0.1000000000000000200, 0.3299999999999999600, 0.0000000000000000000 ) ) ;
#2154 = CARTESIAN_POINT ( 'NONE',  ( -0.4625000000000003000, -0.1228282661284085800, -0.03749999999999999900 ) ) ;
#2155 = CARTESIAN_POINT ( 'NONE',  ( 0.06250000000000008300, -0.1400000000000000100, 0.04375000000000003900 ) ) ;
#2156 = EDGE_CURVE ( 'NONE', #3301, #7621, #1027, .T. ) ;
#2157 = FACE_BOUND ( 'NONE', #5333, .T. ) ;
#2158 = ADVANCED_FACE ( 'NONE', ( #1173 ), #9426, .T. ) ;
#2159 = FACE_OUTER_BOUND ( 'NONE', #2738, .T. ) ;
#2160 = VECTOR ( 'NONE', #8110, 39.37007874015748100 ) ;
#2161 = CARTESIAN_POINT ( 'NONE',  ( 0.0000000000000000000, 0.3299999999999999600, 0.0000000000000000000 ) ) ;
#2162 = EDGE_CURVE ( 'NONE', #10361, #9667, #10318, .T. ) ;
#2163 = STYLED_ITEM ( 'NONE', ( #1991 ), #6777 ) ;
#2164 = LINE ( 'NONE', #1385, #10325 ) ;
#2165 = LINE ( 'NONE', #782, #9632 ) ;
#2166 = PLANE ( 'NONE',  #5752 ) ;
#2167 = ORIENTED_EDGE ( 'NONE', *, *, #2740, .T. ) ;
#2168 = LINE ( 'NONE', #2049, #5744 ) ;
#2169 = ORIENTED_EDGE ( 'NONE', *, *, #4640, .F. ) ;
#2170 = EDGE_LOOP ( 'NONE', ( #8700, #8431, #869, #4273 ) ) ;
#2171 = ORIENTED_EDGE ( 'NONE', *, *, #10290, .F. ) ;
#2172 = CARTESIAN_POINT ( 'NONE',  ( 0.4625000000000001300, 0.3128282661284084700, 0.06250000000000001400 ) ) ;
#2173 = VECTOR ( 'NONE', #8528, 39.37007874015748100 ) ;
#2174 = CARTESIAN_POINT ( 'NONE',  ( -0.05000000000000025300, 0.3499999999999999800, -0.1674999999999999800 ) ) ;
#2175 = CARTESIAN_POINT ( 'NONE',  ( 0.2375000000000000700, -0.01499999999999997700, 0.06250000000000001400 ) ) ;
#2176 = VECTOR ( 'NONE', #11374, 39.37007874015748100 ) ;
#2177 = VECTOR ( 'NONE', #6570, 39.37007874015748100 ) ;
#2178 = CARTESIAN_POINT ( 'NONE',  ( -0.06250000000000029100, 0.3128282661284084700, -0.03749999999999999900 ) ) ;
#2179 = EDGE_LOOP ( 'NONE', ( #7150, #6750, #3752, #9915 ) ) ;
#2180 = VECTOR ( 'NONE', #10982, 39.37007874015748100 ) ;
#2181 = ORIENTED_EDGE ( 'NONE', *, *, #9471, .T. ) ;
#2182 = DIRECTION ( 'NONE',  ( -1.000000000000000000, 0.0000000000000000000, 0.0000000000000000000 ) ) ;
#2183 = ORIENTED_EDGE ( 'NONE', *, *, #5028, .T. ) ;
#2184 = ORIENTED_EDGE ( 'NONE', *, *, #8136, .F. ) ;
#2185 = DIRECTION ( 'NONE',  ( 0.0000000000000000000, 0.0000000000000000000, -1.000000000000000000 ) ) ;
#2186 = VECTOR ( 'NONE', #2836, 39.37007874015748100 ) ;
#2187 = CARTESIAN_POINT ( 'NONE',  ( 0.2625000000000000700, -0.1228282661284085800, 0.03749999999999999900 ) ) ;
#2188 = EDGE_CURVE ( 'NONE', #9223, #6222, #4091, .T. ) ;
#2189 = DIRECTION ( 'NONE',  ( 0.0000000000000000000, 0.0000000000000000000, -1.000000000000000000 ) ) ;
#2190 = VERTEX_POINT ( 'NONE', #4267 ) ;
#2191 = DIRECTION ( 'NONE',  ( -0.0000000000000000000, 0.0000000000000000000, 1.000000000000000000 ) ) ;
#2192 = VERTEX_POINT ( 'NONE', #10420 ) ;
#2193 = EDGE_LOOP ( 'NONE', ( #6238, #8608, #10248, #7622 ) ) ;
#2194 = VERTEX_POINT ( 'NONE', #5164 ) ;
#2195 = ORIENTED_EDGE ( 'NONE', *, *, #3686, .T. ) ;
#2196 = LINE ( 'NONE', #4696, #7739 ) ;
#2197 = CARTESIAN_POINT ( 'NONE',  ( 0.2375000000000000700, 0.3299999999999999600, 0.03749999999999999900 ) ) ;
#2198 = AXIS2_PLACEMENT_3D ( 'NONE', #7519, #578, #2335 ) ;
#2199 = EDGE_CURVE ( 'NONE', #1823, #11295, #8522, .T. ) ;
#2200 = VECTOR ( 'NONE', #6342, 39.37007874015748100 ) ;
#2201 = DIRECTION ( 'NONE',  ( -0.0000000000000000000, 1.000000000000000000, 0.0000000000000000000 ) ) ;
#2202 = EDGE_LOOP ( 'NONE', ( #6375, #8002, #2590, #1537 ) ) ;
#2203 = CARTESIAN_POINT ( 'NONE',  ( -0.5150000000000004600, 0.0000000000000000000, -0.09999999999999809000 ) ) ;
#2204 = VERTEX_POINT ( 'NONE', #6123 ) ;
#2205 = DIRECTION ( 'NONE',  ( 1.000000000000000000, 0.0000000000000000000, 0.0000000000000000000 ) ) ;
#2206 = ORIENTED_EDGE ( 'NONE', *, *, #10709, .F. ) ;
#2207 = VERTEX_POINT ( 'NONE', #11264 ) ;
#2208 = ORIENTED_EDGE ( 'NONE', *, *, #11262, .T. ) ;
#2209 = PRESENTATION_STYLE_ASSIGNMENT (( #9671 ) ) ;
#2210 = ADVANCED_FACE ( 'NONE', ( #5033 ), #8715, .T. ) ;
#2211 = AXIS2_PLACEMENT_3D ( 'NONE', #4900, #1003, #7206 ) ;
#2212 = DIRECTION ( 'NONE',  ( 0.0000000000000000000, -0.3420201433256698200, 0.9396926207859079800 ) ) ;
#2213 = VERTEX_POINT ( 'NONE', #8758 ) ;
#2214 = FACE_OUTER_BOUND ( 'NONE', #6072, .T. ) ;
#2215 = CARTESIAN_POINT ( 'NONE',  ( 0.3624999999999997100, -0.01499999999999997700, -0.06250000000000001400 ) ) ;
#2216 = EDGE_CURVE ( 'NONE', #8568, #7666, #3797, .T. ) ;
#2217 = ORIENTED_EDGE ( 'NONE', *, *, #4296, .T. ) ;
#2218 = EDGE_LOOP ( 'NONE', ( #1556, #7988, #8565, #2206 ) ) ;
#2219 = DIRECTION ( 'NONE',  ( 1.000000000000000000, 0.0000000000000000000, 0.0000000000000000000 ) ) ;
#2220 = VERTEX_POINT ( 'NONE', #7757 ) ;
#2221 = ADVANCED_FACE ( 'NONE', ( #2978 ), #5969, .F. ) ;
#2222 = PRESENTATION_LAYER_ASSIGNMENT (  '', '', ( #1627 ) ) ;
#2223 = VECTOR ( 'NONE', #6583, 39.37007874015748100 ) ;
#2224 = DIRECTION ( 'NONE',  ( 0.0000000000000000000, 0.0000000000000000000, -1.000000000000000000 ) ) ;
#2225 = CARTESIAN_POINT ( 'NONE',  ( 0.3374999999999996900, 0.3128282661284084700, -0.03749999999999999900 ) ) ;
#2226 = AXIS2_PLACEMENT_3D ( 'NONE', #1586, #6923, #6015 ) ;
#2227 = VECTOR ( 'NONE', #5394, 39.37007874015748100 ) ;
#2228 = DIRECTION ( 'NONE',  ( -0.0000000000000000000, 1.000000000000000000, -0.0000000000000000000 ) ) ;
#2229 = EDGE_CURVE ( 'NONE', #9392, #1265, #58, .T. ) ;
#2230 = ORIENTED_EDGE ( 'NONE', *, *, #7691, .F. ) ;
#2231 = ORIENTED_EDGE ( 'NONE', *, *, #6270, .T. ) ;
#2232 = ORIENTED_EDGE ( 'NONE', *, *, #6828, .T. ) ;
#2233 = VECTOR ( 'NONE', #4638, 39.37007874015748100 ) ;
#2234 = PLANE ( 'NONE',  #7387 ) ;
#2235 = EDGE_LOOP ( 'NONE', ( #4721, #4500, #3743, #2854 ) ) ;
#2236 = EDGE_CURVE ( 'NONE', #10079, #8440, #6582, .T. ) ;
#2237 = VECTOR ( 'NONE', #9687, 39.37007874015748100 ) ;
#2238 = DIRECTION ( 'NONE',  ( -2.012196084886302600E-016, 0.7071067811865420200, 0.7071067811865530100 ) ) ;
#2239 = AXIS2_PLACEMENT_3D ( 'NONE', #11037, #8346, #10989 ) ;
#2240 = COLOUR_RGB ( '',1.000000000000000000, 0.8117647058823529400, 0.5019607843137254800 ) ;
#2241 =( NAMED_UNIT ( * ) PLANE_ANGLE_UNIT ( ) SI_UNIT ( $, .RADIAN. ) );
#2242 = ORIENTED_EDGE ( 'NONE', *, *, #4315, .F. ) ;
#2243 = VECTOR ( 'NONE', #9678, 39.37007874015748100 ) ;
#2244 = EDGE_CURVE ( 'NONE', #9960, #5280, #10983, .T. ) ;
#2245 = CARTESIAN_POINT ( 'NONE',  ( 0.5424999999999996500, 0.3499999999999999800, -0.1350000000000000600 ) ) ;
#2246 = DIRECTION ( 'NONE',  ( 0.0000000000000000000, 0.0000000000000000000, 1.000000000000000000 ) ) ;
#2247 = EDGE_LOOP ( 'NONE', ( #9037, #663, #9560, #3457 ) ) ;
#2248 = FACE_OUTER_BOUND ( 'NONE', #6819, .T. ) ;
#2249 = PLANE ( 'NONE',  #8351 ) ;
#2250 = EDGE_CURVE ( 'NONE', #7289, #2194, #2435, .T. ) ;
#2251 = AXIS2_PLACEMENT_3D ( 'NONE', #9541, #3307, #10496 ) ;
#2252 = VECTOR ( 'NONE', #940, 39.37007874015748100 ) ;
#2253 = CARTESIAN_POINT ( 'NONE',  ( -0.06249999999999995100, 0.3128282661284084700, 0.06250000000000001400 ) ) ;
#2254 = LINE ( 'NONE', #11460, #9315 ) ;
#2255 = CARTESIAN_POINT ( 'NONE',  ( -0.1624999999999999800, -0.1228282661284085800, 0.06250000000000001400 ) ) ;
#2256 = CARTESIAN_POINT ( 'NONE',  ( -0.2437500000000003300, 0.3299999999999999600, -0.06250000000000001400 ) ) ;
#2257 = DIRECTION ( 'NONE',  ( -1.000000000000000000, 0.0000000000000000000, 0.0000000000000000000 ) ) ;
#2258 = CARTESIAN_POINT ( 'NONE',  ( 0.2624999999999996800, 0.3299999999999999600, -0.03749999999999999900 ) ) ;
#2259 = VECTOR ( 'NONE', #4260, 39.37007874015748100 ) ;
#2260 = ADVANCED_FACE ( 'NONE', ( #6022 ), #849, .T. ) ;
#2261 = VERTEX_POINT ( 'NONE', #2420 ) ;
#2262 = DIRECTION ( 'NONE',  ( -1.000000000000000000, 0.0000000000000000000, 0.0000000000000000000 ) ) ;
#2263 = DIRECTION ( 'NONE',  ( -1.000000000000000000, 0.0000000000000000000, 0.0000000000000000000 ) ) ;
#2264 = ORIENTED_EDGE ( 'NONE', *, *, #9057, .F. ) ;
#2265 = ORIENTED_EDGE ( 'NONE', *, *, #3478, .T. ) ;
#2266 = VECTOR ( 'NONE', #7807, 39.37007874015748100 ) ;
#2267 = CARTESIAN_POINT ( 'NONE',  ( -0.5250000000000003600, 0.09999999999999996400, 0.1324999999999999500 ) ) ;
#2268 = CARTESIAN_POINT ( 'NONE',  ( -0.03749999999999994300, 0.3299999999999999600, 0.06250000000000001400 ) ) ;
#2269 = ADVANCED_FACE ( 'NONE', ( #752 ), #3484, .F. ) ;
#2270 = ORIENTED_EDGE ( 'NONE', *, *, #1656, .T. ) ;
#2271 = CARTESIAN_POINT ( 'NONE',  ( -0.1437500000000003500, -0.1400000000000000100, -0.05624999999999997400 ) ) ;
#2272 = AXIS2_PLACEMENT_3D ( 'NONE', #8051, #2757, #3665 ) ;
#2273 = CARTESIAN_POINT ( 'NONE',  ( 0.3374999999999996900, 0.3299999999999999600, -0.06250000000000001400 ) ) ;
#2274 = CARTESIAN_POINT ( 'NONE',  ( 0.2598818239561612200, 0.3200216456890114800, -0.05988182395616160900 ) ) ;
#2275 = PRESENTATION_STYLE_ASSIGNMENT (( #9572 ) ) ;
#2276 = EDGE_LOOP ( 'NONE', ( #788, #10888, #8143, #108 ) ) ;
#2277 = CARTESIAN_POINT ( 'NONE',  ( -0.2437500000000003300, -0.1400000000000000100, -0.05624999999999997400 ) ) ;
#2278 = STYLED_ITEM ( 'NONE', ( #5383 ), #6401 ) ;
#2279 = CIRCLE ( 'NONE', #8053, 0.01499999999999997700 ) ;
#2280 = EDGE_CURVE ( 'NONE', #7432, #8440, #3656, .T. ) ;
#2281 = FACE_BOUND ( 'NONE', #1049, .T. ) ;
#2282 = DIRECTION ( 'NONE',  ( -1.000000000000000000, 0.0000000000000000000, 0.0000000000000000000 ) ) ;
#2283 = AXIS2_PLACEMENT_3D ( 'NONE', #3851, #3925, #8265 ) ;
#2284 = ORIENTED_EDGE ( 'NONE', *, *, #2538, .F. ) ;
#2285 = DIRECTION ( 'NONE',  ( -1.000000000000000000, 0.0000000000000000000, 0.0000000000000000000 ) ) ;
#2286 = FACE_BOUND ( 'NONE', #252, .T. ) ;
#2287 = FACE_OUTER_BOUND ( 'NONE', #8709, .T. ) ;
#2288 = EDGE_CURVE ( 'NONE', #6472, #10865, #4356, .T. ) ;
#2289 = DIRECTION ( 'NONE',  ( 0.0000000000000000000, 0.0000000000000000000, -1.000000000000000000 ) ) ;
#2290 = DIRECTION ( 'NONE',  ( 0.0000000000000000000, 0.0000000000000000000, -1.000000000000000000 ) ) ;
#2291 = VECTOR ( 'NONE', #5286, 39.37007874015748100 ) ;
#2292 = VECTOR ( 'NONE', #5709, 39.37007874015748100 ) ;
#2293 = CARTESIAN_POINT ( 'NONE',  ( 0.2562500000000000300, -0.1400000000000000100, 0.06250000000000001400 ) ) ;
#2294 = CARTESIAN_POINT ( 'NONE',  ( 0.2562500000000000300, 0.3299999999999999600, 0.04375000000000003900 ) ) ;
#2295 = EDGE_CURVE ( 'NONE', #1388, #9829, #4480, .T. ) ;
#2296 = DIRECTION ( 'NONE',  ( -0.0000000000000000000, 0.3420201433256686000, 0.9396926207859085400 ) ) ;
#2297 = FACE_OUTER_BOUND ( 'NONE', #365, .T. ) ;
#2298 = FACE_OUTER_BOUND ( 'NONE', #2603, .T. ) ;
#2299 = FACE_OUTER_BOUND ( 'NONE', #8412, .T. ) ;
#2300 = VERTEX_POINT ( 'NONE', #8824 ) ;
#2301 = PLANE ( 'NONE',  #1931 ) ;
#2302 = DIRECTION ( 'NONE',  ( -1.000000000000000000, 0.0000000000000000000, -0.0000000000000000000 ) ) ;
#2303 = EDGE_CURVE ( 'NONE', #153, #1646, #7549, .T. ) ;
#2304 = LINE ( 'NONE', #7398, #9074 ) ;
#2305 = DIRECTION ( 'NONE',  ( 0.3236155771181856200, -0.8891264907159877100, 0.3236155771181856200 ) ) ;
#2306 = LINE ( 'NONE', #10984, #6175 ) ;
#2307 = FACE_OUTER_BOUND ( 'NONE', #4411, .T. ) ;
#2308 = PLANE ( 'NONE',  #4498 ) ;
#2309 = CARTESIAN_POINT ( 'NONE',  ( -0.5249999999999995800, 0.2500000000000000000, 0.06500000000000003000 ) ) ;
#2310 = EDGE_CURVE ( 'NONE', #5743, #7506, #11413, .T. ) ;
#2311 = ORIENTED_EDGE ( 'NONE', *, *, #9462, .T. ) ;
#2312 = VECTOR ( 'NONE', #4780, 39.37007874015748100 ) ;
#2313 = VERTEX_POINT ( 'NONE', #11454 ) ;
#2314 = DIRECTION ( 'NONE',  ( -1.000000000000000000, 0.0000000000000000000, -0.0000000000000000000 ) ) ;
#2315 = VERTEX_POINT ( 'NONE', #8048 ) ;
#2316 =( GEOMETRIC_REPRESENTATION_CONTEXT ( 3 ) GLOBAL_UNCERTAINTY_ASSIGNED_CONTEXT ( ( #4691 ) ) GLOBAL_UNIT_ASSIGNED_CONTEXT ( ( #9435, #9276, #4836 ) ) REPRESENTATION_CONTEXT ( 'NONE', 'WORKASPACE' ) );
#2317 = VERTEX_POINT ( 'NONE', #5349 ) ;
#2318 = DIRECTION ( 'NONE',  ( 1.000000000000000000, 0.0000000000000000000, 0.0000000000000000000 ) ) ;
#2319 = ORIENTED_EDGE ( 'NONE', *, *, #9446, .T. ) ;
#2320 = DIRECTION ( 'NONE',  ( -0.0000000000000000000, 0.3420201433256686000, 0.9396926207859085400 ) ) ;
#2321 = ADVANCED_FACE ( 'NONE', ( #11141 ), #7095, .T. ) ;
#2322 = LINE ( 'NONE', #5324, #91 ) ;
#2323 = CARTESIAN_POINT ( 'NONE',  ( 0.0000000000000000000, 0.09999999999999996400, -0.06250000000000001400 ) ) ;
#2324 = LINE ( 'NONE', #4877, #9232 ) ;
#2325 = ORIENTED_EDGE ( 'NONE', *, *, #4999, .F. ) ;
#2326 = EDGE_CURVE ( 'NONE', #7084, #6372, #6574, .T. ) ;
#2327 = PLANE ( 'NONE',  #9480 ) ;
#2328 = ORIENTED_EDGE ( 'NONE', *, *, #5096, .T. ) ;
#2329 = VECTOR ( 'NONE', #5992, 39.37007874015748100 ) ;
#2330 = EDGE_LOOP ( 'NONE', ( #9570, #10879, #11377, #3857 ) ) ;
#2331 = VERTEX_POINT ( 'NONE', #63 ) ;
#2332 = ADVANCED_FACE ( 'NONE', ( #7951 ), #9749, .T. ) ;
#2333 = CARTESIAN_POINT ( 'NONE',  ( 0.05624999999999971000, -0.1400000000000000100, -0.03749999999999999900 ) ) ;
#2334 = LINE ( 'NONE', #444, #6635 ) ;
#2335 = DIRECTION ( 'NONE',  ( -1.000000000000000000, 0.0000000000000000000, -0.0000000000000000000 ) ) ;
#2336 = DIRECTION ( 'NONE',  ( 0.0000000000000000000, -1.000000000000000000, 0.0000000000000000000 ) ) ;
#2337 = VERTEX_POINT ( 'NONE', #8867 ) ;
#2338 = DIRECTION ( 'NONE',  ( 0.0000000000000000000, 0.0000000000000000000, -1.000000000000000000 ) ) ;
#2339 = ORIENTED_EDGE ( 'NONE', *, *, #557, .F. ) ;
#2340 = ORIENTED_EDGE ( 'NONE', *, *, #3220, .F. ) ;
#2341 = DIRECTION ( 'NONE',  ( 0.0000000000000000000, 0.0000000000000000000, -1.000000000000000000 ) ) ;
#2342 = EDGE_LOOP ( 'NONE', ( #6508, #427, #6458, #9121 ) ) ;
#2343 = ORIENTED_EDGE ( 'NONE', *, *, #1893, .T. ) ;
#2344 = VERTEX_POINT ( 'NONE', #10593 ) ;
#2345 = LENGTH_MEASURE_WITH_UNIT ( LENGTH_MEASURE( 0.02539999999999999900 ), #246 );
#2346 = LINE ( 'NONE', #7420, #11187 ) ;
#2347 = CARTESIAN_POINT ( 'NONE',  ( -0.2375000000000002900, 0.3299999999999999600, -0.03749999999999999900 ) ) ;
#2348 = ADVANCED_FACE ( 'NONE', ( #1162 ), #2007, .T. ) ;
#2349 = DIRECTION ( 'NONE',  ( -1.000000000000000000, 0.0000000000000000000, -0.0000000000000000000 ) ) ;
#2350 = PLANE ( 'NONE',  #5030 ) ;
#2351 = ORIENTED_EDGE ( 'NONE', *, *, #7309, .F. ) ;
#2352 = ORIENTED_EDGE ( 'NONE', *, *, #2702, .T. ) ;
#2353 = EDGE_LOOP ( 'NONE', ( #353, #4300, #216, #8694 ) ) ;
#2354 = VERTEX_POINT ( 'NONE', #2429 ) ;
#2355 = CARTESIAN_POINT ( 'NONE',  ( -0.5750000000000001800, 0.0000000000000000000, -0.1825000000000000000 ) ) ;
#2356 = VERTEX_POINT ( 'NONE', #8648 ) ;
#2357 = AXIS2_PLACEMENT_3D ( 'NONE', #9677, #7927, #10591 ) ;
#2358 = LINE ( 'NONE', #6701, #10515 ) ;
#2359 = EDGE_CURVE ( 'NONE', #5201, #183, #3244, .T. ) ;
#2360 = CARTESIAN_POINT ( 'NONE',  ( 0.4374999999999997200, 0.09999999999999996400, 0.0000000000000000000 ) ) ;
#2361 = CARTESIAN_POINT ( 'NONE',  ( -0.1624999999999999800, -0.01499999999999997700, 0.06250000000000001400 ) ) ;
#2362 = VERTEX_POINT ( 'NONE', #3354 ) ;
#2363 = LINE ( 'NONE', #2493, #6080 ) ;
#2364 = PLANE ( 'NONE',  #10880 ) ;
#2365 = CARTESIAN_POINT ( 'NONE',  ( -0.4800000000000002600, 0.3499999999999999800, 0.1825000000000000000 ) ) ;
#2366 = DIRECTION ( 'NONE',  ( 1.000000000000000000, 0.0000000000000000000, 0.0000000000000000000 ) ) ;
#2367 = ORIENTED_EDGE ( 'NONE', *, *, #10744, .F. ) ;
#2368 = ORIENTED_EDGE ( 'NONE', *, *, #11017, .T. ) ;
#2369 = EDGE_LOOP ( 'NONE', ( #10366, #1126, #6749, #3867 ) ) ;
#2370 = CARTESIAN_POINT ( 'NONE',  ( 0.1375000000000000400, -0.1228282661284085800, 0.03749999999999999900 ) ) ;
#2371 = VERTEX_POINT ( 'NONE', #3319 ) ;
#2372 = LINE ( 'NONE', #666, #5953 ) ;
#2373 = PLANE ( 'NONE',  #937 ) ;
#2374 = LINE ( 'NONE', #1578, #4430 ) ;
#2375 = EDGE_CURVE ( 'NONE', #7165, #9821, #9355, .T. ) ;
#2376 = CARTESIAN_POINT ( 'NONE',  ( -0.5749999999999996200, -2.388061258337336500E-017, 0.06499999999999991900 ) ) ;
#2377 = MANIFOLD_SOLID_BREP ( 'Pin[16]', #6930 ) ;
#2378 = AXIS2_PLACEMENT_3D ( 'NONE', #6844, #7299, #2041 ) ;
#2379 = DIRECTION ( 'NONE',  ( -1.000000000000000000, -0.0000000000000000000, -0.0000000000000000000 ) ) ;
#2380 = ORIENTED_EDGE ( 'NONE', *, *, #6428, .T. ) ;
#2381 = EDGE_LOOP ( 'NONE', ( #6480, #5812, #4812, #6564 ) ) ;
#2382 = DIRECTION ( 'NONE',  ( -1.000000000000000000, 0.0000000000000000000, -0.0000000000000000000 ) ) ;
#2383 = CARTESIAN_POINT ( 'NONE',  ( -0.2562500000000002600, 0.3299999999999999600, -0.04375000000000003900 ) ) ;
#2384 = ORIENTED_EDGE ( 'NONE', *, *, #8527, .T. ) ;
#2385 = LINE ( 'NONE', #1168, #699 ) ;
#2386 = CARTESIAN_POINT ( 'NONE',  ( -0.5249999999999995800, 0.0000000000000000000, -0.06499999999999996100 ) ) ;
#2387 = CARTESIAN_POINT ( 'NONE',  ( 0.0000000000000000000, 0.09999999999999996400, 0.03749999999999999900 ) ) ;
#2388 = VECTOR ( 'NONE', #9994, 39.37007874015748100 ) ;
#2389 = EDGE_CURVE ( 'NONE', #8120, #3767, #3787, .T. ) ;
#2390 = DIMENSIONAL_EXPONENTS ( 1.000000000000000000, 0.0000000000000000000, 0.0000000000000000000, 0.0000000000000000000, 0.0000000000000000000, 0.0000000000000000000, 0.0000000000000000000 ) ;
#2391 = ORIENTED_EDGE ( 'NONE', *, *, #3488, .F. ) ;
#2392 = ORIENTED_EDGE ( 'NONE', *, *, #5934, .T. ) ;
#2393 = DIRECTION ( 'NONE',  ( 0.0000000000000000000, 0.0000000000000000000, 1.000000000000000000 ) ) ;
#2394 = CARTESIAN_POINT ( 'NONE',  ( -0.05624999999999991100, -0.1400000000000000100, 0.04375000000000003900 ) ) ;
#2395 = LINE ( 'NONE', #4632, #994 ) ;
#2396 = EDGE_CURVE ( 'NONE', #7174, #2591, #469, .T. ) ;
#2397 = CARTESIAN_POINT ( 'NONE',  ( 0.5249999999999996900, 0.3499999999999999800, -0.1825000000000000000 ) ) ;
#2398 = AXIS2_PLACEMENT_3D ( 'NONE', #1859, #10955, #1143 ) ;
#2399 = LINE ( 'NONE', #2256, #23 ) ;
#2400 = DIRECTION ( 'NONE',  ( 1.000000000000000000, 0.0000000000000000000, 0.0000000000000000000 ) ) ;
#2401 = ADVANCED_FACE ( 'NONE', ( #2287 ), #10394, .F. ) ;
#2402 = CARTESIAN_POINT ( 'NONE',  ( -0.1375000000000003200, 0.09999999999999996400, 0.0000000000000000000 ) ) ;
#2403 = DIRECTION ( 'NONE',  ( 0.0000000000000000000, -0.3420201433256698200, -0.9396926207859079800 ) ) ;
#2404 = DIRECTION ( 'NONE',  ( -1.000000000000000000, -0.0000000000000000000, -0.0000000000000000000 ) ) ;
#2405 = CARTESIAN_POINT ( 'NONE',  ( -0.3375000000000003000, -0.01499999999999997700, -0.03749999999999999900 ) ) ;
#2406 = LINE ( 'NONE', #4896, #10280 ) ;
#2407 = EDGE_LOOP ( 'NONE', ( #7725, #4930, #8781, #6981 ) ) ;
#2408 = ADVANCED_FACE ( 'NONE', ( #610 ), #2511, .F. ) ;
#2409 = FACE_OUTER_BOUND ( 'NONE', #2643, .T. ) ;
#2410 = CARTESIAN_POINT ( 'NONE',  ( -0.4624999999999999700, 0.3128282661284084700, 0.03749999999999999900 ) ) ;
#2411 = DIRECTION ( 'NONE',  ( -0.9396926207859079800, -0.3420201433256698200, -0.0000000000000000000 ) ) ;
#2412 = VECTOR ( 'NONE', #4119, 39.37007874015748100 ) ;
#2413 = CARTESIAN_POINT ( 'NONE',  ( -0.4500000000000002300, 0.2499999999999999200, 0.3091190378969060900 ) ) ;
#2414 = DIRECTION ( 'NONE',  ( -0.0000000000000000000, 1.000000000000000000, -0.0000000000000000000 ) ) ;
#2415 = EDGE_CURVE ( 'NONE', #2204, #5833, #5875, .T. ) ;
#2416 = CARTESIAN_POINT ( 'NONE',  ( 0.1437499999999997400, 0.3299999999999999600, -0.03749999999999999900 ) ) ;
#2417 = ORIENTED_EDGE ( 'NONE', *, *, #858, .F. ) ;
#2418 = VERTEX_POINT ( 'NONE', #6096 ) ;
#2419 = LINE ( 'NONE', #5068, #11396 ) ;
#2420 = CARTESIAN_POINT ( 'NONE',  ( -0.04375000000000031600, -0.1400000000000000100, -0.04375000000000003900 ) ) ;
#2421 = EDGE_CURVE ( 'NONE', #3829, #8811, #10024, .T. ) ;
#2422 = CARTESIAN_POINT ( 'NONE',  ( -0.4437500000000000300, -0.1400000000000000100, 0.04375000000000003900 ) ) ;
#2423 = DIRECTION ( 'NONE',  ( 0.0000000000000000000, 0.0000000000000000000, -1.000000000000000000 ) ) ;
#2424 = CARTESIAN_POINT ( 'NONE',  ( 0.0000000000000000000, 0.0000000000000000000, 0.06250000000000001400 ) ) ;
#2425 = CARTESIAN_POINT ( 'NONE',  ( -0.4375000000000000000, -0.1228282661284085800, 0.06250000000000001400 ) ) ;
#2426 = VECTOR ( 'NONE', #6267, 39.37007874015748100 ) ;
#2427 = VECTOR ( 'NONE', #3496, 39.37007874015748100 ) ;
#2428 = VECTOR ( 'NONE', #2366, 39.37007874015748100 ) ;
#2429 = CARTESIAN_POINT ( 'NONE',  ( -0.1562499999999999400, -0.1400000000000000100, 0.05624999999999997400 ) ) ;
#2430 = CARTESIAN_POINT ( 'NONE',  ( -0.1624999999999999800, 0.3128282661284084700, 0.03749999999999999900 ) ) ;
#2431 = DIRECTION ( 'NONE',  ( -0.0000000000000000000, 0.3420201433256686000, 0.9396926207859085400 ) ) ;
#2432 = PLANE ( 'NONE',  #9819 ) ;
#2433 = VECTOR ( 'NONE', #2912, 39.37007874015748100 ) ;
#2434 = EDGE_CURVE ( 'NONE', #2047, #279, #9060, .T. ) ;
#2435 = LINE ( 'NONE', #11412, #6868 ) ;
#2436 = VECTOR ( 'NONE', #10142, 39.37007874015748100 ) ;
#2437 = VECTOR ( 'NONE', #5903, 39.37007874015748100 ) ;
#2438 = CARTESIAN_POINT ( 'NONE',  ( -0.03750000000000028300, -0.01499999999999997700, -0.03749999999999999900 ) ) ;
#2439 = EDGE_CURVE ( 'NONE', #3607, #822, #3518, .T. ) ;
#2440 = CARTESIAN_POINT ( 'NONE',  ( -0.2401181760438383900, 0.3200216456890114800, 0.04011817604383839700 ) ) ;
#2441 = ADVANCED_FACE ( 'NONE', ( #2691 ), #4207, .T. ) ;
#2442 = PLANE ( 'NONE',  #10687 ) ;
#2443 = FACE_OUTER_BOUND ( 'NONE', #9834, .T. ) ;
#2444 = LINE ( 'NONE', #10231, #7008 ) ;
#2445 = CARTESIAN_POINT ( 'NONE',  ( -0.3625000000000003200, -4.268512490100411300E-018, -0.06250000000000001400 ) ) ;
#2446 = DIRECTION ( 'NONE',  ( 1.000000000000000000, 0.0000000000000000000, 0.0000000000000000000 ) ) ;
#2447 = ORIENTED_EDGE ( 'NONE', *, *, #10909, .F. ) ;
#2448 = LINE ( 'NONE', #4667, #10464 ) ;
#2449 = ORIENTED_EDGE ( 'NONE', *, *, #4752, .T. ) ;
#2450 = SURFACE_SIDE_STYLE ('',( #5874 ) ) ;
#2451 = VERTEX_POINT ( 'NONE', #7942 ) ;
#2452 =( NAMED_UNIT ( * ) SI_UNIT ( $, .STERADIAN. ) SOLID_ANGLE_UNIT ( ) );
#2453 = EDGE_LOOP ( 'NONE', ( #2918, #1149, #4019, #5128 ) ) ;
#2454 = EDGE_CURVE ( 'NONE', #9107, #5814, #4747, .T. ) ;
#2455 =( GEOMETRIC_REPRESENTATION_CONTEXT ( 3 ) GLOBAL_UNCERTAINTY_ASSIGNED_CONTEXT ( ( #5173 ) ) GLOBAL_UNIT_ASSIGNED_CONTEXT ( ( #11442, #3441, #6973 ) ) REPRESENTATION_CONTEXT ( 'NONE', 'WORKASPACE' ) );
#2456 = COLOUR_RGB ( '',1.000000000000000000, 0.8117647058823529400, 0.5019607843137254800 ) ;
#2457 = LINE ( 'NONE', #2293, #644 ) ;
#2458 = ORIENTED_EDGE ( 'NONE', *, *, #7118, .F. ) ;
#2459 = DIRECTION ( 'NONE',  ( 0.0000000000000000000, -1.000000000000000000, 0.0000000000000000000 ) ) ;
#2460 = ADVANCED_FACE ( 'NONE', ( #7401 ), #1555, .F. ) ;
#2461 = CARTESIAN_POINT ( 'NONE',  ( 0.1374999999999997100, -0.1228282661284085800, -0.03749999999999999900 ) ) ;
#2462 = EDGE_LOOP ( 'NONE', ( #10479, #92, #2501, #1685 ) ) ;
#2463 = FACE_OUTER_BOUND ( 'NONE', #9165, .T. ) ;
#2464 =( CONVERSION_BASED_UNIT ( 'INCH', #4462 ) LENGTH_UNIT ( ) NAMED_UNIT ( #10743 ) );
#2465 = EDGE_CURVE ( 'NONE', #3370, #5631, #7126, .T. ) ;
#2466 = ORIENTED_EDGE ( 'NONE', *, *, #3961, .F. ) ;
#2467 = EDGE_LOOP ( 'NONE', ( #8294, #1729, #3976, #6202 ) ) ;
#2468 = CARTESIAN_POINT ( 'NONE',  ( 0.3625000000000001000, -0.1400000000000000100, 0.04375000000000003900 ) ) ;
#2469 = ORIENTED_EDGE ( 'NONE', *, *, #956, .T. ) ;
#2470 = EDGE_LOOP ( 'NONE', ( #6033, #8693, #5141, #10902 ) ) ;
#2471 = CARTESIAN_POINT ( 'NONE',  ( -0.0000000000000000000, 0.0000000000000000000, -0.03749999999999999900 ) ) ;
#2472 = VECTOR ( 'NONE', #8098, 39.37007874015748100 ) ;
#2473 = CARTESIAN_POINT ( 'NONE',  ( -0.2375000000000002900, -0.1228282661284085800, -0.03749999999999999900 ) ) ;
#2474 = DIRECTION ( 'NONE',  ( -0.9396926207859079800, -0.3420201433256698200, -0.0000000000000000000 ) ) ;
#2475 = EDGE_CURVE ( 'NONE', #2371, #372, #326, .T. ) ;
#2476 = CARTESIAN_POINT ( 'NONE',  ( 0.03749999999999973500, 0.3128282661284084700, -0.03749999999999999900 ) ) ;
#2477 = EDGE_LOOP ( 'NONE', ( #4515, #7162, #686, #7148 ) ) ;
#2478 = DIRECTION ( 'NONE',  ( 0.9396926207859085400, 0.3420201433256686000, 0.0000000000000000000 ) ) ;
#2479 = CLOSED_SHELL ( 'NONE', ( #1704, #518, #10408, #8656, #8420, #8019, #1932, #11215, #10680, #10211, #3423, #9699, #209, #5205 ) ) ;
#2480 = ORIENTED_EDGE ( 'NONE', *, *, #8967, .F. ) ;
#2481 = ORIENTED_EDGE ( 'NONE', *, *, #9685, .F. ) ;
#2482 = ORIENTED_EDGE ( 'NONE', *, *, #2295, .F. ) ;
#2483 = EDGE_LOOP ( 'NONE', ( #3869, #3011, #8146, #8969 ) ) ;
#2484 = LINE ( 'NONE', #2125, #9252 ) ;
#2485 = LINE ( 'NONE', #524, #2620 ) ;
#2486 = EDGE_LOOP ( 'NONE', ( #6241, #4264, #9683, #8430 ) ) ;
#2487 = DIRECTION ( 'NONE',  ( -1.000000000000000000, 0.0000000000000000000, -0.0000000000000000000 ) ) ;
#2488 = ORIENTED_EDGE ( 'NONE', *, *, #4816, .T. ) ;
#2489 = ORIENTED_EDGE ( 'NONE', *, *, #1394, .T. ) ;
#2490 = VERTEX_POINT ( 'NONE', #859 ) ;
#2491 = ORIENTED_EDGE ( 'NONE', *, *, #3056, .F. ) ;
#2492 = ORIENTED_EDGE ( 'NONE', *, *, #4014, .F. ) ;
#2493 = CARTESIAN_POINT ( 'NONE',  ( 0.3374999999999996900, 0.3299999999999999600, -0.05624999999999997400 ) ) ;
#2494 = DIRECTION ( 'NONE',  ( 0.9396926207859085400, 0.3420201433256686000, 0.0000000000000000000 ) ) ;
#2495 = AXIS2_PLACEMENT_3D ( 'NONE', #4271, #8615, #7722 ) ;
#2496 = ORIENTED_EDGE ( 'NONE', *, *, #9411, .T. ) ;
#2497 = VECTOR ( 'NONE', #4060, 39.37007874015748100 ) ;
#2498 =( LENGTH_UNIT ( ) NAMED_UNIT ( * ) SI_UNIT ( $, .METRE. ) );
#2499 = ORIENTED_EDGE ( 'NONE', *, *, #6390, .F. ) ;
#2500 = ORIENTED_EDGE ( 'NONE', *, *, #5583, .F. ) ;
#2501 = ORIENTED_EDGE ( 'NONE', *, *, #8081, .T. ) ;
#2502 = ORIENTED_EDGE ( 'NONE', *, *, #4578, .T. ) ;
#2503 = VECTOR ( 'NONE', #1037, 39.37007874015748100 ) ;
#2504 = EDGE_CURVE ( 'NONE', #5682, #4646, #4215, .T. ) ;
#2505 = CARTESIAN_POINT ( 'NONE',  ( -0.06249999999999995100, 0.3128282661284084700, 0.03749999999999999900 ) ) ;
#2506 = LINE ( 'NONE', #5680, #10518 ) ;
#2507 = CARTESIAN_POINT ( 'NONE',  ( -0.4437500000000003700, -0.1400000000000000100, -0.04375000000000003900 ) ) ;
#2508 = AXIS2_PLACEMENT_3D ( 'NONE', #10960, #10130, #6667 ) ;
#2509 = ADVANCED_FACE ( 'NONE', ( #2016 ), #2653, .T. ) ;
#2510 = EDGE_CURVE ( 'NONE', #2728, #4434, #4081, .T. ) ;
#2511 = PLANE ( 'NONE',  #3698 ) ;
#2512 = ORIENTED_EDGE ( 'NONE', *, *, #7502, .T. ) ;
#2513 = ORIENTED_EDGE ( 'NONE', *, *, #7883, .F. ) ;
#2514 = VERTEX_POINT ( 'NONE', #3495 ) ;
#2515 = AXIS2_PLACEMENT_3D ( 'NONE', #4384, #11471, #8795 ) ;
#2516 = LINE ( 'NONE', #7408, #5528 ) ;
#2517 = PLANE ( 'NONE',  #1023 ) ;
#2518 = DIRECTION ( 'NONE',  ( 0.0000000000000000000, 0.0000000000000000000, -1.000000000000000000 ) ) ;
#2519 = LINE ( 'NONE', #8089, #4565 ) ;
#2520 = AXIS2_PLACEMENT_3D ( 'NONE', #1920, #4604, #10792 ) ;
#2521 = EDGE_CURVE ( 'NONE', #931, #117, #4759, .T. ) ;
#2522 = ORIENTED_EDGE ( 'NONE', *, *, #10241, .T. ) ;
#2523 = ADVANCED_FACE ( 'NONE', ( #8237 ), #18, .F. ) ;
#2524 = FACE_OUTER_BOUND ( 'NONE', #2752, .T. ) ;
#2525 = CARTESIAN_POINT ( 'NONE',  ( -0.3562500000000002900, -0.1400000000000000100, -0.06250000000000001400 ) ) ;
#2526 = ORIENTED_EDGE ( 'NONE', *, *, #3260, .F. ) ;
#2527 = EDGE_CURVE ( 'NONE', #3442, #4120, #7414, .T. ) ;
#2528 = VECTOR ( 'NONE', #422, 39.37007874015748100 ) ;
#2529 =( LENGTH_UNIT ( ) NAMED_UNIT ( * ) SI_UNIT ( $, .METRE. ) );
#2530 = CARTESIAN_POINT ( 'NONE',  ( -0.0000000000000000000, 0.0000000000000000000, 0.03749999999999999900 ) ) ;
#2531 = DIRECTION ( 'NONE',  ( 0.0000000000000000000, -0.0000000000000000000, 1.000000000000000000 ) ) ;
#2532 = CARTESIAN_POINT ( 'NONE',  ( 0.5150000000000000100, 0.0000000000000000000, 0.08500000000000003400 ) ) ;
#2533 = LINE ( 'NONE', #6522, #287 ) ;
#2534 = EDGE_CURVE ( 'NONE', #2036, #9427, #1478, .T. ) ;
#2535 = LINE ( 'NONE', #7684, #10273 ) ;
#2536 = DIRECTION ( 'NONE',  ( -1.000000000000000000, 0.0000000000000000000, -0.0000000000000000000 ) ) ;
#2537 = CARTESIAN_POINT ( 'NONE',  ( 0.06249999999999974300, -0.1228282661284084400, -0.06250000000000001400 ) ) ;
#2538 = EDGE_CURVE ( 'NONE', #5670, #5631, #5883, .T. ) ;
#2539 = DIRECTION ( 'NONE',  ( 0.0000000000000000000, 0.0000000000000000000, -1.000000000000000000 ) ) ;
#2540 = AXIS2_PLACEMENT_3D ( 'NONE', #11093, #4030, #5755 ) ;
#2541 = LINE ( 'NONE', #1032, #5995 ) ;
#2542 = CARTESIAN_POINT ( 'NONE',  ( 0.1562500000000000000, 0.3299999999999999600, 0.05624999999999997400 ) ) ;
#2543 = ORIENTED_EDGE ( 'NONE', *, *, #3555, .T. ) ;
#2544 = VECTOR ( 'NONE', #10457, 39.37007874015748100 ) ;
#2545 = DIRECTION ( 'NONE',  ( 1.000000000000000000, 0.0000000000000000000, 0.0000000000000000000 ) ) ;
#2546 = DIRECTION ( 'NONE',  ( -1.000000000000000000, 0.0000000000000000000, -0.0000000000000000000 ) ) ;
#2547 = EDGE_CURVE ( 'NONE', #9429, #10288, #3256, .T. ) ;
#2548 = CARTESIAN_POINT ( 'NONE',  ( -0.1625000000000003100, -4.268512490100411300E-018, -0.06250000000000001400 ) ) ;
#2549 = EDGE_LOOP ( 'NONE', ( #8943, #6995, #1217, #7351 ) ) ;
#2550 = VERTEX_POINT ( 'NONE', #7981 ) ;
#2551 = LINE ( 'NONE', #5507, #6700 ) ;
#2552 = VECTOR ( 'NONE', #6121, 39.37007874015748100 ) ;
#2553 = EDGE_LOOP ( 'NONE', ( #3592, #9716, #10652, #8144 ) ) ;
#2554 = EDGE_LOOP ( 'NONE', ( #3061, #11193, #7086, #11125, #10765, #5350 ) ) ;
#2555 = PLANE ( 'NONE',  #4024 ) ;
#2556 = CARTESIAN_POINT ( 'NONE',  ( 0.4624999999999996900, -0.1228282661284084400, -0.03749999999999999900 ) ) ;
#2557 = LINE ( 'NONE', #10834, #744 ) ;
#2558 = LINE ( 'NONE', #5484, #8367 ) ;
#2559 = ORIENTED_EDGE ( 'NONE', *, *, #5174, .T. ) ;
#2560 = ADVANCED_FACE ( 'NONE', ( #3530 ), #4383, .T. ) ;
#2561 = EDGE_CURVE ( 'NONE', #3708, #3101, #10712, .T. ) ;
#2562 = DIRECTION ( 'NONE',  ( -1.000000000000000000, 0.0000000000000000000, 0.0000000000000000000 ) ) ;
#2563 = CARTESIAN_POINT ( 'NONE',  ( -0.2625000000000002900, -0.1228282661284084400, -0.03749999999999999900 ) ) ;
#2564 = VECTOR ( 'NONE', #2869, 39.37007874015748100 ) ;
#2565 = VECTOR ( 'NONE', #5142, 39.37007874015748100 ) ;
#2566 = LINE ( 'NONE', #2402, #5293 ) ;
#2567 = EDGE_CURVE ( 'NONE', #6100, #3298, #7553, .T. ) ;
#2568 = VECTOR ( 'NONE', #168, 39.37007874015748900 ) ;
#2569 = CARTESIAN_POINT ( 'NONE',  ( -0.3437500000000000000, -0.1400000000000000100, 0.04375000000000003900 ) ) ;
#2570 = ADVANCED_FACE ( 'NONE', ( #753 ), #7284, .F. ) ;
#2571 = DIRECTION ( 'NONE',  ( -1.000000000000000000, 0.0000000000000000000, 0.0000000000000000000 ) ) ;
#2572 = CARTESIAN_POINT ( 'NONE',  ( 0.3375000000000000800, 0.3299999999999999600, 0.06250000000000001400 ) ) ;
#2573 = DIRECTION ( 'NONE',  ( 0.0000000000000000000, 1.000000000000000000, 0.0000000000000000000 ) ) ;
#2574 = VECTOR ( 'NONE', #3614, 39.37007874015748100 ) ;
#2575 = AXIS2_PLACEMENT_3D ( 'NONE', #2438, #10411, #3331 ) ;
#2576 = DIRECTION ( 'NONE',  ( 0.0000000000000000000, 0.0000000000000000000, -1.000000000000000000 ) ) ;
#2577 = VECTOR ( 'NONE', #10704, 39.37007874015748100 ) ;
#2578 = ORIENTED_EDGE ( 'NONE', *, *, #3763, .T. ) ;
#2579 = CARTESIAN_POINT ( 'NONE',  ( 0.04374999999999977500, 0.3299999999999999600, -0.04375000000000003900 ) ) ;
#2580 = DIRECTION ( 'NONE',  ( 0.0000000000000000000, 0.0000000000000000000, -1.000000000000000000 ) ) ;
#2581 = CARTESIAN_POINT ( 'NONE',  ( -0.1437500000000003500, 0.3299999999999999600, -0.05624999999999997400 ) ) ;
#2582 = EDGE_CURVE ( 'NONE', #7374, #2344, #8377, .T. ) ;
#2583 = VECTOR ( 'NONE', #2829, 39.37007874015748100 ) ;
#2584 = VERTEX_POINT ( 'NONE', #4676 ) ;
#2585 = AXIS2_PLACEMENT_3D ( 'NONE', #731, #8714, #6865 ) ;
#2586 = LINE ( 'NONE', #11248, #10472 ) ;
#2587 = ORIENTED_EDGE ( 'NONE', *, *, #3903, .F. ) ;
#2588 = VECTOR ( 'NONE', #1333, 39.37007874015748100 ) ;
#2589 = EDGE_LOOP ( 'NONE', ( #10348, #8000, #8455, #4770 ) ) ;
#2590 = ORIENTED_EDGE ( 'NONE', *, *, #6737, .F. ) ;
#2591 = VERTEX_POINT ( 'NONE', #6396 ) ;
#2592 = ORIENTED_EDGE ( 'NONE', *, *, #11231, .T. ) ;
#2593 = EDGE_CURVE ( 'NONE', #10762, #7295, #59, .T. ) ;
#2594 = PLANE ( 'NONE',  #8920 ) ;
#2595 = VECTOR ( 'NONE', #2876, 39.37007874015748100 ) ;
#2596 = CARTESIAN_POINT ( 'NONE',  ( -0.3375000000000003000, 0.09999999999999992200, -0.06250000000000001400 ) ) ;
#2597 = SURFACE_SIDE_STYLE ('',( #180 ) ) ;
#2598 = VERTEX_POINT ( 'NONE', #4535 ) ;
#2599 = EDGE_CURVE ( 'NONE', #2995, #10385, #10039, .T. ) ;
#2600 = EDGE_LOOP ( 'NONE', ( #7575, #5659, #8414, #3773 ) ) ;
#2601 = VECTOR ( 'NONE', #5124, 39.37007874015748100 ) ;
#2602 = VERTEX_POINT ( 'NONE', #10025 ) ;
#2603 = EDGE_LOOP ( 'NONE', ( #5375, #7380, #2084, #4007 ) ) ;
#2604 = VECTOR ( 'NONE', #3900, 39.37007874015748100 ) ;
#2605 = DIRECTION ( 'NONE',  ( -0.3236155771181856200, 0.8891264907159877100, 0.3236155771181856200 ) ) ;
#2606 = DIRECTION ( 'NONE',  ( -0.0000000000000000000, -0.0000000000000000000, 1.000000000000000000 ) ) ;
#2607 = DIRECTION ( 'NONE',  ( -1.000000000000000000, 0.0000000000000000000, 0.0000000000000000000 ) ) ;
#2608 = DIRECTION ( 'NONE',  ( 0.0000000000000000000, 0.0000000000000000000, 1.000000000000000000 ) ) ;
#2609 = ORIENTED_EDGE ( 'NONE', *, *, #5687, .F. ) ;
#2610 = ORIENTED_EDGE ( 'NONE', *, *, #880, .T. ) ;
#2611 = VERTEX_POINT ( 'NONE', #5593 ) ;
#2612 = ORIENTED_EDGE ( 'NONE', *, *, #4593, .T. ) ;
#2613 = PLANE ( 'NONE',  #9468 ) ;
#2614 = EDGE_LOOP ( 'NONE', ( #9542, #4710, #8989, #4138 ) ) ;
#2615 = CARTESIAN_POINT ( 'NONE',  ( 0.1000000000000000200, 0.3499999999999999800, -0.2280551275463990900 ) ) ;
#2616 = CARTESIAN_POINT ( 'NONE',  ( 0.4625000000000001300, -0.01499999999999997700, 0.03749999999999999900 ) ) ;
#2617 = CARTESIAN_POINT ( 'NONE',  ( 0.4375000000000001100, 0.3128282661284084700, 0.06250000000000001400 ) ) ;
#2618 = ADVANCED_FACE ( 'NONE', ( #10319 ), #8995, .T. ) ;
#2619 = EDGE_CURVE ( 'NONE', #3429, #8116, #4227, .T. ) ;
#2620 = VECTOR ( 'NONE', #4809, 39.37007874015748100 ) ;
#2621 =( NAMED_UNIT ( * ) PLANE_ANGLE_UNIT ( ) SI_UNIT ( $, .RADIAN. ) );
#2622 = AXIS2_PLACEMENT_3D ( 'NONE', #10342, #6759, #2349 ) ;
#2623 = CARTESIAN_POINT ( 'NONE',  ( -0.03749999999999994300, -4.268512490100411300E-018, 0.06250000000000001400 ) ) ;
#2624 = DIRECTION ( 'NONE',  ( 0.0000000000000000000, -1.000000000000000000, 0.0000000000000000000 ) ) ;
#2625 = VERTEX_POINT ( 'NONE', #2913 ) ;
#2626 = ORIENTED_EDGE ( 'NONE', *, *, #3817, .F. ) ;
#2627 = ORIENTED_EDGE ( 'NONE', *, *, #10066, .F. ) ;
#2628 = ORIENTED_EDGE ( 'NONE', *, *, #3478, .F. ) ;
#2629 = LINE ( 'NONE', #10814, #6501 ) ;
#2630 = ADVANCED_FACE ( 'NONE', ( #7700 ), #1916, .T. ) ;
#2631 = ORIENTED_EDGE ( 'NONE', *, *, #7787, .T. ) ;
#2632 = EDGE_CURVE ( 'NONE', #6896, #5670, #1175, .T. ) ;
#2633 = CARTESIAN_POINT ( 'NONE',  ( 0.2374999999999996600, -0.1228282661284085800, -0.06250000000000001400 ) ) ;
#2634 = DIRECTION ( 'NONE',  ( 0.0000000000000000000, 0.0000000000000000000, 1.000000000000000000 ) ) ;
#2635 = ORIENTED_EDGE ( 'NONE', *, *, #8364, .T. ) ;
#2636 = VERTEX_POINT ( 'NONE', #1958 ) ;
#2637 = EDGE_LOOP ( 'NONE', ( #1377, #6773, #2417, #8742 ) ) ;
#2638 = LINE ( 'NONE', #1761, #10387 ) ;
#2639 = CARTESIAN_POINT ( 'NONE',  ( -0.06250000000000029100, 0.09999999999999992200, -0.03749999999999999900 ) ) ;
#2640 = LINE ( 'NONE', #667, #8459 ) ;
#2641 = CARTESIAN_POINT ( 'NONE',  ( 0.3625000000000001000, -0.01499999999999997700, 0.06250000000000001400 ) ) ;
#2642 = AXIS2_PLACEMENT_3D ( 'NONE', #3858, #9242, #2205 ) ;
#2643 = EDGE_LOOP ( 'NONE', ( #3826, #4069, #8279, #6665 ) ) ;
#2644 = ORIENTED_EDGE ( 'NONE', *, *, #4395, .T. ) ;
#2645 = EDGE_LOOP ( 'NONE', ( #7608, #818, #9959, #9404 ) ) ;
#2646 = DIRECTION ( 'NONE',  ( 0.0000000000000000000, -0.3420201433256698200, 0.9396926207859079800 ) ) ;
#2647 = LINE ( 'NONE', #10910, #2779 ) ;
#2648 = PLANE ( 'NONE',  #8632 ) ;
#2649 = ORIENTED_EDGE ( 'NONE', *, *, #7237, .T. ) ;
#2650 = LINE ( 'NONE', #10149, #565 ) ;
#2651 = EDGE_CURVE ( 'NONE', #183, #7636, #7961, .T. ) ;
#2652 = LINE ( 'NONE', #10732, #6948 ) ;
#2653 = PLANE ( 'NONE',  #482 ) ;
#2654 = CARTESIAN_POINT ( 'NONE',  ( 0.2999999999999996600, 0.3299999999999999600, -0.1000000000000000100 ) ) ;
#2655 = AXIS2_PLACEMENT_3D ( 'NONE', #1558, #2431, #3320 ) ;
#2656 = DIRECTION ( 'NONE',  ( 0.0000000000000000000, 0.0000000000000000000, -1.000000000000000000 ) ) ;
#2657 = ORIENTED_EDGE ( 'NONE', *, *, #834, .F. ) ;
#2658 = PLANE ( 'NONE',  #9118 ) ;
#2659 = CARTESIAN_POINT ( 'NONE',  ( 0.5150000000000000100, 0.0000000000000000000, 0.1000000000000000100 ) ) ;
#2660 = FACE_OUTER_BOUND ( 'NONE', #9707, .T. ) ;
#2661 = CARTESIAN_POINT ( 'NONE',  ( 0.06250000000000008300, -0.01499999999999997700, 0.06250000000000001400 ) ) ;
#2662 = EDGE_CURVE ( 'NONE', #7530, #5503, #5587, .T. ) ;
#2663 = LINE ( 'NONE', #7822, #6261 ) ;
#2664 = EDGE_CURVE ( 'NONE', #4533, #5100, #11282, .T. ) ;
#2665 = ORIENTED_EDGE ( 'NONE', *, *, #9833, .F. ) ;
#2666 = DIRECTION ( 'NONE',  ( 0.9396926207859079800, -0.3420201433256698200, -0.0000000000000000000 ) ) ;
#2667 = AXIS2_PLACEMENT_3D ( 'NONE', #9980, #3666, #7239 ) ;
#2668 = ORIENTED_EDGE ( 'NONE', *, *, #9196, .F. ) ;
#2669 = ADVANCED_FACE ( 'NONE', ( #1028 ), #10752, .F. ) ;
#2670 = DIRECTION ( 'NONE',  ( 0.0000000000000000000, 0.0000000000000000000, 1.000000000000000000 ) ) ;
#2671 = ORIENTED_EDGE ( 'NONE', *, *, #8113, .F. ) ;
#2672 = EDGE_CURVE ( 'NONE', #2598, #2490, #339, .T. ) ;
#2673 = VECTOR ( 'NONE', #295, 39.37007874015748100 ) ;
#2674 = ORIENTED_EDGE ( 'NONE', *, *, #3398, .T. ) ;
#2675 = LINE ( 'NONE', #1880, #3506 ) ;
#2676 = DIRECTION ( 'NONE',  ( 0.0000000000000000000, -1.000000000000000000, 0.0000000000000000000 ) ) ;
#2677 = DIRECTION ( 'NONE',  ( -1.000000000000000000, 0.0000000000000000000, 0.0000000000000000000 ) ) ;
#2678 = ADVANCED_FACE ( 'NONE', ( #2981 ), #7557, .F. ) ;
#2679 = EDGE_CURVE ( 'NONE', #515, #9303, #2700, .T. ) ;
#2680 = PLANE ( 'NONE',  #462 ) ;
#2681 = AXIS2_PLACEMENT_3D ( 'NONE', #5821, #11073, #3158 ) ;
#2682 = ORIENTED_EDGE ( 'NONE', *, *, #4238, .T. ) ;
#2683 = CARTESIAN_POINT ( 'NONE',  ( -0.2625000000000002900, -0.01499999999999997700, -0.06250000000000001400 ) ) ;
#2684 = VECTOR ( 'NONE', #3422, 39.37007874015748100 ) ;
#2685 = VECTOR ( 'NONE', #2939, 39.37007874015748100 ) ;
#2686 =( CONVERSION_BASED_UNIT ( 'INCH', #8135 ) LENGTH_UNIT ( ) NAMED_UNIT ( #6403 ) );
#2687 = EDGE_CURVE ( 'NONE', #6905, #4966, #9764, .T. ) ;
#2688 = CARTESIAN_POINT ( 'NONE',  ( 0.3562499999999996200, 0.3299999999999999600, -0.05624999999999997400 ) ) ;
#2689 = CARTESIAN_POINT ( 'NONE',  ( -0.2375000000000002900, -0.1228282661284084400, -0.06250000000000001400 ) ) ;
#2690 = LINE ( 'NONE', #3447, #324 ) ;
#2691 = FACE_OUTER_BOUND ( 'NONE', #11064, .T. ) ;
#2692 = LINE ( 'NONE', #1451, #8646 ) ;
#2693 = VECTOR ( 'NONE', #9402, 39.37007874015748100 ) ;
#2694 = PRESENTATION_LAYER_ASSIGNMENT (  '', '', ( #11224 ) ) ;
#2695 = AXIS2_PLACEMENT_3D ( 'NONE', #6753, #10335, #619 ) ;
#2696 = DIRECTION ( 'NONE',  ( 0.0000000000000000000, 0.0000000000000000000, 1.000000000000000000 ) ) ;
#2697 = CARTESIAN_POINT ( 'NONE',  ( -0.3624999999999999300, 0.3128282661284084700, 0.06250000000000001400 ) ) ;
#2698 = FACE_BOUND ( 'NONE', #9399, .T. ) ;
#2699 = VECTOR ( 'NONE', #4310, 39.37007874015748100 ) ;
#2700 = LINE ( 'NONE', #8405, #9208 ) ;
#2701 = FACE_OUTER_BOUND ( 'NONE', #8948, .T. ) ;
#2702 = EDGE_CURVE ( 'NONE', #3101, #7597, #10450, .T. ) ;
#2703 = DIRECTION ( 'NONE',  ( 1.000000000000000000, 0.0000000000000000000, 0.0000000000000000000 ) ) ;
#2704 = CARTESIAN_POINT ( 'NONE',  ( 0.1999999999999996800, 0.3299999999999999600, -0.1000000000000000100 ) ) ;
#2705 = AXIS2_PLACEMENT_3D ( 'NONE', #3382, #3353, #7877 ) ;
#2706 = SURFACE_STYLE_FILL_AREA ( #9153 ) ;
#2707 = EDGE_CURVE ( 'NONE', #9130, #3607, #9493, .T. ) ;
#2708 = CARTESIAN_POINT ( 'NONE',  ( 0.1000000000000000200, 0.3499999999999999800, 0.1825000000000000000 ) ) ;
#2709 = COLOUR_RGB ( '',1.000000000000000000, 0.8117647058823529400, 0.5019607843137254800 ) ;
#2710 = DIRECTION ( 'NONE',  ( -3.278217592397116300E-015, -0.0000000000000000000, 1.000000000000000000 ) ) ;
#2711 = AXIS2_PLACEMENT_3D ( 'NONE', #5432, #232, #10854 ) ;
#2712 = CARTESIAN_POINT ( 'NONE',  ( -0.3625000000000003200, 0.3299999999999999600, -0.06250000000000001400 ) ) ;
#2713 = ORIENTED_EDGE ( 'NONE', *, *, #10304, .T. ) ;
#2714 = CARTESIAN_POINT ( 'NONE',  ( 0.1562500000000000000, -0.1400000000000000100, 0.04375000000000003900 ) ) ;
#2715 = ORIENTED_EDGE ( 'NONE', *, *, #2672, .T. ) ;
#2716 = PLANE ( 'NONE',  #11020 ) ;
#2717 = FILL_AREA_STYLE_COLOUR ( '', #2456 ) ;
#2718 = ORIENTED_EDGE ( 'NONE', *, *, #5395, .T. ) ;
#2719 = ORIENTED_EDGE ( 'NONE', *, *, #1257, .T. ) ;
#2720 = PLANE ( 'NONE',  #6877 ) ;
#2721 = LINE ( 'NONE', #7766, #2173 ) ;
#2722 = AXIS2_PLACEMENT_3D ( 'NONE', #8591, #9455, #4145 ) ;
#2723 = VECTOR ( 'NONE', #3985, 39.37007874015748100 ) ;
#2724 = ADVANCED_FACE ( 'NONE', ( #2159 ), #1326, .F. ) ;
#2725 = VECTOR ( 'NONE', #5863, 39.37007874015748100 ) ;
#2726 = CARTESIAN_POINT ( 'NONE',  ( 0.3375000000000000800, 0.3128282661284084700, 0.06250000000000001400 ) ) ;
#2727 = DIRECTION ( 'NONE',  ( 0.0000000000000000000, 0.0000000000000000000, -1.000000000000000000 ) ) ;
#2728 = VERTEX_POINT ( 'NONE', #10974 ) ;
#2729 = FACE_OUTER_BOUND ( 'NONE', #5937, .T. ) ;
#2730 = ORIENTED_EDGE ( 'NONE', *, *, #7901, .T. ) ;
#2731 = ORIENTED_EDGE ( 'NONE', *, *, #3483, .T. ) ;
#2732 = ORIENTED_EDGE ( 'NONE', *, *, #10873, .T. ) ;
#2733 = DIRECTION ( 'NONE',  ( 0.0000000000000000000, 0.0000000000000000000, -1.000000000000000000 ) ) ;
#2734 = EDGE_CURVE ( 'NONE', #8837, #10553, #8523, .T. ) ;
#2735 = ORIENTED_EDGE ( 'NONE', *, *, #4395, .F. ) ;
#2736 = VECTOR ( 'NONE', #3349, 39.37007874015748100 ) ;
#2737 = ADVANCED_FACE ( 'NONE', ( #8931 ), #9178, .F. ) ;
#2738 = EDGE_LOOP ( 'NONE', ( #6761, #8410, #7663, #202 ) ) ;
#2739 = EDGE_LOOP ( 'NONE', ( #6204, #3860, #7497, #1858 ) ) ;
#2740 = EDGE_CURVE ( 'NONE', #2057, #7600, #6586, .T. ) ;
#2741 = VERTEX_POINT ( 'NONE', #2116 ) ;
#2742 = ORIENTED_EDGE ( 'NONE', *, *, #1900, .F. ) ;
#2743 = EDGE_LOOP ( 'NONE', ( #10831, #10502, #2491, #8403 ) ) ;
#2744 = DIRECTION ( 'NONE',  ( 0.0000000000000000000, 0.0000000000000000000, -1.000000000000000000 ) ) ;
#2745 = VECTOR ( 'NONE', #9886, 39.37007874015748100 ) ;
#2746 = DIRECTION ( 'NONE',  ( 1.000000000000000000, 0.0000000000000000000, 0.0000000000000000000 ) ) ;
#2747 = CARTESIAN_POINT ( 'NONE',  ( 0.4375000000000001100, 0.3299999999999999600, 0.06250000000000001400 ) ) ;
#2748 = ORIENTED_EDGE ( 'NONE', *, *, #8422, .T. ) ;
#2749 = EDGE_CURVE ( 'NONE', #5353, #7071, #6297, .T. ) ;
#2750 = ORIENTED_EDGE ( 'NONE', *, *, #4096, .F. ) ;
#2751 = CARTESIAN_POINT ( 'NONE',  ( 0.4624999999999996900, -0.1228282661284085800, -0.03749999999999999900 ) ) ;
#2752 = EDGE_LOOP ( 'NONE', ( #7340, #3039, #5526, #4813 ) ) ;
#2753 = VERTEX_POINT ( 'NONE', #3036 ) ;
#2754 = ORIENTED_EDGE ( 'NONE', *, *, #4421, .F. ) ;
#2755 = ORIENTED_EDGE ( 'NONE', *, *, #10519, .F. ) ;
#2756 = VECTOR ( 'NONE', #3216, 39.37007874015748100 ) ;
#2757 = DIRECTION ( 'NONE',  ( -0.0000000000000000000, 0.0000000000000000000, 1.000000000000000000 ) ) ;
#2758 = DIRECTION ( 'NONE',  ( -0.0000000000000000000, 0.0000000000000000000, 1.000000000000000000 ) ) ;
#2759 = DIRECTION ( 'NONE',  ( 1.000000000000000000, 0.0000000000000000000, -0.0000000000000000000 ) ) ;
#2760 = EDGE_LOOP ( 'NONE', ( #8871, #110 ) ) ;
#2761 = LINE ( 'NONE', #8812, #8991 ) ;
#2762 = CARTESIAN_POINT ( 'NONE',  ( 0.4624999999999996900, 0.3128282661284084700, -0.03749999999999999900 ) ) ;
#2763 = PLANE ( 'NONE',  #10275 ) ;
#2764 = ORIENTED_EDGE ( 'NONE', *, *, #3220, .T. ) ;
#2765 = DIRECTION ( 'NONE',  ( 0.0000000000000000000, 0.0000000000000000000, -1.000000000000000000 ) ) ;
#2766 = ORIENTED_EDGE ( 'NONE', *, *, #5228, .F. ) ;
#2767 = ORIENTED_EDGE ( 'NONE', *, *, #6674, .F. ) ;
#2768 = PLANE ( 'NONE',  #115 ) ;
#2769 = EDGE_LOOP ( 'NONE', ( #5152, #4664, #5071, #239 ) ) ;
#2770 = LINE ( 'NONE', #4522, #6364 ) ;
#2771 = DIRECTION ( 'NONE',  ( -0.0000000000000000000, 0.0000000000000000000, 1.000000000000000000 ) ) ;
#2772 = DIRECTION ( 'NONE',  ( 1.000000000000000000, 0.0000000000000000000, 0.0000000000000000000 ) ) ;
#2773 = LINE ( 'NONE', #455, #9564 ) ;
#2774 = DIRECTION ( 'NONE',  ( -1.000000000000000000, 0.0000000000000000000, 0.0000000000000000000 ) ) ;
#2775 = CARTESIAN_POINT ( 'NONE',  ( -0.1000000000000000900, 0.3499999999999999800, 0.1324999999999999800 ) ) ;
#2776 = VERTEX_POINT ( 'NONE', #1256 ) ;
#2777 = ORIENTED_EDGE ( 'NONE', *, *, #7254, .T. ) ;
#2778 = VERTEX_POINT ( 'NONE', #11019 ) ;
#2779 = VECTOR ( 'NONE', #5724, 39.37007874015748100 ) ;
#2780 = EDGE_CURVE ( 'NONE', #9789, #6100, #3799, .T. ) ;
#2781 = VERTEX_POINT ( 'NONE', #6556 ) ;
#2782 = LINE ( 'NONE', #1499, #4440 ) ;
#2783 = CARTESIAN_POINT ( 'NONE',  ( 0.3624999999999997100, 0.0000000000000000000, 0.0000000000000000000 ) ) ;
#2784 = ADVANCED_FACE ( 'NONE', ( #3116 ), #460, .T. ) ;
#2785 = EDGE_CURVE ( 'NONE', #6191, #1801, #8654, .T. ) ;
#2786 = VERTEX_POINT ( 'NONE', #8363 ) ;
#2787 = FACE_OUTER_BOUND ( 'NONE', #8994, .T. ) ;
#2788 = VERTEX_POINT ( 'NONE', #429 ) ;
#2789 = VECTOR ( 'NONE', #2624, 39.37007874015748100 ) ;
#2790 = AXIS2_PLACEMENT_3D ( 'NONE', #4588, #4557, #6345 ) ;
#2791 = DIRECTION ( 'NONE',  ( -0.0000000000000000000, 0.0000000000000000000, 1.000000000000000000 ) ) ;
#2792 = ADVANCED_FACE ( 'NONE', ( #4218 ), #1422, .T. ) ;
#2793 = DIRECTION ( 'NONE',  ( 0.0000000000000000000, 0.0000000000000000000, 1.000000000000000000 ) ) ;
#2794 = CARTESIAN_POINT ( 'NONE',  ( 0.5749999999999996200, 0.2500000000000000000, 0.06500000000000003000 ) ) ;
#2795 = ORIENTED_EDGE ( 'NONE', *, *, #3240, .T. ) ;
#2796 = PLANE ( 'NONE',  #1745 ) ;
#2797 = PRESENTATION_STYLE_ASSIGNMENT (( #4789 ) ) ;
#2798 = DIRECTION ( 'NONE',  ( -1.000000000000000000, 0.0000000000000000000, -0.0000000000000000000 ) ) ;
#2799 = EDGE_CURVE ( 'NONE', #2371, #1908, #4093, .T. ) ;
#2800 = FACE_OUTER_BOUND ( 'NONE', #3206, .T. ) ;
#2801 = MECHANICAL_DESIGN_GEOMETRIC_PRESENTATION_REPRESENTATION (  '', ( #1627 ), #3393 ) ;
#2802 = CARTESIAN_POINT ( 'NONE',  ( -0.1625000000000003100, -0.1400000000000000100, -0.04375000000000003900 ) ) ;
#2803 = DIRECTION ( 'NONE',  ( 0.0000000000000000000, 0.3420201433256686000, -0.9396926207859085400 ) ) ;
#2804 = DIRECTION ( 'NONE',  ( 0.3236155771181846200, -0.8891264907159883700, 0.3236155771181846200 ) ) ;
#2805 = CARTESIAN_POINT ( 'NONE',  ( 0.4598818239561612800, -0.1300216456890116200, -0.05988182395616160200 ) ) ;
#2806 = VECTOR ( 'NONE', #4092, 39.37007874015748100 ) ;
#2807 = EDGE_CURVE ( 'NONE', #4806, #6040, #2692, .T. ) ;
#2808 = ORIENTED_EDGE ( 'NONE', *, *, #2993, .T. ) ;
#2809 = FACE_OUTER_BOUND ( 'NONE', #9949, .T. ) ;
#2810 = EDGE_CURVE ( 'NONE', #9376, #6900, #1865, .T. ) ;
#2811 = ORIENTED_EDGE ( 'NONE', *, *, #5847, .T. ) ;
#2812 = DIRECTION ( 'NONE',  ( 1.000000000000000000, 0.0000000000000000000, 0.0000000000000000000 ) ) ;
#2813 =( GEOMETRIC_REPRESENTATION_CONTEXT ( 3 ) GLOBAL_UNCERTAINTY_ASSIGNED_CONTEXT ( ( #9674 ) ) GLOBAL_UNIT_ASSIGNED_CONTEXT ( ( #4651, #3854, #2844 ) ) REPRESENTATION_CONTEXT ( 'NONE', 'WORKASPACE' ) );
#2814 = DIRECTION ( 'NONE',  ( -1.000000000000000000, 0.0000000000000000000, -0.0000000000000000000 ) ) ;
#2815 = VECTOR ( 'NONE', #1511, 39.37007874015748100 ) ;
#2816 = DIRECTION ( 'NONE',  ( 0.0000000000000000000, 0.0000000000000000000, 1.000000000000000000 ) ) ;
#2817 = CARTESIAN_POINT ( 'NONE',  ( 0.04999999999999976000, 0.3499999999999999800, -0.1674999999999999800 ) ) ;
#2818 = EDGE_CURVE ( 'NONE', #6071, #5512, #2833, .T. ) ;
#2819 = ORIENTED_EDGE ( 'NONE', *, *, #4222, .T. ) ;
#2820 = CARTESIAN_POINT ( 'NONE',  ( 0.06250000000000008300, 0.09999999999999992200, 0.03749999999999999900 ) ) ;
#2821 = ORIENTED_EDGE ( 'NONE', *, *, #6950, .F. ) ;
#2822 = VECTOR ( 'NONE', #4011, 39.37007874015748100 ) ;
#2823 = LINE ( 'NONE', #452, #9746 ) ;
#2824 = CARTESIAN_POINT ( 'NONE',  ( -0.3375000000000003000, 0.3299999999999999600, -0.04375000000000003900 ) ) ;
#2825 = CARTESIAN_POINT ( 'NONE',  ( -0.3375000000000003000, -0.1228282661284085800, -0.03749999999999999900 ) ) ;
#2826 = DIRECTION ( 'NONE',  ( -0.0000000000000000000, -1.000000000000000000, -0.0000000000000000000 ) ) ;
#2827 = EDGE_CURVE ( 'NONE', #696, #3596, #8785, .T. ) ;
#2828 = CARTESIAN_POINT ( 'NONE',  ( 0.5249999999999998000, 0.09999999999999996400, 0.1324999999999999500 ) ) ;
#2829 = DIRECTION ( 'NONE',  ( -0.0000000000000000000, 1.000000000000000000, -0.0000000000000000000 ) ) ;
#2830 = AXIS2_PLACEMENT_3D ( 'NONE', #7969, #4453, #8942 ) ;
#2831 = FACE_BOUND ( 'NONE', #765, .T. ) ;
#2832 = DIRECTION ( 'NONE',  ( 0.0000000000000000000, -0.3420201433256698200, 0.9396926207859079800 ) ) ;
#2834 = ADVANCED_FACE ( 'NONE', ( #1466 ), #5895, .T. ) ;
#2833 = LINE ( 'NONE', #7599, #10582 ) ;
#2835 = VECTOR ( 'NONE', #7368, 39.37007874015748100 ) ;
#2836 = DIRECTION ( 'NONE',  ( 0.0000000000000000000, -1.000000000000000000, 0.0000000000000000000 ) ) ;
#2837 = CARTESIAN_POINT ( 'NONE',  ( -0.2375000000000002900, 0.3299999999999999600, -0.03749999999999999900 ) ) ;
#2838 = CARTESIAN_POINT ( 'NONE',  ( 0.1625000000000000300, 0.09999999999999992200, 0.03749999999999999900 ) ) ;
#2839 = LINE ( 'NONE', #3660, #6790 ) ;
#2840 = VECTOR ( 'NONE', #10154, 39.37007874015748100 ) ;
#2841 = ADVANCED_FACE ( 'NONE', ( #7690 ), #11138, .T. ) ;
#2842 = FACE_OUTER_BOUND ( 'NONE', #8268, .T. ) ;
#2843 = VERTEX_POINT ( 'NONE', #1434 ) ;
#2844 =( NAMED_UNIT ( * ) SI_UNIT ( $, .STERADIAN. ) SOLID_ANGLE_UNIT ( ) );
#2845 = DIRECTION ( 'NONE',  ( 1.000000000000000000, 0.0000000000000000000, 0.0000000000000000000 ) ) ;
#2846 = PRESENTATION_STYLE_ASSIGNMENT (( #6487 ) ) ;
#2847 = LINE ( 'NONE', #4972, #4102 ) ;
#2848 = STYLED_ITEM ( 'NONE', ( #10999 ), #586 ) ;
#2849 = APPLICATION_CONTEXT ( 'automotive_design' ) ;
#2850 = PLANE ( 'NONE',  #263 ) ;
#2851 = ORIENTED_EDGE ( 'NONE', *, *, #2593, .F. ) ;
#2852 = VECTOR ( 'NONE', #6685, 39.37007874015748100 ) ;
#2853 = ORIENTED_EDGE ( 'NONE', *, *, #6330, .T. ) ;
#2854 = ORIENTED_EDGE ( 'NONE', *, *, #8712, .F. ) ;
#2855 = EDGE_LOOP ( 'NONE', ( #2319, #11435, #4723, #843 ) ) ;
#2856 = EDGE_LOOP ( 'NONE', ( #3612, #7173, #9247, #4527 ) ) ;
#2857 = AXIS2_PLACEMENT_3D ( 'NONE', #5386, #6299, #3702 ) ;
#2858 = EDGE_CURVE ( 'NONE', #7341, #9821, #611, .T. ) ;
#2859 = LINE ( 'NONE', #8900, #9654 ) ;
#2860 = CARTESIAN_POINT ( 'NONE',  ( -0.2624999999999999600, 0.3128282661284084700, 0.06250000000000001400 ) ) ;
#2861 = DIRECTION ( 'NONE',  ( -1.000000000000000000, 0.0000000000000000000, 0.0000000000000000000 ) ) ;
#2862 = CARTESIAN_POINT ( 'NONE',  ( -0.03750000000000028300, 0.09999999999999992200, -0.06250000000000001400 ) ) ;
#2863 = VECTOR ( 'NONE', #3208, 39.37007874015748100 ) ;
#2864 = CARTESIAN_POINT ( 'NONE',  ( 0.1624999999999997000, 0.3128282661284084700, -0.03749999999999999900 ) ) ;
#2865 = VERTEX_POINT ( 'NONE', #9320 ) ;
#2866 = VERTEX_POINT ( 'NONE', #1395 ) ;
#2867 = VECTOR ( 'NONE', #5713, 39.37007874015748100 ) ;
#2868 = ORIENTED_EDGE ( 'NONE', *, *, #5533, .F. ) ;
#2869 = DIRECTION ( 'NONE',  ( -1.000000000000000000, 0.0000000000000000000, 0.0000000000000000000 ) ) ;
#2870 = ORIENTED_EDGE ( 'NONE', *, *, #4847, .T. ) ;
#2871 = DIRECTION ( 'NONE',  ( -1.000000000000000000, 0.0000000000000000000, -0.0000000000000000000 ) ) ;
#2872 = EDGE_CURVE ( 'NONE', #7995, #2776, #4481, .T. ) ;
#2873 = DIRECTION ( 'NONE',  ( -0.0000000000000000000, 0.0000000000000000000, 1.000000000000000000 ) ) ;
#2874 = DIRECTION ( 'NONE',  ( -0.5773502691896280600, 0.5773502691896200700, -0.5773502691896290600 ) ) ;
#2875 = VECTOR ( 'NONE', #7108, 39.37007874015748100 ) ;
#2876 = DIRECTION ( 'NONE',  ( 0.3236155771181856200, -0.8891264907159877100, 0.3236155771181856200 ) ) ;
#2877 = DIRECTION ( 'NONE',  ( 0.0000000000000000000, -1.000000000000000000, 0.0000000000000000000 ) ) ;
#2878 = CARTESIAN_POINT ( 'NONE',  ( -0.4562499999999999300, 0.3299999999999999600, 0.05624999999999997400 ) ) ;
#2879 = VERTEX_POINT ( 'NONE', #11116 ) ;
#2880 = EDGE_CURVE ( 'NONE', #8669, #8540, #2566, .T. ) ;
#2881 = ORIENTED_EDGE ( 'NONE', *, *, #2295, .T. ) ;
#2882 = ORIENTED_EDGE ( 'NONE', *, *, #4068, .F. ) ;
#2883 = EDGE_LOOP ( 'NONE', ( #11247, #4006, #5112, #10929 ) ) ;
#2884 = ORIENTED_EDGE ( 'NONE', *, *, #2112, .F. ) ;
#2885 = AXIS2_PLACEMENT_3D ( 'NONE', #4484, #9686, #7065 ) ;
#2886 = LINE ( 'NONE', #6228, #99 ) ;
#2887 = LINE ( 'NONE', #2530, #9809 ) ;
#2888 = EDGE_CURVE ( 'NONE', #1113, #4864, #9359, .T. ) ;
#2889 = EDGE_LOOP ( 'NONE', ( #8774, #1789, #8311, #8353 ) ) ;
#2890 = DIRECTION ( 'NONE',  ( -0.3236155771181856200, 0.8891264907159877100, 0.3236155771181856200 ) ) ;
#2891 = ORIENTED_EDGE ( 'NONE', *, *, #8674, .F. ) ;
#2892 = ORIENTED_EDGE ( 'NONE', *, *, #5885, .T. ) ;
#2893 = ORIENTED_EDGE ( 'NONE', *, *, #11238, .T. ) ;
#2894 = ORIENTED_EDGE ( 'NONE', *, *, #3153, .T. ) ;
#2895 = LINE ( 'NONE', #4028, #11201 ) ;
#2896 = ADVANCED_FACE ( 'NONE', ( #2148 ), #3203, .F. ) ;
#2897 = CARTESIAN_POINT ( 'NONE',  ( -0.5249999999999995800, 0.09999999999999996400, -0.06499999999999996100 ) ) ;
#2898 = EDGE_CURVE ( 'NONE', #2344, #4056, #7266, .T. ) ;
#2899 = FACE_OUTER_BOUND ( 'NONE', #5420, .T. ) ;
#2900 = MECHANICAL_DESIGN_GEOMETRIC_PRESENTATION_REPRESENTATION (  '', ( #8834 ), #3274 ) ;
#2901 = CARTESIAN_POINT ( 'NONE',  ( 0.4375000000000001100, 0.09999999999999992200, 0.03749999999999999900 ) ) ;
#2902 = DIRECTION ( 'NONE',  ( -0.3236155771181856200, -0.8891264907159877100, 0.3236155771181856200 ) ) ;
#2903 = ORIENTED_EDGE ( 'NONE', *, *, #6451, .F. ) ;
#2904 = ORIENTED_EDGE ( 'NONE', *, *, #9769, .T. ) ;
#2905 = DIRECTION ( 'NONE',  ( -1.000000000000000000, 0.0000000000000000000, 0.0000000000000000000 ) ) ;
#2906 = EDGE_LOOP ( 'NONE', ( #3546, #3288, #10412, #1681 ) ) ;
#2907 = ADVANCED_FACE ( 'NONE', ( #4894 ), #3265, .F. ) ;
#2908 = VECTOR ( 'NONE', #2710, 39.37007874015748100 ) ;
#2909 = DIRECTION ( 'NONE',  ( 0.0000000000000000000, 0.0000000000000000000, -1.000000000000000000 ) ) ;
#2910 = EDGE_CURVE ( 'NONE', #2077, #6100, #4749, .T. ) ;
#2911 = FACE_OUTER_BOUND ( 'NONE', #4810, .T. ) ;
#2912 = DIRECTION ( 'NONE',  ( -1.000000000000000000, 0.0000000000000000000, -0.0000000000000000000 ) ) ;
#2913 = CARTESIAN_POINT ( 'NONE',  ( 0.4562500000000001000, -0.1400000000000000100, 0.05624999999999997400 ) ) ;
#2914 = PLANE ( 'NONE',  #6274 ) ;
#2915 = PLANE ( 'NONE',  #6076 ) ;
#2916 = DIRECTION ( 'NONE',  ( 1.000000000000000000, 0.0000000000000000000, 0.0000000000000000000 ) ) ;
#2917 = VERTEX_POINT ( 'NONE', #3233 ) ;
#2918 = ORIENTED_EDGE ( 'NONE', *, *, #5766, .T. ) ;
#2919 = ORIENTED_EDGE ( 'NONE', *, *, #9203, .F. ) ;
#2920 = CARTESIAN_POINT ( 'NONE',  ( -0.04374999999999997600, 0.3299999999999999600, 0.04375000000000003900 ) ) ;
#2921 = LINE ( 'NONE', #10148, #562 ) ;
#2922 = CARTESIAN_POINT ( 'NONE',  ( -0.0000000000000000000, 0.0000000000000000000, -0.03749999999999999900 ) ) ;
#2923 = DIRECTION ( 'NONE',  ( 0.0000000000000000000, -1.000000000000000000, 0.0000000000000000000 ) ) ;
#2924 = DIRECTION ( 'NONE',  ( 0.0000000000000000000, -1.000000000000000000, 0.0000000000000000000 ) ) ;
#2925 = ORIENTED_EDGE ( 'NONE', *, *, #3676, .T. ) ;
#2926 = LINE ( 'NONE', #10980, #5967 ) ;
#2927 = CARTESIAN_POINT ( 'NONE',  ( -0.03750000000000028300, -0.1228282661284084400, -0.03749999999999999900 ) ) ;
#2928 = EDGE_CURVE ( 'NONE', #2550, #6765, #8225, .T. ) ;
#2929 = ORIENTED_EDGE ( 'NONE', *, *, #6070, .F. ) ;
#2930 = CARTESIAN_POINT ( 'NONE',  ( -0.0000000000000000000, 0.0000000000000000000, 0.03749999999999999900 ) ) ;
#2931 = VECTOR ( 'NONE', #10577, 39.37007874015748100 ) ;
#2932 = FILL_AREA_STYLE ('',( #10921 ) ) ;
#2933 = CARTESIAN_POINT ( 'NONE',  ( 0.1374999999999997100, -0.01499999999999997700, -0.03749999999999999900 ) ) ;
#2934 = LINE ( 'NONE', #5277, #5131 ) ;
#2935 = DIRECTION ( 'NONE',  ( 1.000000000000000000, 0.0000000000000000000, 0.0000000000000000000 ) ) ;
#2936 = EDGE_CURVE ( 'NONE', #2315, #8549, #8515, .T. ) ;
#2937 = SURFACE_SIDE_STYLE ('',( #419 ) ) ;
#2938 = FILL_AREA_STYLE ('',( #10926 ) ) ;
#2939 = DIRECTION ( 'NONE',  ( 0.0000000000000000000, 0.0000000000000000000, -1.000000000000000000 ) ) ;
#2940 = ORIENTED_EDGE ( 'NONE', *, *, #7955, .T. ) ;
#2941 = VERTEX_POINT ( 'NONE', #2271 ) ;
#2942 = LENGTH_MEASURE_WITH_UNIT ( LENGTH_MEASURE( 0.02539999999999999900 ), #1384 );
#2943 = DIRECTION ( 'NONE',  ( 0.0000000000000000000, 0.0000000000000000000, -1.000000000000000000 ) ) ;
#2944 = PLANE ( 'NONE',  #2667 ) ;
#2945 = DIRECTION ( 'NONE',  ( 0.0000000000000000000, -0.0000000000000000000, 1.000000000000000000 ) ) ;
#2946 =( NAMED_UNIT ( * ) SI_UNIT ( $, .STERADIAN. ) SOLID_ANGLE_UNIT ( ) );
#2947 = ORIENTED_EDGE ( 'NONE', *, *, #2199, .F. ) ;
#2948 = CARTESIAN_POINT ( 'NONE',  ( 0.04375000000000011500, -0.1400000000000000100, 0.05624999999999997400 ) ) ;
#2949 = FACE_OUTER_BOUND ( 'NONE', #2637, .T. ) ;
#2950 = EDGE_CURVE ( 'NONE', #7208, #2602, #9063, .T. ) ;
#2951 = DIRECTION ( 'NONE',  ( 1.000000000000000000, 0.0000000000000000000, 0.0000000000000000000 ) ) ;
#2952 = AXIS2_PLACEMENT_3D ( 'NONE', #5530, #10716, #1136 ) ;
#2953 = DIRECTION ( 'NONE',  ( -1.000000000000000000, 0.0000000000000000000, 0.0000000000000000000 ) ) ;
#2954 = ADVANCED_FACE ( 'NONE', ( #10976 ), #4085, .T. ) ;
#2955 = ORIENTED_EDGE ( 'NONE', *, *, #3110, .F. ) ;
#2956 = FACE_OUTER_BOUND ( 'NONE', #1208, .T. ) ;
#2957 = DIRECTION ( 'NONE',  ( -1.000000000000000000, 0.0000000000000000000, 0.0000000000000000000 ) ) ;
#2958 = DIRECTION ( 'NONE',  ( 0.0000000000000000000, -0.3420201433256698200, -0.9396926207859079800 ) ) ;
#2959 = DIRECTION ( 'NONE',  ( 1.000000000000000000, 0.0000000000000000000, 0.0000000000000000000 ) ) ;
#2960 = ORIENTED_EDGE ( 'NONE', *, *, #10852, .F. ) ;
#2961 = ORIENTED_EDGE ( 'NONE', *, *, #6281, .T. ) ;
#2962 = EDGE_CURVE ( 'NONE', #4542, #1888, #195, .T. ) ;
#2963 = FACE_OUTER_BOUND ( 'NONE', #1930, .T. ) ;
#2964 = FACE_BOUND ( 'NONE', #10701, .T. ) ;
#2965 =( CONVERSION_BASED_UNIT ( 'INCH', #5182 ) LENGTH_UNIT ( ) NAMED_UNIT ( #6352 ) );
#2966 = ADVANCED_FACE ( 'NONE', ( #2973 ), #2768, .T. ) ;
#2967 = ORIENTED_EDGE ( 'NONE', *, *, #6330, .F. ) ;
#2968 = EDGE_CURVE ( 'NONE', #931, #2753, #10310, .T. ) ;
#2969 = CARTESIAN_POINT ( 'NONE',  ( 0.4437499999999997600, 0.3299999999999999600, -0.05624999999999997400 ) ) ;
#2970 = CARTESIAN_POINT ( 'NONE',  ( 0.1374999999999997100, 0.09999999999999992200, -0.06250000000000001400 ) ) ;
#2971 = LINE ( 'NONE', #4065, #5021 ) ;
#2972 = CARTESIAN_POINT ( 'NONE',  ( 0.2625000000000000700, -0.1228282661284085800, 0.06250000000000001400 ) ) ;
#2973 = FACE_OUTER_BOUND ( 'NONE', #10786, .T. ) ;
#2974 = VECTOR ( 'NONE', #11120, 39.37007874015748100 ) ;
#2975 = DIRECTION ( 'NONE',  ( 1.000000000000000000, 0.0000000000000000000, 0.0000000000000000000 ) ) ;
#2976 = CARTESIAN_POINT ( 'NONE',  ( 0.04374999999999977500, -0.1400000000000000100, -0.06250000000000001400 ) ) ;
#2977 = FACE_OUTER_BOUND ( 'NONE', #4811, .T. ) ;
#2978 = FACE_OUTER_BOUND ( 'NONE', #984, .T. ) ;
#2979 = CARTESIAN_POINT ( 'NONE',  ( -0.3625000000000003200, -0.1228282661284085800, -0.03749999999999999900 ) ) ;
#2980 =( NAMED_UNIT ( * ) SI_UNIT ( $, .STERADIAN. ) SOLID_ANGLE_UNIT ( ) );
#2981 = FACE_OUTER_BOUND ( 'NONE', #8323, .T. ) ;
#2982 = VECTOR ( 'NONE', #7580, 39.37007874015748100 ) ;
#2983 =( CONVERSION_BASED_UNIT ( 'INCH', #291 ) LENGTH_UNIT ( ) NAMED_UNIT ( #795 ) );
#2984 = CARTESIAN_POINT ( 'NONE',  ( -0.1000000000000000200, 0.09999999999999996400, 0.1324999999999999800 ) ) ;
#2985 = AXIS2_PLACEMENT_3D ( 'NONE', #10244, #4016, #3087 ) ;
#2986 = DIRECTION ( 'NONE',  ( 0.0000000000000000000, 0.0000000000000000000, -1.000000000000000000 ) ) ;
#2987 = DIRECTION ( 'NONE',  ( 0.0000000000000000000, 0.0000000000000000000, 1.000000000000000000 ) ) ;
#2988 = FILL_AREA_STYLE ('',( #2147 ) ) ;
#2989 = COLOUR_RGB ( '',1.000000000000000000, 0.8117647058823529400, 0.5019607843137254800 ) ;
#2990 = LINE ( 'NONE', #5823, #3946 ) ;
#2991 = EDGE_LOOP ( 'NONE', ( #2543, #7454, #3310, #8725 ) ) ;
#2992 = LINE ( 'NONE', #7207, #6598 ) ;
#2993 = EDGE_CURVE ( 'NONE', #8862, #9, #7406, .T. ) ;
#2994 = VERTEX_POINT ( 'NONE', #45 ) ;
#2995 = VERTEX_POINT ( 'NONE', #5253 ) ;
#2996 = DIRECTION ( 'NONE',  ( -1.000000000000000000, 0.0000000000000000000, -0.0000000000000000000 ) ) ;
#2997 = ORIENTED_EDGE ( 'NONE', *, *, #11397, .T. ) ;
#2998 = CARTESIAN_POINT ( 'NONE',  ( 0.4598818239561612800, 0.3200216456890114800, -0.04011817604383839700 ) ) ;
#2999 = VECTOR ( 'NONE', #1871, 39.37007874015748100 ) ;
#3000 = DIRECTION ( 'NONE',  ( 0.0000000000000000000, 0.0000000000000000000, -1.000000000000000000 ) ) ;
#3001 = UNCERTAINTY_MEASURE_WITH_UNIT (LENGTH_MEASURE( 1.000000000000000100E-005 ), #8418, 'distance_accuracy_value', 'NONE');
#3002 = FACE_OUTER_BOUND ( 'NONE', #3328, .T. ) ;
#3003 = EDGE_CURVE ( 'NONE', #9640, #5785, #9625, .T. ) ;
#3004 = LINE ( 'NONE', #11156, #7584 ) ;
#3005 = CARTESIAN_POINT ( 'NONE',  ( -0.4624999999999999700, 0.09999999999999992200, 0.03749999999999999900 ) ) ;
#3006 = ORIENTED_EDGE ( 'NONE', *, *, #5105, .T. ) ;
#3007 = FACE_OUTER_BOUND ( 'NONE', #5827, .T. ) ;
#3008 = ORIENTED_EDGE ( 'NONE', *, *, #405, .T. ) ;
#3009 = CARTESIAN_POINT ( 'NONE',  ( -0.5250000000000003600, 0.3499999999999999800, 0.1499999999999999700 ) ) ;
#3010 = ORIENTED_EDGE ( 'NONE', *, *, #6693, .F. ) ;
#3011 = ORIENTED_EDGE ( 'NONE', *, *, #8625, .T. ) ;
#3012 = CARTESIAN_POINT ( 'NONE',  ( -0.06250000000000029100, -4.268512490100411300E-018, -0.06250000000000001400 ) ) ;
#3013 = ADVANCED_FACE ( 'NONE', ( #471 ), #1814, .T. ) ;
#3014 = VECTOR ( 'NONE', #4871, 39.37007874015748100 ) ;
#3015 = CARTESIAN_POINT ( 'NONE',  ( 0.3624999999999997100, 0.3299999999999999600, -0.04375000000000003900 ) ) ;
#3016 = PLANE ( 'NONE',  #5991 ) ;
#3017 = EDGE_LOOP ( 'NONE', ( #3979, #1192, #513, #4275 ) ) ;
#3018 = DIRECTION ( 'NONE',  ( 1.000000000000000000, 0.0000000000000000000, 0.0000000000000000000 ) ) ;
#3019 = ORIENTED_EDGE ( 'NONE', *, *, #2454, .T. ) ;
#3020 = ORIENTED_EDGE ( 'NONE', *, *, #5127, .T. ) ;
#3021 = ORIENTED_EDGE ( 'NONE', *, *, #4699, .T. ) ;
#3022 = ORIENTED_EDGE ( 'NONE', *, *, #771, .T. ) ;
#3023 = FACE_OUTER_BOUND ( 'NONE', #1504, .T. ) ;
#3024 = EDGE_CURVE ( 'NONE', #10887, #10232, #5876, .T. ) ;
#3025 = DIRECTION ( 'NONE',  ( 0.0000000000000000000, 0.0000000000000000000, 1.000000000000000000 ) ) ;
#3026 = ADVANCED_FACE ( 'NONE', ( #327 ), #3617, .T. ) ;
#3027 = PRESENTATION_LAYER_ASSIGNMENT (  '', '', ( #9904 ) ) ;
#3028 = DIRECTION ( 'NONE',  ( -0.9396926207859079800, -0.3420201433256698200, -0.0000000000000000000 ) ) ;
#3029 = FACE_OUTER_BOUND ( 'NONE', #4635, .T. ) ;
#3030 = CARTESIAN_POINT ( 'NONE',  ( -0.5249999999999995800, -2.388061258337336500E-017, 0.06499999999999991900 ) ) ;
#3031 = CARTESIAN_POINT ( 'NONE',  ( -0.2375000000000002900, 0.09999999999999996400, 0.0000000000000000000 ) ) ;
#3032 = ORIENTED_EDGE ( 'NONE', *, *, #6816, .T. ) ;
#3033 = DIRECTION ( 'NONE',  ( 0.0000000000000000000, -1.000000000000000000, 0.0000000000000000000 ) ) ;
#3034 = ORIENTED_EDGE ( 'NONE', *, *, #4212, .T. ) ;
#3035 = VERTEX_POINT ( 'NONE', #4492 ) ;
#3036 = CARTESIAN_POINT ( 'NONE',  ( 0.04375000000000011500, 0.3299999999999999600, 0.05624999999999997400 ) ) ;
#3037 = EDGE_CURVE ( 'NONE', #8718, #5097, #4616, .T. ) ;
#3038 = ORIENTED_EDGE ( 'NONE', *, *, #5448, .T. ) ;
#3039 = ORIENTED_EDGE ( 'NONE', *, *, #4512, .F. ) ;
#3040 = ORIENTED_EDGE ( 'NONE', *, *, #1881, .T. ) ;
#3041 = DIRECTION ( 'NONE',  ( 0.0000000000000000000, 1.836970198721030200E-016, -1.000000000000000000 ) ) ;
#3042 = FACE_OUTER_BOUND ( 'NONE', #9961, .T. ) ;
#3043 = EDGE_LOOP ( 'NONE', ( #9122, #10008, #2499, #3168 ) ) ;
#3044 =( NAMED_UNIT ( * ) SI_UNIT ( $, .STERADIAN. ) SOLID_ANGLE_UNIT ( ) );
#3045 = DIRECTION ( 'NONE',  ( 0.0000000000000000000, 0.0000000000000000000, 1.000000000000000000 ) ) ;
#3046 = EDGE_CURVE ( 'NONE', #94, #10901, #11273, .T. ) ;
#3047 = DIRECTION ( 'NONE',  ( 0.0000000000000000000, 0.3420201433256686000, -0.9396926207859085400 ) ) ;
#3048 = STYLED_ITEM ( 'NONE', ( #2209 ), #5802 ) ;
#3049 = ORIENTED_EDGE ( 'NONE', *, *, #887, .F. ) ;
#3050 = ORIENTED_EDGE ( 'NONE', *, *, #6899, .T. ) ;
#3051 = ORIENTED_EDGE ( 'NONE', *, *, #1711, .T. ) ;
#3052 = DIRECTION ( 'NONE',  ( 0.3236155771181846200, 0.8891264907159883700, 0.3236155771181846200 ) ) ;
#3053 = ORIENTED_EDGE ( 'NONE', *, *, #6871, .F. ) ;
#3054 = VECTOR ( 'NONE', #11285, 39.37007874015748100 ) ;
#3055 = CARTESIAN_POINT ( 'NONE',  ( -0.4375000000000000000, 0.3299999999999999600, 0.06250000000000001400 ) ) ;
#3056 = EDGE_CURVE ( 'NONE', #10559, #11212, #9486, .T. ) ;
#3057 = CARTESIAN_POINT ( 'NONE',  ( 0.0000000000000000000, 0.09999999999999996400, 0.06250000000000001400 ) ) ;
#3058 = CARTESIAN_POINT ( 'NONE',  ( -0.1437500000000000200, -0.1400000000000000100, 0.06250000000000001400 ) ) ;
#3059 = DIRECTION ( 'NONE',  ( 1.000000000000000000, 0.0000000000000000000, 0.0000000000000000000 ) ) ;
#3060 = ORIENTED_EDGE ( 'NONE', *, *, #3922, .F. ) ;
#3061 = ORIENTED_EDGE ( 'NONE', *, *, #9366, .T. ) ;
#3062 = DIRECTION ( 'NONE',  ( -1.000000000000000000, 0.0000000000000000000, 0.0000000000000000000 ) ) ;
#3063 = ORIENTED_EDGE ( 'NONE', *, *, #7118, .T. ) ;
#3064 = VECTOR ( 'NONE', #2996, 39.37007874015748100 ) ;
#3065 = EDGE_CURVE ( 'NONE', #7844, #10958, #11414, .T. ) ;
#3066 = ORIENTED_EDGE ( 'NONE', *, *, #1893, .F. ) ;
#3067 = FACE_OUTER_BOUND ( 'NONE', #3213, .T. ) ;
#3068 = VECTOR ( 'NONE', #9126, 39.37007874015748100 ) ;
#3069 = PLANE ( 'NONE',  #7657 ) ;
#3070 = ORIENTED_EDGE ( 'NONE', *, *, #6053, .F. ) ;
#3071 = CARTESIAN_POINT ( 'NONE',  ( 0.2625000000000000700, 0.3299999999999999600, 0.06250000000000001400 ) ) ;
#3072 = CARTESIAN_POINT ( 'NONE',  ( -0.3437500000000000000, 0.3299999999999999600, 0.04375000000000003900 ) ) ;
#3073 = SURFACE_STYLE_FILL_AREA ( #5177 ) ;
#3074 = DIRECTION ( 'NONE',  ( -1.000000000000000000, 0.0000000000000000000, 0.0000000000000000000 ) ) ;
#3075 = ORIENTED_EDGE ( 'NONE', *, *, #7779, .F. ) ;
#3076 = VECTOR ( 'NONE', #6676, 39.37007874015748100 ) ;
#3077 = CARTESIAN_POINT ( 'NONE',  ( 0.5424999999999997600, 0.3499999999999999800, 0.1324999999999999500 ) ) ;
#3078 = PLANE ( 'NONE',  #9705 ) ;
#3079 = ADVANCED_FACE ( 'NONE', ( #10840 ), #9695, .F. ) ;
#3080 = FACE_OUTER_BOUND ( 'NONE', #2179, .T. ) ;
#3081 = SURFACE_SIDE_STYLE ('',( #3365 ) ) ;
#3082 = FACE_OUTER_BOUND ( 'NONE', #1076, .T. ) ;
#3083 = DIRECTION ( 'NONE',  ( 0.0000000000000000000, 0.0000000000000000000, -1.000000000000000000 ) ) ;
#3084 = ADVANCED_FACE ( 'NONE', ( #2009 ), #1876, .T. ) ;
#3085 = DIRECTION ( 'NONE',  ( 0.0000000000000000000, 0.0000000000000000000, 1.000000000000000000 ) ) ;
#3086 = CARTESIAN_POINT ( 'NONE',  ( -0.2375000000000002900, -0.1228282661284085800, -0.06250000000000001400 ) ) ;
#3087 = DIRECTION ( 'NONE',  ( 0.0000000000000000000, 0.0000000000000000000, -1.000000000000000000 ) ) ;
#3088 = LINE ( 'NONE', #331, #10141 ) ;
#3089 = ORIENTED_EDGE ( 'NONE', *, *, #6622, .F. ) ;
#3090 = EDGE_CURVE ( 'NONE', #7315, #2781, #9201, .T. ) ;
#3091 = AXIS2_PLACEMENT_3D ( 'NONE', #8518, #2296, #8487 ) ;
#3092 = PLANE ( 'NONE',  #1980 ) ;
#3093 = ORIENTED_EDGE ( 'NONE', *, *, #488, .T. ) ;
#3094 = PRESENTATION_STYLE_ASSIGNMENT (( #10808 ) ) ;
#3095 = EDGE_CURVE ( 'NONE', #1632, #2994, #6575, .T. ) ;
#3096 = PLANE ( 'NONE',  #11185 ) ;
#3097 = CARTESIAN_POINT ( 'NONE',  ( -0.1437500000000000200, 0.3299999999999999600, 0.05624999999999997400 ) ) ;
#3098 = DIRECTION ( 'NONE',  ( -1.000000000000000000, 0.0000000000000000000, -0.0000000000000000000 ) ) ;
#3099 = FACE_OUTER_BOUND ( 'NONE', #227, .T. ) ;
#3100 = EDGE_CURVE ( 'NONE', #10286, #679, #5165, .T. ) ;
#3101 = VERTEX_POINT ( 'NONE', #5403 ) ;
#3102 = AXIS2_PLACEMENT_3D ( 'NONE', #9463, #3107, #4040 ) ;
#3103 = VECTOR ( 'NONE', #4961, 39.37007874015748100 ) ;
#3104 = SURFACE_SIDE_STYLE ('',( #8794 ) ) ;
#3105 = VECTOR ( 'NONE', #6413, 39.37007874015748100 ) ;
#3106 = CARTESIAN_POINT ( 'NONE',  ( -0.5250000000000001300, 0.09999999999999996400, 0.06500000000000003000 ) ) ;
#3107 = DIRECTION ( 'NONE',  ( -0.0000000000000000000, 0.3420201433256686000, 0.9396926207859085400 ) ) ;
#3108 = DIRECTION ( 'NONE',  ( 0.0000000000000000000, 0.0000000000000000000, 1.000000000000000000 ) ) ;
#3109 = DIRECTION ( 'NONE',  ( 0.0000000000000000000, 0.0000000000000000000, -1.000000000000000000 ) ) ;
#3110 = EDGE_CURVE ( 'NONE', #1823, #9927, #3789, .T. ) ;
#3111 = DIRECTION ( 'NONE',  ( 0.0000000000000000000, 0.0000000000000000000, 1.000000000000000000 ) ) ;
#3112 = LINE ( 'NONE', #268, #7264 ) ;
#3113 = COLOUR_RGB ( '',0.2509803921568627400, 0.2509803921568627400, 0.2509803921568627400 ) ;
#3114 = DIRECTION ( 'NONE',  ( 0.0000000000000000000, -1.000000000000000000, 0.0000000000000000000 ) ) ;
#3115 = DIRECTION ( 'NONE',  ( 0.0000000000000000000, 0.0000000000000000000, -1.000000000000000000 ) ) ;
#3116 = FACE_OUTER_BOUND ( 'NONE', #2407, .T. ) ;
#3117 = LINE ( 'NONE', #3729, #2568 ) ;
#3118 = CARTESIAN_POINT ( 'NONE',  ( -0.4401181760438384000, 0.3200216456890114800, 0.05988182395616160900 ) ) ;
#3119 = EDGE_CURVE ( 'NONE', #9444, #2300, #8085, .T. ) ;
#3120 = PLANE ( 'NONE',  #6339 ) ;
#3121 = DIRECTION ( 'NONE',  ( 0.0000000000000000000, 0.0000000000000000000, 1.000000000000000000 ) ) ;
#3122 = VECTOR ( 'NONE', #7726, 39.37007874015748100 ) ;
#3123 = ADVANCED_FACE ( 'NONE', ( #3779 ), #3722, .F. ) ;
#3124 = SURFACE_STYLE_FILL_AREA ( #7533 ) ;
#3125 = DIRECTION ( 'NONE',  ( -0.0000000000000000000, 0.0000000000000000000, 1.000000000000000000 ) ) ;
#3126 = EDGE_LOOP ( 'NONE', ( #829, #2626, #3672, #1699 ) ) ;
#3127 = VECTOR ( 'NONE', #2935, 39.37007874015748100 ) ;
#3128 = VERTEX_POINT ( 'NONE', #8245 ) ;
#3129 = VERTEX_POINT ( 'NONE', #8998 ) ;
#3130 = EDGE_CURVE ( 'NONE', #183, #3336, #3383, .T. ) ;
#3131 = VECTOR ( 'NONE', #9544, 39.37007874015748100 ) ;
#3132 = ORIENTED_EDGE ( 'NONE', *, *, #1428, .T. ) ;
#3133 = CARTESIAN_POINT ( 'NONE',  ( 0.4374999999999997200, -0.01499999999999997700, -0.03749999999999999900 ) ) ;
#3134 = ADVANCED_FACE ( 'NONE', ( #10163 ), #2914, .F. ) ;
#3135 = DIRECTION ( 'NONE',  ( 0.0000000000000000000, 0.0000000000000000000, -1.000000000000000000 ) ) ;
#3136 = VECTOR ( 'NONE', #6678, 39.37007874015748100 ) ;
#3137 = CARTESIAN_POINT ( 'NONE',  ( 0.1624999999999997000, 0.09999999999999996400, 0.0000000000000000000 ) ) ;
#3138 = FACE_OUTER_BOUND ( 'NONE', #3465, .T. ) ;
#3139 = DIRECTION ( 'NONE',  ( 0.0000000000000000000, 0.0000000000000000000, -1.000000000000000000 ) ) ;
#3140 = DIRECTION ( 'NONE',  ( 1.000000000000000000, 0.0000000000000000000, 0.0000000000000000000 ) ) ;
#3141 = AXIS2_PLACEMENT_3D ( 'NONE', #9240, #1401, #2246 ) ;
#3142 = VERTEX_POINT ( 'NONE', #1959 ) ;
#3143 = VECTOR ( 'NONE', #6951, 39.37007874015748100 ) ;
#3144 = ORIENTED_EDGE ( 'NONE', *, *, #4190, .F. ) ;
#3145 = CARTESIAN_POINT ( 'NONE',  ( -0.3375000000000003000, -0.1228282661284084400, -0.03749999999999999900 ) ) ;
#3146 = ORIENTED_EDGE ( 'NONE', *, *, #2415, .F. ) ;
#3147 = DIRECTION ( 'NONE',  ( 0.3236155771181846200, -0.8891264907159883700, -0.3236155771181846200 ) ) ;
#3148 = ORIENTED_EDGE ( 'NONE', *, *, #450, .T. ) ;
#3149 = ORIENTED_EDGE ( 'NONE', *, *, #4078, .F. ) ;
#3150 = LINE ( 'NONE', #2028, #3014 ) ;
#3151 = MANIFOLD_SOLID_BREP ( 'Pin[19]', #7301 ) ;
#3152 = FACE_OUTER_BOUND ( 'NONE', #5373, .T. ) ;
#3153 = EDGE_CURVE ( 'NONE', #733, #7189, #1598, .T. ) ;
#3154 = VERTEX_POINT ( 'NONE', #345 ) ;
#3155 = DIRECTION ( 'NONE',  ( -0.2873478855663455000, 0.9578262852211513200, 0.0000000000000000000 ) ) ;
#3156 = ORIENTED_EDGE ( 'NONE', *, *, #3416, .F. ) ;
#3157 = FACE_OUTER_BOUND ( 'NONE', #7163, .T. ) ;
#3158 = DIRECTION ( 'NONE',  ( 0.0000000000000000000, 0.0000000000000000000, -1.000000000000000000 ) ) ;
#3159 = ORIENTED_EDGE ( 'NONE', *, *, #1325, .F. ) ;
#3160 = PLANE ( 'NONE',  #8249 ) ;
#3161 = ORIENTED_EDGE ( 'NONE', *, *, #4216, .T. ) ;
#3162 = DIRECTION ( 'NONE',  ( -1.000000000000000000, 0.0000000000000000000, -0.0000000000000000000 ) ) ;
#3163 = AXIS2_PLACEMENT_3D ( 'NONE', #104, #5302, #2746 ) ;
#3164 = EDGE_CURVE ( 'NONE', #10193, #10383, #1311, .T. ) ;
#3165 = LINE ( 'NONE', #11040, #10883 ) ;
#3166 = DIRECTION ( 'NONE',  ( 0.0000000000000000000, -1.000000000000000000, 0.0000000000000000000 ) ) ;
#3167 = ORIENTED_EDGE ( 'NONE', *, *, #8371, .F. ) ;
#3168 = ORIENTED_EDGE ( 'NONE', *, *, #6791, .F. ) ;
#3169 = PLANE ( 'NONE',  #10922 ) ;
#3170 = ORIENTED_EDGE ( 'NONE', *, *, #9704, .T. ) ;
#3171 = ORIENTED_EDGE ( 'NONE', *, *, #442, .T. ) ;
#3172 = ORIENTED_EDGE ( 'NONE', *, *, #6017, .F. ) ;
#3173 = LINE ( 'NONE', #7817, #7190 ) ;
#3174 = LINE ( 'NONE', #2933, #7323 ) ;
#3175 = DIRECTION ( 'NONE',  ( 0.0000000000000000000, 0.0000000000000000000, 1.000000000000000000 ) ) ;
#3176 = EDGE_CURVE ( 'NONE', #6829, #9096, #8504, .T. ) ;
#3177 = ORIENTED_EDGE ( 'NONE', *, *, #8810, .F. ) ;
#3178 = ORIENTED_EDGE ( 'NONE', *, *, #10954, .T. ) ;
#3179 = ORIENTED_EDGE ( 'NONE', *, *, #5628, .F. ) ;
#3180 = PLANE ( 'NONE',  #1269 ) ;
#3181 = VERTEX_POINT ( 'NONE', #5702 ) ;
#3182 = CARTESIAN_POINT ( 'NONE',  ( 0.06249999999999974300, -4.268512490100411300E-018, -0.03749999999999999900 ) ) ;
#3183 = VECTOR ( 'NONE', #8356, 39.37007874015748100 ) ;
#3184 = PLANE ( 'NONE',  #2198 ) ;
#3185 = ORIENTED_EDGE ( 'NONE', *, *, #1656, .F. ) ;
#3186 = LINE ( 'NONE', #157, #1101 ) ;
#3187 = DIRECTION ( 'NONE',  ( 0.0000000000000000000, 0.0000000000000000000, -1.000000000000000000 ) ) ;
#3188 = DIRECTION ( 'NONE',  ( 0.0000000000000000000, 0.0000000000000000000, -1.000000000000000000 ) ) ;
#3189 = EDGE_CURVE ( 'NONE', #6920, #536, #2279, .T. ) ;
#3190 = ADVANCED_FACE ( 'NONE', ( #2963 ), #10069, .T. ) ;
#3191 = ORIENTED_EDGE ( 'NONE', *, *, #3949, .F. ) ;
#3192 = VERTEX_POINT ( 'NONE', #5572 ) ;
#3193 = ORIENTED_EDGE ( 'NONE', *, *, #2888, .T. ) ;
#3194 = LINE ( 'NONE', #851, #2908 ) ;
#3195 = DIRECTION ( 'NONE',  ( -0.0000000000000000000, 1.000000000000000000, 0.0000000000000000000 ) ) ;
#3196 = CARTESIAN_POINT ( 'NONE',  ( -0.4625000000000003000, -0.1228282661284085800, -0.03749999999999999900 ) ) ;
#3197 = EDGE_CURVE ( 'NONE', #7315, #839, #6991, .T. ) ;
#3198 = LINE ( 'NONE', #6128, #7346 ) ;
#3199 = DIRECTION ( 'NONE',  ( -1.000000000000000000, 0.0000000000000000000, -0.0000000000000000000 ) ) ;
#3200 = PRESENTATION_LAYER_ASSIGNMENT (  '', '', ( #6156 ) ) ;
#3201 = DIRECTION ( 'NONE',  ( -0.0000000000000000000, 1.000000000000000000, -0.0000000000000000000 ) ) ;
#3202 = ADVANCED_FACE ( 'NONE', ( #6149 ), #6490, .F. ) ;
#3203 = PLANE ( 'NONE',  #10048 ) ;
#3204 = ORIENTED_EDGE ( 'NONE', *, *, #1018, .F. ) ;
#3205 = ORIENTED_EDGE ( 'NONE', *, *, #7269, .F. ) ;
#3206 = EDGE_LOOP ( 'NONE', ( #658, #9021, #6884, #8835 ) ) ;
#3207 = VECTOR ( 'NONE', #3045, 39.37007874015748100 ) ;
#3208 = DIRECTION ( 'NONE',  ( -1.000000000000000000, 0.0000000000000000000, 0.0000000000000000000 ) ) ;
#3209 = CARTESIAN_POINT ( 'NONE',  ( 0.5249999999999998000, 0.09999999999999996400, 0.1324999999999999500 ) ) ;
#3210 = LINE ( 'NONE', #9351, #7777 ) ;
#3211 = DIRECTION ( 'NONE',  ( 1.000000000000000000, 0.0000000000000000000, 0.0000000000000000000 ) ) ;
#3212 = DIRECTION ( 'NONE',  ( 1.000000000000000000, 0.0000000000000000000, 0.0000000000000000000 ) ) ;
#3213 = EDGE_LOOP ( 'NONE', ( #241, #2894, #2135, #661 ) ) ;
#3214 = AXIS2_PLACEMENT_3D ( 'NONE', #5725, #9227, #9106 ) ;
#3215 = VECTOR ( 'NONE', #2656, 39.37007874015748100 ) ;
#3216 = DIRECTION ( 'NONE',  ( 0.0000000000000000000, -1.000000000000000000, 0.0000000000000000000 ) ) ;
#3217 = DIRECTION ( 'NONE',  ( 0.3236155771181856200, -0.8891264907159877100, 0.3236155771181856200 ) ) ;
#3218 = DIRECTION ( 'NONE',  ( 0.0000000000000000000, 0.0000000000000000000, 1.000000000000000000 ) ) ;
#3219 = DIRECTION ( 'NONE',  ( -0.0000000000000000000, 0.0000000000000000000, 1.000000000000000000 ) ) ;
#3220 = EDGE_CURVE ( 'NONE', #4954, #7374, #2557, .T. ) ;
#3221 = PLANE ( 'NONE',  #8868 ) ;
#3222 = PLANE ( 'NONE',  #10137 ) ;
#3223 = VECTOR ( 'NONE', #10685, 39.37007874015748100 ) ;
#3224 = ORIENTED_EDGE ( 'NONE', *, *, #430, .F. ) ;
#3225 = AXIS2_PLACEMENT_3D ( 'NONE', #2268, #2400, #470 ) ;
#3226 = ORIENTED_EDGE ( 'NONE', *, *, #1834, .F. ) ;
#3227 = ORIENTED_EDGE ( 'NONE', *, *, #4694, .F. ) ;
#3228 = PLANE ( 'NONE',  #6916 ) ;
#3229 = FACE_OUTER_BOUND ( 'NONE', #493, .T. ) ;
#3230 = SURFACE_SIDE_STYLE ('',( #3124 ) ) ;
#3231 = DIRECTION ( 'NONE',  ( 0.3236155771181846200, -0.8891264907159883700, -0.3236155771181846200 ) ) ;
#3232 = VECTOR ( 'NONE', #10183, 39.37007874015748100 ) ;
#3233 = CARTESIAN_POINT ( 'NONE',  ( -0.4562500000000002700, 0.3299999999999999600, -0.05624999999999997400 ) ) ;
#3234 = DIRECTION ( 'NONE',  ( 0.9396926207859079800, -0.3420201433256698200, -0.0000000000000000000 ) ) ;
#3235 = DIRECTION ( 'NONE',  ( -0.0000000000000000000, 0.0000000000000000000, 1.000000000000000000 ) ) ;
#3236 = CARTESIAN_POINT ( 'NONE',  ( -0.5150000000000004600, 0.0000000000000000000, -0.1149999999999980800 ) ) ;
#3237 = VERTEX_POINT ( 'NONE', #7344 ) ;
#3238 = DIRECTION ( 'NONE',  ( -3.278217592397116300E-015, 0.0000000000000000000, 1.000000000000000000 ) ) ;
#3239 = VECTOR ( 'NONE', #6569, 39.37007874015748100 ) ;
#3240 = EDGE_CURVE ( 'NONE', #4608, #5325, #11122, .T. ) ;
#3241 = FACE_BOUND ( 'NONE', #3813, .T. ) ;
#3242 = ORIENTED_EDGE ( 'NONE', *, *, #964, .F. ) ;
#3243 = VECTOR ( 'NONE', #11060, 39.37007874015748100 ) ;
#3244 = LINE ( 'NONE', #785, #5292 ) ;
#3245 = EDGE_CURVE ( 'NONE', #6040, #2000, #9347, .T. ) ;
#3246 = ADVANCED_FACE ( 'NONE', ( #6013 ), #4725, .T. ) ;
#3247 = CARTESIAN_POINT ( 'NONE',  ( 0.2375000000000000700, -0.1228282661284085800, 0.06250000000000001400 ) ) ;
#3248 = VECTOR ( 'NONE', #4129, 39.37007874015748100 ) ;
#3249 = VECTOR ( 'NONE', #2774, 39.37007874015748100 ) ;
#3250 = DIRECTION ( 'NONE',  ( 1.000000000000000000, 0.0000000000000000000, 0.0000000000000000000 ) ) ;
#3251 = CARTESIAN_POINT ( 'NONE',  ( -0.03750000000000028300, 0.09999999999999996400, -0.03749999999999999900 ) ) ;
#3252 = CARTESIAN_POINT ( 'NONE',  ( 0.4375000000000001100, -0.1228282661284085800, 0.06250000000000001400 ) ) ;
#3253 = EDGE_CURVE ( 'NONE', #2451, #679, #6708, .T. ) ;
#3254 = AXIS2_PLACEMENT_3D ( 'NONE', #5464, #5425, #9090 ) ;
#3255 = VECTOR ( 'NONE', #8914, 39.37007874015748100 ) ;
#3256 = LINE ( 'NONE', #1875, #10588 ) ;
#3257 = VECTOR ( 'NONE', #3804, 39.37007874015748100 ) ;
#3258 = ADVANCED_FACE ( 'NONE', ( #8366 ), #8314, .F. ) ;
#3259 = CARTESIAN_POINT ( 'NONE',  ( 0.2624999999999996800, -0.1228282661284085800, -0.03749999999999999900 ) ) ;
#3260 = EDGE_CURVE ( 'NONE', #10900, #10197, #4343, .T. ) ;
#3261 = CARTESIAN_POINT ( 'NONE',  ( 0.1999999999999996800, -0.1400000000000000100, -0.1000000000000000100 ) ) ;
#3262 = LINE ( 'NONE', #3031, #6755 ) ;
#3263 = VECTOR ( 'NONE', #9439, 39.37007874015748100 ) ;
#3264 = FACE_OUTER_BOUND ( 'NONE', #10760, .T. ) ;
#3265 = PLANE ( 'NONE',  #9982 ) ;
#3266 = PLANE ( 'NONE',  #2378 ) ;
#3267 = DIRECTION ( 'NONE',  ( 1.000000000000000000, 0.0000000000000000000, 0.0000000000000000000 ) ) ;
#3268 = EDGE_CURVE ( 'NONE', #2994, #5120, #10442, .T. ) ;
#3269 = ORIENTED_EDGE ( 'NONE', *, *, #9795, .F. ) ;
#3270 = LINE ( 'NONE', #1840, #5600 ) ;
#3271 = ORIENTED_EDGE ( 'NONE', *, *, #7237, .F. ) ;
#3272 = SURFACE_STYLE_USAGE ( .BOTH. , #4087 ) ;
#3273 = ORIENTED_EDGE ( 'NONE', *, *, #6291, .F. ) ;
#3274 =( GEOMETRIC_REPRESENTATION_CONTEXT ( 3 ) GLOBAL_UNCERTAINTY_ASSIGNED_CONTEXT ( ( #7960 ) ) GLOBAL_UNIT_ASSIGNED_CONTEXT ( ( #2983, #1199, #10139 ) ) REPRESENTATION_CONTEXT ( 'NONE', 'WORKASPACE' ) );
#3275 = ORIENTED_EDGE ( 'NONE', *, *, #2707, .T. ) ;
#3276 = DIRECTION ( 'NONE',  ( -0.0000000000000000000, 1.000000000000000000, -0.0000000000000000000 ) ) ;
#3277 = CARTESIAN_POINT ( 'NONE',  ( 0.3374999999999996900, 0.3128282661284084700, -0.03749999999999999900 ) ) ;
#3278 = LINE ( 'NONE', #8128, #911 ) ;
#3279 = VECTOR ( 'NONE', #6862, 39.37007874015748100 ) ;
#3280 = VECTOR ( 'NONE', #6661, 39.37007874015748100 ) ;
#3281 = EDGE_LOOP ( 'NONE', ( #7746, #1647, #5362, #6220 ) ) ;
#3282 = AXIS2_PLACEMENT_3D ( 'NONE', #2704, #4369, #5240 ) ;
#3283 = EDGE_CURVE ( 'NONE', #10466, #9376, #5421, .T. ) ;
#3284 = ORIENTED_EDGE ( 'NONE', *, *, #7857, .T. ) ;
#3285 = VECTOR ( 'NONE', #10320, 39.37007874015748100 ) ;
#3286 = ORIENTED_EDGE ( 'NONE', *, *, #6760, .F. ) ;
#3287 = EDGE_LOOP ( 'NONE', ( #9528, #6233, #11261, #8583 ) ) ;
#3288 = ORIENTED_EDGE ( 'NONE', *, *, #5934, .F. ) ;
#3289 = DIRECTION ( 'NONE',  ( 0.0000000000000000000, 0.0000000000000000000, 1.000000000000000000 ) ) ;
#3290 = VECTOR ( 'NONE', #11363, 39.37007874015748100 ) ;
#3291 = DIRECTION ( 'NONE',  ( -0.9578262852211514300, 0.2873478855663455500, 0.0000000000000000000 ) ) ;
#3292 = MECHANICAL_DESIGN_GEOMETRIC_PRESENTATION_REPRESENTATION (  '', ( #11224 ), #6863 ) ;
#3293 = DIRECTION ( 'NONE',  ( 1.000000000000000000, 0.0000000000000000000, 0.0000000000000000000 ) ) ;
#3294 = ORIENTED_EDGE ( 'NONE', *, *, #5703, .T. ) ;
#3295 = CARTESIAN_POINT ( 'NONE',  ( 0.1624999999999997000, -0.1228282661284085800, -0.06250000000000001400 ) ) ;
#3296 = EDGE_LOOP ( 'NONE', ( #9559, #4607, #4105, #5531 ) ) ;
#3297 = ORIENTED_EDGE ( 'NONE', *, *, #1635, .T. ) ;
#3298 = VERTEX_POINT ( 'NONE', #3005 ) ;
#3299 = VERTEX_POINT ( 'NONE', #9195 ) ;
#3300 = ORIENTED_EDGE ( 'NONE', *, *, #1118, .T. ) ;
#3301 = VERTEX_POINT ( 'NONE', #10084 ) ;
#3302 = PRESENTATION_STYLE_ASSIGNMENT (( #1970 ) ) ;
#3303 = CARTESIAN_POINT ( 'NONE',  ( -0.2624999999999999600, -0.1228282661284085800, 0.03749999999999999900 ) ) ;
#3304 = VECTOR ( 'NONE', #910, 39.37007874015748100 ) ;
#3305 = EDGE_CURVE ( 'NONE', #9728, #2843, #1998, .T. ) ;
#3306 = CARTESIAN_POINT ( 'NONE',  ( -0.5750000000000001800, 0.3499999999999999800, 0.1825000000000000000 ) ) ;
#3307 = DIRECTION ( 'NONE',  ( -1.000000000000000000, 0.0000000000000000000, -0.0000000000000000000 ) ) ;
#3308 = ORIENTED_EDGE ( 'NONE', *, *, #4053, .F. ) ;
#3309 = PLANE ( 'NONE',  #4259 ) ;
#3310 = ORIENTED_EDGE ( 'NONE', *, *, #1635, .F. ) ;
#3311 = ORIENTED_EDGE ( 'NONE', *, *, #9538, .F. ) ;
#3312 = ORIENTED_EDGE ( 'NONE', *, *, #2389, .T. ) ;
#3313 = ORIENTED_EDGE ( 'NONE', *, *, #4232, .T. ) ;
#3314 = CARTESIAN_POINT ( 'NONE',  ( -0.4375000000000000000, 0.3128282661284084700, 0.06250000000000001400 ) ) ;
#3315 = ORIENTED_EDGE ( 'NONE', *, *, #4159, .T. ) ;
#3316 = AXIS2_PLACEMENT_3D ( 'NONE', #6313, #9757, #1872 ) ;
#3317 = ADVANCED_FACE ( 'NONE', ( #3511 ), #10124, .T. ) ;
#3318 = VECTOR ( 'NONE', #6074, 39.37007874015748100 ) ;
#3319 = CARTESIAN_POINT ( 'NONE',  ( -0.2624999999999999600, -4.268512490100411300E-018, 0.03749999999999999900 ) ) ;
#3320 = DIRECTION ( 'NONE',  ( 1.000000000000000000, 0.0000000000000000000, 0.0000000000000000000 ) ) ;
#3321 = ORIENTED_EDGE ( 'NONE', *, *, #8150, .F. ) ;
#3322 = VECTOR ( 'NONE', #11219, 39.37007874015748100 ) ;
#3323 = DIRECTION ( 'NONE',  ( -0.9396926207859085400, 0.3420201433256686000, 0.0000000000000000000 ) ) ;
#3324 = CARTESIAN_POINT ( 'NONE',  ( 0.3375000000000000800, -0.1228282661284085800, 0.06250000000000001400 ) ) ;
#3325 = AXIS2_PLACEMENT_3D ( 'NONE', #1994, #9880, #2957 ) ;
#3326 = ORIENTED_EDGE ( 'NONE', *, *, #4, .F. ) ;
#3327 = ORIENTED_EDGE ( 'NONE', *, *, #691, .F. ) ;
#3328 = EDGE_LOOP ( 'NONE', ( #6037, #1527, #6917, #6626 ) ) ;
#3329 = VECTOR ( 'NONE', #7936, 39.37007874015748100 ) ;
#3330 = ADVANCED_FACE ( 'NONE', ( #7940 ), #9474, .F. ) ;
#3331 = DIRECTION ( 'NONE',  ( 0.0000000000000000000, 0.0000000000000000000, -1.000000000000000000 ) ) ;
#3332 = SURFACE_STYLE_FILL_AREA ( #6515 ) ;
#3333 = EDGE_CURVE ( 'NONE', #10487, #7925, #7391, .T. ) ;
#3334 = DIRECTION ( 'NONE',  ( -0.0000000000000000000, 1.000000000000000000, 0.0000000000000000000 ) ) ;
#3335 = CARTESIAN_POINT ( 'NONE',  ( 0.2624999999999996800, -4.268512490100411300E-018, -0.03749999999999999900 ) ) ;
#3336 = VERTEX_POINT ( 'NONE', #9321 ) ;
#3337 = ORIENTED_EDGE ( 'NONE', *, *, #9057, .T. ) ;
#3338 = DIRECTION ( 'NONE',  ( 0.0000000000000000000, -0.0000000000000000000, 1.000000000000000000 ) ) ;
#3339 = ORIENTED_EDGE ( 'NONE', *, *, #2827, .F. ) ;
#3340 = FACE_OUTER_BOUND ( 'NONE', #1947, .T. ) ;
#3341 = SURFACE_SIDE_STYLE ('',( #6130 ) ) ;
#3342 = EDGE_CURVE ( 'NONE', #9130, #7976, #7677, .T. ) ;
#3343 = ORIENTED_EDGE ( 'NONE', *, *, #7043, .T. ) ;
#3344 = DIRECTION ( 'NONE',  ( 0.0000000000000000000, 0.0000000000000000000, -1.000000000000000000 ) ) ;
#3345 = PLANE ( 'NONE',  #6172 ) ;
#3346 = VECTOR ( 'NONE', #8080, 39.37007874015748100 ) ;
#3347 = EDGE_CURVE ( 'NONE', #8730, #5501, #7818, .T. ) ;
#3348 = FILL_AREA_STYLE_COLOUR ( '', #3494 ) ;
#3349 = DIRECTION ( 'NONE',  ( 0.3236155771181856200, 0.8891264907159877100, 0.3236155771181856200 ) ) ;
#3350 = MECHANICAL_DESIGN_GEOMETRIC_PRESENTATION_REPRESENTATION (  '', ( #11208 ), #5704 ) ;
#3351 = VERTEX_POINT ( 'NONE', #2309 ) ;
#3352 = VECTOR ( 'NONE', #456, 39.37007874015748100 ) ;
#3353 = DIRECTION ( 'NONE',  ( 0.0000000000000000000, 0.3420201433256686000, -0.9396926207859085400 ) ) ;
#3354 = CARTESIAN_POINT ( 'NONE',  ( 0.3374999999999996900, 0.3128282661284084700, -0.03749999999999999900 ) ) ;
#3355 =( CONVERSION_BASED_UNIT ( 'INCH', #11447 ) LENGTH_UNIT ( ) NAMED_UNIT ( #5076 ) );
#3356 = LINE ( 'NONE', #8884, #4712 ) ;
#3357 = DIRECTION ( 'NONE',  ( 0.3236155771181846200, -0.8891264907159883700, 0.3236155771181846200 ) ) ;
#3358 = VECTOR ( 'NONE', #6309, 39.37007874015748100 ) ;
#3359 = AXIS2_PLACEMENT_3D ( 'NONE', #7119, #1793, #4402 ) ;
#3360 = PLANE ( 'NONE',  #6730 ) ;
#3361 = VECTOR ( 'NONE', #4656, 39.37007874015748100 ) ;
#3362 = ADVANCED_FACE ( 'NONE', ( #5711 ), #9443, .T. ) ;
#3363 = CARTESIAN_POINT ( 'NONE',  ( -0.4624999999999999700, 0.3299999999999999600, 0.06250000000000001400 ) ) ;
#3364 = EDGE_LOOP ( 'NONE', ( #387, #5460, #9390, #11028 ) ) ;
#3365 = SURFACE_STYLE_FILL_AREA ( #8372 ) ;
#3366 = DIRECTION ( 'NONE',  ( 0.0000000000000000000, 0.0000000000000000000, -1.000000000000000000 ) ) ;
#3367 = EDGE_CURVE ( 'NONE', #8536, #9924, #4872, .T. ) ;
#3368 = CARTESIAN_POINT ( 'NONE',  ( 0.04375000000000011500, 0.3299999999999999600, 0.06250000000000001400 ) ) ;
#3369 = ORIENTED_EDGE ( 'NONE', *, *, #10668, .T. ) ;
#3370 = VERTEX_POINT ( 'NONE', #6767 ) ;
#3371 = CARTESIAN_POINT ( 'NONE',  ( 0.1437499999999997400, -0.1400000000000000100, -0.06250000000000001400 ) ) ;
#3372 = AXIS2_PLACEMENT_3D ( 'NONE', #3942, #8332, #10140 ) ;
#3373 = EDGE_CURVE ( 'NONE', #2300, #11291, #3771, .T. ) ;
#3374 = CARTESIAN_POINT ( 'NONE',  ( -0.5750000000000001800, 0.0000000000000000000, 0.1825000000000000000 ) ) ;
#3375 = DIRECTION ( 'NONE',  ( -0.0000000000000000000, 0.3420201433256686000, 0.9396926207859085400 ) ) ;
#3376 = ADVANCED_FACE ( 'NONE', ( #9192 ), #11117, .T. ) ;
#3377 = DIRECTION ( 'NONE',  ( -1.000000000000000000, 0.0000000000000000000, -0.0000000000000000000 ) ) ;
#3378 = CARTESIAN_POINT ( 'NONE',  ( 0.4374999999999997200, -0.01499999999999997700, -0.06250000000000001400 ) ) ;
#3379 = CARTESIAN_POINT ( 'NONE',  ( 0.2374999999999996600, 0.3128282661284084700, -0.03749999999999999900 ) ) ;
#3380 = LINE ( 'NONE', #4157, #4880 ) ;
#3381 = ORIENTED_EDGE ( 'NONE', *, *, #6520, .F. ) ;
#3382 = CARTESIAN_POINT ( 'NONE',  ( -0.3624999999999999300, 0.3128282661284084700, 0.03749999999999999900 ) ) ;
#3383 = LINE ( 'NONE', #128, #5014 ) ;
#3384 = FACE_BOUND ( 'NONE', #4108, .T. ) ;
#3385 =( NAMED_UNIT ( * ) SI_UNIT ( $, .STERADIAN. ) SOLID_ANGLE_UNIT ( ) );
#3386 = AXIS2_PLACEMENT_3D ( 'NONE', #9051, #10811, #9976 ) ;
#3387 = CARTESIAN_POINT ( 'NONE',  ( 0.5749999999999996200, 0.3499999999999999800, -0.1825000000000000000 ) ) ;
#3388 = DIRECTION ( 'NONE',  ( 1.000000000000000000, 0.0000000000000000000, 0.0000000000000000000 ) ) ;
#3389 = PLANE ( 'NONE',  #7320 ) ;
#3390 = LINE ( 'NONE', #3571, #191 ) ;
#3391 = EDGE_CURVE ( 'NONE', #6795, #674, #6983, .T. ) ;
#3392 = LINE ( 'NONE', #11101, #10037 ) ;
#3393 =( GEOMETRIC_REPRESENTATION_CONTEXT ( 3 ) GLOBAL_UNCERTAINTY_ASSIGNED_CONTEXT ( ( #7259 ) ) GLOBAL_UNIT_ASSIGNED_CONTEXT ( ( #1573, #6904, #2452 ) ) REPRESENTATION_CONTEXT ( 'NONE', 'WORKASPACE' ) );
#3394 = VECTOR ( 'NONE', #4630, 39.37007874015748100 ) ;
#3395 = LINE ( 'NONE', #2006, #7140 ) ;
#3396 = PRODUCT_DEFINITION ( 'UNKNOWN', '', #8954, #5496 ) ;
#3397 = CARTESIAN_POINT ( 'NONE',  ( 0.2598818239561616600, 0.3200216456890114800, 0.04011817604383839700 ) ) ;
#3398 = EDGE_CURVE ( 'NONE', #9774, #9728, #11112, .T. ) ;
#3399 = PLANE ( 'NONE',  #4223 ) ;
#3400 = DIRECTION ( 'NONE',  ( 0.0000000000000000000, 0.0000000000000000000, -1.000000000000000000 ) ) ;
#3401 = LINE ( 'NONE', #4874, #8100 ) ;
#3402 = EDGE_LOOP ( 'NONE', ( #6225, #4636, #8947, #9802 ) ) ;
#3403 = FACE_OUTER_BOUND ( 'NONE', #5232, .T. ) ;
#3404 = ORIENTED_EDGE ( 'NONE', *, *, #8113, .T. ) ;
#3405 = EDGE_LOOP ( 'NONE', ( #944, #414, #4150, #5838 ) ) ;
#3406 = EDGE_CURVE ( 'NONE', #10901, #3429, #1012, .T. ) ;
#3407 = DIMENSIONAL_EXPONENTS ( 1.000000000000000000, 0.0000000000000000000, 0.0000000000000000000, 0.0000000000000000000, 0.0000000000000000000, 0.0000000000000000000, 0.0000000000000000000 ) ;
#3408 = CARTESIAN_POINT ( 'NONE',  ( 0.1375000000000000400, 0.3299999999999999600, 0.06250000000000001400 ) ) ;
#3409 = VECTOR ( 'NONE', #11462, 39.37007874015748100 ) ;
#3410 = LINE ( 'NONE', #7594, #80 ) ;
#3411 = LINE ( 'NONE', #11326, #8955 ) ;
#3412 = DIRECTION ( 'NONE',  ( 1.000000000000000000, 0.0000000000000000000, 0.0000000000000000000 ) ) ;
#3413 = EDGE_LOOP ( 'NONE', ( #5952, #7908, #10768, #5114 ) ) ;
#3414 = VECTOR ( 'NONE', #587, 39.37007874015748100 ) ;
#3415 = DIRECTION ( 'NONE',  ( 1.000000000000000000, 0.0000000000000000000, -0.0000000000000000000 ) ) ;
#3416 = EDGE_CURVE ( 'NONE', #2636, #2514, #4601, .T. ) ;
#3417 = VERTEX_POINT ( 'NONE', #7536 ) ;
#3418 = ORIENTED_EDGE ( 'NONE', *, *, #9407, .T. ) ;
#3419 = EDGE_LOOP ( 'NONE', ( #4263, #1334, #1644, #1977 ) ) ;
#3420 = ADVANCED_FACE ( 'NONE', ( #3644 ), #8535, .T. ) ;
#3421 = VECTOR ( 'NONE', #1850, 39.37007874015748100 ) ;
#3422 = DIRECTION ( 'NONE',  ( 0.0000000000000000000, 0.0000000000000000000, -1.000000000000000000 ) ) ;
#3423 = ADVANCED_FACE ( 'NONE', ( #7813 ), #11277, .T. ) ;
#3424 = EDGE_CURVE ( 'NONE', #1078, #7844, #318, .T. ) ;
#3425 = DIRECTION ( 'NONE',  ( 0.0000000000000000000, 0.0000000000000000000, -1.000000000000000000 ) ) ;
#3426 = AXIS2_PLACEMENT_3D ( 'NONE', #3523, #1763, #2759 ) ;
#3427 = ORIENTED_EDGE ( 'NONE', *, *, #4023, .F. ) ;
#3428 = DIRECTION ( 'NONE',  ( -1.000000000000000000, 0.0000000000000000000, -0.0000000000000000000 ) ) ;
#3429 = VERTEX_POINT ( 'NONE', #6726 ) ;
#3430 = ORIENTED_EDGE ( 'NONE', *, *, #7027, .T. ) ;
#3431 = DIRECTION ( 'NONE',  ( 0.3236155771181856200, -0.8891264907159877100, 0.3236155771181856200 ) ) ;
#3432 = ORIENTED_EDGE ( 'NONE', *, *, #433, .F. ) ;
#3433 = ORIENTED_EDGE ( 'NONE', *, *, #9617, .F. ) ;
#3434 = CARTESIAN_POINT ( 'NONE',  ( 0.2624999999999996800, -0.1400000000000000100, -0.05624999999999997400 ) ) ;
#3435 = LINE ( 'NONE', #3009, #1068 ) ;
#3436 = LINE ( 'NONE', #5259, #4937 ) ;
#3437 = ORIENTED_EDGE ( 'NONE', *, *, #9787, .T. ) ;
#3438 = ORIENTED_EDGE ( 'NONE', *, *, #1246, .F. ) ;
#3439 = ORIENTED_EDGE ( 'NONE', *, *, #8061, .F. ) ;
#3440 = ORIENTED_EDGE ( 'NONE', *, *, #6534, .T. ) ;
#3441 =( NAMED_UNIT ( * ) PLANE_ANGLE_UNIT ( ) SI_UNIT ( $, .RADIAN. ) );
#3442 = VERTEX_POINT ( 'NONE', #4321 ) ;
#3443 = CARTESIAN_POINT ( 'NONE',  ( 0.4000000000000000200, 0.3299999999999999600, 0.0000000000000000000 ) ) ;
#3444 = COLOUR_RGB ( '',0.2509803921568627400, 0.2509803921568627400, 0.2509803921568627400 ) ;
#3445 = AXIS2_PLACEMENT_3D ( 'NONE', #3565, #10603, #2539 ) ;
#3446 = LINE ( 'NONE', #9630, #941 ) ;
#3447 = CARTESIAN_POINT ( 'NONE',  ( -0.1624999999999999800, 0.3128282661284084700, 0.06250000000000001400 ) ) ;
#3448 = CARTESIAN_POINT ( 'NONE',  ( -0.03750000000000028300, -4.268512490100411300E-018, -0.03749999999999999900 ) ) ;
#3449 = ORIENTED_EDGE ( 'NONE', *, *, #8657, .F. ) ;
#3450 = CARTESIAN_POINT ( 'NONE',  ( -0.2375000000000002900, -0.01499999999999997700, -0.03749999999999999900 ) ) ;
#3451 = ORIENTED_EDGE ( 'NONE', *, *, #6091, .F. ) ;
#3452 = ORIENTED_EDGE ( 'NONE', *, *, #3832, .F. ) ;
#3453 = ORIENTED_EDGE ( 'NONE', *, *, #2619, .T. ) ;
#3454 = LINE ( 'NONE', #11091, #1098 ) ;
#3455 = AXIS2_PLACEMENT_3D ( 'NONE', #6560, #11103, #5692 ) ;
#3456 = DIRECTION ( 'NONE',  ( -0.0000000000000000000, 1.000000000000000000, -0.0000000000000000000 ) ) ;
#3457 = ORIENTED_EDGE ( 'NONE', *, *, #11126, .F. ) ;
#3458 = DIRECTION ( 'NONE',  ( 0.0000000000000000000, 0.0000000000000000000, 1.000000000000000000 ) ) ;
#3459 = CARTESIAN_POINT ( 'NONE',  ( 0.3375000000000000800, 0.3128282661284084700, 0.06250000000000001400 ) ) ;
#3460 = PRODUCT_RELATED_PRODUCT_CATEGORY ( 'part', '', ( #9965 ) ) ;
#3461 = EDGE_CURVE ( 'NONE', #8549, #170, #1592, .T. ) ;
#3462 = VERTEX_POINT ( 'NONE', #4237 ) ;
#3463 = ORIENTED_EDGE ( 'NONE', *, *, #5523, .T. ) ;
#3464 = DIRECTION ( 'NONE',  ( 0.0000000000000000000, 0.0000000000000000000, 1.000000000000000000 ) ) ;
#3465 = EDGE_LOOP ( 'NONE', ( #9332, #5271, #3242, #6953 ) ) ;
#3466 = AXIS2_PLACEMENT_3D ( 'NONE', #245, #7417, #10953 ) ;
#3467 = VECTOR ( 'NONE', #11384, 39.37007874015748100 ) ;
#3468 = CARTESIAN_POINT ( 'NONE',  ( 0.3624999999999997100, -4.268512490100411300E-018, -0.03749999999999999900 ) ) ;
#3469 = LINE ( 'NONE', #6955, #7903 ) ;
#3470 = DIRECTION ( 'NONE',  ( -1.000000000000000000, 0.0000000000000000000, -0.0000000000000000000 ) ) ;
#3471 = CARTESIAN_POINT ( 'NONE',  ( -0.06250000000000029100, -0.1228282661284085800, -0.03749999999999999900 ) ) ;
#3472 = DIMENSIONAL_EXPONENTS ( 1.000000000000000000, 0.0000000000000000000, 0.0000000000000000000, 0.0000000000000000000, 0.0000000000000000000, 0.0000000000000000000, 0.0000000000000000000 ) ;
#3473 = EDGE_CURVE ( 'NONE', #1500, #7523, #6279, .T. ) ;
#3474 = ORIENTED_EDGE ( 'NONE', *, *, #5291, .F. ) ;
#3475 = VERTEX_POINT ( 'NONE', #4208 ) ;
#3476 = FACE_OUTER_BOUND ( 'NONE', #4675, .T. ) ;
#3477 = ORIENTED_EDGE ( 'NONE', *, *, #1289, .T. ) ;
#3478 = EDGE_CURVE ( 'NONE', #2213, #3336, #8495, .T. ) ;
#3479 = LINE ( 'NONE', #7647, #9574 ) ;
#3480 = CARTESIAN_POINT ( 'NONE',  ( -0.4625000000000003000, 0.09999999999999992200, -0.03749999999999999900 ) ) ;
#3481 = ADVANCED_FACE ( 'NONE', ( #9478 ), #8649, .T. ) ;
#3482 = LINE ( 'NONE', #7945, #7648 ) ;
#3483 = EDGE_CURVE ( 'NONE', #8540, #4560, #6142, .T. ) ;
#3484 = PLANE ( 'NONE',  #3282 ) ;
#3485 = VECTOR ( 'NONE', #8170, 39.37007874015748100 ) ;
#3486 = ADVANCED_FACE ( 'NONE', ( #5149 ), #8685, .T. ) ;
#3487 = CARTESIAN_POINT ( 'NONE',  ( -0.4624999999999999700, 0.3128282661284084700, 0.06250000000000001400 ) ) ;
#3488 = EDGE_CURVE ( 'NONE', #6348, #3708, #736, .T. ) ;
#3489 = CARTESIAN_POINT ( 'NONE',  ( -0.2624999999999999600, -0.1228282661284084400, 0.06250000000000001400 ) ) ;
#3490 = DIRECTION ( 'NONE',  ( 0.0000000000000000000, -0.0000000000000000000, 1.000000000000000000 ) ) ;
#3491 = FACE_OUTER_BOUND ( 'NONE', #5313, .T. ) ;
#3492 = CARTESIAN_POINT ( 'NONE',  ( -0.03749999999999994300, 0.3128282661284084700, 0.06250000000000001400 ) ) ;
#3493 = VERTEX_POINT ( 'NONE', #6924 ) ;
#3494 = COLOUR_RGB ( '',1.000000000000000000, 0.8117647058823529400, 0.5019607843137254800 ) ;
#3495 = CARTESIAN_POINT ( 'NONE',  ( -0.4375000000000000000, 0.09999999999999992200, 0.03749999999999999900 ) ) ;
#3496 = DIRECTION ( 'NONE',  ( -0.0000000000000000000, 1.000000000000000000, -0.0000000000000000000 ) ) ;
#3497 = UNCERTAINTY_MEASURE_WITH_UNIT (LENGTH_MEASURE( 1.000000000000000100E-005 ), #5792, 'distance_accuracy_value', 'NONE');
#3498 = CARTESIAN_POINT ( 'NONE',  ( 0.4625000000000001300, -0.1400000000000000100, 0.04375000000000003900 ) ) ;
#3499 = EDGE_CURVE ( 'NONE', #6524, #1908, #10696, .T. ) ;
#3500 = EDGE_LOOP ( 'NONE', ( #8960, #7040, #10463, #5614 ) ) ;
#3501 = DIRECTION ( 'NONE',  ( -1.000000000000000000, 0.0000000000000000000, -0.0000000000000000000 ) ) ;
#3502 = CARTESIAN_POINT ( 'NONE',  ( 0.4625000000000001300, 0.0000000000000000000, 0.03749999999999999900 ) ) ;
#3503 = LINE ( 'NONE', #179, #2673 ) ;
#3504 = VERTEX_POINT ( 'NONE', #6099 ) ;
#3505 = DIRECTION ( 'NONE',  ( 0.0000000000000000000, -0.0000000000000000000, 1.000000000000000000 ) ) ;
#3506 = VECTOR ( 'NONE', #2081, 39.37007874015748100 ) ;
#3507 = AXIS2_PLACEMENT_3D ( 'NONE', #235, #514, #9955 ) ;
#3508 = VERTEX_POINT ( 'NONE', #9502 ) ;
#3509 = CARTESIAN_POINT ( 'NONE',  ( 0.0000000000000000000, 0.09999999999999996400, 0.06250000000000001400 ) ) ;
#3510 = DIRECTION ( 'NONE',  ( 0.0000000000000000000, -1.000000000000000000, 0.0000000000000000000 ) ) ;
#3511 = FACE_OUTER_BOUND ( 'NONE', #5310, .T. ) ;
#3512 = VECTOR ( 'NONE', #8195, 39.37007874015748100 ) ;
#3513 = ORIENTED_EDGE ( 'NONE', *, *, #5885, .F. ) ;
#3514 = EDGE_CURVE ( 'NONE', #8553, #4796, #4476, .T. ) ;
#3515 = CARTESIAN_POINT ( 'NONE',  ( 0.5150000000000000100, 0.0000000000000000000, 0.1000000000000000100 ) ) ;
#3516 = CARTESIAN_POINT ( 'NONE',  ( 0.1375000000000000400, -0.01499999999999997700, 0.06250000000000001400 ) ) ;
#3517 = LINE ( 'NONE', #4860, #3243 ) ;
#3518 = LINE ( 'NONE', #7729, #50 ) ;
#3519 = VECTOR ( 'NONE', #8501, 39.37007874015748100 ) ;
#3520 = EDGE_CURVE ( 'NONE', #9827, #6896, #10819, .T. ) ;
#3521 = VECTOR ( 'NONE', #5218, 39.37007874015748100 ) ;
#3522 = DIRECTION ( 'NONE',  ( 0.0000000000000000000, -0.3420201433256698200, -0.9396926207859079800 ) ) ;
#3523 = CARTESIAN_POINT ( 'NONE',  ( -0.5250000000000002400, 0.3499999999999999800, -0.1674999999999999800 ) ) ;
#3524 = CARTESIAN_POINT ( 'NONE',  ( -0.5249999999999995800, -2.388061258337336500E-017, 0.06499999999999991900 ) ) ;
#3525 = FACE_OUTER_BOUND ( 'NONE', #1515, .T. ) ;
#3526 = SPHERICAL_SURFACE ( 'NONE', #2695, 0.01499999999999997700 ) ;
#3527 = DIRECTION ( 'NONE',  ( 0.0000000000000000000, 0.0000000000000000000, -1.000000000000000000 ) ) ;
#3528 = DIRECTION ( 'NONE',  ( -0.0000000000000000000, 1.000000000000000000, -0.0000000000000000000 ) ) ;
#3529 = DIRECTION ( 'NONE',  ( 0.3236155771181846200, 0.8891264907159883700, -0.3236155771181846200 ) ) ;
#3531 = ADVANCED_FACE ( 'NONE', ( #9041 ), #6994, .T. ) ;
#3530 = FACE_OUTER_BOUND ( 'NONE', #5499, .T. ) ;
#3532 = VECTOR ( 'NONE', #1309, 39.37007874015748100 ) ;
#3533 = CARTESIAN_POINT ( 'NONE',  ( 0.5749999999999996200, 0.2500000000000000000, 0.06500000000000003000 ) ) ;
#3534 = PLANE ( 'NONE',  #5262 ) ;
#3535 = CARTESIAN_POINT ( 'NONE',  ( -0.1625000000000003100, 0.3299999999999999600, -0.06250000000000001400 ) ) ;
#3536 = EDGE_CURVE ( 'NONE', #10634, #3583, #2419, .T. ) ;
#3537 = VECTOR ( 'NONE', #8289, 39.37007874015748100 ) ;
#3538 = AXIS2_PLACEMENT_3D ( 'NONE', #5407, #135, #1965 ) ;
#3539 = VECTOR ( 'NONE', #3162, 39.37007874015748100 ) ;
#3540 = VECTOR ( 'NONE', #1678, 39.37007874015748100 ) ;
#3541 = ADVANCED_FACE ( 'NONE', ( #6566 ), #6881, .T. ) ;
#3542 = ORIENTED_EDGE ( 'NONE', *, *, #5037, .T. ) ;
#3543 = VECTOR ( 'NONE', #6087, 39.37007874015748100 ) ;
#3544 = EDGE_LOOP ( 'NONE', ( #2919, #8036, #9412, #6764 ) ) ;
#3545 = ORIENTED_EDGE ( 'NONE', *, *, #11004, .F. ) ;
#3546 = ORIENTED_EDGE ( 'NONE', *, *, #3627, .T. ) ;
#3547 = EDGE_CURVE ( 'NONE', #5745, #389, #4335, .T. ) ;
#3548 = DIRECTION ( 'NONE',  ( 1.000000000000000000, 0.0000000000000000000, 0.0000000000000000000 ) ) ;
#3549 = PLANE ( 'NONE',  #7520 ) ;
#3550 = LINE ( 'NONE', #9056, #1495 ) ;
#3551 = LINE ( 'NONE', #10415, #10188 ) ;
#3552 = FACE_OUTER_BOUND ( 'NONE', #88, .T. ) ;
#3553 = PLANE ( 'NONE',  #7689 ) ;
#3554 = CARTESIAN_POINT ( 'NONE',  ( -0.4375000000000000000, 0.3299999999999999600, 0.03749999999999999900 ) ) ;
#3555 = EDGE_CURVE ( 'NONE', #9085, #2451, #2551, .T. ) ;
#3556 = ORIENTED_EDGE ( 'NONE', *, *, #10021, .T. ) ;
#3557 = ORIENTED_EDGE ( 'NONE', *, *, #7808, .F. ) ;
#3558 = ORIENTED_EDGE ( 'NONE', *, *, #5268, .T. ) ;
#3559 = ORIENTED_EDGE ( 'NONE', *, *, #5258, .T. ) ;
#3560 = MANIFOLD_SOLID_BREP ( 'Pin[11]', #7474 ) ;
#3561 = LINE ( 'NONE', #6105, #2875 ) ;
#3562 = CARTESIAN_POINT ( 'NONE',  ( 0.5249999999999996900, 0.3499999999999999800, -0.1674999999999999800 ) ) ;
#3563 = CARTESIAN_POINT ( 'NONE',  ( 0.3374999999999996900, -0.01499999999999997700, -0.06250000000000001400 ) ) ;
#3564 = ORIENTED_EDGE ( 'NONE', *, *, #2632, .T. ) ;
#3565 = CARTESIAN_POINT ( 'NONE',  ( 0.3625000000000001000, -0.01499999999999997700, 0.06250000000000001400 ) ) ;
#3566 = ORIENTED_EDGE ( 'NONE', *, *, #9446, .F. ) ;
#3567 = EDGE_LOOP ( 'NONE', ( #7913, #1724, #3884, #11480 ) ) ;
#3568 = ORIENTED_EDGE ( 'NONE', *, *, #1737, .F. ) ;
#3569 = ORIENTED_EDGE ( 'NONE', *, *, #2780, .T. ) ;
#3570 = EDGE_LOOP ( 'NONE', ( #2764, #149, #2767, #6835 ) ) ;
#3571 = CARTESIAN_POINT ( 'NONE',  ( 0.1374999999999997100, 0.3128282661284084700, -0.06250000000000001400 ) ) ;
#3572 = ORIENTED_EDGE ( 'NONE', *, *, #549, .F. ) ;
#3573 = VECTOR ( 'NONE', #4441, 39.37007874015748100 ) ;
#3574 = CARTESIAN_POINT ( 'NONE',  ( -0.03750000000000028300, 0.3299999999999999600, -0.04375000000000003900 ) ) ;
#3575 = DIRECTION ( 'NONE',  ( 0.3236155771181846200, -0.8891264907159883700, -0.3236155771181846200 ) ) ;
#3576 = DIRECTION ( 'NONE',  ( 0.0000000000000000000, 0.0000000000000000000, -1.000000000000000000 ) ) ;
#3577 = VECTOR ( 'NONE', #6263, 39.37007874015748100 ) ;
#3578 = CARTESIAN_POINT ( 'NONE',  ( 0.03750000000000007500, 0.09999999999999996400, 0.0000000000000000000 ) ) ;
#3579 = CARTESIAN_POINT ( 'NONE',  ( 0.3375000000000000800, 0.3299999999999999600, 0.06250000000000001400 ) ) ;
#3580 = VERTEX_POINT ( 'NONE', #6505 ) ;
#3581 = DIRECTION ( 'NONE',  ( -0.0000000000000000000, 0.0000000000000000000, 1.000000000000000000 ) ) ;
#3582 = ORIENTED_EDGE ( 'NONE', *, *, #3473, .T. ) ;
#3583 = VERTEX_POINT ( 'NONE', #7389 ) ;
#3584 = EDGE_LOOP ( 'NONE', ( #9947, #4915, #5924, #2851 ) ) ;
#3585 = ORIENTED_EDGE ( 'NONE', *, *, #7703, .T. ) ;
#3586 = ORIENTED_EDGE ( 'NONE', *, *, #771, .F. ) ;
#3587 = LINE ( 'NONE', #9629, #1079 ) ;
#3588 = ORIENTED_EDGE ( 'NONE', *, *, #430, .T. ) ;
#3589 = VECTOR ( 'NONE', #2634, 39.37007874015748100 ) ;
#3590 = EDGE_CURVE ( 'NONE', #5759, #10094, #10965, .T. ) ;
#3591 = PLANE ( 'NONE',  #8216 ) ;
#3592 = ORIENTED_EDGE ( 'NONE', *, *, #4933, .T. ) ;
#3593 = CARTESIAN_POINT ( 'NONE',  ( -0.3374999999999999700, 0.0000000000000000000, 0.03749999999999999900 ) ) ;
#3594 = ORIENTED_EDGE ( 'NONE', *, *, #1917, .T. ) ;
#3595 = ORIENTED_EDGE ( 'NONE', *, *, #11068, .F. ) ;
#3596 = VERTEX_POINT ( 'NONE', #1153 ) ;
#3597 = AXIS2_PLACEMENT_3D ( 'NONE', #384, #4743, #304 ) ;
#3598 = VECTOR ( 'NONE', #8610, 39.37007874015748100 ) ;
#3599 = ADVANCED_FACE ( 'NONE', ( #2409 ), #2098, .T. ) ;
#3600 = EDGE_CURVE ( 'NONE', #4434, #6931, #2541, .T. ) ;
#3601 = CARTESIAN_POINT ( 'NONE',  ( -0.3625000000000003200, -0.1228282661284084400, -0.03749999999999999900 ) ) ;
#3602 = DIRECTION ( 'NONE',  ( -0.0000000000000000000, 0.0000000000000000000, 1.000000000000000000 ) ) ;
#3603 = CARTESIAN_POINT ( 'NONE',  ( 0.3625000000000001000, 0.3299999999999999600, 0.05624999999999997400 ) ) ;
#3604 = STYLED_ITEM ( 'NONE', ( #7424 ), #1950 ) ;
#3605 = EDGE_LOOP ( 'NONE', ( #5072, #6011, #4140, #9950, #5488 ) ) ;
#3606 = ORIENTED_EDGE ( 'NONE', *, *, #3981, .F. ) ;
#3607 = VERTEX_POINT ( 'NONE', #5627 ) ;
#3608 = ADVANCED_FACE ( 'NONE', ( #5705 ), #4734, .T. ) ;
#3609 = CARTESIAN_POINT ( 'NONE',  ( 0.1374999999999997100, 0.3128282661284084700, -0.03749999999999999900 ) ) ;
#3610 = LINE ( 'NONE', #2805, #842 ) ;
#3611 = DIRECTION ( 'NONE',  ( 0.0000000000000000000, 0.0000000000000000000, -1.000000000000000000 ) ) ;
#3612 = ORIENTED_EDGE ( 'NONE', *, *, #7490, .T. ) ;
#3613 = VECTOR ( 'NONE', #7144, 39.37007874015748100 ) ;
#3614 = DIRECTION ( 'NONE',  ( 0.0000000000000000000, 0.0000000000000000000, -1.000000000000000000 ) ) ;
#3615 = EDGE_CURVE ( 'NONE', #11321, #2786, #5004, .T. ) ;
#3616 = DIRECTION ( 'NONE',  ( -1.000000000000000000, 0.0000000000000000000, 0.0000000000000000000 ) ) ;
#3617 = PLANE ( 'NONE',  #3906 ) ;
#3618 = AXIS2_PLACEMENT_3D ( 'NONE', #5456, #7352, #8193 ) ;
#3619 = CARTESIAN_POINT ( 'NONE',  ( 0.3562499999999996200, 0.3299999999999999600, -0.04375000000000003900 ) ) ;
#3620 = ORIENTED_EDGE ( 'NONE', *, *, #10157, .T. ) ;
#3621 = PLANE ( 'NONE',  #366 ) ;
#3622 = CARTESIAN_POINT ( 'NONE',  ( 0.3625000000000001000, 0.3128282661284084700, 0.06250000000000001400 ) ) ;
#3623 = LINE ( 'NONE', #7753, #5684 ) ;
#3624 = CARTESIAN_POINT ( 'NONE',  ( -0.4625000000000003000, 0.3299999999999999600, -0.03749999999999999900 ) ) ;
#3625 = ORIENTED_EDGE ( 'NONE', *, *, #11250, .T. ) ;
#3626 = FACE_OUTER_BOUND ( 'NONE', #4737, .T. ) ;
#3627 = EDGE_CURVE ( 'NONE', #5122, #11491, #3633, .T. ) ;
#3628 = LINE ( 'NONE', #2617, #3223 ) ;
#3629 = EDGE_CURVE ( 'NONE', #9470, #6810, #6838, .T. ) ;
#3630 = FACE_OUTER_BOUND ( 'NONE', #4303, .T. ) ;
#3631 = CARTESIAN_POINT ( 'NONE',  ( 0.3374999999999996900, 0.09999999999999992200, -0.03749999999999999900 ) ) ;
#3632 = EDGE_CURVE ( 'NONE', #5389, #10860, #3503, .T. ) ;
#3633 = LINE ( 'NONE', #1943, #8904 ) ;
#3634 = DIRECTION ( 'NONE',  ( -0.0000000000000000000, 0.3420201433256686000, 0.9396926207859085400 ) ) ;
#3635 = EDGE_LOOP ( 'NONE', ( #3051, #72, #6906, #1239 ) ) ;
#3636 = FACE_OUTER_BOUND ( 'NONE', #6361, .T. ) ;
#3637 = CARTESIAN_POINT ( 'NONE',  ( 0.1625000000000000300, 0.3128282661284084700, 0.03749999999999999900 ) ) ;
#3638 = DIRECTION ( 'NONE',  ( -1.000000000000000000, 0.0000000000000000000, -0.0000000000000000000 ) ) ;
#3639 = EDGE_CURVE ( 'NONE', #372, #6524, #8068, .T. ) ;
#3640 = CARTESIAN_POINT ( 'NONE',  ( 0.1375000000000000400, -0.1228282661284084400, 0.03749999999999999900 ) ) ;
#3641 = AXIS2_PLACEMENT_3D ( 'NONE', #1905, #5465, #2945 ) ;
#3642 = DIRECTION ( 'NONE',  ( 0.0000000000000000000, 0.0000000000000000000, 1.000000000000000000 ) ) ;
#3643 = ORIENTED_EDGE ( 'NONE', *, *, #360, .F. ) ;
#3644 = FACE_OUTER_BOUND ( 'NONE', #8387, .T. ) ;
#3645 = DIRECTION ( 'NONE',  ( 1.000000000000000000, 0.0000000000000000000, 0.0000000000000000000 ) ) ;
#3646 = ADVANCED_FACE ( 'NONE', ( #10289 ), #2850, .F. ) ;
#3647 = CARTESIAN_POINT ( 'NONE',  ( -0.4624999999999999700, 0.3299999999999999600, 0.03749999999999999900 ) ) ;
#3648 = VECTOR ( 'NONE', #7489, 39.37007874015748100 ) ;
#3649 = ORIENTED_EDGE ( 'NONE', *, *, #4640, .T. ) ;
#3650 = FACE_OUTER_BOUND ( 'NONE', #5966, .T. ) ;
#3651 = ADVANCED_FACE ( 'NONE', ( #5408 ), #2166, .T. ) ;
#3652 = DIRECTION ( 'NONE',  ( 2.845674993400274400E-016, -1.000000000000000000, 0.0000000000000000000 ) ) ;
#3653 = DIRECTION ( 'NONE',  ( 0.0000000000000000000, 0.0000000000000000000, -1.000000000000000000 ) ) ;
#3654 = FACE_BOUND ( 'NONE', #10862, .T. ) ;
#3655 = CARTESIAN_POINT ( 'NONE',  ( -0.3375000000000003000, -0.1228282661284085800, -0.03749999999999999900 ) ) ;
#3656 = LINE ( 'NONE', #2751, #5431 ) ;
#3657 = VECTOR ( 'NONE', #344, 39.37007874015748100 ) ;
#3658 = VECTOR ( 'NONE', #7265, 39.37007874015748100 ) ;
#3659 = AXIS2_PLACEMENT_3D ( 'NONE', #4670, #7397, #2021 ) ;
#3660 = CARTESIAN_POINT ( 'NONE',  ( -0.05000000000000025300, 0.3499999999999999800, -0.1825000000000000000 ) ) ;
#3661 = ORIENTED_EDGE ( 'NONE', *, *, #5220, .T. ) ;
#3662 = CARTESIAN_POINT ( 'NONE',  ( 0.06249999999999974300, 0.0000000000000000000, 0.0000000000000000000 ) ) ;
#3663 = LINE ( 'NONE', #9588, #10844 ) ;
#3664 = EDGE_CURVE ( 'NONE', #8102, #817, #2127, .T. ) ;
#3665 = DIRECTION ( 'NONE',  ( 1.000000000000000000, 0.0000000000000000000, 0.0000000000000000000 ) ) ;
#3666 = DIRECTION ( 'NONE',  ( 0.0000000000000000000, -0.3420201433256698200, -0.9396926207859079800 ) ) ;
#3667 = DIRECTION ( 'NONE',  ( 0.0000000000000000000, 0.0000000000000000000, 1.000000000000000000 ) ) ;
#3668 = ORIENTED_EDGE ( 'NONE', *, *, #8990, .T. ) ;
#3669 = VECTOR ( 'NONE', #8122, 39.37007874015748100 ) ;
#3670 = EDGE_LOOP ( 'NONE', ( #2069, #300, #527, #1505 ) ) ;
#3671 = DIRECTION ( 'NONE',  ( -0.0000000000000000000, 1.000000000000000000, -0.0000000000000000000 ) ) ;
#3672 = ORIENTED_EDGE ( 'NONE', *, *, #4657, .F. ) ;
#3673 = AXIS2_PLACEMENT_3D ( 'NONE', #9183, #6646, #7449 ) ;
#3674 = LINE ( 'NONE', #2468, #5451 ) ;
#3675 = ORIENTED_EDGE ( 'NONE', *, *, #3245, .F. ) ;
#3676 = EDGE_CURVE ( 'NONE', #10514, #7024, #4468, .T. ) ;
#3677 = DIRECTION ( 'NONE',  ( -1.000000000000000000, 0.0000000000000000000, -0.0000000000000000000 ) ) ;
#3678 = FACE_OUTER_BOUND ( 'NONE', #6484, .T. ) ;
#3679 = LINE ( 'NONE', #2215, #1892 ) ;
#3680 = ORIENTED_EDGE ( 'NONE', *, *, #2130, .F. ) ;
#3681 = LINE ( 'NONE', #3374, #4106 ) ;
#3682 = DIRECTION ( 'NONE',  ( 1.000000000000000000, 0.0000000000000000000, 0.0000000000000000000 ) ) ;
#3683 = VERTEX_POINT ( 'NONE', #2133 ) ;
#3684 = ORIENTED_EDGE ( 'NONE', *, *, #10447, .F. ) ;
#3685 = DIRECTION ( 'NONE',  ( -0.9396926207859079800, -0.3420201433256698200, -0.0000000000000000000 ) ) ;
#3686 = EDGE_CURVE ( 'NONE', #959, #6909, #3088, .T. ) ;
#3687 = ORIENTED_EDGE ( 'NONE', *, *, #2071, .T. ) ;
#3688 = AXIS2_PLACEMENT_3D ( 'NONE', #980, #2832, #194 ) ;
#3689 = FACE_OUTER_BOUND ( 'NONE', #1887, .T. ) ;
#3690 = ORIENTED_EDGE ( 'NONE', *, *, #6428, .F. ) ;
#3691 = ORIENTED_EDGE ( 'NONE', *, *, #3766, .F. ) ;
#3692 = EDGE_LOOP ( 'NONE', ( #4246, #4637, #3449, #251 ) ) ;
#3693 = EDGE_CURVE ( 'NONE', #1265, #10513, #1291, .T. ) ;
#3694 = ORIENTED_EDGE ( 'NONE', *, *, #6287, .F. ) ;
#3695 = EDGE_LOOP ( 'NONE', ( #6414, #5707, #1660, #10623 ) ) ;
#3696 = ORIENTED_EDGE ( 'NONE', *, *, #1179, .T. ) ;
#3697 = CARTESIAN_POINT ( 'NONE',  ( -0.3437500000000003300, 0.3299999999999999600, -0.04375000000000003900 ) ) ;
#3698 = AXIS2_PLACEMENT_3D ( 'NONE', #5171, #8767, #1615 ) ;
#3699 = CARTESIAN_POINT ( 'NONE',  ( -0.06250000000000029100, -0.1228282661284085800, -0.03749999999999999900 ) ) ;
#3700 = ADVANCED_FACE ( 'NONE', ( #724 ), #3016, .T. ) ;
#3701 = LINE ( 'NONE', #7949, #8976 ) ;
#3702 = DIRECTION ( 'NONE',  ( 1.000000000000000000, 0.0000000000000000000, 0.0000000000000000000 ) ) ;
#3703 = EDGE_CURVE ( 'NONE', #5126, #7289, #3914, .T. ) ;
#3704 = AXIS2_PLACEMENT_3D ( 'NONE', #794, #2733, #7920 ) ;
#3705 = ORIENTED_EDGE ( 'NONE', *, *, #2434, .F. ) ;
#3706 = DIRECTION ( 'NONE',  ( 0.0000000000000000000, 0.0000000000000000000, -1.000000000000000000 ) ) ;
#3707 = EDGE_LOOP ( 'NONE', ( #1822, #8283, #2668, #8296 ) ) ;
#3708 = VERTEX_POINT ( 'NONE', #7582 ) ;
#3709 = EDGE_LOOP ( 'NONE', ( #11160, #4985, #1348, #9946 ) ) ;
#3710 = ORIENTED_EDGE ( 'NONE', *, *, #615, .F. ) ;
#3711 = DIRECTION ( 'NONE',  ( 1.000000000000000000, 0.0000000000000000000, 0.0000000000000000000 ) ) ;
#3712 = ADVANCED_FACE ( 'NONE', ( #8627 ), #4020, .T. ) ;
#3713 = ORIENTED_EDGE ( 'NONE', *, *, #8207, .T. ) ;
#3714 = LINE ( 'NONE', #2333, #5357 ) ;
#3715 = CARTESIAN_POINT ( 'NONE',  ( -0.5250000000000002400, 0.3499999999999999800, -0.1825000000000000000 ) ) ;
#3716 = DIRECTION ( 'NONE',  ( 0.0000000000000000000, 0.0000000000000000000, -1.000000000000000000 ) ) ;
#3717 = EDGE_CURVE ( 'NONE', #5210, #2036, #11249, .T. ) ;
#3718 = DIRECTION ( 'NONE',  ( 0.0000000000000000000, -1.000000000000000000, 0.0000000000000000000 ) ) ;
#3719 = DIRECTION ( 'NONE',  ( -1.000000000000000000, 0.0000000000000000000, 0.0000000000000000000 ) ) ;
#3720 = ORIENTED_EDGE ( 'NONE', *, *, #10866, .T. ) ;
#3721 = ORIENTED_EDGE ( 'NONE', *, *, #9628, .T. ) ;
#3722 = PLANE ( 'NONE',  #7841 ) ;
#3723 = VERTEX_POINT ( 'NONE', #10201 ) ;
#3724 = DIRECTION ( 'NONE',  ( -0.0000000000000000000, 0.3420201433256686000, 0.9396926207859085400 ) ) ;
#3725 = LINE ( 'NONE', #302, #9416 ) ;
#3726 = CARTESIAN_POINT ( 'NONE',  ( 0.03749999999999973500, 0.3128282661284084700, -0.06250000000000001400 ) ) ;
#3727 = DIRECTION ( 'NONE',  ( 0.0000000000000000000, 0.0000000000000000000, 1.000000000000000000 ) ) ;
#3728 = LINE ( 'NONE', #8200, #4962 ) ;
#3729 = CARTESIAN_POINT ( 'NONE',  ( -0.4500000000000002300, 0.2499999999999999200, 0.1875000000000000300 ) ) ;
#3730 = ORIENTED_EDGE ( 'NONE', *, *, #1702, .F. ) ;
#3731 = EDGE_LOOP ( 'NONE', ( #4251, #10905, #8971, #2391 ) ) ;
#3732 = LINE ( 'NONE', #1577, #8863 ) ;
#3733 = EDGE_CURVE ( 'NONE', #1363, #9951, #7383, .T. ) ;
#3734 = DIRECTION ( 'NONE',  ( 0.0000000000000000000, -1.000000000000000000, 0.0000000000000000000 ) ) ;
#3735 = ORIENTED_EDGE ( 'NONE', *, *, #2145, .F. ) ;
#3736 = VECTOR ( 'NONE', #7018, 39.37007874015748100 ) ;
#3737 = DIRECTION ( 'NONE',  ( 0.0000000000000000000, 0.3420201433256686000, -0.9396926207859085400 ) ) ;
#3738 = CARTESIAN_POINT ( 'NONE',  ( -0.2625000000000002900, -0.1228282661284085800, -0.03749999999999999900 ) ) ;
#3739 = EDGE_CURVE ( 'NONE', #9135, #4425, #10561, .T. ) ;
#3740 = VERTEX_POINT ( 'NONE', #4815 ) ;
#3741 =( NAMED_UNIT ( * ) PLANE_ANGLE_UNIT ( ) SI_UNIT ( $, .RADIAN. ) );
#3742 = DIRECTION ( 'NONE',  ( -0.0000000000000000000, 1.000000000000000000, 0.0000000000000000000 ) ) ;
#3743 = ORIENTED_EDGE ( 'NONE', *, *, #1854, .T. ) ;
#3744 = FACE_OUTER_BOUND ( 'NONE', #1666, .T. ) ;
#3745 = ORIENTED_EDGE ( 'NONE', *, *, #24, .F. ) ;
#3746 = CARTESIAN_POINT ( 'NONE',  ( -0.0000000000000000000, 0.0000000000000000000, 0.03749999999999999900 ) ) ;
#3747 = LINE ( 'NONE', #465, #9013 ) ;
#3748 = DIRECTION ( 'NONE',  ( 0.0000000000000000000, 0.0000000000000000000, -1.000000000000000000 ) ) ;
#3749 = DIRECTION ( 'NONE',  ( 1.000000000000000000, 0.0000000000000000000, 0.0000000000000000000 ) ) ;
#3750 = CARTESIAN_POINT ( 'NONE',  ( -0.5250000000000002400, 0.3499999999999999800, -0.1825000000000000000 ) ) ;
#3751 = DIRECTION ( 'NONE',  ( 0.9396926207859085400, 0.3420201433256686000, 0.0000000000000000000 ) ) ;
#3752 = ORIENTED_EDGE ( 'NONE', *, *, #6281, .F. ) ;
#3753 = DIRECTION ( 'NONE',  ( 1.000000000000000000, 0.0000000000000000000, 0.0000000000000000000 ) ) ;
#3754 = CARTESIAN_POINT ( 'NONE',  ( 0.0000000000000000000, 0.09999999999999996400, 0.06250000000000001400 ) ) ;
#3755 = EDGE_CURVE ( 'NONE', #817, #7046, #596, .T. ) ;
#3756 = PRESENTATION_STYLE_ASSIGNMENT (( #2065 ) ) ;
#3757 = STYLED_ITEM ( 'NONE', ( #2797 ), #4413 ) ;
#3758 = CARTESIAN_POINT ( 'NONE',  ( 0.5249999999999995800, -2.388061258337336500E-017, 0.06499999999999991900 ) ) ;
#3759 = ADVANCED_FACE ( 'NONE', ( #3229 ), #1282, .F. ) ;
#3760 = SURFACE_STYLE_USAGE ( .BOTH. , #9064 ) ;
#3761 = DIRECTION ( 'NONE',  ( -0.0000000000000000000, 1.000000000000000000, -0.0000000000000000000 ) ) ;
#3762 = VECTOR ( 'NONE', #11409, 39.37007874015748100 ) ;
#3763 = EDGE_CURVE ( 'NONE', #5100, #10384, #1853, .T. ) ;
#3764 = ORIENTED_EDGE ( 'NONE', *, *, #5440, .T. ) ;
#3765 = ADVANCED_FACE ( 'NONE', ( #6555 ), #11086, .T. ) ;
#3766 = EDGE_CURVE ( 'NONE', #5674, #4136, #10957, .T. ) ;
#3767 = VERTEX_POINT ( 'NONE', #5742 ) ;
#3768 = DIRECTION ( 'NONE',  ( 1.000000000000000000, 0.0000000000000000000, 0.0000000000000000000 ) ) ;
#3769 =( GEOMETRIC_REPRESENTATION_CONTEXT ( 3 ) GLOBAL_UNCERTAINTY_ASSIGNED_CONTEXT ( ( #7625 ) ) GLOBAL_UNIT_ASSIGNED_CONTEXT ( ( #322, #10087, #10126 ) ) REPRESENTATION_CONTEXT ( 'NONE', 'WORKASPACE' ) );
#3770 = DIRECTION ( 'NONE',  ( 0.0000000000000000000, -1.000000000000000000, 0.0000000000000000000 ) ) ;
#3771 = LINE ( 'NONE', #8423, #11263 ) ;
#3772 = CARTESIAN_POINT ( 'NONE',  ( 0.03749999999999973500, -0.01499999999999997700, -0.06250000000000001400 ) ) ;
#3773 = ORIENTED_EDGE ( 'NONE', *, *, #10467, .T. ) ;
#3774 = LINE ( 'NONE', #1170, #8211 ) ;
#3775 = APPLICATION_PROTOCOL_DEFINITION ( 'draft international standard', 'automotive_design', 1998, #2849 ) ;
#3776 = DIRECTION ( 'NONE',  ( -0.0000000000000000000, 1.000000000000000000, -0.0000000000000000000 ) ) ;
#3777 = DIRECTION ( 'NONE',  ( -2.731847993664263200E-016, 0.0000000000000000000, -1.000000000000000000 ) ) ;
#3778 = VERTEX_POINT ( 'NONE', #449 ) ;
#3779 = FACE_OUTER_BOUND ( 'NONE', #1721, .T. ) ;
#3780 = VECTOR ( 'NONE', #1236, 39.37007874015748100 ) ;
#3781 =( CONVERSION_BASED_UNIT ( 'INCH', #9897 ) LENGTH_UNIT ( ) NAMED_UNIT ( #8406 ) );
#3782 = PLANE ( 'NONE',  #11403 ) ;
#3783 = VERTEX_POINT ( 'NONE', #5793 ) ;
#3784 = ORIENTED_EDGE ( 'NONE', *, *, #2818, .F. ) ;
#3785 = CARTESIAN_POINT ( 'NONE',  ( -0.4375000000000003300, 0.3128282661284084700, -0.03749999999999999900 ) ) ;
#3786 = LINE ( 'NONE', #9213, #1307 ) ;
#3787 = LINE ( 'NONE', #6133, #7002 ) ;
#3788 = DIRECTION ( 'NONE',  ( 0.0000000000000000000, 0.0000000000000000000, 1.000000000000000000 ) ) ;
#3789 = LINE ( 'NONE', #7105, #4883 ) ;
#3790 = LINE ( 'NONE', #10405, #9065 ) ;
#3791 = DIRECTION ( 'NONE',  ( 0.0000000000000000000, 0.0000000000000000000, -1.000000000000000000 ) ) ;
#3792 = CARTESIAN_POINT ( 'NONE',  ( 0.4625000000000001300, -0.1228282661284085800, 0.06250000000000001400 ) ) ;
#3793 = EDGE_CURVE ( 'NONE', #10891, #1078, #1443, .T. ) ;
#3794 = PLANE ( 'NONE',  #3214 ) ;
#3795 = CARTESIAN_POINT ( 'NONE',  ( 0.4624999999999996900, -0.01499999999999997700, -0.06250000000000001400 ) ) ;
#3796 = LINE ( 'NONE', #9803, #10460 ) ;
#3797 = LINE ( 'NONE', #11297, #2699 ) ;
#3798 = AXIS2_PLACEMENT_3D ( 'NONE', #5890, #11149, #8529 ) ;
#3799 = LINE ( 'NONE', #9345, #1320 ) ;
#3800 = LINE ( 'NONE', #10092, #5437 ) ;
#3801 = DIRECTION ( 'NONE',  ( 0.0000000000000000000, -1.000000000000000000, 0.0000000000000000000 ) ) ;
#3802 = DIRECTION ( 'NONE',  ( 0.3236155771181846200, 0.8891264907159883700, 0.3236155771181846200 ) ) ;
#3803 = COLOUR_RGB ( '',0.2509803921568627400, 0.2509803921568627400, 0.2509803921568627400 ) ;
#3804 = DIRECTION ( 'NONE',  ( -1.000000000000000000, 0.0000000000000000000, -0.0000000000000000000 ) ) ;
#3805 = LINE ( 'NONE', #6805, #6595 ) ;
#3806 = ADVANCED_FACE ( 'NONE', ( #2949 ), #530, .T. ) ;
#3807 = LINE ( 'NONE', #1409, #1484 ) ;
#3808 = MECHANICAL_DESIGN_GEOMETRIC_PRESENTATION_REPRESENTATION (  '', ( #2051 ), #5826 ) ;
#3809 = DIRECTION ( 'NONE',  ( 0.0000000000000000000, -0.3420201433256698200, 0.9396926207859079800 ) ) ;
#3810 = DIRECTION ( 'NONE',  ( -1.000000000000000000, 0.0000000000000000000, 0.0000000000000000000 ) ) ;
#3811 = ORIENTED_EDGE ( 'NONE', *, *, #2090, .T. ) ;
#3812 = LINE ( 'NONE', #8337, #2588 ) ;
#3813 = EDGE_LOOP ( 'NONE', ( #4772, #2095, #5634, #6895 ) ) ;
#3814 = ORIENTED_EDGE ( 'NONE', *, *, #9645, .F. ) ;
#3815 = ORIENTED_EDGE ( 'NONE', *, *, #5561, .T. ) ;
#3816 = DIRECTION ( 'NONE',  ( -0.9396926207859085400, 0.3420201433256686000, 0.0000000000000000000 ) ) ;
#3817 = EDGE_CURVE ( 'NONE', #3417, #5100, #1145, .T. ) ;
#3818 = FACE_OUTER_BOUND ( 'NONE', #10195, .T. ) ;
#3819 = DIRECTION ( 'NONE',  ( 0.3236155771181846200, -0.8891264907159883700, -0.3236155771181846200 ) ) ;
#3820 = CARTESIAN_POINT ( 'NONE',  ( -0.1625000000000003100, -4.268512490100411300E-018, -0.03749999999999999900 ) ) ;
#3821 = ADVANCED_FACE ( 'NONE', ( #9598 ), #8546, .F. ) ;
#3822 = AXIS2_PLACEMENT_3D ( 'NONE', #10996, #9245, #3125 ) ;
#3823 = DIRECTION ( 'NONE',  ( -0.0000000000000000000, 1.000000000000000000, -0.0000000000000000000 ) ) ;
#3824 = VECTOR ( 'NONE', #2414, 39.37007874015748100 ) ;
#3825 = FACE_OUTER_BOUND ( 'NONE', #2235, .T. ) ;
#3826 = ORIENTED_EDGE ( 'NONE', *, *, #7839, .T. ) ;
#3827 = VECTOR ( 'NONE', #8599, 39.37007874015748100 ) ;
#3828 = VERTEX_POINT ( 'NONE', #6776 ) ;
#3829 = VERTEX_POINT ( 'NONE', #4968 ) ;
#3830 = ORIENTED_EDGE ( 'NONE', *, *, #10435, .F. ) ;
#3831 = CARTESIAN_POINT ( 'NONE',  ( -0.1374999999999999600, -0.01499999999999997700, 0.03749999999999999900 ) ) ;
#3832 = EDGE_CURVE ( 'NONE', #5181, #8404, #9466, .T. ) ;
#3833 = CARTESIAN_POINT ( 'NONE',  ( 0.2624999999999996800, 0.3128282661284084700, -0.06250000000000001400 ) ) ;
#3834 = PLANE ( 'NONE',  #1569 ) ;
#3835 = LINE ( 'NONE', #9400, #1784 ) ;
#3836 = CARTESIAN_POINT ( 'NONE',  ( 0.1000000000000000200, 0.3499999999999999800, 0.1825000000000000000 ) ) ;
#3837 = EDGE_LOOP ( 'NONE', ( #1374, #9925, #9379, #348 ) ) ;
#3838 = CARTESIAN_POINT ( 'NONE',  ( -0.4625000000000003000, -0.1228282661284085800, -0.03749999999999999900 ) ) ;
#3839 = ORIENTED_EDGE ( 'NONE', *, *, #2280, .F. ) ;
#3840 = EDGE_CURVE ( 'NONE', #9569, #847, #5270, .T. ) ;
#3841 = ORIENTED_EDGE ( 'NONE', *, *, #7650, .F. ) ;
#3842 = EDGE_LOOP ( 'NONE', ( #10723, #5242, #4967, #8196 ) ) ;
#3843 = ORIENTED_EDGE ( 'NONE', *, *, #3536, .F. ) ;
#3844 = ORIENTED_EDGE ( 'NONE', *, *, #4943, .F. ) ;
#3845 = EDGE_LOOP ( 'NONE', ( #7876, #4979, #9007, #9882 ) ) ;
#3846 = AXIS2_PLACEMENT_3D ( 'NONE', #9134, #8165, #3749 ) ;
#3847 = FACE_OUTER_BOUND ( 'NONE', #5334, .T. ) ;
#3848 = DIRECTION ( 'NONE',  ( -0.0000000000000000000, 1.000000000000000000, -0.0000000000000000000 ) ) ;
#3849 = UNCERTAINTY_MEASURE_WITH_UNIT (LENGTH_MEASURE( 1.000000000000000100E-005 ), #8298, 'distance_accuracy_value', 'NONE');
#3850 = LINE ( 'NONE', #7089, #9675 ) ;
#3851 = CARTESIAN_POINT ( 'NONE',  ( 0.3375000000000000800, 0.3128282661284084700, 0.06250000000000001400 ) ) ;
#3852 = ORIENTED_EDGE ( 'NONE', *, *, #7426, .F. ) ;
#3853 = EDGE_CURVE ( 'NONE', #7733, #1851, #5138, .T. ) ;
#3854 =( NAMED_UNIT ( * ) PLANE_ANGLE_UNIT ( ) SI_UNIT ( $, .RADIAN. ) );
#3855 = EDGE_LOOP ( 'NONE', ( #3920, #7782, #3745, #8321 ) ) ;
#3856 = CARTESIAN_POINT ( 'NONE',  ( 0.2625000000000000700, 0.3128282661284084700, 0.03749999999999999900 ) ) ;
#3857 = ORIENTED_EDGE ( 'NONE', *, *, #8902, .F. ) ;
#3858 = CARTESIAN_POINT ( 'NONE',  ( -0.5249999999999994700, 0.3325000000000001800, -0.1175000000000000500 ) ) ;
#3859 = ORIENTED_EDGE ( 'NONE', *, *, #2538, .T. ) ;
#3860 = ORIENTED_EDGE ( 'NONE', *, *, #2415, .T. ) ;
#3861 = ORIENTED_EDGE ( 'NONE', *, *, #161, .T. ) ;
#3862 = VECTOR ( 'NONE', #653, 39.37007874015748100 ) ;
#3863 = ORIENTED_EDGE ( 'NONE', *, *, #7808, .T. ) ;
#3864 = EDGE_CURVE ( 'NONE', #7447, #8541, #8205, .T. ) ;
#3865 = VECTOR ( 'NONE', #1597, 39.37007874015748100 ) ;
#3866 = DIRECTION ( 'NONE',  ( 1.000000000000000000, 0.0000000000000000000, 0.0000000000000000000 ) ) ;
#3867 = ORIENTED_EDGE ( 'NONE', *, *, #9704, .F. ) ;
#3868 = ORIENTED_EDGE ( 'NONE', *, *, #7869, .F. ) ;
#3869 = ORIENTED_EDGE ( 'NONE', *, *, #9865, .T. ) ;
#3870 = DIRECTION ( 'NONE',  ( -0.0000000000000000000, 1.000000000000000000, -0.0000000000000000000 ) ) ;
#3871 = ORIENTED_EDGE ( 'NONE', *, *, #4788, .F. ) ;
#3872 = LINE ( 'NONE', #8788, #5235 ) ;
#3873 = CARTESIAN_POINT ( 'NONE',  ( -0.4624999999999999700, -0.01499999999999997700, 0.03749999999999999900 ) ) ;
#3874 = SURFACE_SIDE_STYLE ('',( #5592 ) ) ;
#3875 = AXIS2_PLACEMENT_3D ( 'NONE', #10146, #9382, #4194 ) ;
#3876 = EDGE_CURVE ( 'NONE', #2788, #7976, #32, .T. ) ;
#3877 = LINE ( 'NONE', #6389, #10660 ) ;
#3878 = CARTESIAN_POINT ( 'NONE',  ( 0.2375000000000000700, 0.3299999999999999600, 0.06250000000000001400 ) ) ;
#3879 = DIRECTION ( 'NONE',  ( 1.000000000000000000, 0.0000000000000000000, 0.0000000000000000000 ) ) ;
#3880 =( NAMED_UNIT ( * ) SI_UNIT ( $, .STERADIAN. ) SOLID_ANGLE_UNIT ( ) );
#3881 = DIRECTION ( 'NONE',  ( -1.000000000000000000, 0.0000000000000000000, 0.0000000000000000000 ) ) ;
#3882 = ADVANCED_FACE ( 'NONE', ( #4202 ), #3222, .T. ) ;
#3883 = ORIENTED_EDGE ( 'NONE', *, *, #5583, .T. ) ;
#3884 = ORIENTED_EDGE ( 'NONE', *, *, #6503, .T. ) ;
#3885 = VERTEX_POINT ( 'NONE', #7556 ) ;
#3886 = LINE ( 'NONE', #4575, #4704 ) ;
#3887 = CARTESIAN_POINT ( 'NONE',  ( 0.5249999999999995800, 0.2500000000000000000, 0.06500000000000003000 ) ) ;
#3888 = CARTESIAN_POINT ( 'NONE',  ( 0.0000000000000000000, 0.0000000000000000000, -0.06250000000000001400 ) ) ;
#3889 = DIRECTION ( 'NONE',  ( -0.0000000000000000000, 1.000000000000000000, 0.0000000000000000000 ) ) ;
#3890 = LINE ( 'NONE', #2154, #5532 ) ;
#3891 = CARTESIAN_POINT ( 'NONE',  ( 0.0000000000000000000, 0.09999999999999996400, -0.03749999999999999900 ) ) ;
#3892 = LENGTH_MEASURE_WITH_UNIT ( LENGTH_MEASURE( 0.02539999999999999900 ), #1152 );
#3893 = SURFACE_SIDE_STYLE ('',( #2706 ) ) ;
#3894 = ADVANCED_FACE ( 'NONE', ( #4861 ), #11096, .T. ) ;
#3895 = EDGE_CURVE ( 'NONE', #11340, #3101, #6399, .T. ) ;
#3896 = ORIENTED_EDGE ( 'NONE', *, *, #6148, .T. ) ;
#3897 = ORIENTED_EDGE ( 'NONE', *, *, #4332, .T. ) ;
#3898 = VECTOR ( 'NONE', #632, 39.37007874015748100 ) ;
#3899 =( LENGTH_UNIT ( ) NAMED_UNIT ( * ) SI_UNIT ( $, .METRE. ) );
#3900 = DIRECTION ( 'NONE',  ( 0.3236155771181846200, 0.8891264907159883700, 0.3236155771181846200 ) ) ;
#3901 = VECTOR ( 'NONE', #10619, 39.37007874015748100 ) ;
#3902 = PLANE ( 'NONE',  #2642 ) ;
#3903 = EDGE_CURVE ( 'NONE', #5636, #10385, #4457, .T. ) ;
#3904 =( CONVERSION_BASED_UNIT ( 'INCH', #5970 ) LENGTH_UNIT ( ) NAMED_UNIT ( #7228 ) );
#3905 = CARTESIAN_POINT ( 'NONE',  ( -0.3374999999999999700, 0.3299999999999999600, 0.06250000000000001400 ) ) ;
#3906 = AXIS2_PLACEMENT_3D ( 'NONE', #10607, #8951, #7029 ) ;
#3907 = LINE ( 'NONE', #3554, #8340 ) ;
#3908 = PLANE ( 'NONE',  #568 ) ;
#3909 = VECTOR ( 'NONE', #37, 39.37007874015748100 ) ;
#3910 = CARTESIAN_POINT ( 'NONE',  ( 0.2624999999999996800, -0.01499999999999997700, -0.03749999999999999900 ) ) ;
#3911 = CARTESIAN_POINT ( 'NONE',  ( -0.0000000000000000000, 0.0000000000000000000, -0.03749999999999999900 ) ) ;
#3912 = CARTESIAN_POINT ( 'NONE',  ( -0.05000000000000025300, 0.3499999999999999800, -0.1674999999999999800 ) ) ;
#3913 = CARTESIAN_POINT ( 'NONE',  ( -0.06250000000000029100, -0.1400000000000000100, -0.04375000000000003900 ) ) ;
#3914 = LINE ( 'NONE', #7545, #10006 ) ;
#3915 = EDGE_CURVE ( 'NONE', #10080, #2728, #6546, .T. ) ;
#3916 = ORIENTED_EDGE ( 'NONE', *, *, #1283, .T. ) ;
#3917 = CARTESIAN_POINT ( 'NONE',  ( -0.4625000000000003000, 0.09999999999999992200, -0.06250000000000001400 ) ) ;
#3918 = VECTOR ( 'NONE', #9152, 39.37007874015748900 ) ;
#3919 = CARTESIAN_POINT ( 'NONE',  ( -0.0000000000000000000, 0.0000000000000000000, 0.03749999999999999900 ) ) ;
#3920 = ORIENTED_EDGE ( 'NONE', *, *, #9624, .T. ) ;
#3921 = DIRECTION ( 'NONE',  ( 0.3236155771181846200, 0.8891264907159883700, -0.3236155771181846200 ) ) ;
#3922 = EDGE_CURVE ( 'NONE', #2490, #4008, #2406, .T. ) ;
#3923 = VECTOR ( 'NONE', #4282, 39.37007874015748100 ) ;
#3924 = PLANE ( 'NONE',  #7959 ) ;
#3925 = DIRECTION ( 'NONE',  ( -0.9396926207859085400, 0.3420201433256686000, 0.0000000000000000000 ) ) ;
#3926 = EDGE_CURVE ( 'NONE', #1909, #14, #580, .T. ) ;
#3927 = PLANE ( 'NONE',  #2239 ) ;
#3928 = PRESENTATION_LAYER_ASSIGNMENT (  '', '', ( #4659 ) ) ;
#3929 = CARTESIAN_POINT ( 'NONE',  ( 0.2374999999999996600, -4.268512490100411300E-018, -0.06250000000000001400 ) ) ;
#3930 = PRESENTATION_STYLE_ASSIGNMENT (( #7673 ) ) ;
#3931 = DIRECTION ( 'NONE',  ( -1.000000000000000000, 0.0000000000000000000, -0.0000000000000000000 ) ) ;
#3932 = ADVANCED_FACE ( 'NONE', ( #11244 ), #7674, .T. ) ;
#3933 = FACE_BOUND ( 'NONE', #6333, .T. ) ;
#3934 = CARTESIAN_POINT ( 'NONE',  ( 0.5249999999999996900, 0.09999999999999996400, -0.06499999999999996100 ) ) ;
#3935 = FACE_BOUND ( 'NONE', #1815, .T. ) ;
#3936 = CARTESIAN_POINT ( 'NONE',  ( -0.4375000000000000000, 0.3128282661284084700, 0.03749999999999999900 ) ) ;
#3937 = ADVANCED_FACE ( 'NONE', ( #3491 ), #11259, .T. ) ;
#3938 = SURFACE_SIDE_STYLE ('',( #3332 ) ) ;
#3939 = VECTOR ( 'NONE', #3879, 39.37007874015748100 ) ;
#3940 = LINE ( 'NONE', #7421, #1752 ) ;
#3941 = CARTESIAN_POINT ( 'NONE',  ( 0.3624999999999997100, -0.1228282661284085800, -0.03749999999999999900 ) ) ;
#3942 = CARTESIAN_POINT ( 'NONE',  ( 0.4625000000000001300, 0.3128282661284084700, 0.06250000000000001400 ) ) ;
#3943 = AXIS2_PLACEMENT_3D ( 'NONE', #9156, #3770, #4843 ) ;
#3944 = CARTESIAN_POINT ( 'NONE',  ( 0.1375000000000000400, -0.1228282661284085800, 0.06250000000000001400 ) ) ;
#3945 = LINE ( 'NONE', #6839, #5740 ) ;
#3946 = VECTOR ( 'NONE', #3201, 39.37007874015748100 ) ;
#3947 = VERTEX_POINT ( 'NONE', #11137 ) ;
#3948 = VECTOR ( 'NONE', #9939, 39.37007874015748100 ) ;
#3949 = EDGE_CURVE ( 'NONE', #8840, #7875, #9034, .T. ) ;
#3950 = EDGE_LOOP ( 'NONE', ( #11368, #3684 ) ) ;
#3951 = EDGE_LOOP ( 'NONE', ( #8470, #4409, #4155, #9934, #1041, #306, #11398, #6499 ) ) ;
#3952 = CARTESIAN_POINT ( 'NONE',  ( 0.2375000000000000700, 0.3128282661284084700, 0.03749999999999999900 ) ) ;
#3953 = CARTESIAN_POINT ( 'NONE',  ( 0.5749999999999996200, 0.0000000000000000000, -0.1825000000000000000 ) ) ;
#3954 = CARTESIAN_POINT ( 'NONE',  ( -0.1624999999999999800, 0.09999999999999992200, 0.06250000000000001400 ) ) ;
#3955 = VECTOR ( 'NONE', #2608, 39.37007874015748100 ) ;
#3956 = ORIENTED_EDGE ( 'NONE', *, *, #10940, .F. ) ;
#3957 = PLANE ( 'NONE',  #7823 ) ;
#3958 = CARTESIAN_POINT ( 'NONE',  ( 0.2624999999999996800, 0.3128282661284084700, -0.03749999999999999900 ) ) ;
#3959 = AXIS2_PLACEMENT_3D ( 'NONE', #6079, #1571, #4220 ) ;
#3960 = FACE_OUTER_BOUND ( 'NONE', #581, .T. ) ;
#3961 = EDGE_CURVE ( 'NONE', #5476, #4560, #8486, .T. ) ;
#3962 = VECTOR ( 'NONE', #571, 39.37007874015748100 ) ;
#3963 = CARTESIAN_POINT ( 'NONE',  ( 0.4999999999999997200, 0.3299999999999999600, -0.1000000000000000100 ) ) ;
#3964 = ORIENTED_EDGE ( 'NONE', *, *, #5618, .T. ) ;
#3965 = VECTOR ( 'NONE', #8680, 39.37007874015748100 ) ;
#3966 = ORIENTED_EDGE ( 'NONE', *, *, #1798, .F. ) ;
#3967 = ORIENTED_EDGE ( 'NONE', *, *, #5228, .T. ) ;
#3968 = PLANE ( 'NONE',  #3141 ) ;
#3969 = ORIENTED_EDGE ( 'NONE', *, *, #6227, .F. ) ;
#3970 = DIRECTION ( 'NONE',  ( -0.0000000000000000000, 0.3420201433256686000, 0.9396926207859085400 ) ) ;
#3971 = FACE_OUTER_BOUND ( 'NONE', #5147, .T. ) ;
#3972 = AXIS2_PLACEMENT_3D ( 'NONE', #5675, #8352, #2102 ) ;
#3973 = DIRECTION ( 'NONE',  ( 0.0000000000000000000, 0.0000000000000000000, 1.000000000000000000 ) ) ;
#3974 = EDGE_LOOP ( 'NONE', ( #5788, #4641, #7511, #9026 ) ) ;
#3975 = ORIENTED_EDGE ( 'NONE', *, *, #4649, .T. ) ;
#3976 = ORIENTED_EDGE ( 'NONE', *, *, #3717, .F. ) ;
#3977 = VERTEX_POINT ( 'NONE', #7014 ) ;
#3978 = ORIENTED_EDGE ( 'NONE', *, *, #5842, .F. ) ;
#3979 = ORIENTED_EDGE ( 'NONE', *, *, #11267, .F. ) ;
#3980 = LINE ( 'NONE', #9743, #3573 ) ;
#3981 = EDGE_CURVE ( 'NONE', #7709, #7198, #10946, .T. ) ;
#3982 = CARTESIAN_POINT ( 'NONE',  ( -0.4624999999999999700, 0.3128282661284084700, 0.06250000000000001400 ) ) ;
#3983 = VECTOR ( 'NONE', #7658, 39.37007874015748100 ) ;
#3984 = DIRECTION ( 'NONE',  ( -1.000000000000000000, 0.0000000000000000000, 0.0000000000000000000 ) ) ;
#3985 = DIRECTION ( 'NONE',  ( -0.3236155771181856200, -0.8891264907159877100, 0.3236155771181856200 ) ) ;
#3986 = DIRECTION ( 'NONE',  ( 1.000000000000000000, 0.0000000000000000000, 0.0000000000000000000 ) ) ;
#3987 = ORIENTED_EDGE ( 'NONE', *, *, #2679, .F. ) ;
#3988 = ORIENTED_EDGE ( 'NONE', *, *, #8450, .F. ) ;
#3989 = EDGE_CURVE ( 'NONE', #8102, #547, #9726, .T. ) ;
#3990 = EDGE_LOOP ( 'NONE', ( #650, #9578, #9302, #5374 ) ) ;
#3991 = VERTEX_POINT ( 'NONE', #3448 ) ;
#3992 = ORIENTED_EDGE ( 'NONE', *, *, #7409, .F. ) ;
#3993 = VECTOR ( 'NONE', #10291, 39.37007874015748100 ) ;
#3994 = ADVANCED_FACE ( 'NONE', ( #4995 ), #7794, .F. ) ;
#3995 =( NAMED_UNIT ( * ) PLANE_ANGLE_UNIT ( ) SI_UNIT ( $, .RADIAN. ) );
#3996 = MANIFOLD_SOLID_BREP ( 'Pin[12]', #1442 ) ;
#3997 = LINE ( 'NONE', #4893, #4285 ) ;
#3998 = DIRECTION ( 'NONE',  ( 0.0000000000000000000, 0.0000000000000000000, -1.000000000000000000 ) ) ;
#3999 = DIRECTION ( 'NONE',  ( 0.0000000000000000000, -0.0000000000000000000, -1.000000000000000000 ) ) ;
#4000 = EDGE_CURVE ( 'NONE', #9266, #2753, #4193, .T. ) ;
#4001 = CARTESIAN_POINT ( 'NONE',  ( 0.4375000000000001100, -0.01499999999999997700, 0.06250000000000001400 ) ) ;
#4002 = CARTESIAN_POINT ( 'NONE',  ( 0.2375000000000000700, -4.268512490100411300E-018, 0.06250000000000001400 ) ) ;
#4003 = AXIS2_PLACEMENT_3D ( 'NONE', #9238, #8381, #6694 ) ;
#4004 = EDGE_LOOP ( 'NONE', ( #4052, #2032, #3224, #7633 ) ) ;
#4005 = CARTESIAN_POINT ( 'NONE',  ( 0.2437499999999996900, 0.3299999999999999600, -0.03749999999999999900 ) ) ;
#4006 = ORIENTED_EDGE ( 'NONE', *, *, #9759, .T. ) ;
#4007 = ORIENTED_EDGE ( 'NONE', *, *, #8519, .F. ) ;
#4008 = VERTEX_POINT ( 'NONE', #6979 ) ;
#4009 = ADVANCED_FACE ( 'NONE', ( #7371 ), #6946, .T. ) ;
#4010 = LINE ( 'NONE', #10742, #5367 ) ;
#4011 = DIRECTION ( 'NONE',  ( 0.3236155771181846200, -0.8891264907159883700, -0.3236155771181846200 ) ) ;
#4012 = ORIENTED_EDGE ( 'NONE', *, *, #8307, .T. ) ;
#4013 = VECTOR ( 'NONE', #421, 39.37007874015748100 ) ;
#4014 = EDGE_CURVE ( 'NONE', #10737, #10383, #2663, .T. ) ;
#4015 = DIRECTION ( 'NONE',  ( -1.000000000000000000, 0.0000000000000000000, 0.0000000000000000000 ) ) ;
#4016 = DIRECTION ( 'NONE',  ( 1.000000000000000000, 0.0000000000000000000, 0.0000000000000000000 ) ) ;
#4017 = CARTESIAN_POINT ( 'NONE',  ( -0.3437500000000003300, -0.1400000000000000100, -0.03749999999999999900 ) ) ;
#4018 = EDGE_LOOP ( 'NONE', ( #1362, #6206, #11437, #4735 ) ) ;
#4019 = ORIENTED_EDGE ( 'NONE', *, *, #3755, .F. ) ;
#4020 = PLANE ( 'NONE',  #7982 ) ;
#4021 = ORIENTED_EDGE ( 'NONE', *, *, #8081, .F. ) ;
#4022 = FACE_OUTER_BOUND ( 'NONE', #9799, .T. ) ;
#4023 = EDGE_CURVE ( 'NONE', #5571, #1634, #11097, .T. ) ;
#4024 = AXIS2_PLACEMENT_3D ( 'NONE', #7153, #2771, #776 ) ;
#4025 = EDGE_LOOP ( 'NONE', ( #2674, #5650, #673, #3988 ) ) ;
#4026 = CARTESIAN_POINT ( 'NONE',  ( -0.06250000000000029100, -0.1228282661284085800, -0.06250000000000001400 ) ) ;
#4027 = FACE_OUTER_BOUND ( 'NONE', #2553, .T. ) ;
#4028 = CARTESIAN_POINT ( 'NONE',  ( -0.04375000000000031600, 0.3299999999999999600, -0.06250000000000001400 ) ) ;
#4029 = CARTESIAN_POINT ( 'NONE',  ( -0.06250000000000029100, -0.1228282661284085800, -0.03749999999999999900 ) ) ;
#4030 = DIRECTION ( 'NONE',  ( 0.9578262852211514300, 0.2873478855663455500, -0.0000000000000000000 ) ) ;
#4031 = ORIENTED_EDGE ( 'NONE', *, *, #8511, .T. ) ;
#4032 = CARTESIAN_POINT ( 'NONE',  ( -0.3625000000000003200, -0.1228282661284085800, -0.06250000000000001400 ) ) ;
#4033 = LINE ( 'NONE', #441, #10533 ) ;
#4034 = ORIENTED_EDGE ( 'NONE', *, *, #4338, .T. ) ;
#4035 = VECTOR ( 'NONE', #6517, 39.37007874015748100 ) ;
#4036 = CARTESIAN_POINT ( 'NONE',  ( -0.4375000000000003300, 0.3299999999999999600, -0.06250000000000001400 ) ) ;
#4037 = AXIS2_PLACEMENT_3D ( 'NONE', #3579, #4574, #5369 ) ;
#4038 = EDGE_LOOP ( 'NONE', ( #10736, #9532, #7336, #3545 ) ) ;
#4039 = ORIENTED_EDGE ( 'NONE', *, *, #7641, .T. ) ;
#4040 = DIRECTION ( 'NONE',  ( 1.000000000000000000, 0.0000000000000000000, 0.0000000000000000000 ) ) ;
#4041 = DIRECTION ( 'NONE',  ( 0.3236155771181846200, -0.8891264907159883700, -0.3236155771181846200 ) ) ;
#4042 = CARTESIAN_POINT ( 'NONE',  ( 0.05625000000000005000, 0.3299999999999999600, 0.03749999999999999900 ) ) ;
#4043 = CARTESIAN_POINT ( 'NONE',  ( 0.4375000000000001100, 0.3299999999999999600, 0.06250000000000001400 ) ) ;
#4044 = COLOUR_RGB ( '',1.000000000000000000, 0.8117647058823529400, 0.5019607843137254800 ) ;
#4045 = CARTESIAN_POINT ( 'NONE',  ( -0.2624999999999999600, 0.3299999999999999600, 0.06250000000000001400 ) ) ;
#4046 = CARTESIAN_POINT ( 'NONE',  ( -0.5750000000000001800, 0.3499999999999999800, 0.1875000000000000300 ) ) ;
#4047 = DIRECTION ( 'NONE',  ( 0.0000000000000000000, -1.000000000000000000, 0.0000000000000000000 ) ) ;
#4048 = FILL_AREA_STYLE_COLOUR ( '', #645 ) ;
#4049 = DIRECTION ( 'NONE',  ( 0.0000000000000000000, 0.0000000000000000000, -1.000000000000000000 ) ) ;
#4050 = DIRECTION ( 'NONE',  ( 1.000000000000000000, 0.0000000000000000000, 0.0000000000000000000 ) ) ;
#4051 = DIMENSIONAL_EXPONENTS ( 1.000000000000000000, 0.0000000000000000000, 0.0000000000000000000, 0.0000000000000000000, 0.0000000000000000000, 0.0000000000000000000, 0.0000000000000000000 ) ;
#4052 = ORIENTED_EDGE ( 'NONE', *, *, #7857, .F. ) ;
#4053 = EDGE_CURVE ( 'NONE', #9970, #8166, #10682, .T. ) ;
#4054 = LINE ( 'NONE', #1502, #2544 ) ;
#4055 = CARTESIAN_POINT ( 'NONE',  ( -0.3374999999999999700, -0.1228282661284085800, 0.06250000000000001400 ) ) ;
#4056 = VERTEX_POINT ( 'NONE', #2563 ) ;
#4057 = FACE_OUTER_BOUND ( 'NONE', #86, .T. ) ;
#4058 = EDGE_CURVE ( 'NONE', #4377, #2550, #11387, .T. ) ;
#4059 = ADVANCED_FACE ( 'NONE', ( #9324 ), #1754, .F. ) ;
#4060 = DIRECTION ( 'NONE',  ( 0.3236155771181856200, -0.8891264907159877100, 0.3236155771181856200 ) ) ;
#4061 = ORIENTED_EDGE ( 'NONE', *, *, #3197, .F. ) ;
#4062 = LINE ( 'NONE', #5217, #8630 ) ;
#4063 = DIRECTION ( 'NONE',  ( 0.0000000000000000000, 0.0000000000000000000, -1.000000000000000000 ) ) ;
#4064 = DIRECTION ( 'NONE',  ( -1.000000000000000000, 0.0000000000000000000, -0.0000000000000000000 ) ) ;
#4065 = CARTESIAN_POINT ( 'NONE',  ( 0.1375000000000000400, 0.3128282661284084700, 0.06250000000000001400 ) ) ;
#4066 = VECTOR ( 'NONE', #2562, 39.37007874015748100 ) ;
#4067 = ORIENTED_EDGE ( 'NONE', *, *, #144, .F. ) ;
#4068 = EDGE_CURVE ( 'NONE', #5501, #2315, #3907, .T. ) ;
#4069 = ORIENTED_EDGE ( 'NONE', *, *, #8386, .F. ) ;
#4070 = AXIS2_PLACEMENT_3D ( 'NONE', #4151, #7631, #8628 ) ;
#4071 = SURFACE_STYLE_FILL_AREA ( #10026 ) ;
#4072 = DIRECTION ( 'NONE',  ( 0.3236155771181846200, -0.8891264907159883700, 0.3236155771181846200 ) ) ;
#4073 = LINE ( 'NONE', #1898, #9349 ) ;
#4074 = ORIENTED_EDGE ( 'NONE', *, *, #7527, .F. ) ;
#4075 = DIRECTION ( 'NONE',  ( 0.0000000000000000000, 0.0000000000000000000, -1.000000000000000000 ) ) ;
#4076 = PLANE ( 'NONE',  #2622 ) ;
#4077 = DIRECTION ( 'NONE',  ( 0.0000000000000000000, -1.000000000000000000, 0.0000000000000000000 ) ) ;
#4078 = EDGE_CURVE ( 'NONE', #2337, #40, #4719, .T. ) ;
#4079 = DIRECTION ( 'NONE',  ( -0.0000000000000000000, 0.3420201433256686000, 0.9396926207859085400 ) ) ;
#4080 = VECTOR ( 'NONE', #3074, 39.37007874015748100 ) ;
#4081 = LINE ( 'NONE', #10574, #8923 ) ;
#4082 = CARTESIAN_POINT ( 'NONE',  ( -0.5750000000000001800, 0.3499999999999999800, -0.1825000000000000000 ) ) ;
#4083 = VECTOR ( 'NONE', #8533, 39.37007874015748100 ) ;
#4084 = VECTOR ( 'NONE', #8066, 39.37007874015748100 ) ;
#4085 = PLANE ( 'NONE',  #11392 ) ;
#4086 = EDGE_CURVE ( 'NONE', #5210, #2047, #1713, .T. ) ;
#4087 = SURFACE_SIDE_STYLE ('',( #7159 ) ) ;
#4088 = DIRECTION ( 'NONE',  ( -0.9396926207859085400, 0.3420201433256686000, 0.0000000000000000000 ) ) ;
#4089 = CARTESIAN_POINT ( 'NONE',  ( -0.1437500000000000200, -0.1400000000000000100, 0.04375000000000003900 ) ) ;
#4090 = VECTOR ( 'NONE', #7176, 39.37007874015748100 ) ;
#4091 = LINE ( 'NONE', #3303, #620 ) ;
#4092 = DIRECTION ( 'NONE',  ( -1.000000000000000000, 0.0000000000000000000, 0.0000000000000000000 ) ) ;
#4093 = LINE ( 'NONE', #502, #1750 ) ;
#4094 = VECTOR ( 'NONE', #250, 39.37007874015748100 ) ;
#4095 = PRESENTATION_LAYER_ASSIGNMENT (  '', '', ( #2111 ) ) ;
#4096 = EDGE_CURVE ( 'NONE', #10858, #9960, #3628, .T. ) ;
#4097 = PLANE ( 'NONE',  #2575 ) ;
#4098 = VECTOR ( 'NONE', #1984, 39.37007874015748100 ) ;
#4099 = CARTESIAN_POINT ( 'NONE',  ( -0.4800000000000002600, 0.3499999999999999800, 0.1825000000000000000 ) ) ;
#4100 = CARTESIAN_POINT ( 'NONE',  ( -0.3625000000000003200, 0.3299999999999999600, -0.03749999999999999900 ) ) ;
#4101 = LINE ( 'NONE', #4204, #10046 ) ;
#4102 = VECTOR ( 'NONE', #8509, 39.37007874015748100 ) ;
#4103 = PLANE ( 'NONE',  #402 ) ;
#4105 = ORIENTED_EDGE ( 'NONE', *, *, #7298, .F. ) ;
#4104 = CARTESIAN_POINT ( 'NONE',  ( 0.0000000000000000000, 0.09999999999999996400, 0.03749999999999999900 ) ) ;
#4106 = VECTOR ( 'NONE', #8826, 39.37007874015748100 ) ;
#4107 = VERTEX_POINT ( 'NONE', #4385 ) ;
#4108 = EDGE_LOOP ( 'NONE', ( #11190, #1056, #11394, #8157 ) ) ;
#4109 = VERTEX_POINT ( 'NONE', #7031 ) ;
#4110 = EDGE_LOOP ( 'NONE', ( #10628, #9661, #8807, #10217 ) ) ;
#4111 = FACE_OUTER_BOUND ( 'NONE', #7505, .T. ) ;
#4112 = VECTOR ( 'NONE', #11177, 39.37007874015748100 ) ;
#4113 = CARTESIAN_POINT ( 'NONE',  ( -0.4437500000000000300, -0.1400000000000000100, 0.06250000000000001400 ) ) ;
#4114 = FACE_OUTER_BOUND ( 'NONE', #11425, .T. ) ;
#4115 = EDGE_CURVE ( 'NONE', #9813, #9448, #5264, .T. ) ;
#4116 = CARTESIAN_POINT ( 'NONE',  ( -0.5250000000000002400, 0.0000000000000000000, -0.1825000000000000000 ) ) ;
#4117 = PLANE ( 'NONE',  #5398 ) ;
#4118 = VERTEX_POINT ( 'NONE', #9807 ) ;
#4119 = DIRECTION ( 'NONE',  ( -1.000000000000000000, 0.0000000000000000000, -0.0000000000000000000 ) ) ;
#4120 = VERTEX_POINT ( 'NONE', #5215 ) ;
#4121 = ORIENTED_EDGE ( 'NONE', *, *, #10581, .F. ) ;
#4122 = DIRECTION ( 'NONE',  ( 1.000000000000000000, 0.0000000000000000000, 0.0000000000000000000 ) ) ;
#4123 = ORIENTED_EDGE ( 'NONE', *, *, #1411, .T. ) ;
#4124 = CARTESIAN_POINT ( 'NONE',  ( 0.1624999999999997000, -0.1228282661284084400, -0.03749999999999999900 ) ) ;
#4125 = MECHANICAL_DESIGN_GEOMETRIC_PRESENTATION_REPRESENTATION (  '', ( #176 ), #1392 ) ;
#4126 = ADVANCED_FACE ( 'NONE', ( #6122 ), #10656, .T. ) ;
#4127 = EDGE_CURVE ( 'NONE', #9470, #10240, #855, .T. ) ;
#4128 = LINE ( 'NONE', #1670, #10350 ) ;
#4129 = DIRECTION ( 'NONE',  ( 0.0000000000000000000, 0.0000000000000000000, -1.000000000000000000 ) ) ;
#4130 = CARTESIAN_POINT ( 'NONE',  ( -0.2625000000000002900, 0.3128282661284084700, -0.03749999999999999900 ) ) ;
#4131 = ORIENTED_EDGE ( 'NONE', *, *, #521, .T. ) ;
#4132 =( LENGTH_UNIT ( ) NAMED_UNIT ( * ) SI_UNIT ( $, .METRE. ) );
#4133 = ORIENTED_EDGE ( 'NONE', *, *, #1607, .F. ) ;
#4134 = PLANE ( 'NONE',  #5411 ) ;
#4135 = EDGE_LOOP ( 'NONE', ( #7171, #9241, #647, #6627 ) ) ;
#4136 = VERTEX_POINT ( 'NONE', #9763 ) ;
#4137 = CARTESIAN_POINT ( 'NONE',  ( 0.03750000000000007500, 0.3128282661284084700, 0.06250000000000001400 ) ) ;
#4138 = ORIENTED_EDGE ( 'NONE', *, *, #8467, .T. ) ;
#4139 = EDGE_LOOP ( 'NONE', ( #6628, #1650, #9397, #9812 ) ) ;
#4140 = ORIENTED_EDGE ( 'NONE', *, *, #8830, .T. ) ;
#4141 = VECTOR ( 'NONE', #7381, 39.37007874015748100 ) ;
#4142 = FACE_OUTER_BOUND ( 'NONE', #11468, .T. ) ;
#4143 = ADVANCED_FACE ( 'NONE', ( #1427 ), #6211, .F. ) ;
#4144 = ORIENTED_EDGE ( 'NONE', *, *, #6823, .F. ) ;
#4145 = DIRECTION ( 'NONE',  ( -0.0000000000000000000, 0.0000000000000000000, 1.000000000000000000 ) ) ;
#4146 = ORIENTED_EDGE ( 'NONE', *, *, #5440, .F. ) ;
#4147 = EDGE_CURVE ( 'NONE', #7049, #9392, #10546, .T. ) ;
#4148 = ORIENTED_EDGE ( 'NONE', *, *, #9917, .T. ) ;
#4149 = ORIENTED_EDGE ( 'NONE', *, *, #3095, .F. ) ;
#4150 = ORIENTED_EDGE ( 'NONE', *, *, #2810, .T. ) ;
#4151 = CARTESIAN_POINT ( 'NONE',  ( -0.1625000000000003100, 0.3299999999999999600, -0.03749999999999999900 ) ) ;
#4152 = VERTEX_POINT ( 'NONE', #4349 ) ;
#4153 = LINE ( 'NONE', #8658, #1378 ) ;
#4154 = CARTESIAN_POINT ( 'NONE',  ( 0.0000000000000000000, 0.0000000000000000000, -0.06250000000000001400 ) ) ;
#4155 = ORIENTED_EDGE ( 'NONE', *, *, #7068, .F. ) ;
#4156 = VECTOR ( 'NONE', #577, 39.37007874015748100 ) ;
#4157 = CARTESIAN_POINT ( 'NONE',  ( 0.4374999999999997200, 0.3299999999999999600, -0.06250000000000001400 ) ) ;
#4158 = CARTESIAN_POINT ( 'NONE',  ( 0.1625000000000000300, 0.3299999999999999600, 0.06250000000000001400 ) ) ;
#4159 = EDGE_CURVE ( 'NONE', #5813, #11450, #3482, .T. ) ;
#4160 = CLOSED_SHELL ( 'NONE', ( #5255, #10882, #3932, #7682, #9481, #6502, #9644, #3084, #8301, #4617, #9358, #5931, #10038, #6318 ) ) ;
#4161 = ORIENTED_EDGE ( 'NONE', *, *, #897, .F. ) ;
#4162 = ORIENTED_EDGE ( 'NONE', *, *, #8527, .F. ) ;
#4163 = EDGE_LOOP ( 'NONE', ( #497, #10465, #4941, #1949 ) ) ;
#4164 = FACE_OUTER_BOUND ( 'NONE', #10649, .T. ) ;
#4165 = CARTESIAN_POINT ( 'NONE',  ( 0.1625000000000000300, 0.3128282661284084700, 0.06250000000000001400 ) ) ;
#4166 = DIRECTION ( 'NONE',  ( 0.0000000000000000000, 0.0000000000000000000, -1.000000000000000000 ) ) ;
#4167 = EDGE_CURVE ( 'NONE', #2313, #1634, #162, .T. ) ;
#4168 = CARTESIAN_POINT ( 'NONE',  ( -0.4562499999999999300, -0.1400000000000000100, 0.05624999999999997400 ) ) ;
#4169 = STYLED_ITEM ( 'NONE', ( #81 ), #6265 ) ;
#4170 = CARTESIAN_POINT ( 'NONE',  ( -0.3401181760438387000, 0.3200216456890114800, -0.05988182395616160900 ) ) ;
#4171 = ORIENTED_EDGE ( 'NONE', *, *, #6438, .T. ) ;
#4172 = CARTESIAN_POINT ( 'NONE',  ( 0.0000000000000000000, 0.0000000000000000000, 0.06250000000000001400 ) ) ;
#4173 = ORIENTED_EDGE ( 'NONE', *, *, #11389, .F. ) ;
#4174 = CARTESIAN_POINT ( 'NONE',  ( 0.05988182395616132400, 0.3200216456890114800, -0.05988182395616160900 ) ) ;
#4175 = ORIENTED_EDGE ( 'NONE', *, *, #2740, .F. ) ;
#4176 = LINE ( 'NONE', #10797, #973 ) ;
#4177 = PLANE ( 'NONE',  #11269 ) ;
#4178 = CARTESIAN_POINT ( 'NONE',  ( 0.2401181760438380600, 0.3200216456890114800, -0.05988182395616160900 ) ) ;
#4179 = ORIENTED_EDGE ( 'NONE', *, *, #1382, .F. ) ;
#4180 = VECTOR ( 'NONE', #2121, 39.37007874015748100 ) ;
#4181 = VECTOR ( 'NONE', #9161, 39.37007874015748100 ) ;
#4182 = CLOSED_SHELL ( 'NONE', ( #7308, #2210, #3937, #693, #7541, #5733, #5968, #3806, #1107, #6224, #11385, #3246, #11200, #1465 ) ) ;
#4183 = ORIENTED_EDGE ( 'NONE', *, *, #7665, .F. ) ;
#4184 = LINE ( 'NONE', #321, #10125 ) ;
#4185 = LINE ( 'NONE', #11009, #4577 ) ;
#4186 = CARTESIAN_POINT ( 'NONE',  ( -0.0000000000000000000, 0.0000000000000000000, 0.03749999999999999900 ) ) ;
#4187 = ADVANCED_FACE ( 'NONE', ( #11087 ), #7137, .F. ) ;
#4188 = DIRECTION ( 'NONE',  ( -1.000000000000000000, 0.0000000000000000000, 0.0000000000000000000 ) ) ;
#4189 = CARTESIAN_POINT ( 'NONE',  ( 0.3624999999999997100, -0.01499999999999997700, -0.03749999999999999900 ) ) ;
#4190 = EDGE_CURVE ( 'NONE', #2625, #4652, #5537, .T. ) ;
#4191 = PLANE ( 'NONE',  #11455 ) ;
#4192 = DIRECTION ( 'NONE',  ( 0.0000000000000000000, 0.0000000000000000000, -1.000000000000000000 ) ) ;
#4193 = LINE ( 'NONE', #3368, #3762 ) ;
#4194 = DIRECTION ( 'NONE',  ( 0.0000000000000000000, 0.0000000000000000000, 1.000000000000000000 ) ) ;
#4195 = AXIS2_PLACEMENT_3D ( 'NONE', #6976, #5125, #7821 ) ;
#4196 = EDGE_CURVE ( 'NONE', #558, #14, #3356, .T. ) ;
#4197 = DIRECTION ( 'NONE',  ( 0.0000000000000000000, -0.0000000000000000000, -1.000000000000000000 ) ) ;
#4198 = CARTESIAN_POINT ( 'NONE',  ( -0.1624999999999999800, 0.3128282661284084700, 0.06250000000000001400 ) ) ;
#4199 = EDGE_LOOP ( 'NONE', ( #1352, #10536, #3735, #213 ) ) ;
#4200 = FILL_AREA_STYLE_COLOUR ( '', #9729 ) ;
#4201 = DIRECTION ( 'NONE',  ( -1.000000000000000000, 0.0000000000000000000, -0.0000000000000000000 ) ) ;
#4202 = FACE_OUTER_BOUND ( 'NONE', #7843, .T. ) ;
#4203 = AXIS2_PLACEMENT_3D ( 'NONE', #1387, #9316, #11113 ) ;
#4204 = CARTESIAN_POINT ( 'NONE',  ( -0.1375000000000003200, -0.01499999999999997700, -0.06250000000000001400 ) ) ;
#4205 = VERTEX_POINT ( 'NONE', #3619 ) ;
#4206 = FACE_OUTER_BOUND ( 'NONE', #274, .T. ) ;
#4207 = PLANE ( 'NONE',  #2226 ) ;
#4208 = CARTESIAN_POINT ( 'NONE',  ( 0.06249999999999974300, 0.09999999999999996400, -0.03749999999999999900 ) ) ;
#4209 = CARTESIAN_POINT ( 'NONE',  ( -0.5750000000000001800, 0.3499999999999999800, 0.1825000000000000000 ) ) ;
#4210 = VERTEX_POINT ( 'NONE', #9697 ) ;
#4211 = DIRECTION ( 'NONE',  ( -0.9396926207859085400, 0.3420201433256686000, 0.0000000000000000000 ) ) ;
#4212 = EDGE_CURVE ( 'NONE', #2879, #7197, #7230, .T. ) ;
#4213 = UNCERTAINTY_MEASURE_WITH_UNIT (LENGTH_MEASURE( 1.000000000000000100E-005 ), #2464, 'distance_accuracy_value', 'NONE');
#4214 = VECTOR ( 'NONE', #9527, 39.37007874015748100 ) ;
#4215 = LINE ( 'NONE', #5320, #4615 ) ;
#4216 = EDGE_CURVE ( 'NONE', #7295, #2550, #6964, .T. ) ;
#4217 = CARTESIAN_POINT ( 'NONE',  ( -0.03749999999999994300, -0.1228282661284085800, 0.06250000000000001400 ) ) ;
#4218 = FACE_OUTER_BOUND ( 'NONE', #6654, .T. ) ;
#4219 = VECTOR ( 'NONE', #1923, 39.37007874015748100 ) ;
#4220 = DIRECTION ( 'NONE',  ( 0.0000000000000000000, -0.0000000000000000000, 1.000000000000000000 ) ) ;
#4221 = SURFACE_STYLE_USAGE ( .BOTH. , #3341 ) ;
#4222 = EDGE_CURVE ( 'NONE', #2362, #1787, #9594, .T. ) ;
#4223 = AXIS2_PLACEMENT_3D ( 'NONE', #845, #10520, #1715 ) ;
#4224 = VECTOR ( 'NONE', #6554, 39.37007874015748100 ) ;
#4225 = ADVANCED_FACE ( 'NONE', ( #5839 ), #79, .T. ) ;
#4226 = DIRECTION ( 'NONE',  ( 1.000000000000000000, 0.0000000000000000000, 0.0000000000000000000 ) ) ;
#4227 = LINE ( 'NONE', #5477, #5436 ) ;
#4228 = VECTOR ( 'NONE', #5796, 39.37007874015748100 ) ;
#4229 = PLANE ( 'NONE',  #9036 ) ;
#4230 = DIRECTION ( 'NONE',  ( 0.2873478855663455000, 0.9578262852211513200, 0.0000000000000000000 ) ) ;
#4231 = PLANE ( 'NONE',  #9447 ) ;
#4232 = EDGE_CURVE ( 'NONE', #7996, #5942, #2395, .T. ) ;
#4233 = DIRECTION ( 'NONE',  ( 1.000000000000000000, 0.0000000000000000000, 0.0000000000000000000 ) ) ;
#4234 = CARTESIAN_POINT ( 'NONE',  ( -0.4375000000000000000, -0.1228282661284085800, 0.03749999999999999900 ) ) ;
#4235 = ADVANCED_FACE ( 'NONE', ( #11380 ), #1960, .T. ) ;
#4236 =( CONVERSION_BASED_UNIT ( 'INCH', #8797 ) LENGTH_UNIT ( ) NAMED_UNIT ( #6794 ) );
#4237 = CARTESIAN_POINT ( 'NONE',  ( 0.3375000000000000800, -0.1228282661284084400, 0.06250000000000001400 ) ) ;
#4238 = EDGE_CURVE ( 'NONE', #7738, #822, #5130, .T. ) ;
#4239 = ORIENTED_EDGE ( 'NONE', *, *, #3268, .F. ) ;
#4240 = VECTOR ( 'NONE', #34, 39.37007874015748100 ) ;
#4241 = EDGE_LOOP ( 'NONE', ( #3721, #7333, #10151, #4144 ) ) ;
#4242 = CARTESIAN_POINT ( 'NONE',  ( 0.2375000000000000700, 0.3128282661284084700, 0.03749999999999999900 ) ) ;
#4243 = ORIENTED_EDGE ( 'NONE', *, *, #5505, .T. ) ;
#4244 = DIRECTION ( 'NONE',  ( -1.000000000000000000, 0.0000000000000000000, -0.0000000000000000000 ) ) ;
#4245 = LINE ( 'NONE', #11420, #3955 ) ;
#4246 = ORIENTED_EDGE ( 'NONE', *, *, #6878, .T. ) ;
#4247 = LINE ( 'NONE', #11222, #4112 ) ;
#4248 = FACE_OUTER_BOUND ( 'NONE', #949, .T. ) ;
#4249 = ADVANCED_FACE ( 'NONE', ( #7515 ), #4603, .T. ) ;
#4250 = DIRECTION ( 'NONE',  ( -1.000000000000000000, 0.0000000000000000000, 0.0000000000000000000 ) ) ;
#4251 = ORIENTED_EDGE ( 'NONE', *, *, #10940, .T. ) ;
#4252 = SURFACE_STYLE_FILL_AREA ( #341 ) ;
#4253 = EDGE_LOOP ( 'NONE', ( #8453, #8047, #4074, #1802 ) ) ;
#4254 = ORIENTED_EDGE ( 'NONE', *, *, #10010, .T. ) ;
#4255 = ORIENTED_EDGE ( 'NONE', *, *, #7630, .F. ) ;
#4256 = DIRECTION ( 'NONE',  ( -0.7071067811865440200, 0.7071067811865510100, 1.931708241490855400E-016 ) ) ;
#4257 = DIRECTION ( 'NONE',  ( -1.000000000000000000, 0.0000000000000000000, 0.0000000000000000000 ) ) ;
#4258 = LINE ( 'NONE', #1339, #9918 ) ;
#4259 = AXIS2_PLACEMENT_3D ( 'NONE', #9498, #6050, #10347 ) ;
#4260 = DIRECTION ( 'NONE',  ( 1.000000000000000000, 0.0000000000000000000, 0.0000000000000000000 ) ) ;
#4261 = VERTEX_POINT ( 'NONE', #5524 ) ;
#4262 = ORIENTED_EDGE ( 'NONE', *, *, #9031, .F. ) ;
#4263 = ORIENTED_EDGE ( 'NONE', *, *, #8069, .T. ) ;
#4264 = ORIENTED_EDGE ( 'NONE', *, *, #5989, .F. ) ;
#4265 = ORIENTED_EDGE ( 'NONE', *, *, #6980, .T. ) ;
#4266 = ORIENTED_EDGE ( 'NONE', *, *, #9777, .T. ) ;
#4267 = CARTESIAN_POINT ( 'NONE',  ( 0.4375000000000001100, 0.3128282661284084700, 0.03749999999999999900 ) ) ;
#4268 = CIRCLE ( 'NONE', #4326, 0.01499999999999997700 ) ;
#4269 = PLANE ( 'NONE',  #1693 ) ;
#4270 = CARTESIAN_POINT ( 'NONE',  ( 0.4375000000000001100, 0.09999999999999996400, 0.0000000000000000000 ) ) ;
#4271 = CARTESIAN_POINT ( 'NONE',  ( -0.2624999999999999600, 0.3299999999999999600, 0.03749999999999999900 ) ) ;
#4272 = EDGE_LOOP ( 'NONE', ( #9874, #4436, #8805, #10105 ) ) ;
#4273 = ORIENTED_EDGE ( 'NONE', *, *, #557, .T. ) ;
#4274 = VERTEX_POINT ( 'NONE', #9905 ) ;
#4275 = ORIENTED_EDGE ( 'NONE', *, *, #8214, .F. ) ;
#4276 = CARTESIAN_POINT ( 'NONE',  ( 0.3375000000000000800, 0.3128282661284084700, 0.06250000000000001400 ) ) ;
#4277 = ORIENTED_EDGE ( 'NONE', *, *, #1150, .F. ) ;
#4278 = MECHANICAL_DESIGN_GEOMETRIC_PRESENTATION_REPRESENTATION (  '', ( #1701 ), #9339 ) ;
#4279 = LINE ( 'NONE', #10253, #8707 ) ;
#4280 = EDGE_CURVE ( 'NONE', #5476, #9646, #1129, .T. ) ;
#4281 = DIRECTION ( 'NONE',  ( -0.0000000000000000000, -0.0000000000000000000, -1.000000000000000000 ) ) ;
#4282 = DIRECTION ( 'NONE',  ( 0.0000000000000000000, 0.0000000000000000000, -1.000000000000000000 ) ) ;
#4283 = MECHANICAL_DESIGN_GEOMETRIC_PRESENTATION_REPRESENTATION (  '', ( #7240 ), #6057 ) ;
#4284 = ORIENTED_EDGE ( 'NONE', *, *, #10612, .F. ) ;
#4285 = VECTOR ( 'NONE', #3217, 39.37007874015748100 ) ;
#4286 = CARTESIAN_POINT ( 'NONE',  ( -0.03749999999999994300, 0.0000000000000000000, 0.03749999999999999900 ) ) ;
#4287 = DIRECTION ( 'NONE',  ( 0.0000000000000000000, 0.0000000000000000000, 1.000000000000000000 ) ) ;
#4288 = DIRECTION ( 'NONE',  ( 0.0000000000000000000, -0.0000000000000000000, 1.000000000000000000 ) ) ;
#4289 = EDGE_CURVE ( 'NONE', #8218, #2313, #848, .T. ) ;
#4290 = ORIENTED_EDGE ( 'NONE', *, *, #3895, .F. ) ;
#4291 = ORIENTED_EDGE ( 'NONE', *, *, #5533, .T. ) ;
#4292 = VERTEX_POINT ( 'NONE', #9847 ) ;
#4293 = FACE_OUTER_BOUND ( 'NONE', #412, .T. ) ;
#4294 = VERTEX_POINT ( 'NONE', #1097 ) ;
#4295 = DIRECTION ( 'NONE',  ( 0.0000000000000000000, -1.000000000000000000, 0.0000000000000000000 ) ) ;
#4296 = EDGE_CURVE ( 'NONE', #3596, #11450, #10132, .T. ) ;
#4297 = FILL_AREA_STYLE_COLOUR ( '', #3444 ) ;
#4298 = ADVANCED_FACE ( 'NONE', ( #2660 ), #9952, .T. ) ;
#4299 = PLANE ( 'NONE',  #986 ) ;
#4300 = ORIENTED_EDGE ( 'NONE', *, *, #3342, .F. ) ;
#4301 = ORIENTED_EDGE ( 'NONE', *, *, #10330, .T. ) ;
#4302 = DIRECTION ( 'NONE',  ( 0.0000000000000000000, 0.0000000000000000000, 1.000000000000000000 ) ) ;
#4303 = EDGE_LOOP ( 'NONE', ( #8106, #392, #6925, #3595 ) ) ;
#4304 = VECTOR ( 'NONE', #3638, 39.37007874015748100 ) ;
#4305 = ADVANCED_FACE ( 'NONE', ( #20 ), #2915, .F. ) ;
#4306 = DIRECTION ( 'NONE',  ( 0.3236155771181846200, 0.8891264907159883700, -0.3236155771181846200 ) ) ;
#4307 = FILL_AREA_STYLE ('',( #6154 ) ) ;
#4308 = VECTOR ( 'NONE', #6007, 39.37007874015748100 ) ;
#4309 = EDGE_CURVE ( 'NONE', #142, #8586, #10270, .T. ) ;
#4310 = DIRECTION ( 'NONE',  ( 0.3236155771181846200, -0.8891264907159883700, 0.3236155771181846200 ) ) ;
#4311 = ORIENTED_EDGE ( 'NONE', *, *, #2375, .T. ) ;
#4312 = ADVANCED_FACE ( 'NONE', ( #5695 ), #7366, .T. ) ;
#4313 = DIRECTION ( 'NONE',  ( -0.9396926207859079800, -0.3420201433256698200, -0.0000000000000000000 ) ) ;
#4314 = VECTOR ( 'NONE', #7574, 39.37007874015748100 ) ;
#4315 = EDGE_CURVE ( 'NONE', #7071, #11018, #9027, .T. ) ;
#4316 = AXIS2_PLACEMENT_3D ( 'NONE', #3873, #2224, #6636 ) ;
#4317 = EDGE_LOOP ( 'NONE', ( #9649, #1260, #9307, #5219 ) ) ;
#4318 = FACE_OUTER_BOUND ( 'NONE', #10663, .T. ) ;
#4319 = CARTESIAN_POINT ( 'NONE',  ( -0.05625000000000025100, -0.1400000000000000100, -0.04375000000000003900 ) ) ;
#4320 = SURFACE_SIDE_STYLE ('',( #5577 ) ) ;
#4321 = CARTESIAN_POINT ( 'NONE',  ( 0.3374999999999996900, -0.1228282661284084400, -0.03749999999999999900 ) ) ;
#4322 = EDGE_CURVE ( 'NONE', #8586, #672, #1969, .T. ) ;
#4323 = DIRECTION ( 'NONE',  ( 0.0000000000000000000, 0.0000000000000000000, -1.000000000000000000 ) ) ;
#4324 = CARTESIAN_POINT ( 'NONE',  ( 0.5749999999999996200, 0.0000000000000000000, -0.06499999999999996100 ) ) ;
#4325 = LINE ( 'NONE', #158, #5401 ) ;
#4326 = AXIS2_PLACEMENT_3D ( 'NONE', #2203, #6571, #5784 ) ;
#4327 = VECTOR ( 'NONE', #9422, 39.37007874015748100 ) ;
#4328 = PLANE ( 'NONE',  #6004 ) ;
#4329 = ORIENTED_EDGE ( 'NONE', *, *, #9558, .T. ) ;
#4330 = VECTOR ( 'NONE', #9582, 39.37007874015748100 ) ;
#4331 = DIRECTION ( 'NONE',  ( 0.0000000000000000000, -0.0000000000000000000, 1.000000000000000000 ) ) ;
#4332 = EDGE_CURVE ( 'NONE', #4966, #10397, #9718, .T. ) ;
#4333 = DIRECTION ( 'NONE',  ( 0.0000000000000000000, 0.0000000000000000000, -1.000000000000000000 ) ) ;
#4334 = ORIENTED_EDGE ( 'NONE', *, *, #8061, .T. ) ;
#4335 = LINE ( 'NONE', #4174, #6005 ) ;
#4336 = AXIS2_PLACEMENT_3D ( 'NONE', #2258, #8402, #7595 ) ;
#4337 = ORIENTED_EDGE ( 'NONE', *, *, #10250, .T. ) ;
#4338 = EDGE_CURVE ( 'NONE', #173, #5629, #8477, .T. ) ;
#4339 = CARTESIAN_POINT ( 'NONE',  ( 0.5249999999999995800, 0.0000000000000000000, -0.06499999999999996100 ) ) ;
#4340 = CARTESIAN_POINT ( 'NONE',  ( 0.4625000000000001300, -0.1228282661284084400, 0.06250000000000001400 ) ) ;
#4341 = DIRECTION ( 'NONE',  ( 0.3236155771181846200, 0.8891264907159883700, 0.3236155771181846200 ) ) ;
#4342 = CARTESIAN_POINT ( 'NONE',  ( 0.2562500000000000300, -0.1400000000000000100, 0.05624999999999997400 ) ) ;
#4343 = LINE ( 'NONE', #6610, #1019 ) ;
#4344 = FACE_BOUND ( 'NONE', #6110, .T. ) ;
#4345 = AXIS2_PLACEMENT_3D ( 'NONE', #1708, #3470, #9663 ) ;
#4346 = DIRECTION ( 'NONE',  ( 0.0000000000000000000, 0.0000000000000000000, -1.000000000000000000 ) ) ;
#4347 = UNCERTAINTY_MEASURE_WITH_UNIT (LENGTH_MEASURE( 1.000000000000000100E-005 ), #8602, 'distance_accuracy_value', 'NONE');
#4348 = EDGE_LOOP ( 'NONE', ( #11211, #7601, #4399, #5686 ) ) ;
#4349 = CARTESIAN_POINT ( 'NONE',  ( 0.5249999999999996900, 0.3499999999999999800, -0.1674999999999999800 ) ) ;
#4350 = ADVANCED_FACE ( 'NONE', ( #9985 ), #3078, .F. ) ;
#4351 =( LENGTH_UNIT ( ) NAMED_UNIT ( * ) SI_UNIT ( $, .METRE. ) );
#4352 = CARTESIAN_POINT ( 'NONE',  ( 0.4374999999999997200, -0.1228282661284084400, -0.03749999999999999900 ) ) ;
#4353 = DIRECTION ( 'NONE',  ( 0.0000000000000000000, 0.0000000000000000000, 1.000000000000000000 ) ) ;
#4354 = LINE ( 'NONE', #9176, #7001 ) ;
#4355 = EDGE_CURVE ( 'NONE', #2866, #5188, #5399, .T. ) ;
#4356 = LINE ( 'NONE', #7164, #4890 ) ;
#4357 = VECTOR ( 'NONE', #6103, 39.37007874015748100 ) ;
#4358 = VECTOR ( 'NONE', #3357, 39.37007874015748100 ) ;
#4359 = ADVANCED_FACE ( 'NONE', ( #5260 ), #3834, .T. ) ;
#4360 = EDGE_CURVE ( 'NONE', #10240, #2584, #4580, .T. ) ;
#4361 = DIRECTION ( 'NONE',  ( 0.3236155771181846200, 0.8891264907159883700, 0.3236155771181846200 ) ) ;
#4362 = CARTESIAN_POINT ( 'NONE',  ( 0.1437500000000000700, -0.1400000000000000100, 0.05624999999999997400 ) ) ;
#4363 = VECTOR ( 'NONE', #8024, 39.37007874015748100 ) ;
#4364 = DIRECTION ( 'NONE',  ( 0.0000000000000000000, 0.0000000000000000000, -1.000000000000000000 ) ) ;
#4365 = FACE_OUTER_BOUND ( 'NONE', #11490, .T. ) ;
#4366 = ORIENTED_EDGE ( 'NONE', *, *, #4159, .F. ) ;
#4367 = PLANE ( 'NONE',  #556 ) ;
#4368 = EDGE_CURVE ( 'NONE', #7506, #1363, #8057, .T. ) ;
#4369 = DIRECTION ( 'NONE',  ( 0.0000000000000000000, -1.000000000000000000, 0.0000000000000000000 ) ) ;
#4370 = LINE ( 'NONE', #2864, #4924 ) ;
#4371 = LINE ( 'NONE', #10082, #208 ) ;
#4372 = FACE_OUTER_BOUND ( 'NONE', #1626, .T. ) ;
#4373 = CARTESIAN_POINT ( 'NONE',  ( -0.1000000000000000900, 0.3499999999999999800, -0.2280551275463990900 ) ) ;
#4374 = VERTEX_POINT ( 'NONE', #4716 ) ;
#4375 = VECTOR ( 'NONE', #5241, 39.37007874015748100 ) ;
#4376 = DIRECTION ( 'NONE',  ( -0.0000000000000000000, 1.000000000000000000, -0.0000000000000000000 ) ) ;
#4377 = VERTEX_POINT ( 'NONE', #7448 ) ;
#4378 = DIRECTION ( 'NONE',  ( 1.000000000000000000, 0.0000000000000000000, 0.0000000000000000000 ) ) ;
#4379 = ORIENTED_EDGE ( 'NONE', *, *, #4657, .T. ) ;
#4380 = ORIENTED_EDGE ( 'NONE', *, *, #9035, .T. ) ;
#4381 = ORIENTED_EDGE ( 'NONE', *, *, #9023, .T. ) ;
#4382 = VECTOR ( 'NONE', #10153, 39.37007874015748100 ) ;
#4383 = PLANE ( 'NONE',  #8277 ) ;
#4384 = CARTESIAN_POINT ( 'NONE',  ( 0.2375000000000000700, -0.1228282661284085800, 0.03749999999999999900 ) ) ;
#4385 = CARTESIAN_POINT ( 'NONE',  ( -0.2437499999999999900, 0.3299999999999999600, 0.04375000000000003900 ) ) ;
#4386 = LINE ( 'NONE', #10773, #7850 ) ;
#4387 = VECTOR ( 'NONE', #4842, 39.37007874015748100 ) ;
#4388 = DIRECTION ( 'NONE',  ( 0.0000000000000000000, 0.0000000000000000000, -1.000000000000000000 ) ) ;
#4389 = DIRECTION ( 'NONE',  ( 1.000000000000000000, 0.0000000000000000000, 0.0000000000000000000 ) ) ;
#4390 = ORIENTED_EDGE ( 'NONE', *, *, #2818, .T. ) ;
#4391 = VECTOR ( 'NONE', #10436, 39.37007874015748100 ) ;
#4392 = ORIENTED_EDGE ( 'NONE', *, *, #8519, .T. ) ;
#4393 = ORIENTED_EDGE ( 'NONE', *, *, #6291, .T. ) ;
#4394 = VECTOR ( 'NONE', #5987, 39.37007874015748100 ) ;
#4395 = EDGE_CURVE ( 'NONE', #7720, #1936, #2533, .T. ) ;
#4396 = ORIENTED_EDGE ( 'NONE', *, *, #4999, .T. ) ;
#4397 = ORIENTED_EDGE ( 'NONE', *, *, #5239, .T. ) ;
#4398 = ORIENTED_EDGE ( 'NONE', *, *, #10456, .F. ) ;
#4399 = ORIENTED_EDGE ( 'NONE', *, *, #11427, .T. ) ;
#4400 = ORIENTED_EDGE ( 'NONE', *, *, #10363, .F. ) ;
#4401 = ORIENTED_EDGE ( 'NONE', *, *, #5422, .F. ) ;
#4402 = DIRECTION ( 'NONE',  ( 1.000000000000000000, 0.0000000000000000000, -0.0000000000000000000 ) ) ;
#4403 = AXIS2_PLACEMENT_3D ( 'NONE', #1954, #224, #4526 ) ;
#4404 = ADVANCED_FACE ( 'NONE', ( #3080 ), #10070, .T. ) ;
#4405 = FACE_OUTER_BOUND ( 'NONE', #9956, .T. ) ;
#4406 = PLANE ( 'NONE',  #2357 ) ;
#4407 = ORIENTED_EDGE ( 'NONE', *, *, #6837, .T. ) ;
#4408 = ORIENTED_EDGE ( 'NONE', *, *, #2236, .F. ) ;
#4409 = ORIENTED_EDGE ( 'NONE', *, *, #2288, .F. ) ;
#4410 = ORIENTED_EDGE ( 'NONE', *, *, #10832, .F. ) ;
#4411 = EDGE_LOOP ( 'NONE', ( #3687, #9817, #10439, #4133 ) ) ;
#4412 = ORIENTED_EDGE ( 'NONE', *, *, #6907, .F. ) ;
#4413 = MANIFOLD_SOLID_BREP ( 'Pin[15]', #4160 ) ;
#4414 = LINE ( 'NONE', #2376, #3054 ) ;
#4415 = CARTESIAN_POINT ( 'NONE',  ( 0.0000000000000000000, 0.0000000000000000000, 0.06250000000000001400 ) ) ;
#4416 = ADVANCED_FACE ( 'NONE', ( #11369 ), #6594, .T. ) ;
#4417 = VERTEX_POINT ( 'NONE', #5701 ) ;
#4418 = CARTESIAN_POINT ( 'NONE',  ( -0.1625000000000003100, 0.3128282661284084700, -0.03749999999999999900 ) ) ;
#4419 = DIRECTION ( 'NONE',  ( -0.3236155771181856200, -0.8891264907159877100, 0.3236155771181856200 ) ) ;
#4420 = EDGE_LOOP ( 'NONE', ( #8011, #9529, #10358, #242 ) ) ;
#4421 = EDGE_CURVE ( 'NONE', #11439, #5502, #4033, .T. ) ;
#4422 = EDGE_LOOP ( 'NONE', ( #109, #649, #3453, #638 ) ) ;
#4423 = EDGE_LOOP ( 'NONE', ( #375, #5945, #5616, #5789 ) ) ;
#4424 = CARTESIAN_POINT ( 'NONE',  ( 0.3374999999999996900, 0.3299999999999999600, -0.03749999999999999900 ) ) ;
#4425 = VERTEX_POINT ( 'NONE', #559 ) ;
#4426 = AXIS2_PLACEMENT_3D ( 'NONE', #9019, #9893, #1116 ) ;
#4427 = CARTESIAN_POINT ( 'NONE',  ( -0.1401181760438387200, 0.3200216456890114800, -0.05988182395616160900 ) ) ;
#4428 = LINE ( 'NONE', #6913, #5816 ) ;
#4429 = DIRECTION ( 'NONE',  ( -0.0000000000000000000, 0.0000000000000000000, 1.000000000000000000 ) ) ;
#4430 = VECTOR ( 'NONE', #3377, 39.37007874015748100 ) ;
#4431 = CARTESIAN_POINT ( 'NONE',  ( 0.1624999999999997000, -0.01499999999999997700, -0.03749999999999999900 ) ) ;
#4432 = CARTESIAN_POINT ( 'NONE',  ( 0.4437499999999997600, -0.1400000000000000100, -0.04375000000000003900 ) ) ;
#4433 = EDGE_CURVE ( 'NONE', #7844, #5101, #1697, .T. ) ;
#4434 = VERTEX_POINT ( 'NONE', #6725 ) ;
#4435 = ORIENTED_EDGE ( 'NONE', *, *, #1128, .F. ) ;
#4436 = ORIENTED_EDGE ( 'NONE', *, *, #9285, .F. ) ;
#4437 = LINE ( 'NONE', #3888, #10114 ) ;
#4438 = ORIENTED_EDGE ( 'NONE', *, *, #10298, .T. ) ;
#4439 = EDGE_CURVE ( 'NONE', #8147, #10385, #9020, .T. ) ;
#4440 = VECTOR ( 'NONE', #3108, 39.37007874015748100 ) ;
#4441 = DIRECTION ( 'NONE',  ( 1.000000000000000000, 0.0000000000000000000, 0.0000000000000000000 ) ) ;
#4442 = AXIS2_PLACEMENT_3D ( 'NONE', #4855, #8393, #4891 ) ;
#4443 = DIRECTION ( 'NONE',  ( -1.000000000000000000, 0.0000000000000000000, -0.0000000000000000000 ) ) ;
#4444 = ORIENTED_EDGE ( 'NONE', *, *, #8460, .F. ) ;
#4445 = ORIENTED_EDGE ( 'NONE', *, *, #11448, .T. ) ;
#4446 = DIRECTION ( 'NONE',  ( 0.0000000000000000000, -1.000000000000000000, 0.0000000000000000000 ) ) ;
#4447 = VECTOR ( 'NONE', #10700, 39.37007874015748100 ) ;
#4448 = EDGE_CURVE ( 'NONE', #515, #11343, #7508, .T. ) ;
#4449 = DIRECTION ( 'NONE',  ( 1.000000000000000000, 0.0000000000000000000, 0.0000000000000000000 ) ) ;
#4450 = LINE ( 'NONE', #10213, #2115 ) ;
#4451 = DIRECTION ( 'NONE',  ( 1.000000000000000000, 0.0000000000000000000, 0.0000000000000000000 ) ) ;
#4452 = DIRECTION ( 'NONE',  ( -0.0000000000000000000, 1.000000000000000000, -0.0000000000000000000 ) ) ;
#4453 = DIRECTION ( 'NONE',  ( -0.0000000000000000000, 0.0000000000000000000, 1.000000000000000000 ) ) ;
#4454 = EDGE_CURVE ( 'NONE', #6457, #4294, #10410, .T. ) ;
#4455 = CARTESIAN_POINT ( 'NONE',  ( 0.1374999999999997100, -0.01499999999999997700, -0.06250000000000001400 ) ) ;
#4456 = AXIS2_PLACEMENT_3D ( 'NONE', #1367, #5805, #3984 ) ;
#4457 = LINE ( 'NONE', #6705, #5846 ) ;
#4458 = CARTESIAN_POINT ( 'NONE',  ( 0.2999999999999996600, -0.1400000000000000100, -0.1000000000000000100 ) ) ;
#4459 = EDGE_LOOP ( 'NONE', ( #9409, #9872, #7634, #2526 ) ) ;
#4460 = DIRECTION ( 'NONE',  ( -0.3236155771181856200, 0.8891264907159877100, 0.3236155771181856200 ) ) ;
#4461 = ORIENTED_EDGE ( 'NONE', *, *, #7178, .T. ) ;
#4462 = LENGTH_MEASURE_WITH_UNIT ( LENGTH_MEASURE( 0.02539999999999999900 ), #7765 );
#4463 = CARTESIAN_POINT ( 'NONE',  ( -0.03749999999999994300, -0.01499999999999997700, 0.06250000000000001400 ) ) ;
#4464 = DIRECTION ( 'NONE',  ( -1.000000000000000000, 0.0000000000000000000, -0.0000000000000000000 ) ) ;
#4465 = ADVANCED_FACE ( 'NONE', ( #3476 ), #10353, .F. ) ;
#4466 = DIRECTION ( 'NONE',  ( 0.0000000000000000000, -1.000000000000000000, 0.0000000000000000000 ) ) ;
#4467 = EDGE_CURVE ( 'NONE', #847, #6097, #10937, .T. ) ;
#4468 = LINE ( 'NONE', #4586, #7234 ) ;
#4469 = ORIENTED_EDGE ( 'NONE', *, *, #7905, .T. ) ;
#4470 = LINE ( 'NONE', #5257, #6146 ) ;
#4471 = ADVANCED_FACE ( 'NONE', ( #10259 ), #11276, .T. ) ;
#4472 = ORIENTED_EDGE ( 'NONE', *, *, #5770, .F. ) ;
#4473 = ORIENTED_EDGE ( 'NONE', *, *, #10467, .F. ) ;
#4474 = CARTESIAN_POINT ( 'NONE',  ( -0.2625000000000002900, 0.09999999999999992200, -0.06250000000000001400 ) ) ;
#4475 = DIRECTION ( 'NONE',  ( 1.000000000000000000, 0.0000000000000000000, 0.0000000000000000000 ) ) ;
#4476 = LINE ( 'NONE', #746, #42 ) ;
#4477 = CARTESIAN_POINT ( 'NONE',  ( 0.1000000000000000100, 0.05000000000000000300, 0.1825000000000000000 ) ) ;
#4478 = LINE ( 'NONE', #1796, #1863 ) ;
#4479 = CARTESIAN_POINT ( 'NONE',  ( -0.4375000000000000000, 0.3128282661284084700, 0.06250000000000001400 ) ) ;
#4480 = LINE ( 'NONE', #1755, #8784 ) ;
#4481 = CIRCLE ( 'NONE', #7695, 0.01499999999999997700 ) ;
#4482 = EDGE_CURVE ( 'NONE', #7733, #8687, #9306, .T. ) ;
#4483 = FACE_OUTER_BOUND ( 'NONE', #6660, .T. ) ;
#4484 = CARTESIAN_POINT ( 'NONE',  ( 0.2375000000000000700, 0.3299999999999999600, 0.06250000000000001400 ) ) ;
#4485 = DIRECTION ( 'NONE',  ( 1.000000000000000000, 0.0000000000000000000, 0.0000000000000000000 ) ) ;
#4486 = DIRECTION ( 'NONE',  ( 1.000000000000000000, 0.0000000000000000000, 0.0000000000000000000 ) ) ;
#4487 =( NAMED_UNIT ( * ) SI_UNIT ( $, .STERADIAN. ) SOLID_ANGLE_UNIT ( ) );
#4488 = LINE ( 'NONE', #5555, #9059 ) ;
#4489 = FACE_OUTER_BOUND ( 'NONE', #3950, .T. ) ;
#4490 = DIRECTION ( 'NONE',  ( 0.0000000000000000000, -0.3420201433256698200, 0.9396926207859079800 ) ) ;
#4491 = AXIS2_PLACEMENT_3D ( 'NONE', #6729, #3211, #11245 ) ;
#4492 = CARTESIAN_POINT ( 'NONE',  ( -0.1624999999999999800, -4.268512490100411300E-018, 0.06250000000000001400 ) ) ;
#4493 = CARTESIAN_POINT ( 'NONE',  ( -0.06250000000000029100, 0.3299999999999999600, -0.03749999999999999900 ) ) ;
#4494 = VECTOR ( 'NONE', #6473, 39.37007874015748100 ) ;
#4495 = FACE_OUTER_BOUND ( 'NONE', #3043, .T. ) ;
#4496 = DIRECTION ( 'NONE',  ( -0.0000000000000000000, 1.000000000000000000, -0.0000000000000000000 ) ) ;
#4497 = EDGE_CURVE ( 'NONE', #6205, #7530, #7783, .T. ) ;
#4498 = AXIS2_PLACEMENT_3D ( 'NONE', #7462, #8345, #8264 ) ;
#4499 = SURFACE_STYLE_FILL_AREA ( #1878 ) ;
#4500 = ORIENTED_EDGE ( 'NONE', *, *, #3406, .F. ) ;
#4501 = LINE ( 'NONE', #259, #9222 ) ;
#4502 = ORIENTED_EDGE ( 'NONE', *, *, #2780, .F. ) ;
#4503 = ORIENTED_EDGE ( 'NONE', *, *, #2734, .T. ) ;
#4504 = ORIENTED_EDGE ( 'NONE', *, *, #11485, .T. ) ;
#4505 = EDGE_CURVE ( 'NONE', #2085, #2192, #6539, .T. ) ;
#4506 = CARTESIAN_POINT ( 'NONE',  ( 0.1625000000000000300, -0.1228282661284085800, 0.06250000000000001400 ) ) ;
#4507 = VECTOR ( 'NONE', #3753, 39.37007874015748100 ) ;
#4508 = CARTESIAN_POINT ( 'NONE',  ( 0.04999999999999976000, 0.3499999999999999800, -0.1674999999999999800 ) ) ;
#4509 = FACE_OUTER_BOUND ( 'NONE', #9503, .T. ) ;
#4510 = ADVANCED_FACE ( 'NONE', ( #2787 ), #3266, .T. ) ;
#4511 = CARTESIAN_POINT ( 'NONE',  ( 0.3562500000000000700, -0.1400000000000000100, 0.04375000000000003900 ) ) ;
#4512 = EDGE_CURVE ( 'NONE', #5315, #4726, #1565, .T. ) ;
#4513 = ORIENTED_EDGE ( 'NONE', *, *, #2785, .T. ) ;
#4514 = LINE ( 'NONE', #2152, #8959 ) ;
#4515 = ORIENTED_EDGE ( 'NONE', *, *, #2236, .T. ) ;
#4516 = ORIENTED_EDGE ( 'NONE', *, *, #6693, .T. ) ;
#4517 = PRESENTATION_LAYER_ASSIGNMENT (  '', '', ( #2163 ) ) ;
#4518 = DIRECTION ( 'NONE',  ( 0.3236155771181846200, -0.8891264907159883700, 0.3236155771181846200 ) ) ;
#4519 = ORIENTED_EDGE ( 'NONE', *, *, #6914, .T. ) ;
#4520 = LINE ( 'NONE', #6321, #1356 ) ;
#4521 = DIRECTION ( 'NONE',  ( -0.0000000000000000000, 0.0000000000000000000, 1.000000000000000000 ) ) ;
#4522 = CARTESIAN_POINT ( 'NONE',  ( -0.06249999999999995100, -0.1228282661284085800, 0.03749999999999999900 ) ) ;
#4523 = ADVANCED_FACE ( 'NONE', ( #5387 ), #284, .F. ) ;
#4524 = DIRECTION ( 'NONE',  ( 0.0000000000000000000, 0.0000000000000000000, 1.000000000000000000 ) ) ;
#4525 = DIRECTION ( 'NONE',  ( -0.0000000000000000000, 1.000000000000000000, -0.0000000000000000000 ) ) ;
#4526 = DIRECTION ( 'NONE',  ( -1.000000000000000000, 0.0000000000000000000, -0.0000000000000000000 ) ) ;
#4527 = ORIENTED_EDGE ( 'NONE', *, *, #2521, .T. ) ;
#4528 = DIRECTION ( 'NONE',  ( 0.0000000000000000000, -1.000000000000000000, 0.0000000000000000000 ) ) ;
#4529 = ORIENTED_EDGE ( 'NONE', *, *, #7548, .F. ) ;
#4530 = ORIENTED_EDGE ( 'NONE', *, *, #1382, .T. ) ;
#4531 = ORIENTED_EDGE ( 'NONE', *, *, #5781, .T. ) ;
#4532 = DIRECTION ( 'NONE',  ( 0.0000000000000000000, -0.3420201433256698200, 0.9396926207859079800 ) ) ;
#4533 = VERTEX_POINT ( 'NONE', #1177 ) ;
#4534 = PRESENTATION_STYLE_ASSIGNMENT (( #5621 ) ) ;
#4535 = CARTESIAN_POINT ( 'NONE',  ( -0.06250000000000029100, 0.3128282661284084700, -0.06250000000000001400 ) ) ;
#4536 = LINE ( 'NONE', #5623, #381 ) ;
#4537 = AXIS2_PLACEMENT_3D ( 'NONE', #5958, #11404, #10552 ) ;
#4538 = CARTESIAN_POINT ( 'NONE',  ( -0.3437500000000000000, -0.1400000000000000100, 0.06250000000000001400 ) ) ;
#4539 = DIRECTION ( 'NONE',  ( -0.0000000000000000000, 0.0000000000000000000, 1.000000000000000000 ) ) ;
#4540 = ORIENTED_EDGE ( 'NONE', *, *, #10661, .T. ) ;
#4541 = ORIENTED_EDGE ( 'NONE', *, *, #3260, .T. ) ;
#4542 = VERTEX_POINT ( 'NONE', #4724 ) ;
#4543 = ORIENTED_EDGE ( 'NONE', *, *, #7298, .T. ) ;
#4544 = ORIENTED_EDGE ( 'NONE', *, *, #6390, .T. ) ;
#4545 = FACE_OUTER_BOUND ( 'NONE', #5326, .T. ) ;
#4546 = ORIENTED_EDGE ( 'NONE', *, *, #7472, .F. ) ;
#4547 = LINE ( 'NONE', #10324, #3322 ) ;
#4548 = EDGE_CURVE ( 'NONE', #10542, #3370, #709, .T. ) ;
#4549 = CARTESIAN_POINT ( 'NONE',  ( -0.1625000000000003100, 0.3128282661284084700, -0.03749999999999999900 ) ) ;
#4550 = PLANE ( 'NONE',  #542 ) ;
#4551 = ORIENTED_EDGE ( 'NONE', *, *, #7905, .F. ) ;
#4552 = ORIENTED_EDGE ( 'NONE', *, *, #4368, .T. ) ;
#4553 = EDGE_LOOP ( 'NONE', ( #4959, #4830, #4039, #4546 ) ) ;
#4554 = LINE ( 'NONE', #8441, #2223 ) ;
#4555 = EDGE_CURVE ( 'NONE', #10384, #10204, #6113, .T. ) ;
#4556 = DIRECTION ( 'NONE',  ( 0.0000000000000000000, 0.3420201433256686000, -0.9396926207859085400 ) ) ;
#4557 = DIRECTION ( 'NONE',  ( 0.9396926207859085400, 0.3420201433256686000, 0.0000000000000000000 ) ) ;
#4558 = AXIS2_PLACEMENT_3D ( 'NONE', #7546, #1359, #333 ) ;
#4559 = VERTEX_POINT ( 'NONE', #10833 ) ;
#4560 = VERTEX_POINT ( 'NONE', #6404 ) ;
#4561 = ORIENTED_EDGE ( 'NONE', *, *, #4943, .T. ) ;
#4562 = LINE ( 'NONE', #5562, #5115 ) ;
#4563 = DIRECTION ( 'NONE',  ( 0.0000000000000000000, 0.0000000000000000000, -1.000000000000000000 ) ) ;
#4564 = CARTESIAN_POINT ( 'NONE',  ( 0.1374999999999997100, 0.3299999999999999600, -0.06250000000000001400 ) ) ;
#4565 = VECTOR ( 'NONE', #5516, 39.37007874015748100 ) ;
#4566 = PLANE ( 'NONE',  #8719 ) ;
#4567 = EDGE_CURVE ( 'NONE', #6900, #1449, #4184, .T. ) ;
#4568 = LENGTH_MEASURE_WITH_UNIT ( LENGTH_MEASURE( 0.02539999999999999900 ), #7388 );
#4569 = DIRECTION ( 'NONE',  ( -0.0000000000000000000, 0.0000000000000000000, 1.000000000000000000 ) ) ;
#4570 = AXIS2_PLACEMENT_3D ( 'NONE', #11240, #5986, #7840 ) ;
#4571 = CARTESIAN_POINT ( 'NONE',  ( -0.4375000000000003300, -0.1400000000000000100, -0.05624999999999997400 ) ) ;
#4572 = ADVANCED_FACE ( 'NONE', ( #11081 ), #6445, .F. ) ;
#4573 = ORIENTED_EDGE ( 'NONE', *, *, #3639, .F. ) ;
#4574 = DIRECTION ( 'NONE',  ( -0.0000000000000000000, 0.0000000000000000000, 1.000000000000000000 ) ) ;
#4575 = CARTESIAN_POINT ( 'NONE',  ( -0.04011817604383836200, -0.1300216456890116200, 0.04011817604383840400 ) ) ;
#4576 = VERTEX_POINT ( 'NONE', #8752 ) ;
#4577 = VECTOR ( 'NONE', #6551, 39.37007874015748100 ) ;
#4578 = EDGE_CURVE ( 'NONE', #5629, #2204, #3623, .T. ) ;
#4579 = ADVANCED_FACE ( 'NONE', ( #3744 ), #7926, .T. ) ;
#4580 = LINE ( 'NONE', #8246, #6686 ) ;
#4581 = EDGE_CURVE ( 'NONE', #1308, #6768, #8466, .T. ) ;
#4582 = AXIS2_PLACEMENT_3D ( 'NONE', #6171, #7034, #3425 ) ;
#4583 = VECTOR ( 'NONE', #4525, 39.37007874015748100 ) ;
#4584 = DIRECTION ( 'NONE',  ( 0.3236155771181846200, -0.8891264907159883700, -0.3236155771181846200 ) ) ;
#4585 = DIRECTION ( 'NONE',  ( -0.0000000000000000000, -1.000000000000000000, -0.0000000000000000000 ) ) ;
#4586 = CARTESIAN_POINT ( 'NONE',  ( 0.2625000000000000700, -0.1228282661284085800, 0.06250000000000001400 ) ) ;
#4587 = EDGE_CURVE ( 'NONE', #8536, #4056, #8046, .T. ) ;
#4588 = CARTESIAN_POINT ( 'NONE',  ( 0.06249999999999974300, 0.3128282661284084700, -0.03749999999999999900 ) ) ;
#4589 = ORIENTED_EDGE ( 'NONE', *, *, #8657, .T. ) ;
#4590 = CARTESIAN_POINT ( 'NONE',  ( -0.06250000000000029100, -4.268512490100411300E-018, -0.03749999999999999900 ) ) ;
#4591 = PLANE ( 'NONE',  #7054 ) ;
#4592 = DIMENSIONAL_EXPONENTS ( 1.000000000000000000, 0.0000000000000000000, 0.0000000000000000000, 0.0000000000000000000, 0.0000000000000000000, 0.0000000000000000000, 0.0000000000000000000 ) ;
#4593 = EDGE_CURVE ( 'NONE', #10858, #9111, #1418, .T. ) ;
#4594 = DIRECTION ( 'NONE',  ( 0.0000000000000000000, 0.0000000000000000000, -1.000000000000000000 ) ) ;
#4595 = DIRECTION ( 'NONE',  ( 1.000000000000000000, 0.0000000000000000000, 0.0000000000000000000 ) ) ;
#4596 =( CONVERSION_BASED_UNIT ( 'INCH', #206 ) LENGTH_UNIT ( ) NAMED_UNIT ( #188 ) );
#4597 = AXIS2_PLACEMENT_3D ( 'NONE', #5056, #6985, #8724 ) ;
#4598 = ORIENTED_EDGE ( 'NONE', *, *, #9583, .T. ) ;
#4599 = ORIENTED_EDGE ( 'NONE', *, *, #6540, .T. ) ;
#4600 = DIRECTION ( 'NONE',  ( 1.000000000000000000, 0.0000000000000000000, 0.0000000000000000000 ) ) ;
#4601 = LINE ( 'NONE', #11080, #8354 ) ;
#4602 = FILL_AREA_STYLE_COLOUR ( '', #1731 ) ;
#4603 = PLANE ( 'NONE',  #4863 ) ;
#4604 = DIRECTION ( 'NONE',  ( 0.0000000000000000000, 0.0000000000000000000, -1.000000000000000000 ) ) ;
#4605 = PLANE ( 'NONE',  #7334 ) ;
#4606 = VECTOR ( 'NONE', #9748, 39.37007874015748100 ) ;
#4607 = ORIENTED_EDGE ( 'NONE', *, *, #6791, .T. ) ;
#4608 = VERTEX_POINT ( 'NONE', #10238 ) ;
#4609 = VECTOR ( 'NONE', #5649, 39.37007874015748100 ) ;
#4610 = FACE_BOUND ( 'NONE', #10812, .T. ) ;
#4611 = ORIENTED_EDGE ( 'NONE', *, *, #343, .T. ) ;
#4612 = CARTESIAN_POINT ( 'NONE',  ( 0.3624999999999997100, 0.3128282661284084700, -0.06250000000000001400 ) ) ;
#4613 = DIRECTION ( 'NONE',  ( 0.0000000000000000000, 0.0000000000000000000, -1.000000000000000000 ) ) ;
#4614 = VECTOR ( 'NONE', #1207, 39.37007874015748100 ) ;
#4615 = VECTOR ( 'NONE', #44, 39.37007874015748100 ) ;
#4617 = ADVANCED_FACE ( 'NONE', ( #2524 ), #2716, .T. ) ;
#4616 = LINE ( 'NONE', #5363, #2291 ) ;
#4618 = LINE ( 'NONE', #1314, #2292 ) ;
#4619 = PRESENTATION_LAYER_ASSIGNMENT (  '', '', ( #2051 ) ) ;
#4620 = CARTESIAN_POINT ( 'NONE',  ( -0.4375000000000000000, -0.1400000000000000100, 0.04375000000000003900 ) ) ;
#4621 = CARTESIAN_POINT ( 'NONE',  ( 0.5749999999999996200, 0.3499999999999999800, -0.1825000000000000000 ) ) ;
#4622 = CIRCLE ( 'NONE', #7376, 0.01499999999999997700 ) ;
#4623 = EDGE_CURVE ( 'NONE', #10625, #1823, #6821, .T. ) ;
#4624 = CARTESIAN_POINT ( 'NONE',  ( -0.1375000000000003200, -0.01499999999999997700, -0.03749999999999999900 ) ) ;
#4625 = DIRECTION ( 'NONE',  ( -1.000000000000000000, 0.0000000000000000000, 0.0000000000000000000 ) ) ;
#4626 = ADVANCED_FACE ( 'NONE', ( #8743 ), #2308, .F. ) ;
#4627 = DIRECTION ( 'NONE',  ( 0.0000000000000000000, 0.0000000000000000000, -1.000000000000000000 ) ) ;
#4628 = DIRECTION ( 'NONE',  ( 0.3236155771181856200, 0.8891264907159877100, 0.3236155771181856200 ) ) ;
#4629 = EDGE_LOOP ( 'NONE', ( #4504, #10386, #1114, #10488 ) ) ;
#4630 = DIRECTION ( 'NONE',  ( -0.0000000000000000000, 1.000000000000000000, -0.0000000000000000000 ) ) ;
#4631 = EDGE_CURVE ( 'NONE', #11227, #7049, #9851, .T. ) ;
#4632 = CARTESIAN_POINT ( 'NONE',  ( -0.1562500000000002800, 0.3299999999999999600, -0.03749999999999999900 ) ) ;
#4633 = LINE ( 'NONE', #8699, #8672 ) ;
#4634 = CARTESIAN_POINT ( 'NONE',  ( 0.2562499999999996400, 0.3299999999999999600, -0.04375000000000003900 ) ) ;
#4635 = EDGE_LOOP ( 'NONE', ( #8282, #7495, #5951, #459 ) ) ;
#4636 = ORIENTED_EDGE ( 'NONE', *, *, #10600, .F. ) ;
#4637 = ORIENTED_EDGE ( 'NONE', *, *, #11353, .F. ) ;
#4638 = DIRECTION ( 'NONE',  ( -0.0000000000000000000, 1.000000000000000000, -0.0000000000000000000 ) ) ;
#4639 = ORIENTED_EDGE ( 'NONE', *, *, #4482, .F. ) ;
#4640 = EDGE_CURVE ( 'NONE', #5256, #5512, #11234, .T. ) ;
#4641 = ORIENTED_EDGE ( 'NONE', *, *, #6823, .T. ) ;
#4642 = LINE ( 'NONE', #9767, #2472 ) ;
#4643 = LINE ( 'NONE', #602, #5306 ) ;
#4644 = DIRECTION ( 'NONE',  ( 0.3236155771181846200, -0.8891264907159883700, 0.3236155771181846200 ) ) ;
#4645 = DIRECTION ( 'NONE',  ( -0.9396926207859085400, 0.3420201433256686000, 0.0000000000000000000 ) ) ;
#4646 = VERTEX_POINT ( 'NONE', #10755 ) ;
#4647 = EDGE_LOOP ( 'NONE', ( #7083, #2055, #906, #8681 ) ) ;
#4648 = LINE ( 'NONE', #1676, #2329 ) ;
#4649 = EDGE_CURVE ( 'NONE', #6498, #5922, #425, .T. ) ;
#4650 = ORIENTED_EDGE ( 'NONE', *, *, #11290, .T. ) ;
#4651 =( CONVERSION_BASED_UNIT ( 'INCH', #2345 ) LENGTH_UNIT ( ) NAMED_UNIT ( #7662 ) );
#4652 = VERTEX_POINT ( 'NONE', #9033 ) ;
#4653 = CARTESIAN_POINT ( 'NONE',  ( -0.3625000000000003200, -0.01499999999999997700, -0.06250000000000001400 ) ) ;
#4654 = LINE ( 'NONE', #6728, #9929 ) ;
#4655 = FILL_AREA_STYLE ('',( #9971 ) ) ;
#4656 = DIRECTION ( 'NONE',  ( 0.0000000000000000000, 0.0000000000000000000, 1.000000000000000000 ) ) ;
#4657 = EDGE_CURVE ( 'NONE', #5901, #3417, #2113, .T. ) ;
#4658 = ORIENTED_EDGE ( 'NONE', *, *, #5538, .T. ) ;
#4659 = STYLED_ITEM ( 'NONE', ( #1845 ), #6852 ) ;
#4660 = ORIENTED_EDGE ( 'NONE', *, *, #4555, .T. ) ;
#4661 = PLANE ( 'NONE',  #3386 ) ;
#4662 = ORIENTED_EDGE ( 'NONE', *, *, #1033, .T. ) ;
#4663 = VERTEX_POINT ( 'NONE', #2838 ) ;
#4664 = ORIENTED_EDGE ( 'NONE', *, *, #2162, .F. ) ;
#4665 = VERTEX_POINT ( 'NONE', #2878 ) ;
#4666 = LINE ( 'NONE', #5449, #8004 ) ;
#4667 = CARTESIAN_POINT ( 'NONE',  ( 0.05988182395616166400, 0.3200216456890114800, 0.04011817604383839700 ) ) ;
#4668 = CARTESIAN_POINT ( 'NONE',  ( -0.1374999999999999600, -0.1228282661284085800, 0.06250000000000001400 ) ) ;
#4669 = FACE_OUTER_BOUND ( 'NONE', #2486, .T. ) ;
#4670 = CARTESIAN_POINT ( 'NONE',  ( -0.03750000000000028300, 0.3299999999999999600, -0.03749999999999999900 ) ) ;
#4671 = CARTESIAN_POINT ( 'NONE',  ( -0.2562499999999999200, 0.3299999999999999600, 0.06250000000000001400 ) ) ;
#4672 = EDGE_CURVE ( 'NONE', #688, #4674, #6527, .T. ) ;
#4673 = CARTESIAN_POINT ( 'NONE',  ( 0.2375000000000000700, 0.3128282661284084700, 0.06250000000000001400 ) ) ;
#4674 = VERTEX_POINT ( 'NONE', #10689 ) ;
#4675 = EDGE_LOOP ( 'NONE', ( #5335, #10343, #5446, #7313 ) ) ;
#4676 = CARTESIAN_POINT ( 'NONE',  ( -0.3437500000000000000, 0.3299999999999999600, 0.05624999999999997400 ) ) ;
#4677 = ORIENTED_EDGE ( 'NONE', *, *, #872, .F. ) ;
#4678 = ORIENTED_EDGE ( 'NONE', *, *, #192, .T. ) ;
#4679 = EDGE_LOOP ( 'NONE', ( #6452, #7856, #8442, #8822 ) ) ;
#4680 = DIRECTION ( 'NONE',  ( 0.0000000000000000000, 0.3420201433256686000, -0.9396926207859085400 ) ) ;
#4681 = LINE ( 'NONE', #489, #3183 ) ;
#4682 = ADVANCED_FACE ( 'NONE', ( #11359 ), #4605, .T. ) ;
#4683 = AXIS2_PLACEMENT_3D ( 'NONE', #5207, #7871, #13 ) ;
#4684 = FACE_OUTER_BOUND ( 'NONE', #9164, .T. ) ;
#4685 = CARTESIAN_POINT ( 'NONE',  ( 0.03749999999999973500, 0.3128282661284084700, -0.03749999999999999900 ) ) ;
#4686 = DIRECTION ( 'NONE',  ( -1.000000000000000000, -2.845674993400274400E-016, 0.0000000000000000000 ) ) ;
#4687 = ORIENTED_EDGE ( 'NONE', *, *, #7262, .F. ) ;
#4688 = ORIENTED_EDGE ( 'NONE', *, *, #9676, .F. ) ;
#4689 = ORIENTED_EDGE ( 'NONE', *, *, #3832, .T. ) ;
#4690 = VERTEX_POINT ( 'NONE', #1924 ) ;
#4691 = UNCERTAINTY_MEASURE_WITH_UNIT (LENGTH_MEASURE( 1.000000000000000100E-005 ), #9435, 'distance_accuracy_value', 'NONE');
#4692 = ADVANCED_FACE ( 'NONE', ( #3340 ), #9067, .T. ) ;
#4693 = FACE_OUTER_BOUND ( 'NONE', #3567, .T. ) ;
#4694 = EDGE_CURVE ( 'NONE', #10220, #4928, #9710, .T. ) ;
#4695 = FACE_OUTER_BOUND ( 'NONE', #2769, .T. ) ;
#4696 = CARTESIAN_POINT ( 'NONE',  ( 0.4375000000000001100, -0.01499999999999997700, 0.06250000000000001400 ) ) ;
#4697 = PLANE ( 'NONE',  #9160 ) ;
#4698 = AXIS2_PLACEMENT_3D ( 'NONE', #10260, #11136, #7756 ) ;
#4699 = EDGE_CURVE ( 'NONE', #10371, #8475, #8875, .T. ) ;
#4700 = VERTEX_POINT ( 'NONE', #2033 ) ;
#4701 = EDGE_LOOP ( 'NONE', ( #4540, #10186, #4412, #1398 ) ) ;
#4702 =( CONVERSION_BASED_UNIT ( 'INCH', #8915 ) LENGTH_UNIT ( ) NAMED_UNIT ( #503 ) );
#4703 = ORIENTED_EDGE ( 'NONE', *, *, #4807, .T. ) ;
#4704 = VECTOR ( 'NONE', #9993, 39.37007874015748100 ) ;
#4705 = DIRECTION ( 'NONE',  ( 0.0000000000000000000, 0.0000000000000000000, 1.000000000000000000 ) ) ;
#4706 = VECTOR ( 'NONE', #7370, 39.37007874015748100 ) ;
#4707 = CARTESIAN_POINT ( 'NONE',  ( 0.4375000000000001100, 0.0000000000000000000, 0.0000000000000000000 ) ) ;
#4708 = CARTESIAN_POINT ( 'NONE',  ( 0.1625000000000000300, -0.01499999999999997700, 0.03749999999999999900 ) ) ;
#4709 = DIRECTION ( 'NONE',  ( 0.0000000000000000000, -1.000000000000000000, -4.097771990496395300E-016 ) ) ;
#4710 = ORIENTED_EDGE ( 'NONE', *, *, #11456, .T. ) ;
#4711 = CARTESIAN_POINT ( 'NONE',  ( -0.4375000000000000000, 0.09999999999999992200, 0.06250000000000001400 ) ) ;
#4712 = VECTOR ( 'NONE', #6282, 39.37007874015748100 ) ;
#4713 = EDGE_CURVE ( 'NONE', #5942, #10762, #4176, .T. ) ;
#4714 = CARTESIAN_POINT ( 'NONE',  ( -0.1374999999999999600, -0.1228282661284085800, 0.06250000000000001400 ) ) ;
#4715 = DIRECTION ( 'NONE',  ( 1.000000000000000000, 0.0000000000000000000, 0.0000000000000000000 ) ) ;
#4716 = CARTESIAN_POINT ( 'NONE',  ( -0.4625000000000003000, -0.1228282661284084400, -0.06250000000000001400 ) ) ;
#4717 = DIRECTION ( 'NONE',  ( 0.0000000000000000000, 1.836970198721030200E-016, -1.000000000000000000 ) ) ;
#4718 = DIRECTION ( 'NONE',  ( -0.3236155771181856200, -0.8891264907159877100, 0.3236155771181856200 ) ) ;
#4719 = LINE ( 'NONE', #5346, #6971 ) ;
#4720 = CARTESIAN_POINT ( 'NONE',  ( -0.5250000000000003600, 0.3325000000000001800, 0.1324999999999999500 ) ) ;
#4721 = ORIENTED_EDGE ( 'NONE', *, *, #24, .T. ) ;
#4722 = EDGE_CURVE ( 'NONE', #1073, #9789, #10928, .T. ) ;
#4723 = ORIENTED_EDGE ( 'NONE', *, *, #897, .T. ) ;
#4724 = CARTESIAN_POINT ( 'NONE',  ( 0.3375000000000000800, -4.268512490100411300E-018, 0.03749999999999999900 ) ) ;
#4725 = PLANE ( 'NONE',  #8434 ) ;
#4726 = VERTEX_POINT ( 'NONE', #89 ) ;
#4727 = EDGE_CURVE ( 'NONE', #2584, #9813, #8601, .T. ) ;
#4728 = SURFACE_SIDE_STYLE ('',( #6911 ) ) ;
#4729 = PRESENTATION_LAYER_ASSIGNMENT (  '', '', ( #4169 ) ) ;
#4730 = DIRECTION ( 'NONE',  ( 1.000000000000000000, 0.0000000000000000000, 0.0000000000000000000 ) ) ;
#4731 = VECTOR ( 'NONE', #1372, 39.37007874015748100 ) ;
#4732 = DIRECTION ( 'NONE',  ( 0.0000000000000000000, 0.0000000000000000000, -1.000000000000000000 ) ) ;
#4733 = ADVANCED_FACE ( 'NONE', ( #1826 ), #1883, .T. ) ;
#4734 = PLANE ( 'NONE',  #3618 ) ;
#4735 = ORIENTED_EDGE ( 'NONE', *, *, #177, .F. ) ;
#4736 = PLANE ( 'NONE',  #4558 ) ;
#4737 = EDGE_LOOP ( 'NONE', ( #8765, #742, #11232, #9815 ) ) ;
#4738 = VECTOR ( 'NONE', #10462, 39.37007874015748100 ) ;
#4739 = CARTESIAN_POINT ( 'NONE',  ( -0.5250000000000003600, 0.09999999999999996400, 0.1324999999999999500 ) ) ;
#4740 = ADVANCED_FACE ( 'NONE', ( #7354 ), #5485, .F. ) ;
#4741 = DIRECTION ( 'NONE',  ( -0.0000000000000000000, -0.0000000000000000000, -1.000000000000000000 ) ) ;
#4742 = CARTESIAN_POINT ( 'NONE',  ( 0.4562499999999996600, 0.3299999999999999600, -0.05624999999999997400 ) ) ;
#4743 = DIRECTION ( 'NONE',  ( 1.000000000000000000, 0.0000000000000000000, 0.0000000000000000000 ) ) ;
#4744 = AXIS2_PLACEMENT_3D ( 'NONE', #8108, #1024, #9825 ) ;
#4745 = CARTESIAN_POINT ( 'NONE',  ( 0.0000000000000000000, 0.09999999999999996400, 0.06250000000000001400 ) ) ;
#4746 = VECTOR ( 'NONE', #5046, 39.37007874015748100 ) ;
#4747 = LINE ( 'NONE', #4463, #193 ) ;
#4748 = CARTESIAN_POINT ( 'NONE',  ( -0.3624999999999999300, -0.1228282661284085800, 0.06250000000000001400 ) ) ;
#4749 = LINE ( 'NONE', #11202, #1165 ) ;
#4750 = LINE ( 'NONE', #4882, #2693 ) ;
#4751 = CARTESIAN_POINT ( 'NONE',  ( -0.4200000000000002100, 0.3499999999999999800, 0.1825000000000000000 ) ) ;
#4752 = EDGE_CURVE ( 'NONE', #10722, #7186, #3610, .T. ) ;
#4753 = CARTESIAN_POINT ( 'NONE',  ( 0.3624999999999997100, 0.3128282661284084700, -0.03749999999999999900 ) ) ;
#4754 = DIRECTION ( 'NONE',  ( 0.3236155771181856200, 0.8891264907159877100, 0.3236155771181856200 ) ) ;
#4755 = DIRECTION ( 'NONE',  ( 1.000000000000000000, 0.0000000000000000000, 0.0000000000000000000 ) ) ;
#4756 = LINE ( 'NONE', #4673, #2433 ) ;
#4757 = DIRECTION ( 'NONE',  ( -1.000000000000000000, 0.0000000000000000000, 0.0000000000000000000 ) ) ;
#4758 = AXIS2_PLACEMENT_3D ( 'NONE', #9840, #3716, #9900 ) ;
#4759 = LINE ( 'NONE', #5402, #1606 ) ;
#4760 = VECTOR ( 'NONE', #446, 39.37007874015748100 ) ;
#4761 = CARTESIAN_POINT ( 'NONE',  ( 0.0000000000000000000, 0.0000000000000000000, 0.06250000000000001400 ) ) ;
#4762 = CARTESIAN_POINT ( 'NONE',  ( 0.4625000000000001300, 0.3299999999999999600, 0.06250000000000001400 ) ) ;
#4763 = CARTESIAN_POINT ( 'NONE',  ( -0.2375000000000002900, 0.09999999999999992200, -0.06250000000000001400 ) ) ;
#4764 = PRESENTATION_LAYER_ASSIGNMENT (  '', '', ( #3604 ) ) ;
#4765 = FACE_OUTER_BOUND ( 'NONE', #6360, .T. ) ;
#4766 = AXIS2_PLACEMENT_3D ( 'NONE', #7319, #2013, #8198 ) ;
#4767 = SURFACE_SIDE_STYLE ('',( #4838 ) ) ;
#4768 = DIRECTION ( 'NONE',  ( -0.0000000000000000000, 1.000000000000000000, -0.0000000000000000000 ) ) ;
#4769 = ORIENTED_EDGE ( 'NONE', *, *, #11205, .T. ) ;
#4770 = ORIENTED_EDGE ( 'NONE', *, *, #8964, .F. ) ;
#4771 = ORIENTED_EDGE ( 'NONE', *, *, #9077, .T. ) ;
#4772 = ORIENTED_EDGE ( 'NONE', *, *, #5433, .T. ) ;
#4773 = EDGE_CURVE ( 'NONE', #8687, #1663, #10666, .T. ) ;
#4774 = LINE ( 'NONE', #8993, #4507 ) ;
#4775 = AXIS2_PLACEMENT_3D ( 'NONE', #8619, #2576, #2546 ) ;
#4776 = LINE ( 'NONE', #6903, #5453 ) ;
#4777 = DIRECTION ( 'NONE',  ( 0.0000000000000000000, 0.0000000000000000000, -1.000000000000000000 ) ) ;
#4778 = VECTOR ( 'NONE', #11242, 39.37007874015748100 ) ;
#4779 = CARTESIAN_POINT ( 'NONE',  ( 0.06250000000000008300, 0.3299999999999999600, 0.05624999999999997400 ) ) ;
#4781 = ORIENTED_EDGE ( 'NONE', *, *, #8169, .F. ) ;
#4780 = DIRECTION ( 'NONE',  ( -1.000000000000000000, -0.0000000000000000000, -0.0000000000000000000 ) ) ;
#4782 = LINE ( 'NONE', #5384, #2044 ) ;
#4783 = ORIENTED_EDGE ( 'NONE', *, *, #8499, .T. ) ;
#4784 = DIRECTION ( 'NONE',  ( -1.000000000000000000, 0.0000000000000000000, -0.0000000000000000000 ) ) ;
#4785 = VERTEX_POINT ( 'NONE', #8962 ) ;
#4786 = ORIENTED_EDGE ( 'NONE', *, *, #1493, .T. ) ;
#4787 = DIRECTION ( 'NONE',  ( 0.0000000000000000000, 0.0000000000000000000, -1.000000000000000000 ) ) ;
#4788 = EDGE_CURVE ( 'NONE', #10513, #8718, #3886, .T. ) ;
#4789 = SURFACE_STYLE_USAGE ( .BOTH. , #346 ) ;
#4790 = ADVANCED_FACE ( 'NONE', ( #6243 ), #10861, .T. ) ;
#4791 = FILL_AREA_STYLE_COLOUR ( '', #3113 ) ;
#4792 = VECTOR ( 'NONE', #2238, 39.37007874015748100 ) ;
#4793 = DIRECTION ( 'NONE',  ( -0.0000000000000000000, -0.0000000000000000000, 1.000000000000000000 ) ) ;
#4794 = EDGE_LOOP ( 'NONE', ( #8392, #2644, #1219, #7893 ) ) ;
#4795 = EDGE_CURVE ( 'NONE', #8570, #5181, #2516, .T. ) ;
#4796 = VERTEX_POINT ( 'NONE', #2120 ) ;
#4797 = ORIENTED_EDGE ( 'NONE', *, *, #9312, .F. ) ;
#4798 = CARTESIAN_POINT ( 'NONE',  ( -0.2625000000000002900, 0.3128282661284084700, -0.03749999999999999900 ) ) ;
#4799 = EDGE_LOOP ( 'NONE', ( #5637, #2001, #1375, #4121 ) ) ;
#4800 = ORIENTED_EDGE ( 'NONE', *, *, #8010, .T. ) ;
#4801 = ORIENTED_EDGE ( 'NONE', *, *, #3095, .T. ) ;
#4802 = FACE_OUTER_BOUND ( 'NONE', #2053, .T. ) ;
#4803 = DIRECTION ( 'NONE',  ( 0.0000000000000000000, 0.3420201433256686000, -0.9396926207859085400 ) ) ;
#4804 = ADVANCED_FACE ( 'NONE', ( #8038 ), #277, .T. ) ;
#4805 = VECTOR ( 'NONE', #9197, 39.37007874015748100 ) ;
#4806 = VERTEX_POINT ( 'NONE', #6601 ) ;
#4807 = EDGE_CURVE ( 'NONE', #5670, #8362, #7637, .T. ) ;
#4808 = ORIENTED_EDGE ( 'NONE', *, *, #11401, .F. ) ;
#4809 = DIRECTION ( 'NONE',  ( 0.0000000000000000000, -1.000000000000000000, 0.0000000000000000000 ) ) ;
#4810 = EDGE_LOOP ( 'NONE', ( #2808, #2134, #1649, #10012 ) ) ;
#4811 = EDGE_LOOP ( 'NONE', ( #8860, #1803, #9547, #8861 ) ) ;
#4812 = ORIENTED_EDGE ( 'NONE', *, *, #1934, .F. ) ;
#4813 = ORIENTED_EDGE ( 'NONE', *, *, #9334, .F. ) ;
#4814 = VECTOR ( 'NONE', #7591, 39.37007874015748100 ) ;
#4815 = CARTESIAN_POINT ( 'NONE',  ( 0.05625000000000005000, -0.1400000000000000100, 0.05624999999999997400 ) ) ;
#4816 = EDGE_CURVE ( 'NONE', #931, #10067, #4562, .T. ) ;
#4817 = VECTOR ( 'NONE', #2379, 39.37007874015748100 ) ;
#4818 = AXIS2_PLACEMENT_3D ( 'NONE', #11145, #6800, #432 ) ;
#4819 = ORIENTED_EDGE ( 'NONE', *, *, #2375, .F. ) ;
#4820 = ORIENTED_EDGE ( 'NONE', *, *, #5561, .F. ) ;
#4821 = ORIENTED_EDGE ( 'NONE', *, *, #7955, .F. ) ;
#4822 = ORIENTED_EDGE ( 'NONE', *, *, #11389, .T. ) ;
#4823 = CARTESIAN_POINT ( 'NONE',  ( -0.4562499999999999300, -0.1400000000000000100, 0.04375000000000003900 ) ) ;
#4824 = LINE ( 'NONE', #2825, #1675 ) ;
#4825 = DIRECTION ( 'NONE',  ( -0.0000000000000000000, 0.0000000000000000000, 1.000000000000000000 ) ) ;
#4826 = CARTESIAN_POINT ( 'NONE',  ( 0.3375000000000000800, -0.1228282661284085800, 0.03749999999999999900 ) ) ;
#4827 = DIRECTION ( 'NONE',  ( -1.000000000000000000, 0.0000000000000000000, -0.0000000000000000000 ) ) ;
#4828 = ORIENTED_EDGE ( 'NONE', *, *, #1844, .T. ) ;
#4829 = EDGE_LOOP ( 'NONE', ( #1734, #10102, #1956, #5337 ) ) ;
#4830 = ORIENTED_EDGE ( 'NONE', *, *, #5005, .F. ) ;
#4831 = AXIS2_PLACEMENT_3D ( 'NONE', #628, #711, #671 ) ;
#4832 = VECTOR ( 'NONE', #2393, 39.37007874015748100 ) ;
#4833 = DIRECTION ( 'NONE',  ( 0.0000000000000000000, 0.0000000000000000000, 1.000000000000000000 ) ) ;
#4834 = CARTESIAN_POINT ( 'NONE',  ( 0.5999999999999999800, 0.3299999999999999600, 0.0000000000000000000 ) ) ;
#4835 = VECTOR ( 'NONE', #10599, 39.37007874015748100 ) ;
#4836 =( NAMED_UNIT ( * ) SI_UNIT ( $, .STERADIAN. ) SOLID_ANGLE_UNIT ( ) );
#4837 = PLANE ( 'NONE',  #6032 ) ;
#4838 = SURFACE_STYLE_FILL_AREA ( #4655 ) ;
#4839 = DIRECTION ( 'NONE',  ( 0.3236155771181856200, 0.8891264907159877100, 0.3236155771181856200 ) ) ;
#4840 = CARTESIAN_POINT ( 'NONE',  ( -0.3625000000000003200, -0.1228282661284085800, -0.03749999999999999900 ) ) ;
#4841 = VERTEX_POINT ( 'NONE', #3952 ) ;
#4842 = DIRECTION ( 'NONE',  ( 0.3236155771181846200, 0.8891264907159883700, -0.3236155771181846200 ) ) ;
#4843 = DIRECTION ( 'NONE',  ( 0.0000000000000000000, -0.0000000000000000000, -1.000000000000000000 ) ) ;
#4844 = EDGE_LOOP ( 'NONE', ( #10475, #5269, #5655, #3432 ) ) ;
#4845 = DIRECTION ( 'NONE',  ( 1.000000000000000000, 0.0000000000000000000, 0.0000000000000000000 ) ) ;
#4846 = AXIS2_PLACEMENT_3D ( 'NONE', #1001, #7202, #178 ) ;
#4847 = EDGE_CURVE ( 'NONE', #2636, #5573, #141, .T. ) ;
#4848 = DIRECTION ( 'NONE',  ( 0.0000000000000000000, 0.0000000000000000000, -1.000000000000000000 ) ) ;
#4849 = AXIS2_PLACEMENT_3D ( 'NONE', #9845, #9806, #77 ) ;
#4850 = EDGE_LOOP ( 'NONE', ( #10516, #7845, #10644, #9804 ) ) ;
#4851 = VECTOR ( 'NONE', #1014, 39.37007874015748100 ) ;
#4852 = STYLED_ITEM ( 'NONE', ( #6296 ), #2105 ) ;
#4853 = LINE ( 'NONE', #2424, #10684 ) ;
#4854 = EDGE_CURVE ( 'NONE', #2941, #173, #5963, .T. ) ;
#4855 = CARTESIAN_POINT ( 'NONE',  ( -0.4624999999999999700, -0.01499999999999997700, 0.06250000000000001400 ) ) ;
#4856 = ADVANCED_FACE ( 'NONE', ( #4980 ), #10116, .F. ) ;
#4857 =( NAMED_UNIT ( * ) SI_UNIT ( $, .STERADIAN. ) SOLID_ANGLE_UNIT ( ) );
#4858 = DIRECTION ( 'NONE',  ( 0.0000000000000000000, 0.0000000000000000000, -1.000000000000000000 ) ) ;
#4859 = DIRECTION ( 'NONE',  ( 1.000000000000000000, 0.0000000000000000000, 0.0000000000000000000 ) ) ;
#4860 = CARTESIAN_POINT ( 'NONE',  ( 0.5249999999999995800, 0.2500000000000000000, 0.06500000000000003000 ) ) ;
#4861 = FACE_OUTER_BOUND ( 'NONE', #11475, .T. ) ;
#4862 = EDGE_CURVE ( 'NONE', #5389, #6457, #8324, .T. ) ;
#4863 = AXIS2_PLACEMENT_3D ( 'NONE', #9990, #4680, #1133 ) ;
#4864 = VERTEX_POINT ( 'NONE', #6562 ) ;
#4865 = CARTESIAN_POINT ( 'NONE',  ( 0.3625000000000001000, -0.1228282661284085800, 0.06250000000000001400 ) ) ;
#4866 = CARTESIAN_POINT ( 'NONE',  ( -0.3625000000000003200, 0.09999999999999992200, -0.03749999999999999900 ) ) ;
#4867 = PLANE ( 'NONE',  #4818 ) ;
#4868 = ORIENTED_EDGE ( 'NONE', *, *, #7679, .T. ) ;
#4869 = DIRECTION ( 'NONE',  ( 0.0000000000000000000, -0.0000000000000000000, -1.000000000000000000 ) ) ;
#4870 = EDGE_CURVE ( 'NONE', #2213, #6063, #2921, .T. ) ;
#4871 = DIRECTION ( 'NONE',  ( 0.0000000000000000000, 0.0000000000000000000, 1.000000000000000000 ) ) ;
#4872 = LINE ( 'NONE', #4130, #2815 ) ;
#4873 = PLANE ( 'NONE',  #5428 ) ;
#4874 = CARTESIAN_POINT ( 'NONE',  ( 0.3374999999999996900, -0.1228282661284085800, -0.06250000000000001400 ) ) ;
#4875 = DIRECTION ( 'NONE',  ( -0.0000000000000000000, 1.000000000000000000, 0.0000000000000000000 ) ) ;
#4876 = EDGE_CURVE ( 'NONE', #4674, #6498, #4437, .T. ) ;
#4877 = CARTESIAN_POINT ( 'NONE',  ( -0.2375000000000002900, 0.3299999999999999600, -0.04375000000000003900 ) ) ;
#4878 = AXIS2_PLACEMENT_3D ( 'NONE', #5312, #7130, #5248 ) ;
#4879 = CARTESIAN_POINT ( 'NONE',  ( -0.5249999999999995800, 0.0000000000000000000, -0.06499999999999996100 ) ) ;
#4880 = VECTOR ( 'NONE', #2336, 39.37007874015748100 ) ;
#4881 = ORIENTED_EDGE ( 'NONE', *, *, #8593, .T. ) ;
#4882 = CARTESIAN_POINT ( 'NONE',  ( -0.5750000000000001800, 0.3499999999999999800, -0.1825000000000000000 ) ) ;
#4883 = VECTOR ( 'NONE', #6429, 39.37007874015748100 ) ;
#4884 = FACE_BOUND ( 'NONE', #10602, .T. ) ;
#4885 = CARTESIAN_POINT ( 'NONE',  ( -0.03749999999999994300, 0.3299999999999999600, 0.03749999999999999900 ) ) ;
#4886 = ORIENTED_EDGE ( 'NONE', *, *, #1439, .T. ) ;
#4887 = EDGE_CURVE ( 'NONE', #847, #2611, #2385, .T. ) ;
#4888 = DIRECTION ( 'NONE',  ( 1.000000000000000000, 0.0000000000000000000, 0.0000000000000000000 ) ) ;
#4889 = LINE ( 'NONE', #3754, #2564 ) ;
#4890 = VECTOR ( 'NONE', #1864, 39.37007874015748100 ) ;
#4891 = DIRECTION ( 'NONE',  ( -0.0000000000000000000, 0.0000000000000000000, 1.000000000000000000 ) ) ;
#4892 = UNCERTAINTY_MEASURE_WITH_UNIT (LENGTH_MEASURE( 1.000000000000000100E-005 ), #3355, 'distance_accuracy_value', 'NONE');
#4893 = CARTESIAN_POINT ( 'NONE',  ( -0.1624999999999999800, -0.1228282661284085800, 0.03749999999999999900 ) ) ;
#4894 = FACE_OUTER_BOUND ( 'NONE', #908, .T. ) ;
#4895 = LINE ( 'NONE', #6324, #330 ) ;
#4896 = CARTESIAN_POINT ( 'NONE',  ( -0.03750000000000028300, 0.3128282661284084700, -0.03749999999999999900 ) ) ;
#4897 = VECTOR ( 'NONE', #5359, 39.37007874015748100 ) ;
#4898 = FILL_AREA_STYLE ('',( #4791 ) ) ;
#4899 = LINE ( 'NONE', #10642, #4240 ) ;
#4900 = CARTESIAN_POINT ( 'NONE',  ( 0.2999999999999999900, 0.3299999999999999600, 0.0000000000000000000 ) ) ;
#4901 = EDGE_CURVE ( 'NONE', #4902, #10756, #2647, .T. ) ;
#4902 = VERTEX_POINT ( 'NONE', #11022 ) ;
#4903 = CARTESIAN_POINT ( 'NONE',  ( -0.4562500000000002700, 0.3299999999999999600, -0.03749999999999999900 ) ) ;
#4904 = CARTESIAN_POINT ( 'NONE',  ( -0.1374999999999999600, 0.09999999999999996400, 0.06250000000000001400 ) ) ;
#4905 = PLANE ( 'NONE',  #8231 ) ;
#4906 = DIRECTION ( 'NONE',  ( -0.0000000000000000000, 1.000000000000000000, 0.0000000000000000000 ) ) ;
#4907 = FACE_OUTER_BOUND ( 'NONE', #3296, .T. ) ;
#4908 = DIRECTION ( 'NONE',  ( -0.0000000000000000000, 0.0000000000000000000, 1.000000000000000000 ) ) ;
#4909 = DIRECTION ( 'NONE',  ( -0.0000000000000000000, 1.000000000000000000, 0.0000000000000000000 ) ) ;
#4910 = ADVANCED_FACE ( 'NONE', ( #1262 ), #8255, .T. ) ;
#4911 = EDGE_CURVE ( 'NONE', #6084, #1449, #275, .T. ) ;
#4912 = VECTOR ( 'NONE', #9370, 39.37007874015748100 ) ;
#4913 = DIRECTION ( 'NONE',  ( -1.000000000000000000, 0.0000000000000000000, -0.0000000000000000000 ) ) ;
#4914 = CARTESIAN_POINT ( 'NONE',  ( -0.4375000000000003300, 0.3128282661284084700, -0.03749999999999999900 ) ) ;
#4915 = ORIENTED_EDGE ( 'NONE', *, *, #10210, .F. ) ;
#4916 = ORIENTED_EDGE ( 'NONE', *, *, #3961, .T. ) ;
#4917 = DIRECTION ( 'NONE',  ( 0.0000000000000000000, -1.000000000000000000, 0.0000000000000000000 ) ) ;
#4918 = ORIENTED_EDGE ( 'NONE', *, *, #6438, .F. ) ;
#4919 = ORIENTED_EDGE ( 'NONE', *, *, #5133, .F. ) ;
#4920 = CARTESIAN_POINT ( 'NONE',  ( -0.2374999999999999600, 0.0000000000000000000, 0.03749999999999999900 ) ) ;
#4921 = VERTEX_POINT ( 'NONE', #1263 ) ;
#4922 = LINE ( 'NONE', #6383, #10981 ) ;
#4923 = CARTESIAN_POINT ( 'NONE',  ( 0.0000000000000000000, 0.09999999999999996400, -0.03749999999999999900 ) ) ;
#4924 = VECTOR ( 'NONE', #1127, 39.37007874015748100 ) ;
#4925 = ADVANCED_FACE ( 'NONE', ( #415 ), #10073, .F. ) ;
#4926 = ORIENTED_EDGE ( 'NONE', *, *, #9885, .F. ) ;
#4927 = CARTESIAN_POINT ( 'NONE',  ( -0.4625000000000003000, -0.01499999999999997700, -0.03749999999999999900 ) ) ;
#4928 = VERTEX_POINT ( 'NONE', #4753 ) ;
#4929 = LINE ( 'NONE', #9781, #3285 ) ;
#4930 = ORIENTED_EDGE ( 'NONE', *, *, #2936, .T. ) ;
#4931 = ORIENTED_EDGE ( 'NONE', *, *, #10078, .F. ) ;
#4932 = ORIENTED_EDGE ( 'NONE', *, *, #1926, .T. ) ;
#4933 = EDGE_CURVE ( 'NONE', #7114, #4120, #9445, .T. ) ;
#4934 = DIRECTION ( 'NONE',  ( -0.3236155771181856200, -0.8891264907159877100, 0.3236155771181856200 ) ) ;
#4935 = AXIS2_PLACEMENT_3D ( 'NONE', #7285, #8177, #7248 ) ;
#4936 = DIRECTION ( 'NONE',  ( 0.0000000000000000000, -0.3420201433256698200, 0.9396926207859079800 ) ) ;
#4937 = VECTOR ( 'NONE', #6138, 39.37007874015748100 ) ;
#4938 = DIRECTION ( 'NONE',  ( 0.3236155771181846200, 0.8891264907159883700, 0.3236155771181846200 ) ) ;
#4939 = CARTESIAN_POINT ( 'NONE',  ( -0.4625000000000003000, -0.01499999999999997700, -0.03749999999999999900 ) ) ;
#4940 = DIRECTION ( 'NONE',  ( 1.000000000000000000, 0.0000000000000000000, 0.0000000000000000000 ) ) ;
#4941 = ORIENTED_EDGE ( 'NONE', *, *, #3373, .F. ) ;
#4942 = EDGE_LOOP ( 'NONE', ( #6630, #11371, #2559, #9246 ) ) ;
#4943 = EDGE_CURVE ( 'NONE', #2057, #688, #9145, .T. ) ;
#4944 = ORIENTED_EDGE ( 'NONE', *, *, #11049, .T. ) ;
#4945 = EDGE_LOOP ( 'NONE', ( #5062, #6642, #7050, #7035 ) ) ;
#4946 = COLOUR_RGB ( '',1.000000000000000000, 0.8117647058823529400, 0.5019607843137254800 ) ;
#4947 = CARTESIAN_POINT ( 'NONE',  ( 0.2624999999999996800, 0.3299999999999999600, -0.06250000000000001400 ) ) ;
#4948 = LINE ( 'NONE', #1182, #2745 ) ;
#4949 = CARTESIAN_POINT ( 'NONE',  ( 0.09999999999999996400, 0.3499999999999999800, 0.1499999999999999700 ) ) ;
#4950 = CARTESIAN_POINT ( 'NONE',  ( -0.1625000000000003100, -0.01499999999999997700, -0.06250000000000001400 ) ) ;
#4951 = EDGE_CURVE ( 'NONE', #5674, #5501, #5377, .T. ) ;
#4952 = CARTESIAN_POINT ( 'NONE',  ( -0.1625000000000003100, 0.3128282661284084700, -0.03749999999999999900 ) ) ;
#4953 = AXIS2_PLACEMENT_3D ( 'NONE', #9554, #6885, #3388 ) ;
#4954 = VERTEX_POINT ( 'NONE', #8567 ) ;
#4955 = CARTESIAN_POINT ( 'NONE',  ( -0.4625000000000003000, -0.1228282661284085800, -0.06250000000000001400 ) ) ;
#4956 = ORIENTED_EDGE ( 'NONE', *, *, #8637, .F. ) ;
#4957 = ORIENTED_EDGE ( 'NONE', *, *, #10438, .F. ) ;
#4958 = DIRECTION ( 'NONE',  ( 0.0000000000000000000, 1.000000000000000000, 0.0000000000000000000 ) ) ;
#4959 = ORIENTED_EDGE ( 'NONE', *, *, #1934, .T. ) ;
#4960 = VECTOR ( 'NONE', #186, 39.37007874015748100 ) ;
#4961 = DIRECTION ( 'NONE',  ( -1.000000000000000000, 0.0000000000000000000, -0.0000000000000000000 ) ) ;
#4962 = VECTOR ( 'NONE', #1951, 39.37007874015748100 ) ;
#4963 = DIRECTION ( 'NONE',  ( 0.3236155771181856200, -0.8891264907159877100, 0.3236155771181856200 ) ) ;
#4964 = PLANE ( 'NONE',  #8333 ) ;
#4965 = CARTESIAN_POINT ( 'NONE',  ( 0.1624999999999997000, 0.3128282661284084700, -0.06250000000000001400 ) ) ;
#4966 = VERTEX_POINT ( 'NONE', #4116 ) ;
#4967 = ORIENTED_EDGE ( 'NONE', *, *, #5770, .T. ) ;
#4968 = CARTESIAN_POINT ( 'NONE',  ( 0.1624999999999997000, 0.3128282661284084700, -0.03749999999999999900 ) ) ;
#4969 = ORIENTED_EDGE ( 'NONE', *, *, #5842, .T. ) ;
#4970 = VECTOR ( 'NONE', #11069, 39.37007874015748900 ) ;
#4971 = AXIS2_PLACEMENT_3D ( 'NONE', #10783, #7276, #9871 ) ;
#4972 = CARTESIAN_POINT ( 'NONE',  ( 0.4624999999999996900, 0.3299999999999999600, -0.06250000000000001400 ) ) ;
#4973 = VECTOR ( 'NONE', #8874, 39.37007874015748100 ) ;
#4974 = CARTESIAN_POINT ( 'NONE',  ( -0.06250000000000029100, -0.1228282661284085800, -0.03749999999999999900 ) ) ;
#4975 = ADVANCED_FACE ( 'NONE', ( #11 ), #2301, .T. ) ;
#4976 = VERTEX_POINT ( 'NONE', #10302 ) ;
#4977 = ORIENTED_EDGE ( 'NONE', *, *, #7490, .F. ) ;
#4978 = PLANE ( 'NONE',  #10987 ) ;
#4979 = ORIENTED_EDGE ( 'NONE', *, *, #723, .F. ) ;
#4980 = FACE_OUTER_BOUND ( 'NONE', #2554, .T. ) ;
#4981 = EDGE_CURVE ( 'NONE', #4152, #2786, #9296, .T. ) ;
#4982 = ORIENTED_EDGE ( 'NONE', *, *, #9978, .T. ) ;
#4983 = LINE ( 'NONE', #10303, #7642 ) ;
#4984 = AXIS2_PLACEMENT_3D ( 'NONE', #8419, #10951, #3115 ) ;
#4985 = ORIENTED_EDGE ( 'NONE', *, *, #433, .T. ) ;
#4986 = CARTESIAN_POINT ( 'NONE',  ( 0.5249999999999996900, 0.3499999999999999800, -0.1674999999999999800 ) ) ;
#4987 = CARTESIAN_POINT ( 'NONE',  ( 0.04374999999999977500, -0.1400000000000000100, -0.05624999999999997400 ) ) ;
#4988 = VECTOR ( 'NONE', #6398, 39.37007874015748100 ) ;
#4989 = DIRECTION ( 'NONE',  ( 0.0000000000000000000, 0.0000000000000000000, -1.000000000000000000 ) ) ;
#4990 = LINE ( 'NONE', #3030, #9721 ) ;
#4991 = DIRECTION ( 'NONE',  ( 0.0000000000000000000, -0.0000000000000000000, 1.000000000000000000 ) ) ;
#4992 = MECHANICAL_DESIGN_GEOMETRIC_PRESENTATION_REPRESENTATION (  '', ( #2848 ), #1241 ) ;
#4993 = CARTESIAN_POINT ( 'NONE',  ( 0.3375000000000000800, -0.1228282661284085800, 0.03749999999999999900 ) ) ;
#4994 = CARTESIAN_POINT ( 'NONE',  ( -0.0000000000000000000, 0.0000000000000000000, -0.03749999999999999900 ) ) ;
#4995 = FACE_OUTER_BOUND ( 'NONE', #4110, .T. ) ;
#4996 = CARTESIAN_POINT ( 'NONE',  ( -0.2624999999999999600, 0.3299999999999999600, 0.06250000000000001400 ) ) ;
#4997 = ORIENTED_EDGE ( 'NONE', *, *, #8422, .F. ) ;
#4998 = ORIENTED_EDGE ( 'NONE', *, *, #1579, .F. ) ;
#4999 = EDGE_CURVE ( 'NONE', #2917, #10798, #6813, .T. ) ;
#5000 = LINE ( 'NONE', #6802, #4330 ) ;
#5001 = PLANE ( 'NONE',  #10191 ) ;
#5002 = CARTESIAN_POINT ( 'NONE',  ( -0.1625000000000003100, 0.3299999999999999600, -0.05624999999999997400 ) ) ;
#5003 = ORIENTED_EDGE ( 'NONE', *, *, #3056, .T. ) ;
#5004 = LINE ( 'NONE', #5544, #3361 ) ;
#5005 = EDGE_CURVE ( 'NONE', #674, #7738, #11225, .T. ) ;
#5006 = CARTESIAN_POINT ( 'NONE',  ( 0.05624999999999971000, 0.3299999999999999600, -0.05624999999999997400 ) ) ;
#5007 = LINE ( 'NONE', #511, #7671 ) ;
#5008 = CARTESIAN_POINT ( 'NONE',  ( -0.4375000000000003300, -0.1228282661284085800, -0.03749999999999999900 ) ) ;
#5009 = DIRECTION ( 'NONE',  ( 0.0000000000000000000, 0.0000000000000000000, 1.000000000000000000 ) ) ;
#5010 = CARTESIAN_POINT ( 'NONE',  ( 0.4562499999999996600, 0.3299999999999999600, -0.04375000000000003900 ) ) ;
#5011 = ORIENTED_EDGE ( 'NONE', *, *, #8386, .T. ) ;
#5012 = EDGE_CURVE ( 'NONE', #7888, #5209, #6669, .T. ) ;
#5013 = VERTEX_POINT ( 'NONE', #4949 ) ;
#5015 = ADVANCED_FACE ( 'NONE', ( #7774 ), #7681, .T. ) ;
#5014 = VECTOR ( 'NONE', #5434, 39.37007874015748100 ) ;
#5016 = LINE ( 'NONE', #2172, #607 ) ;
#5017 = ORIENTED_EDGE ( 'NONE', *, *, #2475, .F. ) ;
#5018 = CARTESIAN_POINT ( 'NONE',  ( -0.1625000000000003100, -0.1228282661284085800, -0.06250000000000001400 ) ) ;
#5019 = EDGE_CURVE ( 'NONE', #389, #5201, #8456, .T. ) ;
#5020 = CARTESIAN_POINT ( 'NONE',  ( -0.1000000000000000100, 0.04999999999999998200, -0.2280551275463990900 ) ) ;
#5021 = VECTOR ( 'NONE', #543, 39.37007874015748100 ) ;
#5022 = VECTOR ( 'NONE', #5110, 39.37007874015748100 ) ;
#5023 = CARTESIAN_POINT ( 'NONE',  ( -0.5749999999999996200, 0.2500000000000000000, 0.06500000000000003000 ) ) ;
#5024 = ADVANCED_FACE ( 'NONE', ( #4022 ), #506, .T. ) ;
#5025 = VECTOR ( 'NONE', #10539, 39.37007874015748100 ) ;
#5026 = VECTOR ( 'NONE', #750, 39.37007874015748100 ) ;
#5027 = CARTESIAN_POINT ( 'NONE',  ( -0.05000000000000025300, 0.0000000000000000000, -0.1674999999999999800 ) ) ;
#5028 = EDGE_CURVE ( 'NONE', #1801, #11220, #9430, .T. ) ;
#5029 = CARTESIAN_POINT ( 'NONE',  ( -0.2624999999999999600, -0.1400000000000000100, 0.05624999999999997400 ) ) ;
#5030 = AXIS2_PLACEMENT_3D ( 'NONE', #4001, #1301, #8413 ) ;
#5031 = DIRECTION ( 'NONE',  ( 1.000000000000000000, 0.0000000000000000000, 0.0000000000000000000 ) ) ;
#5032 = LINE ( 'NONE', #5685, #4224 ) ;
#5033 = FACE_OUTER_BOUND ( 'NONE', #6735, .T. ) ;
#5034 = VECTOR ( 'NONE', #8206, 39.37007874015748100 ) ;
#5035 = CARTESIAN_POINT ( 'NONE',  ( 0.03749999999999973500, -0.1228282661284084400, -0.06250000000000001400 ) ) ;
#5036 = LINE ( 'NONE', #5624, #10848 ) ;
#5037 = EDGE_CURVE ( 'NONE', #11450, #7341, #2087, .T. ) ;
#5038 = CARTESIAN_POINT ( 'NONE',  ( 0.06250000000000008300, 0.09999999999999996400, 0.06250000000000001400 ) ) ;
#5039 = CARTESIAN_POINT ( 'NONE',  ( 0.3375000000000000800, 0.3128282661284084700, 0.03749999999999999900 ) ) ;
#5040 = LINE ( 'NONE', #3958, #8531 ) ;
#5041 = COLOUR_RGB ( '',1.000000000000000000, 0.8117647058823529400, 0.5019607843137254800 ) ;
#5042 = CARTESIAN_POINT ( 'NONE',  ( 0.2562500000000000300, 0.3299999999999999600, 0.05624999999999997400 ) ) ;
#5043 = CARTESIAN_POINT ( 'NONE',  ( 0.2625000000000000700, 0.3128282661284084700, 0.06250000000000001400 ) ) ;
#5044 = VERTEX_POINT ( 'NONE', #464 ) ;
#5045 = EDGE_LOOP ( 'NONE', ( #10395, #4957, #2961, #9087 ) ) ;
#5046 = DIRECTION ( 'NONE',  ( 0.0000000000000000000, -1.000000000000000000, 0.0000000000000000000 ) ) ;
#5047 = ORIENTED_EDGE ( 'NONE', *, *, #5105, .F. ) ;
#5048 = CARTESIAN_POINT ( 'NONE',  ( -0.4401181760438387400, 0.3200216456890114800, -0.04011817604383839700 ) ) ;
#5049 = ORIENTED_EDGE ( 'NONE', *, *, #9795, .T. ) ;
#5050 = CARTESIAN_POINT ( 'NONE',  ( 0.1000000000000000100, 0.05000000000000000300, -0.2280551275463990900 ) ) ;
#5051 = FACE_OUTER_BOUND ( 'NONE', #779, .T. ) ;
#5052 = VECTOR ( 'NONE', #4064, 39.37007874015748100 ) ;
#5053 = PLANE ( 'NONE',  #410 ) ;
#5054 = LINE ( 'NONE', #10314, #5613 ) ;
#5055 = CARTESIAN_POINT ( 'NONE',  ( -0.06250000000000029100, 0.3128282661284084700, -0.03749999999999999900 ) ) ;
#5056 = CARTESIAN_POINT ( 'NONE',  ( 0.09999999999999968600, 0.3299999999999999600, -0.1000000000000000100 ) ) ;
#5057 = ORIENTED_EDGE ( 'NONE', *, *, #2359, .F. ) ;
#5058 = ORIENTED_EDGE ( 'NONE', *, *, #2303, .F. ) ;
#5059 = ORIENTED_EDGE ( 'NONE', *, *, #3176, .F. ) ;
#5060 = CARTESIAN_POINT ( 'NONE',  ( -0.04375000000000031600, 0.3299999999999999600, -0.04375000000000003900 ) ) ;
#5061 = CLOSED_SHELL ( 'NONE', ( #8611, #4692, #6028, #3486, #8723, #2678, #114, #5982, #3651, #4910, #9432, #3882, #10830, #11373 ) ) ;
#5062 = ORIENTED_EDGE ( 'NONE', *, *, #8585, .T. ) ;
#5063 = DIRECTION ( 'NONE',  ( 0.0000000000000000000, 0.3420201433256686000, -0.9396926207859085400 ) ) ;
#5064 = AXIS2_PLACEMENT_3D ( 'NONE', #5716, #5809, #1290 ) ;
#5065 = EDGE_CURVE ( 'NONE', #6063, #183, #1817, .T. ) ;
#5066 = FACE_OUTER_BOUND ( 'NONE', #2889, .T. ) ;
#5067 = DIRECTION ( 'NONE',  ( 0.0000000000000000000, 0.0000000000000000000, 1.000000000000000000 ) ) ;
#5068 = CARTESIAN_POINT ( 'NONE',  ( 0.2374999999999996600, -0.01499999999999997700, -0.03749999999999999900 ) ) ;
#5069 = ORIENTED_EDGE ( 'NONE', *, *, #4887, .T. ) ;
#5070 = DIRECTION ( 'NONE',  ( -0.0000000000000000000, 1.000000000000000000, -0.0000000000000000000 ) ) ;
#5071 = ORIENTED_EDGE ( 'NONE', *, *, #8721, .T. ) ;
#5072 = ORIENTED_EDGE ( 'NONE', *, *, #2807, .F. ) ;
#5073 = CARTESIAN_POINT ( 'NONE',  ( 0.1375000000000000400, -0.1228282661284085800, 0.06250000000000001400 ) ) ;
#5074 = ORIENTED_EDGE ( 'NONE', *, *, #9659, .F. ) ;
#5075 = ORIENTED_EDGE ( 'NONE', *, *, #9496, .F. ) ;
#5076 = DIMENSIONAL_EXPONENTS ( 1.000000000000000000, 0.0000000000000000000, 0.0000000000000000000, 0.0000000000000000000, 0.0000000000000000000, 0.0000000000000000000, 0.0000000000000000000 ) ;
#5077 = EDGE_CURVE ( 'NONE', #4785, #1909, #8031, .T. ) ;
#5078 = VECTOR ( 'NONE', #2814, 39.37007874015748100 ) ;
#5079 = ORIENTED_EDGE ( 'NONE', *, *, #3895, .T. ) ;
#5080 = CARTESIAN_POINT ( 'NONE',  ( -0.3625000000000003200, -0.1228282661284085800, -0.03749999999999999900 ) ) ;
#5081 = ORIENTED_EDGE ( 'NONE', *, *, #6907, .T. ) ;
#5082 = EDGE_CURVE ( 'NONE', #5097, #10346, #7626, .T. ) ;
#5083 = ORIENTED_EDGE ( 'NONE', *, *, #7655, .T. ) ;
#5084 = VERTEX_POINT ( 'NONE', #7646 ) ;
#5085 = ORIENTED_EDGE ( 'NONE', *, *, #4296, .F. ) ;
#5086 = CARTESIAN_POINT ( 'NONE',  ( 0.4401181760438385200, 0.3200216456890114800, 0.04011817604383839700 ) ) ;
#5087 = ORIENTED_EDGE ( 'NONE', *, *, #4355, .T. ) ;
#5088 = ADVANCED_FACE ( 'NONE', ( #1545 ), #1425, .T. ) ;
#5089 = AXIS2_PLACEMENT_3D ( 'NONE', #2161, #3734, #7378 ) ;
#5090 = CARTESIAN_POINT ( 'NONE',  ( -0.5750000000000001800, 0.0000000000000000000, 0.1825000000000000000 ) ) ;
#5091 = LINE ( 'NONE', #1444, #2756 ) ;
#5092 = DIRECTION ( 'NONE',  ( 0.0000000000000000000, 0.0000000000000000000, 1.000000000000000000 ) ) ;
#5093 = EDGE_LOOP ( 'NONE', ( #3297, #10924, #272, #10076 ) ) ;
#5094 = VECTOR ( 'NONE', #1570, 39.37007874015748100 ) ;
#5095 = CARTESIAN_POINT ( 'NONE',  ( 0.3437499999999997200, -0.1400000000000000100, -0.06250000000000001400 ) ) ;
#5096 = EDGE_CURVE ( 'NONE', #6469, #10490, #4428, .T. ) ;
#5097 = VERTEX_POINT ( 'NONE', #11348 ) ;
#5098 = DIRECTION ( 'NONE',  ( 0.0000000000000000000, 0.0000000000000000000, -1.000000000000000000 ) ) ;
#5099 = ORIENTED_EDGE ( 'NONE', *, *, #7403, .F. ) ;
#5100 = VERTEX_POINT ( 'NONE', #4866 ) ;
#5101 = VERTEX_POINT ( 'NONE', #2569 ) ;
#5102 = VECTOR ( 'NONE', #7129, 39.37007874015748100 ) ;
#5103 = DIRECTION ( 'NONE',  ( -0.0000000000000000000, 1.000000000000000000, -0.0000000000000000000 ) ) ;
#5104 = DIRECTION ( 'NONE',  ( -0.0000000000000000000, 1.000000000000000000, -0.0000000000000000000 ) ) ;
#5105 = EDGE_CURVE ( 'NONE', #7708, #1768, #8168, .T. ) ;
#5106 = SURFACE_STYLE_FILL_AREA ( #10967 ) ;
#5107 =( NAMED_UNIT ( * ) PLANE_ANGLE_UNIT ( ) SI_UNIT ( $, .RADIAN. ) );
#5108 = DIRECTION ( 'NONE',  ( -0.0000000000000000000, 1.000000000000000000, -0.0000000000000000000 ) ) ;
#5109 = MECHANICAL_DESIGN_GEOMETRIC_PRESENTATION_REPRESENTATION (  '', ( #2163 ), #2316 ) ;
#5110 = DIRECTION ( 'NONE',  ( -1.000000000000000000, 0.0000000000000000000, -0.0000000000000000000 ) ) ;
#5111 = EDGE_LOOP ( 'NONE', ( #3680, #3308, #1812, #6850 ) ) ;
#5112 = ORIENTED_EDGE ( 'NONE', *, *, #9099, .F. ) ;
#5113 = DIRECTION ( 'NONE',  ( -0.9396926207859085400, 0.3420201433256686000, 0.0000000000000000000 ) ) ;
#5114 = ORIENTED_EDGE ( 'NONE', *, *, #5433, .F. ) ;
#5115 = VECTOR ( 'NONE', #2923, 39.37007874015748100 ) ;
#5116 = CARTESIAN_POINT ( 'NONE',  ( -0.5425000000000004300, 0.3499999999999999800, 0.1499999999999999700 ) ) ;
#5117 = ORIENTED_EDGE ( 'NONE', *, *, #3037, .F. ) ;
#5118 = FACE_OUTER_BOUND ( 'NONE', #7732, .T. ) ;
#5119 = CARTESIAN_POINT ( 'NONE',  ( -0.3374999999999999700, -0.1228282661284084400, 0.06250000000000001400 ) ) ;
#5120 = VERTEX_POINT ( 'NONE', #9579 ) ;
#5121 = PRESENTATION_STYLE_ASSIGNMENT (( #10578 ) ) ;
#5122 = VERTEX_POINT ( 'NONE', #10453 ) ;
#5123 = DIRECTION ( 'NONE',  ( -3.278217592397116300E-015, -0.0000000000000000000, 1.000000000000000000 ) ) ;
#5124 = DIRECTION ( 'NONE',  ( 1.000000000000000000, 0.0000000000000000000, 0.0000000000000000000 ) ) ;
#5125 = DIRECTION ( 'NONE',  ( -0.0000000000000000000, 1.000000000000000000, 0.0000000000000000000 ) ) ;
#5126 = VERTEX_POINT ( 'NONE', #9540 ) ;
#5127 = EDGE_CURVE ( 'NONE', #8465, #2067, #5517, .T. ) ;
#5128 = ORIENTED_EDGE ( 'NONE', *, *, #500, .T. ) ;
#5129 = FILL_AREA_STYLE ('',( #7902 ) ) ;
#5130 = LINE ( 'NONE', #4571, #4988 ) ;
#5131 = VECTOR ( 'NONE', #11419, 39.37007874015748100 ) ;
#5132 = AXIS2_PLACEMENT_3D ( 'NONE', #761, #9633, #4331 ) ;
#5133 = EDGE_CURVE ( 'NONE', #3683, #8187, #2372, .T. ) ;
#5134 = DIRECTION ( 'NONE',  ( -0.0000000000000000000, 1.000000000000000000, -0.0000000000000000000 ) ) ;
#5135 = DIRECTION ( 'NONE',  ( 0.3236155771181856200, -0.8891264907159877100, 0.3236155771181856200 ) ) ;
#5136 = DIRECTION ( 'NONE',  ( 0.0000000000000000000, 0.0000000000000000000, -1.000000000000000000 ) ) ;
#5137 = DIRECTION ( 'NONE',  ( 1.000000000000000000, 0.0000000000000000000, 0.0000000000000000000 ) ) ;
#5138 = LINE ( 'NONE', #657, #445 ) ;
#5139 = CARTESIAN_POINT ( 'NONE',  ( -0.03749999999999994300, -0.1228282661284084400, 0.03749999999999999900 ) ) ;
#5140 = ADVANCED_FACE ( 'NONE', ( #11214 ), #9643, .T. ) ;
#5141 = ORIENTED_EDGE ( 'NONE', *, *, #1862, .F. ) ;
#5142 = DIRECTION ( 'NONE',  ( -1.000000000000000000, 0.0000000000000000000, 0.0000000000000000000 ) ) ;
#5143 = DIRECTION ( 'NONE',  ( -1.000000000000000000, 0.0000000000000000000, 0.0000000000000000000 ) ) ;
#5144 = ADVANCED_FACE ( 'NONE', ( #4693 ), #4229, .F. ) ;
#5145 = CARTESIAN_POINT ( 'NONE',  ( 0.3624999999999997100, 0.3299999999999999600, -0.06250000000000001400 ) ) ;
#5146 = PLANE ( 'NONE',  #6260 ) ;
#5147 = EDGE_LOOP ( 'NONE', ( #7928, #6882, #5265, #8851 ) ) ;
#5148 = PLANE ( 'NONE',  #2137 ) ;
#5149 = FACE_OUTER_BOUND ( 'NONE', #6326, .T. ) ;
#5150 = EDGE_CURVE ( 'NONE', #8362, #547, #1108, .T. ) ;
#5151 = LINE ( 'NONE', #10332, #7950 ) ;
#5152 = ORIENTED_EDGE ( 'NONE', *, *, #7665, .T. ) ;
#5153 = ORIENTED_EDGE ( 'NONE', *, *, #7839, .F. ) ;
#5154 = EDGE_CURVE ( 'NONE', #8448, #9175, #6374, .T. ) ;
#5155 = CARTESIAN_POINT ( 'NONE',  ( -0.5250000000000003600, 0.09999999999999996400, 0.1324999999999999500 ) ) ;
#5156 = CARTESIAN_POINT ( 'NONE',  ( 0.03750000000000007500, 0.3299999999999999600, 0.03749999999999999900 ) ) ;
#5157 = VECTOR ( 'NONE', #9233, 39.37007874015748100 ) ;
#5158 = FACE_BOUND ( 'NONE', #4942, .T. ) ;
#5159 = CARTESIAN_POINT ( 'NONE',  ( 0.4624999999999996900, 0.3128282661284084700, -0.03749999999999999900 ) ) ;
#5160 = DIRECTION ( 'NONE',  ( -2.731847993664263200E-016, -0.0000000000000000000, -1.000000000000000000 ) ) ;
#5161 = CARTESIAN_POINT ( 'NONE',  ( 0.3437500000000001100, -0.1400000000000000100, 0.03749999999999999900 ) ) ;
#5162 = EDGE_CURVE ( 'NONE', #377, #1237, #7077, .T. ) ;
#5163 = FACE_BOUND ( 'NONE', #6706, .T. ) ;
#5164 = CARTESIAN_POINT ( 'NONE',  ( 0.06249999999999974300, 0.09999999999999992200, -0.06250000000000001400 ) ) ;
#5165 = LINE ( 'NONE', #7179, #6721 ) ;
#5166 = FACE_OUTER_BOUND ( 'NONE', #7975, .T. ) ;
#5167 = CARTESIAN_POINT ( 'NONE',  ( -0.3374999999999999700, 0.3299999999999999600, 0.06250000000000001400 ) ) ;
#5168 = DIRECTION ( 'NONE',  ( 0.9396926207859085400, 0.3420201433256686000, 0.0000000000000000000 ) ) ;
#5169 = EDGE_CURVE ( 'NONE', #11106, #10562, #3732, .T. ) ;
#5170 = LINE ( 'NONE', #1913, #2574 ) ;
#5171 = CARTESIAN_POINT ( 'NONE',  ( -0.03749999999999994300, -0.01499999999999997700, 0.06250000000000001400 ) ) ;
#5172 = CARTESIAN_POINT ( 'NONE',  ( -0.1374999999999999600, 0.0000000000000000000, 0.0000000000000000000 ) ) ;
#5173 = UNCERTAINTY_MEASURE_WITH_UNIT (LENGTH_MEASURE( 1.000000000000000100E-005 ), #11442, 'distance_accuracy_value', 'NONE');
#5174 = EDGE_CURVE ( 'NONE', #142, #8553, #10249, .T. ) ;
#5175 = VECTOR ( 'NONE', #7272, 39.37007874015748100 ) ;
#5176 = ORIENTED_EDGE ( 'NONE', *, *, #9262, .T. ) ;
#5177 = FILL_AREA_STYLE ('',( #1736 ) ) ;
#5178 = AXIS2_PLACEMENT_3D ( 'NONE', #7683, #508, #11105 ) ;
#5179 = DIRECTION ( 'NONE',  ( 0.0000000000000000000, -0.3420201433256698200, -0.9396926207859079800 ) ) ;
#5180 = LINE ( 'NONE', #4671, #7015 ) ;
#5181 = VERTEX_POINT ( 'NONE', #3306 ) ;
#5182 = LENGTH_MEASURE_WITH_UNIT ( LENGTH_MEASURE( 0.02539999999999999900 ), #11033 );
#5183 = LINE ( 'NONE', #2253, #6742 ) ;
#5184 = DIRECTION ( 'NONE',  ( -0.0000000000000000000, 1.000000000000000000, -0.0000000000000000000 ) ) ;
#5185 = ORIENTED_EDGE ( 'NONE', *, *, #5766, .F. ) ;
#5186 = VECTOR ( 'NONE', #3998, 39.37007874015748100 ) ;
#5187 = ORIENTED_EDGE ( 'NONE', *, *, #6066, .T. ) ;
#5188 = VERTEX_POINT ( 'NONE', #4339 ) ;
#5189 = VERTEX_POINT ( 'NONE', #2422 ) ;
#5190 = ORIENTED_EDGE ( 'NONE', *, *, #2936, .F. ) ;
#5191 = DIRECTION ( 'NONE',  ( 0.0000000000000000000, 0.0000000000000000000, 1.000000000000000000 ) ) ;
#5192 = VECTOR ( 'NONE', #3111, 39.37007874015748100 ) ;
#5193 = CARTESIAN_POINT ( 'NONE',  ( -0.3375000000000003000, 0.3128282661284084700, -0.03749999999999999900 ) ) ;
#5194 = AXIS2_PLACEMENT_3D ( 'NONE', #5043, #2494, #9604 ) ;
#5195 = VECTOR ( 'NONE', #10020, 39.37007874015748100 ) ;
#5196 = ADVANCED_FACE ( 'NONE', ( #6101 ), #11303, .F. ) ;
#5197 = FACE_OUTER_BOUND ( 'NONE', #4794, .T. ) ;
#5198 = ORIENTED_EDGE ( 'NONE', *, *, #7339, .F. ) ;
#5199 = EDGE_LOOP ( 'NONE', ( #10356, #5644, #904, #2811 ) ) ;
#5200 = LINE ( 'NONE', #1535, #9235 ) ;
#5201 = VERTEX_POINT ( 'NONE', #2537 ) ;
#5202 = ORIENTED_EDGE ( 'NONE', *, *, #2017, .T. ) ;
#5203 = LINE ( 'NONE', #2274, #1509 ) ;
#5204 = AXIS2_PLACEMENT_3D ( 'NONE', #10452, #10596, #7829 ) ;
#5205 = ADVANCED_FACE ( 'NONE', ( #6516 ), #7798, .T. ) ;
#5206 = DIRECTION ( 'NONE',  ( -1.000000000000000000, 0.0000000000000000000, 0.0000000000000000000 ) ) ;
#5207 = CARTESIAN_POINT ( 'NONE',  ( -0.06250000000000029100, 0.3128282661284084700, -0.06250000000000001400 ) ) ;
#5208 = ORIENTED_EDGE ( 'NONE', *, *, #7548, .T. ) ;
#5209 = VERTEX_POINT ( 'NONE', #1654 ) ;
#5210 = VERTEX_POINT ( 'NONE', #5055 ) ;
#5211 = ORIENTED_EDGE ( 'NONE', *, *, #5872, .F. ) ;
#5212 = EDGE_LOOP ( 'NONE', ( #3381, #2339, #2184, #3557 ) ) ;
#5213 = VECTOR ( 'NONE', #5123, 39.37007874015748100 ) ;
#5214 = CARTESIAN_POINT ( 'NONE',  ( 0.3375000000000000800, -0.01499999999999997700, 0.03749999999999999900 ) ) ;
#5215 = CARTESIAN_POINT ( 'NONE',  ( 0.3624999999999997100, -0.1228282661284084400, -0.03749999999999999900 ) ) ;
#5216 = VECTOR ( 'NONE', #6230, 39.37007874015748100 ) ;
#5217 = CARTESIAN_POINT ( 'NONE',  ( 0.3437499999999997200, 0.3299999999999999600, -0.03749999999999999900 ) ) ;
#5218 = DIRECTION ( 'NONE',  ( 0.0000000000000000000, 0.0000000000000000000, 1.000000000000000000 ) ) ;
#5219 = ORIENTED_EDGE ( 'NONE', *, *, #1161, .T. ) ;
#5220 = EDGE_CURVE ( 'NONE', #5571, #3462, #1408, .T. ) ;
#5221 = ORIENTED_EDGE ( 'NONE', *, *, #8933, .T. ) ;
#5222 = ORIENTED_EDGE ( 'NONE', *, *, #8355, .F. ) ;
#5223 = ORIENTED_EDGE ( 'NONE', *, *, #1723, .T. ) ;
#5224 = FACE_OUTER_BOUND ( 'NONE', #2600, .T. ) ;
#5225 = CARTESIAN_POINT ( 'NONE',  ( 0.4624999999999996900, -0.1228282661284085800, -0.06250000000000001400 ) ) ;
#5226 = ORIENTED_EDGE ( 'NONE', *, *, #11192, .F. ) ;
#5227 = LENGTH_MEASURE_WITH_UNIT ( LENGTH_MEASURE( 0.02539999999999999900 ), #5639 );
#5228 = EDGE_CURVE ( 'NONE', #8963, #1063, #10526, .T. ) ;
#5229 = CARTESIAN_POINT ( 'NONE',  ( -0.03749999999999994300, 0.09999999999999996400, 0.06250000000000001400 ) ) ;
#5230 = AXIS2_PLACEMENT_3D ( 'NONE', #5957, #6857, #10373 ) ;
#5231 = DIRECTION ( 'NONE',  ( 0.3236155771181846200, 0.8891264907159883700, -0.3236155771181846200 ) ) ;
#5232 = EDGE_LOOP ( 'NONE', ( #10372, #10757, #774, #702 ) ) ;
#5233 = CARTESIAN_POINT ( 'NONE',  ( -0.4375000000000000000, 0.0000000000000000000, 0.0000000000000000000 ) ) ;
#5234 = ORIENTED_EDGE ( 'NONE', *, *, #4167, .F. ) ;
#5235 = VECTOR ( 'NONE', #4452, 39.37007874015748100 ) ;
#5236 = DIRECTION ( 'NONE',  ( -0.3236155771181856200, 0.8891264907159877100, 0.3236155771181856200 ) ) ;
#5237 = DIRECTION ( 'NONE',  ( -0.0000000000000000000, 1.000000000000000000, -0.0000000000000000000 ) ) ;
#5238 = FACE_OUTER_BOUND ( 'NONE', #6952, .T. ) ;
#5239 = EDGE_CURVE ( 'NONE', #7530, #11439, #3194, .T. ) ;
#5240 = DIRECTION ( 'NONE',  ( 0.0000000000000000000, -0.0000000000000000000, -1.000000000000000000 ) ) ;
#5241 = DIRECTION ( 'NONE',  ( -1.000000000000000000, 0.0000000000000000000, 0.0000000000000000000 ) ) ;
#5242 = ORIENTED_EDGE ( 'NONE', *, *, #8926, .F. ) ;
#5243 = ORIENTED_EDGE ( 'NONE', *, *, #3981, .T. ) ;
#5244 = CARTESIAN_POINT ( 'NONE',  ( 0.2625000000000000700, 0.3128282661284084700, 0.06250000000000001400 ) ) ;
#5245 = ORIENTED_EDGE ( 'NONE', *, *, #11410, .F. ) ;
#5246 = VECTOR ( 'NONE', #2189, 39.37007874015748100 ) ;
#5247 = EDGE_CURVE ( 'NONE', #2625, #7709, #548, .T. ) ;
#5248 = DIRECTION ( 'NONE',  ( -1.000000000000000000, 0.0000000000000000000, -0.0000000000000000000 ) ) ;
#5249 = ORIENTED_EDGE ( 'NONE', *, *, #3499, .T. ) ;
#5250 = FACE_OUTER_BOUND ( 'NONE', #9143, .T. ) ;
#5251 = DIRECTION ( 'NONE',  ( -0.0000000000000000000, 0.0000000000000000000, 1.000000000000000000 ) ) ;
#5252 = CARTESIAN_POINT ( 'NONE',  ( -0.4624999999999999700, 0.3128282661284084700, 0.06250000000000001400 ) ) ;
#5253 = CARTESIAN_POINT ( 'NONE',  ( 0.2562499999999996400, -0.1400000000000000100, -0.04375000000000003900 ) ) ;
#5254 = CARTESIAN_POINT ( 'NONE',  ( 0.3374999999999996900, 0.3128282661284084700, -0.06250000000000001400 ) ) ;
#5255 = ADVANCED_FACE ( 'NONE', ( #4164 ), #885, .T. ) ;
#5256 = VERTEX_POINT ( 'NONE', #35 ) ;
#5257 = CARTESIAN_POINT ( 'NONE',  ( -0.04011817604383870200, 0.3200216456890114800, -0.04011817604383839700 ) ) ;
#5258 = EDGE_CURVE ( 'NONE', #5325, #5814, #2638, .T. ) ;
#5259 = CARTESIAN_POINT ( 'NONE',  ( -0.3374999999999999700, -0.01499999999999997700, 0.03749999999999999900 ) ) ;
#5260 = FACE_OUTER_BOUND ( 'NONE', #3500, .T. ) ;
#5261 = DIRECTION ( 'NONE',  ( 0.0000000000000000000, 0.0000000000000000000, -1.000000000000000000 ) ) ;
#5262 = AXIS2_PLACEMENT_3D ( 'NONE', #9733, #3428, #11393 ) ;
#5263 = ADVANCED_FACE ( 'NONE', ( #962 ), #8018, .F. ) ;
#5264 = LINE ( 'NONE', #6136, #9163 ) ;
#5265 = ORIENTED_EDGE ( 'NONE', *, *, #6613, .T. ) ;
#5266 = CARTESIAN_POINT ( 'NONE',  ( -0.1375000000000003200, -0.1228282661284084400, -0.03749999999999999900 ) ) ;
#5267 = VERTEX_POINT ( 'NONE', #5393 ) ;
#5268 = EDGE_CURVE ( 'NONE', #10737, #10067, #10784, .T. ) ;
#5269 = ORIENTED_EDGE ( 'NONE', *, *, #11360, .F. ) ;
#5270 = LINE ( 'NONE', #7664, #307 ) ;
#5271 = ORIENTED_EDGE ( 'NONE', *, *, #7979, .T. ) ;
#5272 = EDGE_CURVE ( 'NONE', #7865, #2354, #1, .T. ) ;
#5273 = VECTOR ( 'NONE', #7607, 39.37007874015748100 ) ;
#5274 = CARTESIAN_POINT ( 'NONE',  ( -0.2625000000000002900, 0.3299999999999999600, -0.03749999999999999900 ) ) ;
#5275 = CARTESIAN_POINT ( 'NONE',  ( -0.03749999999999994300, 0.09999999999999992200, 0.03749999999999999900 ) ) ;
#5276 = CARTESIAN_POINT ( 'NONE',  ( 0.0000000000000000000, 0.0000000000000000000, 0.06250000000000001400 ) ) ;
#5277 = CARTESIAN_POINT ( 'NONE',  ( 0.3562500000000000700, -0.1400000000000000100, 0.06250000000000001400 ) ) ;
#5278 = CARTESIAN_POINT ( 'NONE',  ( -0.1598818239561619100, 0.3200216456890114800, -0.05988182395616160900 ) ) ;
#5279 = ORIENTED_EDGE ( 'NONE', *, *, #1040, .T. ) ;
#5280 = VERTEX_POINT ( 'NONE', #6305 ) ;
#5281 = DIRECTION ( 'NONE',  ( -1.000000000000000000, 0.0000000000000000000, -0.0000000000000000000 ) ) ;
#5282 = VECTOR ( 'NONE', #6058, 39.37007874015748100 ) ;
#5283 = VECTOR ( 'NONE', #8252, 39.37007874015748100 ) ;
#5284 = DIRECTION ( 'NONE',  ( 0.0000000000000000000, 0.0000000000000000000, 1.000000000000000000 ) ) ;
#5285 = AXIS2_PLACEMENT_3D ( 'NONE', #11127, #1526, #6780 ) ;
#5286 = DIRECTION ( 'NONE',  ( 0.0000000000000000000, 0.0000000000000000000, 1.000000000000000000 ) ) ;
#5287 = DIRECTION ( 'NONE',  ( 0.0000000000000000000, 0.0000000000000000000, -1.000000000000000000 ) ) ;
#5288 = CARTESIAN_POINT ( 'NONE',  ( -0.03749999999999994300, 0.3128282661284084700, 0.03749999999999999900 ) ) ;
#5289 = DIRECTION ( 'NONE',  ( 0.0000000000000000000, 0.0000000000000000000, 1.000000000000000000 ) ) ;
#5290 = LINE ( 'NONE', #10417, #8642 ) ;
#5291 = EDGE_CURVE ( 'NONE', #1095, #142, #8590, .T. ) ;
#5292 = VECTOR ( 'NONE', #10504, 39.37007874015748100 ) ;
#5293 = VECTOR ( 'NONE', #9395, 39.37007874015748100 ) ;
#5294 = CARTESIAN_POINT ( 'NONE',  ( 0.3624999999999997100, 0.0000000000000000000, -0.06250000000000001400 ) ) ;
#5295 = VECTOR ( 'NONE', #6020, 39.37007874015748100 ) ;
#5296 = EDGE_CURVE ( 'NONE', #10466, #10094, #3872, .T. ) ;
#5297 = DIRECTION ( 'NONE',  ( 0.0000000000000000000, 0.0000000000000000000, -1.000000000000000000 ) ) ;
#5298 = VECTOR ( 'NONE', #8058, 39.37007874015748100 ) ;
#5300 = ADVANCED_FACE ( 'NONE', ( #10108 ), #970, .T. ) ;
#5299 = VECTOR ( 'NONE', #2951, 39.37007874015748100 ) ;
#5301 = LINE ( 'NONE', #1355, #9209 ) ;
#5302 = DIRECTION ( 'NONE',  ( -0.0000000000000000000, 0.0000000000000000000, 1.000000000000000000 ) ) ;
#5303 = EDGE_CURVE ( 'NONE', #9927, #8598, #8313, .T. ) ;
#5304 = AXIS2_PLACEMENT_3D ( 'NONE', #9823, #873, #6292 ) ;
#5305 = VECTOR ( 'NONE', #9174, 39.37007874015748100 ) ;
#5306 = VECTOR ( 'NONE', #8686, 39.37007874015748100 ) ;
#5307 = CARTESIAN_POINT ( 'NONE',  ( 0.1562500000000000000, 0.3299999999999999600, 0.03749999999999999900 ) ) ;
#5308 = ADVANCED_FACE ( 'NONE', ( #4293 ), #6240, .T. ) ;
#5309 = CARTESIAN_POINT ( 'NONE',  ( 0.3375000000000000800, 0.09999999999999992200, 0.06250000000000001400 ) ) ;
#5310 = EDGE_LOOP ( 'NONE', ( #9464, #2742, #5962, #8498 ) ) ;
#5311 = FACE_OUTER_BOUND ( 'NONE', #4135, .T. ) ;
#5312 = CARTESIAN_POINT ( 'NONE',  ( -0.1624999999999999800, 0.3299999999999999600, 0.03749999999999999900 ) ) ;
#5313 = EDGE_LOOP ( 'NONE', ( #6065, #3815, #5185, #3008 ) ) ;
#5314 = CARTESIAN_POINT ( 'NONE',  ( 0.06250000000000008300, 0.3299999999999999600, 0.06250000000000001400 ) ) ;
#5315 = VERTEX_POINT ( 'NONE', #9836 ) ;
#5316 = ORIENTED_EDGE ( 'NONE', *, *, #2662, .T. ) ;
#5317 = DIRECTION ( 'NONE',  ( 0.0000000000000000000, 0.0000000000000000000, -1.000000000000000000 ) ) ;
#5318 = CARTESIAN_POINT ( 'NONE',  ( 0.9000000000000001300, -0.1400000000000000100, 0.0000000000000000000 ) ) ;
#5319 = LINE ( 'NONE', #5397, #2999 ) ;
#5320 = CARTESIAN_POINT ( 'NONE',  ( 0.4624999999999996900, 0.3128282661284084700, -0.06250000000000001400 ) ) ;
#5321 = DIRECTION ( 'NONE',  ( 0.3236155771181856200, -0.8891264907159877100, 0.3236155771181856200 ) ) ;
#5322 = FACE_OUTER_BOUND ( 'NONE', #214, .T. ) ;
#5323 = LINE ( 'NONE', #7731, #5756 ) ;
#5324 = CARTESIAN_POINT ( 'NONE',  ( -0.04011817604383836200, 0.3200216456890114800, 0.05988182395616160900 ) ) ;
#5325 = VERTEX_POINT ( 'NONE', #5275 ) ;
#5326 = EDGE_LOOP ( 'NONE', ( #2129, #1559, #7060, #5656 ) ) ;
#5327 = ORIENTED_EDGE ( 'NONE', *, *, #4593, .F. ) ;
#5328 = ORIENTED_EDGE ( 'NONE', *, *, #4196, .T. ) ;
#5329 = CARTESIAN_POINT ( 'NONE',  ( -0.05000000000000025300, 0.0000000000000000000, -0.1825000000000000000 ) ) ;
#5330 = ORIENTED_EDGE ( 'NONE', *, *, #7535, .F. ) ;
#5331 = FACE_OUTER_BOUND ( 'NONE', #1119, .T. ) ;
#5332 = EDGE_CURVE ( 'NONE', #10542, #733, #6787, .T. ) ;
#5333 = EDGE_LOOP ( 'NONE', ( #10747, #8702, #10626, #11167 ) ) ;
#5334 = EDGE_LOOP ( 'NONE', ( #10512, #10377, #2750, #907 ) ) ;
#5335 = ORIENTED_EDGE ( 'NONE', *, *, #6972, .T. ) ;
#5336 = ORIENTED_EDGE ( 'NONE', *, *, #320, .F. ) ;
#5337 = ORIENTED_EDGE ( 'NONE', *, *, #3629, .F. ) ;
#5338 = CARTESIAN_POINT ( 'NONE',  ( -0.2401181760438387300, 0.3200216456890114800, -0.05988182395616160900 ) ) ;
#5339 = EDGE_LOOP ( 'NONE', ( #7707, #5087, #11058, #1985 ) ) ;
#5340 = PLANE ( 'NONE',  #4744 ) ;
#5341 = LINE ( 'NONE', #10805, #7458 ) ;
#5342 = AXIS2_PLACEMENT_3D ( 'NONE', #1159, #6638, #10060 ) ;
#5343 = EDGE_CURVE ( 'NONE', #10513, #3301, #2770, .T. ) ;
#5344 = VECTOR ( 'NONE', #4475, 39.37007874015748100 ) ;
#5345 = CARTESIAN_POINT ( 'NONE',  ( 0.5249999999999995800, -2.388061258337336500E-017, 0.06499999999999991900 ) ) ;
#5346 = CARTESIAN_POINT ( 'NONE',  ( 0.1375000000000000400, 0.09999999999999996400, 0.0000000000000000000 ) ) ;
#5347 = ORIENTED_EDGE ( 'NONE', *, *, #2962, .F. ) ;
#5348 = ORIENTED_EDGE ( 'NONE', *, *, #4309, .T. ) ;
#5349 = CARTESIAN_POINT ( 'NONE',  ( 0.1374999999999997100, -4.268512490100411300E-018, -0.06250000000000001400 ) ) ;
#5350 = ORIENTED_EDGE ( 'NONE', *, *, #10584, .T. ) ;
#5351 = VERTEX_POINT ( 'NONE', #10643 ) ;
#5352 = ORIENTED_EDGE ( 'NONE', *, *, #11126, .T. ) ;
#5353 = VERTEX_POINT ( 'NONE', #113 ) ;
#5354 = LINE ( 'NONE', #5086, #7750 ) ;
#5355 = CARTESIAN_POINT ( 'NONE',  ( 0.03750000000000007500, -0.1228282661284085800, 0.06250000000000001400 ) ) ;
#5356 = ORIENTED_EDGE ( 'NONE', *, *, #2250, .F. ) ;
#5357 = VECTOR ( 'NONE', #9485, 39.37007874015748100 ) ;
#5358 = SURFACE_STYLE_USAGE ( .BOTH. , #975 ) ;
#5359 = DIRECTION ( 'NONE',  ( 1.000000000000000000, 0.0000000000000000000, 0.0000000000000000000 ) ) ;
#5360 = EDGE_CURVE ( 'NONE', #947, #1388, #2629, .T. ) ;
#5361 = ORIENTED_EDGE ( 'NONE', *, *, #1358, .T. ) ;
#5362 = ORIENTED_EDGE ( 'NONE', *, *, #9846, .T. ) ;
#5363 = CARTESIAN_POINT ( 'NONE',  ( -0.04374999999999997600, -0.1400000000000000100, 0.06250000000000001400 ) ) ;
#5364 = EDGE_LOOP ( 'NONE', ( #4703, #712, #10209, #3564 ) ) ;
#5365 =( GEOMETRIC_REPRESENTATION_CONTEXT ( 3 ) GLOBAL_UNCERTAINTY_ASSIGNED_CONTEXT ( ( #9169 ) ) GLOBAL_UNIT_ASSIGNED_CONTEXT ( ( #4702, #1187, #1975 ) ) REPRESENTATION_CONTEXT ( 'NONE', 'WORKASPACE' ) );
#5366 = CARTESIAN_POINT ( 'NONE',  ( 0.4375000000000001100, -0.1400000000000000100, 0.05624999999999997400 ) ) ;
#5367 = VECTOR ( 'NONE', #1082, 39.37007874015748100 ) ;
#5368 = ADVANCED_FACE ( 'NONE', ( #8444 ), #9753, .T. ) ;
#5369 = DIRECTION ( 'NONE',  ( 1.000000000000000000, 0.0000000000000000000, 0.0000000000000000000 ) ) ;
#5370 = LENGTH_MEASURE_WITH_UNIT ( LENGTH_MEASURE( 0.02539999999999999900 ), #11007 );
#5371 = CARTESIAN_POINT ( 'NONE',  ( 0.1624999999999997000, 0.3299999999999999600, -0.04375000000000003900 ) ) ;
#5372 = EDGE_CURVE ( 'NONE', #7373, #9133, #7485, .T. ) ;
#5373 = EDGE_LOOP ( 'NONE', ( #950, #5198, #3089, #9441 ) ) ;
#5374 = ORIENTED_EDGE ( 'NONE', *, *, #7762, .F. ) ;
#5375 = ORIENTED_EDGE ( 'NONE', *, *, #1870, .T. ) ;
#5376 = ADVANCED_FACE ( 'NONE', ( #11056 ), #3782, .F. ) ;
#5377 = LINE ( 'NONE', #9386, #9838 ) ;
#5378 = ORIENTED_EDGE ( 'NONE', *, *, #9147, .T. ) ;
#5379 = EDGE_CURVE ( 'NONE', #1801, #5013, #9000, .T. ) ;
#5380 = FACE_OUTER_BOUND ( 'NONE', #6335, .T. ) ;
#5381 = CARTESIAN_POINT ( 'NONE',  ( 0.4375000000000001100, 0.3128282661284084700, 0.06250000000000001400 ) ) ;
#5382 = PLANE ( 'NONE',  #11284 ) ;
#5383 = PRESENTATION_STYLE_ASSIGNMENT (( #6450 ) ) ;
#5384 = CARTESIAN_POINT ( 'NONE',  ( -0.3624999999999999300, 0.0000000000000000000, 0.0000000000000000000 ) ) ;
#5385 = CLOSED_SHELL ( 'NONE', ( #7504, #1548, #10, #8521, #6161, #10503, #1869, #1641, #743, #8186, #5088, #8885, #3765, #9589 ) ) ;
#5386 = CARTESIAN_POINT ( 'NONE',  ( -0.4624999999999999700, 0.3128282661284084700, 0.06250000000000001400 ) ) ;
#5387 = FACE_OUTER_BOUND ( 'NONE', #7934, .T. ) ;
#5388 = EDGE_CURVE ( 'NONE', #11106, #4542, #7064, .T. ) ;
#5389 = VERTEX_POINT ( 'NONE', #2860 ) ;
#5390 = DIRECTION ( 'NONE',  ( 0.0000000000000000000, 0.0000000000000000000, -1.000000000000000000 ) ) ;
#5391 = LINE ( 'NONE', #8239, #9022 ) ;
#5392 = CARTESIAN_POINT ( 'NONE',  ( 0.5150000000000000100, 0.0000000000000000000, -0.08500000000000003400 ) ) ;
#5393 = CARTESIAN_POINT ( 'NONE',  ( 0.2625000000000000700, 0.09999999999999992200, 0.03749999999999999900 ) ) ;
#5394 = DIRECTION ( 'NONE',  ( -0.3236155771181856200, -0.8891264907159877100, 0.3236155771181856200 ) ) ;
#5395 = EDGE_CURVE ( 'NONE', #4109, #9223, #404, .T. ) ;
#5396 = CARTESIAN_POINT ( 'NONE',  ( -0.06249999999999995100, -0.01499999999999997700, 0.03749999999999999900 ) ) ;
#5397 = CARTESIAN_POINT ( 'NONE',  ( -0.3562499999999999000, 0.3299999999999999600, 0.06250000000000001400 ) ) ;
#5398 = AXIS2_PLACEMENT_3D ( 'NONE', #4950, #4166, #8457 ) ;
#5399 = LINE ( 'NONE', #3758, #8756 ) ;
#5400 = CARTESIAN_POINT ( 'NONE',  ( 0.09999999999999996400, 0.3325000000000001800, 0.1324999999999999200 ) ) ;
#5401 = VECTOR ( 'NONE', #4628, 39.37007874015748100 ) ;
#5402 = CARTESIAN_POINT ( 'NONE',  ( 0.03750000000000007500, 0.3128282661284084700, 0.03749999999999999900 ) ) ;
#5403 = CARTESIAN_POINT ( 'NONE',  ( -0.1374999999999999600, 0.09999999999999992200, 0.03749999999999999900 ) ) ;
#5404 = PLANE ( 'NONE',  #9620 ) ;
#5405 = DIRECTION ( 'NONE',  ( 0.9396926207859085400, 0.3420201433256686000, 0.0000000000000000000 ) ) ;
#5406 = CARTESIAN_POINT ( 'NONE',  ( -0.5249999999999995800, -2.388061258337336500E-017, 0.06499999999999991900 ) ) ;
#5407 = CARTESIAN_POINT ( 'NONE',  ( 0.1375000000000000400, -0.01499999999999997700, 0.03749999999999999900 ) ) ;
#5408 = FACE_OUTER_BOUND ( 'NONE', #6083, .T. ) ;
#5409 = EDGE_LOOP ( 'NONE', ( #4034, #7019, #6177, #8270 ) ) ;
#5410 = VECTOR ( 'NONE', #3109, 39.37007874015748100 ) ;
#5411 = AXIS2_PLACEMENT_3D ( 'NONE', #10315, #5031, #1561 ) ;
#5412 = ORIENTED_EDGE ( 'NONE', *, *, #1782, .T. ) ;
#5413 = PLANE ( 'NONE',  #9424 ) ;
#5414 = CARTESIAN_POINT ( 'NONE',  ( -0.3374999999999999700, 0.09999999999999996400, 0.06250000000000001400 ) ) ;
#5415 = VECTOR ( 'NONE', #9551, 39.37007874015748100 ) ;
#5416 = ADVANCED_FACE ( 'NONE', ( #6086 ), #2944, .T. ) ;
#5417 = AXIS2_PLACEMENT_3D ( 'NONE', #2413, #3291, #9488 ) ;
#5418 = VECTOR ( 'NONE', #7793, 39.37007874015748100 ) ;
#5419 = PLANE ( 'NONE',  #5741 ) ;
#5420 = EDGE_LOOP ( 'NONE', ( #1445, #2522, #1682, #7082 ) ) ;
#5421 = LINE ( 'NONE', #4761, #10571 ) ;
#5422 = EDGE_CURVE ( 'NONE', #5044, #8669, #4010, .T. ) ;
#5423 = LINE ( 'NONE', #3662, #10573 ) ;
#5424 = CARTESIAN_POINT ( 'NONE',  ( -0.1625000000000003100, -0.1228282661284085800, -0.06250000000000001400 ) ) ;
#5425 = DIRECTION ( 'NONE',  ( -0.0000000000000000000, 0.0000000000000000000, 1.000000000000000000 ) ) ;
#5426 = ADVANCED_FACE ( 'NONE', ( #9684 ), #1157, .F. ) ;
#5427 = AXIS2_PLACEMENT_3D ( 'NONE', #631, #520, #8463 ) ;
#5428 = AXIS2_PLACEMENT_3D ( 'NONE', #2267, #6804, #9356 ) ;
#5429 = DIRECTION ( 'NONE',  ( -0.0000000000000000000, 1.000000000000000000, -0.0000000000000000000 ) ) ;
#5430 = VECTOR ( 'NONE', #2228, 39.37007874015748100 ) ;
#5431 = VECTOR ( 'NONE', #4449, 39.37007874015748100 ) ;
#5432 = CARTESIAN_POINT ( 'NONE',  ( -0.5750000000000001800, 0.3499999999999999800, -0.1825000000000000000 ) ) ;
#5433 = EDGE_CURVE ( 'NONE', #839, #2085, #5504, .T. ) ;
#5434 = DIRECTION ( 'NONE',  ( 0.0000000000000000000, 0.0000000000000000000, 1.000000000000000000 ) ) ;
#5435 = DIRECTION ( 'NONE',  ( -1.000000000000000000, 0.0000000000000000000, -0.0000000000000000000 ) ) ;
#5436 = VECTOR ( 'NONE', #9948, 39.37007874015748100 ) ;
#5437 = VECTOR ( 'NONE', #7384, 39.37007874015748100 ) ;
#5438 = PLANE ( 'NONE',  #698 ) ;
#5439 = DIRECTION ( 'NONE',  ( -0.3236155771181856200, -0.8891264907159877100, 0.3236155771181856200 ) ) ;
#5440 = EDGE_CURVE ( 'NONE', #4560, #5044, #3725, .T. ) ;
#5441 = AXIS2_PLACEMENT_3D ( 'NONE', #6430, #3724, #2075 ) ;
#5442 = VECTOR ( 'NONE', #891, 39.37007874015748100 ) ;
#5443 = LINE ( 'NONE', #7653, #6596 ) ;
#5444 = ORIENTED_EDGE ( 'NONE', *, *, #3989, .T. ) ;
#5445 = LINE ( 'NONE', #7196, #3127 ) ;
#5446 = ORIENTED_EDGE ( 'NONE', *, *, #3100, .F. ) ;
#5447 = ORIENTED_EDGE ( 'NONE', *, *, #5835, .T. ) ;
#5448 = EDGE_CURVE ( 'NONE', #7446, #7186, #7200, .T. ) ;
#5449 = CARTESIAN_POINT ( 'NONE',  ( -0.1000000000000000900, 0.3499999999999999800, 0.1825000000000000000 ) ) ;
#5450 = DIRECTION ( 'NONE',  ( -0.3236155771181856200, 0.8891264907159877100, 0.3236155771181856200 ) ) ;
#5451 = VECTOR ( 'NONE', #8641, 39.37007874015748100 ) ;
#5452 = ORIENTED_EDGE ( 'NONE', *, *, #4454, .F. ) ;
#5453 = VECTOR ( 'NONE', #807, 39.37007874015748100 ) ;
#5454 = LINE ( 'NONE', #2525, #6176 ) ;
#5455 = PLANE ( 'NONE',  #7307 ) ;
#5456 = CARTESIAN_POINT ( 'NONE',  ( 0.4375000000000001100, 0.3299999999999999600, 0.06250000000000001400 ) ) ;
#5457 = EDGE_CURVE ( 'NONE', #10487, #10900, #4824, .T. ) ;
#5458 = ORIENTED_EDGE ( 'NONE', *, *, #5096, .F. ) ;
#5459 = LINE ( 'NONE', #11347, #3143 ) ;
#5460 = ORIENTED_EDGE ( 'NONE', *, *, #8010, .F. ) ;
#5461 = ORIENTED_EDGE ( 'NONE', *, *, #802, .F. ) ;
#5462 = EDGE_LOOP ( 'NONE', ( #3418, #4239, #4149, #4400, #2940 ) ) ;
#5463 = LINE ( 'NONE', #4538, #5192 ) ;
#5464 = CARTESIAN_POINT ( 'NONE',  ( -0.06250000000000029100, -0.01499999999999997700, -0.03749999999999999900 ) ) ;
#5465 = DIRECTION ( 'NONE',  ( -0.0000000000000000000, 1.000000000000000000, 0.0000000000000000000 ) ) ;
#5466 = DIRECTION ( 'NONE',  ( -0.0000000000000000000, 0.0000000000000000000, 1.000000000000000000 ) ) ;
#5467 = LINE ( 'NONE', #1275, #10203 ) ;
#5468 = DIRECTION ( 'NONE',  ( 0.0000000000000000000, -1.000000000000000000, 0.0000000000000000000 ) ) ;
#5469 = CARTESIAN_POINT ( 'NONE',  ( -0.03750000000000028300, -0.1228282661284084400, -0.06250000000000001400 ) ) ;
#5470 = EDGE_LOOP ( 'NONE', ( #5602, #9461, #10635, #2715 ) ) ;
#5471 = EDGE_CURVE ( 'NONE', #2331, #4690, #9562, .T. ) ;
#5472 = VERTEX_POINT ( 'NONE', #7359 ) ;
#5473 = LINE ( 'NONE', #9524, #5771 ) ;
#5474 = ORIENTED_EDGE ( 'NONE', *, *, #4127, .F. ) ;
#5475 = DIRECTION ( 'NONE',  ( 1.000000000000000000, 1.280553747030123100E-016, 0.0000000000000000000 ) ) ;
#5476 = VERTEX_POINT ( 'NONE', #3820 ) ;
#5477 = CARTESIAN_POINT ( 'NONE',  ( 0.2437500000000001100, 0.3299999999999999600, 0.06250000000000001400 ) ) ;
#5478 = CARTESIAN_POINT ( 'NONE',  ( -0.06249999999999995100, 0.0000000000000000000, 0.0000000000000000000 ) ) ;
#5479 = DIRECTION ( 'NONE',  ( 1.000000000000000000, 0.0000000000000000000, 0.0000000000000000000 ) ) ;
#5480 = ADVANCED_FACE ( 'NONE', ( #10771 ), #4591, .T. ) ;
#5481 = LINE ( 'NONE', #3209, #798 ) ;
#5482 = AXIS2_PLACEMENT_3D ( 'NONE', #1276, #4049, #9289 ) ;
#5483 = DIRECTION ( 'NONE',  ( -1.000000000000000000, 0.0000000000000000000, 0.0000000000000000000 ) ) ;
#5484 = CARTESIAN_POINT ( 'NONE',  ( 0.2437499999999996900, -0.1400000000000000100, -0.06250000000000001400 ) ) ;
#5485 = PLANE ( 'NONE',  #3538 ) ;
#5486 = ORIENTED_EDGE ( 'NONE', *, *, #1013, .F. ) ;
#5487 = ORIENTED_EDGE ( 'NONE', *, *, #10511, .F. ) ;
#5488 = ORIENTED_EDGE ( 'NONE', *, *, #1579, .T. ) ;
#5489 = ORIENTED_EDGE ( 'NONE', *, *, #6698, .F. ) ;
#5490 = ORIENTED_EDGE ( 'NONE', *, *, #3373, .T. ) ;
#5491 = FACE_OUTER_BOUND ( 'NONE', #1017, .T. ) ;
#5492 = ADVANCED_FACE ( 'NONE', ( #1393 ), #7274, .T. ) ;
#5493 = FACE_OUTER_BOUND ( 'NONE', #11051, .T. ) ;
#5494 = EDGE_CURVE ( 'NONE', #4417, #2995, #254, .T. ) ;
#5495 = PLANE ( 'NONE',  #11339 ) ;
#5496 = PRODUCT_DEFINITION_CONTEXT ( 'detailed design', #1405, 'design' ) ;
#5497 = ORIENTED_EDGE ( 'NONE', *, *, #418, .F. ) ;
#5498 = DIRECTION ( 'NONE',  ( -1.000000000000000000, 0.0000000000000000000, -0.0000000000000000000 ) ) ;
#5499 = EDGE_LOOP ( 'NONE', ( #10246, #4677, #3691, #10935 ) ) ;
#5500 = PLANE ( 'NONE',  #9968 ) ;
#5501 = VERTEX_POINT ( 'NONE', #3936 ) ;
#5502 = VERTEX_POINT ( 'NONE', #9206 ) ;
#5503 = VERTEX_POINT ( 'NONE', #380 ) ;
#5504 = LINE ( 'NONE', #4707, #2076 ) ;
#5505 = EDGE_CURVE ( 'NONE', #5280, #6942, #4681, .T. ) ;
#5506 = CARTESIAN_POINT ( 'NONE',  ( 0.0000000000000000000, 0.0000000000000000000, 0.06250000000000001400 ) ) ;
#5507 = CARTESIAN_POINT ( 'NONE',  ( 0.3624999999999997100, -0.01499999999999997700, -0.03749999999999999900 ) ) ;
#5508 = LINE ( 'NONE', #1288, #4013 ) ;
#5509 = CARTESIAN_POINT ( 'NONE',  ( 0.5249999999999998000, 0.09999999999999996400, 0.1324999999999999500 ) ) ;
#5510 = CARTESIAN_POINT ( 'NONE',  ( -0.3374999999999999700, -0.1228282661284085800, 0.06250000000000001400 ) ) ;
#5511 = AXIS2_PLACEMENT_3D ( 'NONE', #7778, #10509, #4288 ) ;
#5512 = VERTEX_POINT ( 'NONE', #10104 ) ;
#5513 = EDGE_LOOP ( 'NONE', ( #3897, #564, #7539, #4800 ) ) ;
#5514 = CARTESIAN_POINT ( 'NONE',  ( -0.5250000000000003600, 0.3499999999999999800, 0.1499999999999999700 ) ) ;
#5515 = ORIENTED_EDGE ( 'NONE', *, *, #8869, .T. ) ;
#5516 = DIRECTION ( 'NONE',  ( 1.000000000000000000, -0.0000000000000000000, -0.0000000000000000000 ) ) ;
#5517 = LINE ( 'NONE', #1695, #3467 ) ;
#5518 = PLANE ( 'NONE',  #8082 ) ;
#5519 = PLANE ( 'NONE',  #7461 ) ;
#5520 = DIRECTION ( 'NONE',  ( 0.0000000000000000000, 0.0000000000000000000, -1.000000000000000000 ) ) ;
#5521 = VECTOR ( 'NONE', #5104, 39.37007874015748100 ) ;
#5522 = CARTESIAN_POINT ( 'NONE',  ( 0.4375000000000001100, 0.3128282661284084700, 0.06250000000000001400 ) ) ;
#5523 = EDGE_CURVE ( 'NONE', #781, #4425, #2358, .T. ) ;
#5524 = CARTESIAN_POINT ( 'NONE',  ( -0.06249999999999995100, 0.3128282661284084700, 0.03749999999999999900 ) ) ;
#5525 = ORIENTED_EDGE ( 'NONE', *, *, #4289, .F. ) ;
#5526 = ORIENTED_EDGE ( 'NONE', *, *, #8637, .T. ) ;
#5527 = DIRECTION ( 'NONE',  ( 0.0000000000000000000, 0.0000000000000000000, 1.000000000000000000 ) ) ;
#5528 = VECTOR ( 'NONE', #4793, 39.37007874015748100 ) ;
#5529 = DIRECTION ( 'NONE',  ( 1.000000000000000000, 0.0000000000000000000, 0.0000000000000000000 ) ) ;
#5530 = CARTESIAN_POINT ( 'NONE',  ( 0.4374999999999997200, 0.3299999999999999600, -0.03749999999999999900 ) ) ;
#5531 = ORIENTED_EDGE ( 'NONE', *, *, #5012, .T. ) ;
#5532 = VECTOR ( 'NONE', #10863, 39.37007874015748100 ) ;
#5533 = EDGE_CURVE ( 'NONE', #368, #5799, #4554, .T. ) ;
#5534 = UNCERTAINTY_MEASURE_WITH_UNIT (LENGTH_MEASURE( 1.000000000000000100E-005 ), #4596, 'distance_accuracy_value', 'NONE');
#5535 = EDGE_LOOP ( 'NONE', ( #7717, #4021, #10359, #3987 ) ) ;
#5536 = DIRECTION ( 'NONE',  ( -0.0000000000000000000, 1.000000000000000000, 0.0000000000000000000 ) ) ;
#5537 = LINE ( 'NONE', #5366, #2931 ) ;
#5538 = EDGE_CURVE ( 'NONE', #8219, #7991, #6933, .T. ) ;
#5539 = DIRECTION ( 'NONE',  ( 0.0000000000000000000, 0.0000000000000000000, -1.000000000000000000 ) ) ;
#5540 =( GEOMETRIC_REPRESENTATION_CONTEXT ( 3 ) GLOBAL_UNCERTAINTY_ASSIGNED_CONTEXT ( ( #10525 ) ) GLOBAL_UNIT_ASSIGNED_CONTEXT ( ( #2686, #2621, #8734 ) ) REPRESENTATION_CONTEXT ( 'NONE', 'WORKASPACE' ) );
#5541 = DIRECTION ( 'NONE',  ( -1.000000000000000000, 0.0000000000000000000, -0.0000000000000000000 ) ) ;
#5542 = CARTESIAN_POINT ( 'NONE',  ( 0.06250000000000008300, -0.1228282661284085800, 0.06250000000000001400 ) ) ;
#5543 = ADVANCED_FACE ( 'NONE', ( #8158 ), #1364, .F. ) ;
#5544 = CARTESIAN_POINT ( 'NONE',  ( 0.5249999999999996900, 0.0000000000000000000, -0.1825000000000000000 ) ) ;
#5545 = VECTOR ( 'NONE', #4333, 39.37007874015748100 ) ;
#5546 = ORIENTED_EDGE ( 'NONE', *, *, #1546, .F. ) ;
#5547 = CARTESIAN_POINT ( 'NONE',  ( 0.3624999999999997100, -0.1400000000000000100, -0.05624999999999997400 ) ) ;
#5548 = ADVANCED_FACE ( 'NONE', ( #11346 ), #3096, .F. ) ;
#5549 = PLANE ( 'NONE',  #6998 ) ;
#5550 = CARTESIAN_POINT ( 'NONE',  ( 0.2401181760438384800, 0.3200216456890114800, 0.04011817604383839700 ) ) ;
#5551 = FILL_AREA_STYLE ('',( #6590 ) ) ;
#5552 = AXIS2_PLACEMENT_3D ( 'NONE', #2150, #4913, #2191 ) ;
#5553 = ORIENTED_EDGE ( 'NONE', *, *, #5268, .F. ) ;
#5554 = CARTESIAN_POINT ( 'NONE',  ( 0.5249999999999996900, 0.0000000000000000000, -0.1825000000000000000 ) ) ;
#5555 = CARTESIAN_POINT ( 'NONE',  ( 0.1624999999999997000, 0.0000000000000000000, 0.0000000000000000000 ) ) ;
#5556 = VECTOR ( 'NONE', #7917, 39.37007874015748100 ) ;
#5557 = DIRECTION ( 'NONE',  ( 1.000000000000000000, 0.0000000000000000000, 0.0000000000000000000 ) ) ;
#5558 = ORIENTED_EDGE ( 'NONE', *, *, #4699, .F. ) ;
#5559 = LINE ( 'NONE', #4720, #3918 ) ;
#5560 = CARTESIAN_POINT ( 'NONE',  ( 0.3625000000000001000, 0.3128282661284084700, 0.06250000000000001400 ) ) ;
#5561 = EDGE_CURVE ( 'NONE', #5631, #84, #9125, .T. ) ;
#5562 = CARTESIAN_POINT ( 'NONE',  ( 0.03750000000000007500, 0.3299999999999999600, 0.06250000000000001400 ) ) ;
#5563 = DIRECTION ( 'NONE',  ( 0.0000000000000000000, -0.0000000000000000000, 1.000000000000000000 ) ) ;
#5564 = ORIENTED_EDGE ( 'NONE', *, *, #3090, .F. ) ;
#5565 = ORIENTED_EDGE ( 'NONE', *, *, #1881, .F. ) ;
#5566 = CARTESIAN_POINT ( 'NONE',  ( 0.1625000000000000300, -4.268512490100411300E-018, 0.06250000000000001400 ) ) ;
#5567 = LINE ( 'NONE', #748, #5282 ) ;
#5568 = VECTOR ( 'NONE', #9933, 39.37007874015748100 ) ;
#5569 = PLANE ( 'NONE',  #10556 ) ;
#5570 =( GEOMETRIC_REPRESENTATION_CONTEXT ( 3 ) GLOBAL_UNCERTAINTY_ASSIGNED_CONTEXT ( ( #8670 ) ) GLOBAL_UNIT_ASSIGNED_CONTEXT ( ( #2965, #7503, #6656 ) ) REPRESENTATION_CONTEXT ( 'NONE', 'WORKASPACE' ) );
#5571 = VERTEX_POINT ( 'NONE', #9299 ) ;
#5572 = CARTESIAN_POINT ( 'NONE',  ( -0.2374999999999999600, -0.1228282661284084400, 0.06250000000000001400 ) ) ;
#5573 = VERTEX_POINT ( 'NONE', #7481 ) ;
#5574 = DIRECTION ( 'NONE',  ( -0.0000000000000000000, 1.000000000000000000, -0.0000000000000000000 ) ) ;
#5575 = CARTESIAN_POINT ( 'NONE',  ( -0.04374999999999997600, -0.1400000000000000100, 0.04375000000000003900 ) ) ;
#5576 = LINE ( 'NONE', #6827, #4746 ) ;
#5577 = SURFACE_STYLE_FILL_AREA ( #8684 ) ;
#5578 = VECTOR ( 'NONE', #2341, 39.37007874015748100 ) ;
#5579 = LINE ( 'NONE', #8800, #3249 ) ;
#5580 = CARTESIAN_POINT ( 'NONE',  ( 0.0000000000000000000, 0.09999999999999996400, 0.06250000000000001400 ) ) ;
#5581 = CARTESIAN_POINT ( 'NONE',  ( -0.03750000000000028300, 0.0000000000000000000, 0.0000000000000000000 ) ) ;
#5582 = VECTOR ( 'NONE', #9357, 39.37007874015748100 ) ;
#5583 = EDGE_CURVE ( 'NONE', #9514, #7165, #1941, .T. ) ;
#5584 = LINE ( 'NONE', #9270, #9205 ) ;
#5585 = CARTESIAN_POINT ( 'NONE',  ( -0.2375000000000002900, 0.3128282661284084700, -0.03749999999999999900 ) ) ;
#5586 = SURFACE_STYLE_USAGE ( .BOTH. , #3938 ) ;
#5587 = LINE ( 'NONE', #1092, #3394 ) ;
#5588 = VECTOR ( 'NONE', #7619, 39.37007874015748100 ) ;
#5589 = CARTESIAN_POINT ( 'NONE',  ( 0.4562500000000001000, -0.1400000000000000100, 0.04375000000000003900 ) ) ;
#5590 = DIRECTION ( 'NONE',  ( 0.0000000000000000000, -0.0000000000000000000, -1.000000000000000000 ) ) ;
#5591 = DIRECTION ( 'NONE',  ( 0.0000000000000000000, 0.0000000000000000000, -1.000000000000000000 ) ) ;
#5592 = SURFACE_STYLE_FILL_AREA ( #5551 ) ;
#5593 = CARTESIAN_POINT ( 'NONE',  ( -0.1374999999999999600, -0.1228282661284084400, 0.03749999999999999900 ) ) ;
#5594 = EDGE_CURVE ( 'NONE', #7925, #11315, #7892, .T. ) ;
#5595 = CARTESIAN_POINT ( 'NONE',  ( -0.03749999999999994300, 0.3299999999999999600, 0.05624999999999997400 ) ) ;
#5596 = LINE ( 'NONE', #2197, #11286 ) ;
#5597 = ADVANCED_FACE ( 'NONE', ( #7615 ), #9254, .F. ) ;
#5598 = LINE ( 'NONE', #3397, #10189 ) ;
#5599 = EDGE_LOOP ( 'NONE', ( #5328, #4598, #4067, #4662 ) ) ;
#5600 = VECTOR ( 'NONE', #8087, 39.37007874015748100 ) ;
#5601 = CARTESIAN_POINT ( 'NONE',  ( -0.4625000000000003000, 0.3128282661284084700, -0.03749999999999999900 ) ) ;
#5602 = ORIENTED_EDGE ( 'NONE', *, *, #8747, .T. ) ;
#5603 = ORIENTED_EDGE ( 'NONE', *, *, #5162, .T. ) ;
#5604 = DIRECTION ( 'NONE',  ( -0.9396926207859079800, -0.3420201433256698200, -0.0000000000000000000 ) ) ;
#5605 = ORIENTED_EDGE ( 'NONE', *, *, #7193, .F. ) ;
#5606 = CARTESIAN_POINT ( 'NONE',  ( 0.3598818239561612500, -0.1300216456890116200, -0.05988182395616160200 ) ) ;
#5607 = EDGE_CURVE ( 'NONE', #7189, #6668, #3454, .T. ) ;
#5608 = CARTESIAN_POINT ( 'NONE',  ( -0.2624999999999999600, 0.09999999999999992200, 0.06250000000000001400 ) ) ;
#5609 = AXIS2_PLACEMENT_3D ( 'NONE', #3133, #5712, #2219 ) ;
#5610 = FACE_OUTER_BOUND ( 'NONE', #9711, .T. ) ;
#5611 = ADVANCED_FACE ( 'NONE', ( #5224 ), #7517, .F. ) ;
#5612 = LINE ( 'NONE', #10445, #3279 ) ;
#5613 = VECTOR ( 'NONE', #11207, 39.37007874015748100 ) ;
#5614 = ORIENTED_EDGE ( 'NONE', *, *, #11328, .F. ) ;
#5615 = DIRECTION ( 'NONE',  ( 0.0000000000000000000, 0.0000000000000000000, -1.000000000000000000 ) ) ;
#5616 = ORIENTED_EDGE ( 'NONE', *, *, #3367, .F. ) ;
#5617 = VECTOR ( 'NONE', #9173, 39.37007874015748100 ) ;
#5618 = EDGE_CURVE ( 'NONE', #672, #5776, #540, .T. ) ;
#5619 = EDGE_LOOP ( 'NONE', ( #11452, #10749, #7051, #6199 ) ) ;
#5620 = ORIENTED_EDGE ( 'NONE', *, *, #10724, .T. ) ;
#5621 = SURFACE_STYLE_USAGE ( .BOTH. , #4728 ) ;
#5622 = ORIENTED_EDGE ( 'NONE', *, *, #8978, .T. ) ;
#5623 = CARTESIAN_POINT ( 'NONE',  ( 0.0000000000000000000, 0.09999999999999996400, -0.03749999999999999900 ) ) ;
#5624 = CARTESIAN_POINT ( 'NONE',  ( -0.1562500000000002800, -0.1400000000000000100, -0.06250000000000001400 ) ) ;
#5625 = FACE_OUTER_BOUND ( 'NONE', #9734, .T. ) ;
#5626 = PLANE ( 'NONE',  #1310 ) ;
#5627 = CARTESIAN_POINT ( 'NONE',  ( -0.4375000000000003300, -0.1228282661284084400, -0.06250000000000001400 ) ) ;
#5628 = EDGE_CURVE ( 'NONE', #9427, #7720, #2895, .T. ) ;
#5629 = VERTEX_POINT ( 'NONE', #2138 ) ;
#5630 = AXIS2_PLACEMENT_3D ( 'NONE', #10057, #10895, #3135 ) ;
#5631 = VERTEX_POINT ( 'NONE', #8328 ) ;
#5632 = DIRECTION ( 'NONE',  ( -0.0000000000000000000, 1.000000000000000000, -0.0000000000000000000 ) ) ;
#5633 = ORIENTED_EDGE ( 'NONE', *, *, #715, .T. ) ;
#5634 = ORIENTED_EDGE ( 'NONE', *, *, #10115, .T. ) ;
#5635 = VERTEX_POINT ( 'NONE', #1249 ) ;
#5636 = VERTEX_POINT ( 'NONE', #337 ) ;
#5637 = ORIENTED_EDGE ( 'NONE', *, *, #2962, .T. ) ;
#5638 = VECTOR ( 'NONE', #909, 39.37007874015748100 ) ;
#5639 =( LENGTH_UNIT ( ) NAMED_UNIT ( * ) SI_UNIT ( $, .METRE. ) );
#5640 = VECTOR ( 'NONE', #2890, 39.37007874015748100 ) ;
#5641 = CARTESIAN_POINT ( 'NONE',  ( -0.1624999999999999800, -4.268512490100411300E-018, 0.03749999999999999900 ) ) ;
#5642 = DIRECTION ( 'NONE',  ( 1.000000000000000000, 0.0000000000000000000, 0.0000000000000000000 ) ) ;
#5643 = EDGE_CURVE ( 'NONE', #4107, #4294, #8854, .T. ) ;
#5644 = ORIENTED_EDGE ( 'NONE', *, *, #7535, .T. ) ;
#5645 = PLANE ( 'NONE',  #1553 ) ;
#5646 = ORIENTED_EDGE ( 'NONE', *, *, #512, .F. ) ;
#5647 = VERTEX_POINT ( 'NONE', #8594 ) ;
#5648 = ORIENTED_EDGE ( 'NONE', *, *, #3499, .F. ) ;
#5649 = DIRECTION ( 'NONE',  ( -1.000000000000000000, 0.0000000000000000000, 0.0000000000000000000 ) ) ;
#5650 = ORIENTED_EDGE ( 'NONE', *, *, #10390, .F. ) ;
#5651 = DIRECTION ( 'NONE',  ( -1.000000000000000000, 0.0000000000000000000, 0.0000000000000000000 ) ) ;
#5652 = LINE ( 'NONE', #6029, #11484 ) ;
#5653 = PLANE ( 'NONE',  #11362 ) ;
#5654 = CARTESIAN_POINT ( 'NONE',  ( 0.3375000000000000800, 0.3299999999999999600, 0.03749999999999999900 ) ) ;
#5655 = ORIENTED_EDGE ( 'NONE', *, *, #8220, .F. ) ;
#5656 = ORIENTED_EDGE ( 'NONE', *, *, #2785, .F. ) ;
#5657 = ORIENTED_EDGE ( 'NONE', *, *, #9526, .F. ) ;
#5658 = CARTESIAN_POINT ( 'NONE',  ( 0.1375000000000000400, -4.268512490100411300E-018, 0.06250000000000001400 ) ) ;
#5659 = ORIENTED_EDGE ( 'NONE', *, *, #10584, .F. ) ;
#5660 = VECTOR ( 'NONE', #6197, 39.37007874015748100 ) ;
#5661 = CARTESIAN_POINT ( 'NONE',  ( -0.2624999999999999600, -0.01499999999999997700, 0.03749999999999999900 ) ) ;
#5662 = DIRECTION ( 'NONE',  ( 0.0000000000000000000, 0.0000000000000000000, -1.000000000000000000 ) ) ;
#5663 = VECTOR ( 'NONE', #1084, 39.37007874015748100 ) ;
#5664 = DIRECTION ( 'NONE',  ( -0.3236155771181856200, 0.8891264907159877100, 0.3236155771181856200 ) ) ;
#5665 = CARTESIAN_POINT ( 'NONE',  ( 0.1375000000000000400, 0.3128282661284084700, 0.03749999999999999900 ) ) ;
#5666 = AXIS2_PLACEMENT_3D ( 'NONE', #9691, #2573, #10501 ) ;
#5667 = ADVANCED_FACE ( 'NONE', ( #9953 ), #1531, .F. ) ;
#5668 = EDGE_CURVE ( 'NONE', #4663, #3947, #10906, .T. ) ;
#5669 = ORIENTED_EDGE ( 'NONE', *, *, #5996, .T. ) ;
#5670 = VERTEX_POINT ( 'NONE', #11251 ) ;
#5671 = CARTESIAN_POINT ( 'NONE',  ( 0.1375000000000000400, 0.3299999999999999600, 0.03749999999999999900 ) ) ;
#5672 = ORIENTED_EDGE ( 'NONE', *, *, #1325, .T. ) ;
#5673 = VECTOR ( 'NONE', #10827, 39.37007874015748100 ) ;
#5674 = VERTEX_POINT ( 'NONE', #2410 ) ;
#5675 = CARTESIAN_POINT ( 'NONE',  ( 0.1374999999999997100, -0.1228282661284085800, -0.06250000000000001400 ) ) ;
#5676 = VECTOR ( 'NONE', #2263, 39.37007874015748100 ) ;
#5677 = EDGE_CURVE ( 'NONE', #2000, #6696, #4414, .T. ) ;
#5678 = CARTESIAN_POINT ( 'NONE',  ( 0.2562499999999996400, -0.1400000000000000100, -0.03749999999999999900 ) ) ;
#5679 = ADVANCED_FACE ( 'NONE', ( #8575 ), #3180, .T. ) ;
#5680 = CARTESIAN_POINT ( 'NONE',  ( 0.4374999999999997200, 0.3128282661284084700, -0.03749999999999999900 ) ) ;
#5681 = DIRECTION ( 'NONE',  ( 0.9396926207859079800, -0.3420201433256698200, -0.0000000000000000000 ) ) ;
#5682 = VERTEX_POINT ( 'NONE', #5997 ) ;
#5683 = DIRECTION ( 'NONE',  ( 0.0000000000000000000, 0.0000000000000000000, 1.000000000000000000 ) ) ;
#5684 = VECTOR ( 'NONE', #10589, 39.37007874015748100 ) ;
#5685 = CARTESIAN_POINT ( 'NONE',  ( 0.03750000000000007500, -0.1400000000000000100, 0.05624999999999997400 ) ) ;
#5686 = ORIENTED_EDGE ( 'NONE', *, *, #418, .T. ) ;
#5687 = EDGE_CURVE ( 'NONE', #6457, #9223, #11046, .T. ) ;
#5688 = LINE ( 'NONE', #7886, #428 ) ;
#5689 = CARTESIAN_POINT ( 'NONE',  ( 0.2375000000000000700, 0.3299999999999999600, 0.06250000000000001400 ) ) ;
#5690 = AXIS2_PLACEMENT_3D ( 'NONE', #3838, #5604, #1218 ) ;
#5691 = DIRECTION ( 'NONE',  ( 0.0000000000000000000, -0.3420201433256698200, 0.9396926207859079800 ) ) ;
#5692 = DIRECTION ( 'NONE',  ( -1.000000000000000000, 0.0000000000000000000, 0.0000000000000000000 ) ) ;
#5693 = CARTESIAN_POINT ( 'NONE',  ( -0.1000000000000000900, 0.3499999999999999800, -0.2280551275463990900 ) ) ;
#5694 = CARTESIAN_POINT ( 'NONE',  ( -0.2562499999999999200, 0.3299999999999999600, 0.04375000000000003900 ) ) ;
#5695 = FACE_OUTER_BOUND ( 'NONE', #2589, .T. ) ;
#5696 = CARTESIAN_POINT ( 'NONE',  ( -0.4625000000000003000, -0.1228282661284084400, -0.03749999999999999900 ) ) ;
#5697 = EDGE_CURVE ( 'NONE', #11169, #515, #5943, .T. ) ;
#5698 = PRODUCT_DEFINITION_SHAPE ( 'NONE', 'NONE',  #3396 ) ;
#5699 = VECTOR ( 'NONE', #119, 39.37007874015748100 ) ;
#5700 = CARTESIAN_POINT ( 'NONE',  ( 0.3374999999999996900, -4.268512490100411300E-018, -0.03749999999999999900 ) ) ;
#5701 = CARTESIAN_POINT ( 'NONE',  ( 0.2562499999999996400, -0.1400000000000000100, -0.05624999999999997400 ) ) ;
#5702 = CARTESIAN_POINT ( 'NONE',  ( 0.5249999999999996900, 0.3325000000000001800, -0.1175000000000000500 ) ) ;
#5703 = EDGE_CURVE ( 'NONE', #10197, #7116, #4279, .T. ) ;
#5704 =( GEOMETRIC_REPRESENTATION_CONTEXT ( 3 ) GLOBAL_UNCERTAINTY_ASSIGNED_CONTEXT ( ( #7826 ) ) GLOBAL_UNIT_ASSIGNED_CONTEXT ( ( #11352, #11191, #1655 ) ) REPRESENTATION_CONTEXT ( 'NONE', 'WORKASPACE' ) );
#5705 = FACE_OUTER_BOUND ( 'NONE', #10369, .T. ) ;
#5706 = DIRECTION ( 'NONE',  ( 0.0000000000000000000, 0.0000000000000000000, -1.000000000000000000 ) ) ;
#5707 = ORIENTED_EDGE ( 'NONE', *, *, #8214, .T. ) ;
#5708 = VECTOR ( 'NONE', #4077, 39.37007874015748100 ) ;
#5709 = DIRECTION ( 'NONE',  ( 0.0000000000000000000, 0.0000000000000000000, -1.000000000000000000 ) ) ;
#5710 = ORIENTED_EDGE ( 'NONE', *, *, #1338, .T. ) ;
#5711 = FACE_OUTER_BOUND ( 'NONE', #9776, .T. ) ;
#5712 = DIRECTION ( 'NONE',  ( -0.0000000000000000000, 0.0000000000000000000, 1.000000000000000000 ) ) ;
#5713 = DIRECTION ( 'NONE',  ( -0.0000000000000000000, -0.0000000000000000000, -1.000000000000000000 ) ) ;
#5714 = CARTESIAN_POINT ( 'NONE',  ( 0.03750000000000007500, 0.3128282661284084700, 0.06250000000000001400 ) ) ;
#5715 = AXIS2_PLACEMENT_3D ( 'NONE', #4653, #8190, #2126 ) ;
#5716 = CARTESIAN_POINT ( 'NONE',  ( -0.1624999999999999800, 0.3299999999999999600, 0.06250000000000001400 ) ) ;
#5717 = EDGE_LOOP ( 'NONE', ( #528, #2657, #2502, #1828 ) ) ;
#5718 = DIRECTION ( 'NONE',  ( 2.731847993664263200E-016, 0.0000000000000000000, 1.000000000000000000 ) ) ;
#5719 = ADVANCED_FACE ( 'NONE', ( #953 ), #6784, .T. ) ;
#5720 = DIRECTION ( 'NONE',  ( -0.0000000000000000000, 1.000000000000000000, -0.0000000000000000000 ) ) ;
#5721 = FACE_OUTER_BOUND ( 'NONE', #1190, .T. ) ;
#5722 = DIRECTION ( 'NONE',  ( -1.000000000000000000, 0.0000000000000000000, 0.0000000000000000000 ) ) ;
#5723 = EDGE_CURVE ( 'NONE', #1449, #5759, #9938, .T. ) ;
#5724 = DIRECTION ( 'NONE',  ( 1.000000000000000000, 0.0000000000000000000, 0.0000000000000000000 ) ) ;
#5725 = CARTESIAN_POINT ( 'NONE',  ( -0.06250000000000029100, 0.3299999999999999600, -0.03749999999999999900 ) ) ;
#5726 = CARTESIAN_POINT ( 'NONE',  ( 0.06250000000000008300, -0.1228282661284085800, 0.03749999999999999900 ) ) ;
#5727 = PLANE ( 'NONE',  #9220 ) ;
#5728 = VECTOR ( 'NONE', #150, 39.37007874015748100 ) ;
#5729 =( LENGTH_UNIT ( ) NAMED_UNIT ( * ) SI_UNIT ( $, .METRE. ) );
#5730 = VECTOR ( 'NONE', #10977, 39.37007874015748100 ) ;
#5731 = DIRECTION ( 'NONE',  ( 1.000000000000000000, 0.0000000000000000000, 0.0000000000000000000 ) ) ;
#5732 = DIRECTION ( 'NONE',  ( -0.9396926207859079800, -0.3420201433256698200, -0.0000000000000000000 ) ) ;
#5733 = ADVANCED_FACE ( 'NONE', ( #5790 ), #8480, .F. ) ;
#5734 = VECTOR ( 'NONE', #10820, 39.37007874015748100 ) ;
#5735 = EDGE_CURVE ( 'NONE', #8362, #9827, #6350, .T. ) ;
#5736 = FACE_OUTER_BOUND ( 'NONE', #6849, .T. ) ;
#5737 = CARTESIAN_POINT ( 'NONE',  ( -0.4625000000000003000, -0.1400000000000000100, -0.04375000000000003900 ) ) ;
#5738 = PLANE ( 'NONE',  #4003 ) ;
#5739 = DIRECTION ( 'NONE',  ( 0.0000000000000000000, 0.0000000000000000000, -1.000000000000000000 ) ) ;
#5740 = VECTOR ( 'NONE', #7612, 39.37007874015748100 ) ;
#5741 = AXIS2_PLACEMENT_3D ( 'NONE', #8232, #7235, #10738 ) ;
#5742 = CARTESIAN_POINT ( 'NONE',  ( -0.4500000000000002300, 0.2499999999999999200, 0.1825000000000000000 ) ) ;
#5743 = VERTEX_POINT ( 'NONE', #10413 ) ;
#5744 = VECTOR ( 'NONE', #4584, 39.37007874015748100 ) ;
#5745 = VERTEX_POINT ( 'NONE', #5006 ) ;
#5746 = ORIENTED_EDGE ( 'NONE', *, *, #6996, .T. ) ;
#5747 = CARTESIAN_POINT ( 'NONE',  ( 0.03750000000000007500, 0.0000000000000000000, 0.0000000000000000000 ) ) ;
#5748 = EDGE_CURVE ( 'NONE', #9008, #3767, #1664, .T. ) ;
#5749 = VECTOR ( 'NONE', #4341, 39.37007874015748100 ) ;
#5750 = ORIENTED_EDGE ( 'NONE', *, *, #8169, .T. ) ;
#5751 = DIRECTION ( 'NONE',  ( -0.0000000000000000000, 1.000000000000000000, -0.0000000000000000000 ) ) ;
#5752 = AXIS2_PLACEMENT_3D ( 'NONE', #9329, #2212, #2282 ) ;
#5753 = FILL_AREA_STYLE_COLOUR ( '', #6366 ) ;
#5754 = LINE ( 'NONE', #2066, #3136 ) ;
#5755 = DIRECTION ( 'NONE',  ( -0.2873478855663455000, 0.9578262852211513200, 0.0000000000000000000 ) ) ;
#5756 = VECTOR ( 'NONE', #2404, 39.37007874015748100 ) ;
#5757 = DIRECTION ( 'NONE',  ( 1.000000000000000000, 0.0000000000000000000, 0.0000000000000000000 ) ) ;
#5758 = PLANE ( 'NONE',  #10337 ) ;
#5759 = VERTEX_POINT ( 'NONE', #5038 ) ;
#5760 = VECTOR ( 'NONE', #5817, 39.37007874015748100 ) ;
#5761 = ORIENTED_EDGE ( 'NONE', *, *, #7509, .F. ) ;
#5762 = PLANE ( 'NONE',  #10492 ) ;
#5763 = VERTEX_POINT ( 'NONE', #5914 ) ;
#5764 = ORIENTED_EDGE ( 'NONE', *, *, #2858, .F. ) ;
#5765 = DIRECTION ( 'NONE',  ( -1.000000000000000000, 0.0000000000000000000, 0.0000000000000000000 ) ) ;
#5766 = EDGE_CURVE ( 'NONE', #9278, #84, #5091, .T. ) ;
#5767 = FACE_OUTER_BOUND ( 'NONE', #813, .T. ) ;
#5768 = EDGE_LOOP ( 'NONE', ( #31, #6312, #9297, #7226 ) ) ;
#5769 = DIRECTION ( 'NONE',  ( 0.0000000000000000000, 0.0000000000000000000, -1.000000000000000000 ) ) ;
#5770 = EDGE_CURVE ( 'NONE', #10531, #2047, #9818, .T. ) ;
#5771 = VECTOR ( 'NONE', #5092, 39.37007874015748100 ) ;
#5772 = CARTESIAN_POINT ( 'NONE',  ( 0.1000000000000000200, 0.3499999999999999800, -0.2280551275463990900 ) ) ;
#5773 = EDGE_LOOP ( 'NONE', ( #5750, #11464, #983, #728 ) ) ;
#5774 = EDGE_LOOP ( 'NONE', ( #2029, #1589, #1094, #1376 ) ) ;
#5775 = DIRECTION ( 'NONE',  ( -1.000000000000000000, 0.0000000000000000000, -0.0000000000000000000 ) ) ;
#5776 = VERTEX_POINT ( 'NONE', #692 ) ;
#5777 = DIRECTION ( 'NONE',  ( 0.0000000000000000000, 0.0000000000000000000, 1.000000000000000000 ) ) ;
#5778 = DIRECTION ( 'NONE',  ( 3.278217592397116300E-015, 0.0000000000000000000, -1.000000000000000000 ) ) ;
#5779 = VECTOR ( 'NONE', #719, 39.37007874015748100 ) ;
#5780 = DIRECTION ( 'NONE',  ( -1.000000000000000000, 0.0000000000000000000, 0.0000000000000000000 ) ) ;
#5781 = EDGE_CURVE ( 'NONE', #2190, #2086, #5354, .T. ) ;
#5782 = CARTESIAN_POINT ( 'NONE',  ( -0.2562499999999999200, -0.1400000000000000100, 0.04375000000000003900 ) ) ;
#5783 = ORIENTED_EDGE ( 'NONE', *, *, #2888, .F. ) ;
#5784 = DIRECTION ( 'NONE',  ( 0.0000000000000000000, 0.0000000000000000000, 1.000000000000000000 ) ) ;
#5785 = VERTEX_POINT ( 'NONE', #10585 ) ;
#5786 = CARTESIAN_POINT ( 'NONE',  ( -0.06250000000000029100, -0.01499999999999997700, -0.06250000000000001400 ) ) ;
#5787 = ORIENTED_EDGE ( 'NONE', *, *, #9471, .F. ) ;
#5788 = ORIENTED_EDGE ( 'NONE', *, *, #2928, .T. ) ;
#5789 = ORIENTED_EDGE ( 'NONE', *, *, #6568, .F. ) ;
#5790 = FACE_OUTER_BOUND ( 'NONE', #5364, .T. ) ;
#5791 = ADVANCED_FACE ( 'NONE', ( #4545 ), #7052, .T. ) ;
#5792 =( CONVERSION_BASED_UNIT ( 'INCH', #3892 ) LENGTH_UNIT ( ) NAMED_UNIT ( #3407 ) );
#5793 = CARTESIAN_POINT ( 'NONE',  ( -0.3375000000000003000, 0.3128282661284084700, -0.06250000000000001400 ) ) ;
#5794 = EDGE_CURVE ( 'NONE', #9429, #40, #3173, .T. ) ;
#5795 = LINE ( 'NONE', #490, #2497 ) ;
#5796 = DIRECTION ( 'NONE',  ( -0.0000000000000000000, -1.000000000000000000, -4.097771990496395300E-016 ) ) ;
#5797 = ORIENTED_EDGE ( 'NONE', *, *, #3065, .F. ) ;
#5798 = EDGE_LOOP ( 'NONE', ( #7362, #4148, #7342, #11047 ) ) ;
#5799 = VERTEX_POINT ( 'NONE', #6183 ) ;
#5800 = DIRECTION ( 'NONE',  ( 0.0000000000000000000, 0.0000000000000000000, 1.000000000000000000 ) ) ;
#5801 = VERTEX_POINT ( 'NONE', #6027 ) ;
#5802 = ADVANCED_FACE ( 'NONE', ( #3042 ), #3399, .T. ) ;
#5803 = DIRECTION ( 'NONE',  ( -1.000000000000000000, 0.0000000000000000000, 0.0000000000000000000 ) ) ;
#5804 = VECTOR ( 'NONE', #10017, 39.37007874015748100 ) ;
#5805 = DIRECTION ( 'NONE',  ( 0.0000000000000000000, -0.3420201433256698200, 0.9396926207859079800 ) ) ;
#5806 = AXIS2_PLACEMENT_3D ( 'NONE', #3408, #9492, #9609 ) ;
#5807 = EDGE_LOOP ( 'NONE', ( #6797, #3050, #11158, #9110 ) ) ;
#5808 = VECTOR ( 'NONE', #2826, 39.37007874015748100 ) ;
#5809 = DIRECTION ( 'NONE',  ( -1.000000000000000000, 0.0000000000000000000, -0.0000000000000000000 ) ) ;
#5810 = DIRECTION ( 'NONE',  ( -0.9396926207859079800, -0.3420201433256698200, -0.0000000000000000000 ) ) ;
#5811 = DIRECTION ( 'NONE',  ( -0.0000000000000000000, -0.0000000000000000000, -1.000000000000000000 ) ) ;
#5812 = ORIENTED_EDGE ( 'NONE', *, *, #4238, .F. ) ;
#5813 = VERTEX_POINT ( 'NONE', #7859 ) ;
#5814 = VERTEX_POINT ( 'NONE', #5229 ) ;
#5815 = PRESENTATION_LAYER_ASSIGNMENT (  '', '', ( #999 ) ) ;
#5816 = VECTOR ( 'NONE', #8722, 39.37007874015748100 ) ;
#5817 = DIRECTION ( 'NONE',  ( -1.000000000000000000, 0.0000000000000000000, 0.0000000000000000000 ) ) ;
#5818 = CARTESIAN_POINT ( 'NONE',  ( -0.05000000000000025300, 0.0000000000000000000, -0.1825000000000000000 ) ) ;
#5819 = CARTESIAN_POINT ( 'NONE',  ( 0.06249999999999974300, -0.01499999999999997700, -0.03749999999999999900 ) ) ;
#5820 = LINE ( 'NONE', #5276, #4973 ) ;
#5821 = CARTESIAN_POINT ( 'NONE',  ( -0.1625000000000003100, -0.1228282661284085800, -0.03749999999999999900 ) ) ;
#5822 = DIRECTION ( 'NONE',  ( 1.000000000000000000, 0.0000000000000000000, 0.0000000000000000000 ) ) ;
#5823 = CARTESIAN_POINT ( 'NONE',  ( 0.4625000000000001300, -0.01499999999999997700, 0.06250000000000001400 ) ) ;
#5824 = CARTESIAN_POINT ( 'NONE',  ( 0.03750000000000007500, -4.268512490100411300E-018, 0.06250000000000001400 ) ) ;
#5825 = CARTESIAN_POINT ( 'NONE',  ( 0.5999999999999996400, -0.1400000000000000100, -0.1000000000000000100 ) ) ;
#5826 =( GEOMETRIC_REPRESENTATION_CONTEXT ( 3 ) GLOBAL_UNCERTAINTY_ASSIGNED_CONTEXT ( ( #9330 ) ) GLOBAL_UNIT_ASSIGNED_CONTEXT ( ( #7452, #7562, #3044 ) ) REPRESENTATION_CONTEXT ( 'NONE', 'WORKASPACE' ) );
#5827 = EDGE_LOOP ( 'NONE', ( #2043, #6373, #8836, #1389 ) ) ;
#5828 = DIRECTION ( 'NONE',  ( 0.0000000000000000000, 0.0000000000000000000, 1.000000000000000000 ) ) ;
#5829 = ORIENTED_EDGE ( 'NONE', *, *, #9617, .T. ) ;
#5830 = VECTOR ( 'NONE', #4528, 39.37007874015748100 ) ;
#5831 = DIRECTION ( 'NONE',  ( 0.0000000000000000000, 0.0000000000000000000, 1.000000000000000000 ) ) ;
#5832 = DIRECTION ( 'NONE',  ( -0.0000000000000000000, 1.000000000000000000, -0.0000000000000000000 ) ) ;
#5833 = VERTEX_POINT ( 'NONE', #5266 ) ;
#5834 = LINE ( 'NONE', #5606, #8326 ) ;
#5835 = EDGE_CURVE ( 'NONE', #4954, #6372, #3587, .T. ) ;
#5836 = DIRECTION ( 'NONE',  ( -0.0000000000000000000, 0.0000000000000000000, 1.000000000000000000 ) ) ;
#5837 = PRESENTATION_LAYER_ASSIGNMENT (  '', '', ( #7240 ) ) ;
#5838 = ORIENTED_EDGE ( 'NONE', *, *, #1503, .T. ) ;
#5839 = FACE_OUTER_BOUND ( 'NONE', #9615, .T. ) ;
#5840 = CARTESIAN_POINT ( 'NONE',  ( -0.4375000000000003300, -0.1228282661284085800, -0.03749999999999999900 ) ) ;
#5841 = LINE ( 'NONE', #2794, #5699 ) ;
#5842 = EDGE_CURVE ( 'NONE', #11439, #377, #6078, .T. ) ;
#5843 = CARTESIAN_POINT ( 'NONE',  ( 0.3624999999999997100, 0.3128282661284084700, -0.03749999999999999900 ) ) ;
#5844 = DIRECTION ( 'NONE',  ( -1.000000000000000000, 0.0000000000000000000, 0.0000000000000000000 ) ) ;
#5845 = CARTESIAN_POINT ( 'NONE',  ( -0.1625000000000003100, -0.01499999999999997700, -0.03749999999999999900 ) ) ;
#5846 = VECTOR ( 'NONE', #8603, 39.37007874015748100 ) ;
#5847 = EDGE_CURVE ( 'NONE', #1717, #5126, #4153, .T. ) ;
#5848 = AXIS2_PLACEMENT_3D ( 'NONE', #9566, #4256, #8748 ) ;
#5849 = ORIENTED_EDGE ( 'NONE', *, *, #868, .T. ) ;
#5850 = DIRECTION ( 'NONE',  ( -1.000000000000000000, 0.0000000000000000000, -0.0000000000000000000 ) ) ;
#5851 = ORIENTED_EDGE ( 'NONE', *, *, #6155, .F. ) ;
#5852 = ORIENTED_EDGE ( 'NONE', *, *, #8990, .F. ) ;
#5853 = DIRECTION ( 'NONE',  ( -0.0000000000000000000, -0.0000000000000000000, 1.000000000000000000 ) ) ;
#5854 = EDGE_CURVE ( 'NONE', #9107, #6269, #9269, .T. ) ;
#5855 = PLANE ( 'NONE',  #2495 ) ;
#5856 = VECTOR ( 'NONE', #19, 39.37007874015748100 ) ;
#5857 = CARTESIAN_POINT ( 'NONE',  ( 0.03749999999999973500, 0.09999999999999992200, -0.03749999999999999900 ) ) ;
#5858 = ADVANCED_FACE ( 'NONE', ( #6645 ), #4328, .T. ) ;
#5859 = ORIENTED_EDGE ( 'NONE', *, *, #343, .F. ) ;
#5860 = VECTOR ( 'NONE', #10077, 39.37007874015748100 ) ;
#5861 = CARTESIAN_POINT ( 'NONE',  ( -0.1625000000000003100, 0.3299999999999999600, -0.03749999999999999900 ) ) ;
#5862 = EDGE_CURVE ( 'NONE', #5785, #6217, #6922, .T. ) ;
#5863 = DIRECTION ( 'NONE',  ( -0.3236155771181856200, 0.8891264907159877100, 0.3236155771181856200 ) ) ;
#5864 = AXIS2_PLACEMENT_3D ( 'NONE', #10510, #11474, #3581 ) ;
#5865 = CARTESIAN_POINT ( 'NONE',  ( -0.4437500000000003700, 0.3299999999999999600, -0.06250000000000001400 ) ) ;
#5866 = ORIENTED_EDGE ( 'NONE', *, *, #2672, .F. ) ;
#5867 = CARTESIAN_POINT ( 'NONE',  ( -0.1625000000000003100, -0.1228282661284085800, -0.03749999999999999900 ) ) ;
#5868 = LENGTH_MEASURE_WITH_UNIT ( LENGTH_MEASURE( 0.02539999999999999900 ), #9140 );
#5869 = VECTOR ( 'NONE', #1215, 39.37007874015748100 ) ;
#5870 = CARTESIAN_POINT ( 'NONE',  ( 0.1374999999999997100, -0.01499999999999997700, -0.03749999999999999900 ) ) ;
#5871 = ORIENTED_EDGE ( 'NONE', *, *, #9462, .F. ) ;
#5872 = EDGE_CURVE ( 'NONE', #5922, #805, #10223, .T. ) ;
#5873 = CARTESIAN_POINT ( 'NONE',  ( -0.05988182395616186600, 0.3200216456890114800, -0.05988182395616160900 ) ) ;
#5874 = SURFACE_STYLE_FILL_AREA ( #9378 ) ;
#5875 = LINE ( 'NONE', #9550, #9750 ) ;
#5876 = LINE ( 'NONE', #8917, #5025 ) ;
#5877 = FACE_OUTER_BOUND ( 'NONE', #127, .T. ) ;
#5878 = CARTESIAN_POINT ( 'NONE',  ( 0.4624999999999996900, 0.09999999999999992200, -0.06250000000000001400 ) ) ;
#5879 = AXIS2_PLACEMENT_3D ( 'NONE', #8140, #10659, #7143 ) ;
#5880 = PLANE ( 'NONE',  #9075 ) ;
#5881 = LINE ( 'NONE', #11467, #4363 ) ;
#5882 = LINE ( 'NONE', #9218, #10846 ) ;
#5883 = LINE ( 'NONE', #6280, #6169 ) ;
#5884 = VECTOR ( 'NONE', #9290, 39.37007874015748100 ) ;
#5885 = EDGE_CURVE ( 'NONE', #6796, #170, #10375, .T. ) ;
#5886 = DIRECTION ( 'NONE',  ( 0.3236155771181856200, 0.8891264907159877100, 0.3236155771181856200 ) ) ;
#5887 = CARTESIAN_POINT ( 'NONE',  ( -0.2625000000000002900, 0.09999999999999992200, -0.03749999999999999900 ) ) ;
#5888 = CARTESIAN_POINT ( 'NONE',  ( -0.05000000000000025300, 0.3499999999999999800, -0.1825000000000000000 ) ) ;
#5889 = DIRECTION ( 'NONE',  ( -1.000000000000000000, -0.0000000000000000000, -0.0000000000000000000 ) ) ;
#5890 = CARTESIAN_POINT ( 'NONE',  ( -0.5250000000000003600, 0.3325000000000001800, 0.1324999999999999500 ) ) ;
#5891 = AXIS2_PLACEMENT_3D ( 'NONE', #8754, #7013, #7963 ) ;
#5892 = LINE ( 'NONE', #1174, #7571 ) ;
#5893 = EDGE_CURVE ( 'NONE', #9646, #8540, #1804, .T. ) ;
#5894 = VECTOR ( 'NONE', #4295, 39.37007874015748100 ) ;
#5895 = PLANE ( 'NONE',  #5427 ) ;
#5896 = DIRECTION ( 'NONE',  ( 0.0000000000000000000, 0.0000000000000000000, -1.000000000000000000 ) ) ;
#5897 = DIRECTION ( 'NONE',  ( -1.000000000000000000, 0.0000000000000000000, -0.0000000000000000000 ) ) ;
#5898 = ORIENTED_EDGE ( 'NONE', *, *, #9865, .F. ) ;
#5899 = LINE ( 'NONE', #5554, #2312 ) ;
#5900 = ORIENTED_EDGE ( 'NONE', *, *, #2510, .T. ) ;
#5901 = VERTEX_POINT ( 'NONE', #9714 ) ;
#5902 = EDGE_LOOP ( 'NONE', ( #2352, #237, #8399, #5079 ) ) ;
#5903 = DIRECTION ( 'NONE',  ( -0.0000000000000000000, 1.000000000000000000, -0.0000000000000000000 ) ) ;
#5904 = VECTOR ( 'NONE', #8090, 39.37007874015748100 ) ;
#5905 = UNCERTAINTY_MEASURE_WITH_UNIT (LENGTH_MEASURE( 1.000000000000000100E-005 ), #1365, 'distance_accuracy_value', 'NONE');
#5906 = VECTOR ( 'NONE', #4302, 39.37007874015748100 ) ;
#5907 = DIRECTION ( 'NONE',  ( 0.0000000000000000000, 0.0000000000000000000, 1.000000000000000000 ) ) ;
#5908 = VECTOR ( 'NONE', #5831, 39.37007874015748100 ) ;
#5909 = DIRECTION ( 'NONE',  ( 1.000000000000000000, 0.0000000000000000000, 0.0000000000000000000 ) ) ;
#5910 = VECTOR ( 'NONE', #10173, 39.37007874015748100 ) ;
#5911 = ORIENTED_EDGE ( 'NONE', *, *, #10799, .T. ) ;
#5912 = VERTEX_POINT ( 'NONE', #7005 ) ;
#5913 = EDGE_CURVE ( 'NONE', #2418, #5912, #8985, .T. ) ;
#5914 = CARTESIAN_POINT ( 'NONE',  ( -0.06249999999999995100, -0.1228282661284084400, 0.06250000000000001400 ) ) ;
#5915 = ADVANCED_FACE ( 'NONE', ( #5491 ), #7956, .T. ) ;
#5916 = FACE_OUTER_BOUND ( 'NONE', #1188, .T. ) ;
#5917 = CARTESIAN_POINT ( 'NONE',  ( 0.0000000000000000000, 0.09999999999999996400, 0.03749999999999999900 ) ) ;
#5918 = CARTESIAN_POINT ( 'NONE',  ( 0.0000000000000000000, 0.09999999999999996400, -0.06250000000000001400 ) ) ;
#5919 = EDGE_LOOP ( 'NONE', ( #1373, #10907, #8979, #6497 ) ) ;
#5920 = VERTEX_POINT ( 'NONE', #8972 ) ;
#5921 = VERTEX_POINT ( 'NONE', #8076 ) ;
#5922 = VERTEX_POINT ( 'NONE', #4474 ) ;
#5923 = EDGE_CURVE ( 'NONE', #5256, #4954, #664, .T. ) ;
#5924 = ORIENTED_EDGE ( 'NONE', *, *, #4216, .F. ) ;
#5925 = ORIENTED_EDGE ( 'NONE', *, *, #9583, .F. ) ;
#5926 = ORIENTED_EDGE ( 'NONE', *, *, #1524, .T. ) ;
#5927 = FACE_OUTER_BOUND ( 'NONE', #2381, .T. ) ;
#5928 =( LENGTH_UNIT ( ) NAMED_UNIT ( * ) SI_UNIT ( $, .METRE. ) );
#5929 = VECTOR ( 'NONE', #963, 39.37007874015748100 ) ;
#5930 = DIRECTION ( 'NONE',  ( 0.0000000000000000000, 0.3420201433256686000, -0.9396926207859085400 ) ) ;
#5931 = ADVANCED_FACE ( 'NONE', ( #6486 ), #3591, .T. ) ;
#5932 = DIRECTION ( 'NONE',  ( 0.0000000000000000000, -0.3420201433256698200, 0.9396926207859079800 ) ) ;
#5933 = ORIENTED_EDGE ( 'NONE', *, *, #5065, .T. ) ;
#5934 = EDGE_CURVE ( 'NONE', #389, #11491, #1520, .T. ) ;
#5935 = DIRECTION ( 'NONE',  ( 0.0000000000000000000, -0.0000000000000000000, 1.000000000000000000 ) ) ;
#5936 = STYLED_ITEM ( 'NONE', ( #5121 ), #6442 ) ;
#5937 = EDGE_LOOP ( 'NONE', ( #6344, #8912, #4551, #2270 ) ) ;
#5938 = ORIENTED_EDGE ( 'NONE', *, *, #2280, .T. ) ;
#5939 = ORIENTED_EDGE ( 'NONE', *, *, #5247, .F. ) ;
#5940 = ORIENTED_EDGE ( 'NONE', *, *, #4147, .F. ) ;
#5941 = CARTESIAN_POINT ( 'NONE',  ( -0.5150000000000004600, 0.0000000000000000000, -0.09999999999999809000 ) ) ;
#5942 = VERTEX_POINT ( 'NONE', #995 ) ;
#5943 = LINE ( 'NONE', #4186, #3862 ) ;
#5944 = CARTESIAN_POINT ( 'NONE',  ( 0.4625000000000001300, 0.3299999999999999600, 0.06250000000000001400 ) ) ;
#5945 = ORIENTED_EDGE ( 'NONE', *, *, #6148, .F. ) ;
#5946 = VECTOR ( 'NONE', #11332, 39.37007874015748100 ) ;
#5947 = DIRECTION ( 'NONE',  ( 0.0000000000000000000, 0.0000000000000000000, -1.000000000000000000 ) ) ;
#5948 = DIRECTION ( 'NONE',  ( 0.0000000000000000000, 0.0000000000000000000, -1.000000000000000000 ) ) ;
#5949 = VERTEX_POINT ( 'NONE', #8041 ) ;
#5950 = ORIENTED_EDGE ( 'NONE', *, *, #329, .F. ) ;
#5951 = ORIENTED_EDGE ( 'NONE', *, *, #4581, .F. ) ;
#5952 = ORIENTED_EDGE ( 'NONE', *, *, #10790, .T. ) ;
#5953 = VECTOR ( 'NONE', #5134, 39.37007874015748100 ) ;
#5954 = CARTESIAN_POINT ( 'NONE',  ( 0.2000000000000000100, -0.1400000000000000100, 0.0000000000000000000 ) ) ;
#5955 = AXIS2_PLACEMENT_3D ( 'NONE', #9555, #4088, #1472 ) ;
#5956 = DIRECTION ( 'NONE',  ( 1.000000000000000000, 0.0000000000000000000, 0.0000000000000000000 ) ) ;
#5957 = CARTESIAN_POINT ( 'NONE',  ( 0.4625000000000001300, -0.01499999999999997700, 0.06250000000000001400 ) ) ;
#5958 = CARTESIAN_POINT ( 'NONE',  ( -0.2625000000000002900, -0.01499999999999997700, -0.03749999999999999900 ) ) ;
#5959 = ORIENTED_EDGE ( 'NONE', *, *, #11448, .F. ) ;
#5960 = ORIENTED_EDGE ( 'NONE', *, *, #9769, .F. ) ;
#5961 = CARTESIAN_POINT ( 'NONE',  ( -0.3374999999999999700, -4.268512490100411300E-018, 0.06250000000000001400 ) ) ;
#5962 = ORIENTED_EDGE ( 'NONE', *, *, #8933, .F. ) ;
#5963 = LINE ( 'NONE', #6529, #3207 ) ;
#5964 = EDGE_CURVE ( 'NONE', #7578, #8598, #4666, .T. ) ;
#5965 = DIRECTION ( 'NONE',  ( 0.0000000000000000000, 0.0000000000000000000, 1.000000000000000000 ) ) ;
#5966 = EDGE_LOOP ( 'NONE', ( #6232, #10374, #1491, #8561 ) ) ;
#5967 = VECTOR ( 'NONE', #314, 39.37007874015748100 ) ;
#5968 = ADVANCED_FACE ( 'NONE', ( #11469 ), #5413, .T. ) ;
#5969 = PLANE ( 'NONE',  #9452 ) ;
#5970 = LENGTH_MEASURE_WITH_UNIT ( LENGTH_MEASURE( 0.02539999999999999900 ), #1115 );
#5971 = MECHANICAL_DESIGN_GEOMETRIC_PRESENTATION_REPRESENTATION (  '', ( #999 ), #11299 ) ;
#5972 = EDGE_CURVE ( 'NONE', #7165, #10179, #11186, .T. ) ;
#5973 = ORIENTED_EDGE ( 'NONE', *, *, #6300, .T. ) ;
#5974 = CARTESIAN_POINT ( 'NONE',  ( -0.06250000000000029100, 0.3128282661284084700, -0.03749999999999999900 ) ) ;
#5975 = CARTESIAN_POINT ( 'NONE',  ( 0.3374999999999996900, -0.1228282661284085800, -0.03749999999999999900 ) ) ;
#5976 = VECTOR ( 'NONE', #5651, 39.37007874015748100 ) ;
#5977 = PLANE ( 'NONE',  #8408 ) ;
#5978 = VERTEX_POINT ( 'NONE', #1830 ) ;
#5979 = VECTOR ( 'NONE', #8330, 39.37007874015748100 ) ;
#5980 = CARTESIAN_POINT ( 'NONE',  ( 0.0000000000000000000, 0.0000000000000000000, -0.06250000000000001400 ) ) ;
#5981 = PLANE ( 'NONE',  #5666 ) ;
#5982 = ADVANCED_FACE ( 'NONE', ( #5927 ), #145, .T. ) ;
#5983 = DIRECTION ( 'NONE',  ( 1.000000000000000000, 0.0000000000000000000, 0.0000000000000000000 ) ) ;
#5984 = AXIS2_PLACEMENT_3D ( 'NONE', #3699, #9888, #1112 ) ;
#5985 = CARTESIAN_POINT ( 'NONE',  ( -0.1374999999999999600, 0.3128282661284084700, 0.06250000000000001400 ) ) ;
#5986 = DIRECTION ( 'NONE',  ( 0.9396926207859079800, -0.3420201433256698200, -0.0000000000000000000 ) ) ;
#5987 = DIRECTION ( 'NONE',  ( 0.0000000000000000000, 0.0000000000000000000, 1.000000000000000000 ) ) ;
#5988 = CARTESIAN_POINT ( 'NONE',  ( -0.3401181760438383700, 0.3200216456890114800, 0.05988182395616160900 ) ) ;
#5989 = EDGE_CURVE ( 'NONE', #7047, #9266, #1915, .T. ) ;
#5990 = VECTOR ( 'NONE', #4376, 39.37007874015748100 ) ;
#5991 = AXIS2_PLACEMENT_3D ( 'NONE', #3905, #413, #1243 ) ;
#5992 = DIRECTION ( 'NONE',  ( 1.000000000000000000, 0.0000000000000000000, 0.0000000000000000000 ) ) ;
#5993 = ADVANCED_FACE ( 'NONE', ( #3847 ), #6262, .T. ) ;
#5994 = DIRECTION ( 'NONE',  ( 0.3236155771181846200, -0.8891264907159883700, -0.3236155771181846200 ) ) ;
#5995 = VECTOR ( 'NONE', #7312, 39.37007874015748100 ) ;
#5996 = EDGE_CURVE ( 'NONE', #140, #9850, #3980, .T. ) ;
#5997 = CARTESIAN_POINT ( 'NONE',  ( 0.4374999999999997200, 0.3128282661284084700, -0.06250000000000001400 ) ) ;
#5998 = VERTEX_POINT ( 'NONE', #10669 ) ;
#5999 = LINE ( 'NONE', #4042, #5410 ) ;
#6000 = CARTESIAN_POINT ( 'NONE',  ( -0.3625000000000003200, 0.3299999999999999600, -0.06250000000000001400 ) ) ;
#6001 = DIRECTION ( 'NONE',  ( 0.0000000000000000000, 0.0000000000000000000, 1.000000000000000000 ) ) ;
#6002 = EDGE_CURVE ( 'NONE', #9646, #7373, #8695, .T. ) ;
#6003 = EDGE_LOOP ( 'NONE', ( #1350, #5960, #1672, #8039 ) ) ;
#6004 = AXIS2_PLACEMENT_3D ( 'NONE', #1636, #11486, #1746 ) ;
#6005 = VECTOR ( 'NONE', #3575, 39.37007874015748100 ) ;
#6006 = CARTESIAN_POINT ( 'NONE',  ( 0.4625000000000001300, 0.3299999999999999600, 0.05624999999999997400 ) ) ;
#6007 = DIRECTION ( 'NONE',  ( -1.000000000000000000, 0.0000000000000000000, -0.0000000000000000000 ) ) ;
#6008 =( NAMED_UNIT ( * ) SI_UNIT ( $, .STERADIAN. ) SOLID_ANGLE_UNIT ( ) );
#6009 = EDGE_CURVE ( 'NONE', #6455, #5122, #8841, .T. ) ;
#6010 = VECTOR ( 'NONE', #3033, 39.37007874015748100 ) ;
#6011 = ORIENTED_EDGE ( 'NONE', *, *, #6369, .F. ) ;
#6012 = DIRECTION ( 'NONE',  ( -1.000000000000000000, 0.0000000000000000000, 0.0000000000000000000 ) ) ;
#6013 = FACE_OUTER_BOUND ( 'NONE', #4701, .T. ) ;
#6014 = FACE_BOUND ( 'NONE', #546, .T. ) ;
#6015 = DIRECTION ( 'NONE',  ( -1.000000000000000000, 0.0000000000000000000, 0.0000000000000000000 ) ) ;
#6016 = DIRECTION ( 'NONE',  ( 0.0000000000000000000, 0.0000000000000000000, -1.000000000000000000 ) ) ;
#6017 = EDGE_CURVE ( 'NONE', #1936, #2036, #2886, .T. ) ;
#6018 = PRESENTATION_LAYER_ASSIGNMENT (  '', '', ( #7431 ) ) ;
#6019 = CARTESIAN_POINT ( 'NONE',  ( 0.5249999999999996900, 0.09999999999999996400, -0.1175000000000000500 ) ) ;
#6020 = DIRECTION ( 'NONE',  ( -0.0000000000000000000, 1.000000000000000000, -0.0000000000000000000 ) ) ;
#6021 = LINE ( 'NONE', #10851, #7824 ) ;
#6022 = FACE_OUTER_BOUND ( 'NONE', #8349, .T. ) ;
#6023 = VECTOR ( 'NONE', #3719, 39.37007874015748100 ) ;
#6024 = PLANE ( 'NONE',  #9610 ) ;
#6025 = LINE ( 'NONE', #292, #340 ) ;
#6026 = AXIS2_PLACEMENT_3D ( 'NONE', #6867, #9535, #6984 ) ;
#6027 = CARTESIAN_POINT ( 'NONE',  ( 0.3625000000000001000, 0.09999999999999996400, 0.06250000000000001400 ) ) ;
#6028 = ADVANCED_FACE ( 'NONE', ( #9113 ), #957, .T. ) ;
#6029 = CARTESIAN_POINT ( 'NONE',  ( -0.4437500000000000300, 0.3299999999999999600, 0.03749999999999999900 ) ) ;
#6030 = VECTOR ( 'NONE', #8764, 39.37007874015748100 ) ;
#6031 = DIRECTION ( 'NONE',  ( -1.000000000000000000, 0.0000000000000000000, 0.0000000000000000000 ) ) ;
#6032 = AXIS2_PLACEMENT_3D ( 'NONE', #10272, #4079, #8212 ) ;
#6033 = ORIENTED_EDGE ( 'NONE', *, *, #9031, .T. ) ;
#6034 = FACE_OUTER_BOUND ( 'NONE', #4241, .T. ) ;
#6035 = ORIENTED_EDGE ( 'NONE', *, *, #3600, .F. ) ;
#6036 =( CONVERSION_BASED_UNIT ( 'INCH', #8899 ) LENGTH_UNIT ( ) NAMED_UNIT ( #7275 ) );
#6037 = ORIENTED_EDGE ( 'NONE', *, *, #8620, .T. ) ;
#6038 = DIRECTION ( 'NONE',  ( 0.0000000000000000000, -1.000000000000000000, 0.0000000000000000000 ) ) ;
#6039 = LINE ( 'NONE', #6915, #3131 ) ;
#6040 = VERTEX_POINT ( 'NONE', #8001 ) ;
#6041 = FACE_OUTER_BOUND ( 'NONE', #2991, .T. ) ;
#6042 = LINE ( 'NONE', #10437, #5894 ) ;
#6043 = DIRECTION ( 'NONE',  ( 0.0000000000000000000, -1.000000000000000000, -4.097771990496395300E-016 ) ) ;
#6044 = ADVANCED_FACE ( 'NONE', ( #3023 ), #5495, .F. ) ;
#6045 = DIRECTION ( 'NONE',  ( 0.0000000000000000000, 0.0000000000000000000, 1.000000000000000000 ) ) ;
#6046 = ORIENTED_EDGE ( 'NONE', *, *, #1411, .F. ) ;
#6047 = FACE_OUTER_BOUND ( 'NONE', #4004, .T. ) ;
#6048 = DIRECTION ( 'NONE',  ( 0.9396926207859079800, -0.3420201433256698200, -0.0000000000000000000 ) ) ;
#6049 = EDGE_LOOP ( 'NONE', ( #8415, #9142, #11100, #3022 ) ) ;
#6050 = DIRECTION ( 'NONE',  ( -0.0000000000000000000, 0.3420201433256686000, 0.9396926207859085400 ) ) ;
#6051 = ORIENTED_EDGE ( 'NONE', *, *, #2872, .F. ) ;
#6052 = ORIENTED_EDGE ( 'NONE', *, *, #6002, .T. ) ;
#6053 = EDGE_CURVE ( 'NONE', #3829, #1909, #9805, .T. ) ;
#6054 = LINE ( 'NONE', #133, #7861 ) ;
#6055 = CARTESIAN_POINT ( 'NONE',  ( 0.03749999999999973500, 0.3299999999999999600, -0.03749999999999999900 ) ) ;
#6056 = MANIFOLD_SOLID_BREP ( 'Pin[14]', #1532 ) ;
#6057 =( GEOMETRIC_REPRESENTATION_CONTEXT ( 3 ) GLOBAL_UNCERTAINTY_ASSIGNED_CONTEXT ( ( #3849 ) ) GLOBAL_UNIT_ASSIGNED_CONTEXT ( ( #8298, #9180, #3880 ) ) REPRESENTATION_CONTEXT ( 'NONE', 'WORKASPACE' ) );
#6058 = DIRECTION ( 'NONE',  ( 0.0000000000000000000, -1.000000000000000000, 0.0000000000000000000 ) ) ;
#6059 = ORIENTED_EDGE ( 'NONE', *, *, #3627, .F. ) ;
#6060 = DIRECTION ( 'NONE',  ( 1.000000000000000000, 0.0000000000000000000, 0.0000000000000000000 ) ) ;
#6061 = EDGE_LOOP ( 'NONE', ( #1824, #3226, #10498, #11052 ) ) ;
#6062 = DIRECTION ( 'NONE',  ( -0.0000000000000000000, -1.000000000000000000, -0.0000000000000000000 ) ) ;
#6063 = VERTEX_POINT ( 'NONE', #10878 ) ;
#6064 = ORIENTED_EDGE ( 'NONE', *, *, #10227, .T. ) ;
#6065 = ORIENTED_EDGE ( 'NONE', *, *, #2465, .T. ) ;
#6066 = EDGE_CURVE ( 'NONE', #5472, #10891, #379, .T. ) ;
#6067 = LINE ( 'NONE', #6888, #519 ) ;
#6068 = CARTESIAN_POINT ( 'NONE',  ( 0.3437500000000001100, 0.3299999999999999600, 0.06250000000000001400 ) ) ;
#6069 = ORIENTED_EDGE ( 'NONE', *, *, #9565, .T. ) ;
#6070 = EDGE_CURVE ( 'NONE', #1787, #10220, #6775, .T. ) ;
#6071 = VERTEX_POINT ( 'NONE', #7263 ) ;
#6072 = EDGE_LOOP ( 'NONE', ( #10828, #6132, #2592, #8280 ) ) ;
#6073 = ORIENTED_EDGE ( 'NONE', *, *, #11290, .F. ) ;
#6074 = DIRECTION ( 'NONE',  ( -0.0000000000000000000, 1.000000000000000000, -0.0000000000000000000 ) ) ;
#6075 = EDGE_LOOP ( 'NONE', ( #4131, #8029, #5327, #8600 ) ) ;
#6076 = AXIS2_PLACEMENT_3D ( 'NONE', #8095, #2873, #3645 ) ;
#6077 = PLANE ( 'NONE',  #7741 ) ;
#6078 = LINE ( 'NONE', #5155, #5213 ) ;
#6079 = CARTESIAN_POINT ( 'NONE',  ( -0.3374999999999999700, -0.1228282661284085800, 0.06250000000000001400 ) ) ;
#6080 = VECTOR ( 'NONE', #4257, 39.37007874015748100 ) ;
#6081 =( NAMED_UNIT ( * ) PLANE_ANGLE_UNIT ( ) SI_UNIT ( $, .RADIAN. ) );
#6082 = EDGE_CURVE ( 'NONE', #10777, #3493, #5341, .T. ) ;
#6083 = EDGE_LOOP ( 'NONE', ( #5412, #9154, #6783, #6337 ) ) ;
#6084 = VERTEX_POINT ( 'NONE', #8269 ) ;
#6085 = ORIENTED_EDGE ( 'NONE', *, *, #11397, .F. ) ;
#6086 = FACE_OUTER_BOUND ( 'NONE', #8587, .T. ) ;
#6087 = DIRECTION ( 'NONE',  ( 0.0000000000000000000, -1.000000000000000000, 0.0000000000000000000 ) ) ;
#6088 = CARTESIAN_POINT ( 'NONE',  ( 0.2374999999999996600, 0.3299999999999999600, -0.06250000000000001400 ) ) ;
#6089 = CARTESIAN_POINT ( 'NONE',  ( -0.04375000000000031600, 0.3299999999999999600, -0.05624999999999997400 ) ) ;
#6090 = ORIENTED_EDGE ( 'NONE', *, *, #10694, .T. ) ;
#6091 = EDGE_CURVE ( 'NONE', #3129, #9380, #9534, .T. ) ;
#6092 = VECTOR ( 'NONE', #2106, 39.37007874015748100 ) ;
#6093 = CARTESIAN_POINT ( 'NONE',  ( 0.4624999999999996900, 0.0000000000000000000, -0.06250000000000001400 ) ) ;
#6094 = DIRECTION ( 'NONE',  ( 0.0000000000000000000, 0.3420201433256686000, -0.9396926207859085400 ) ) ;
#6095 = DIRECTION ( 'NONE',  ( -0.0000000000000000000, 1.000000000000000000, 0.0000000000000000000 ) ) ;
#6096 = CARTESIAN_POINT ( 'NONE',  ( 0.2625000000000000700, 0.09999999999999996400, 0.06250000000000001400 ) ) ;
#6097 = VERTEX_POINT ( 'NONE', #9072 ) ;
#6098 = ORIENTED_EDGE ( 'NONE', *, *, #4167, .T. ) ;
#6099 = CARTESIAN_POINT ( 'NONE',  ( 0.1374999999999997100, 0.3128282661284084700, -0.06250000000000001400 ) ) ;
#6100 = VERTEX_POINT ( 'NONE', #7419 ) ;
#6101 = FACE_OUTER_BOUND ( 'NONE', #841, .T. ) ;
#6102 = ADVANCED_FACE ( 'NONE', ( #936 ), #10043, .T. ) ;
#6103 = DIRECTION ( 'NONE',  ( 1.000000000000000000, 0.0000000000000000000, 0.0000000000000000000 ) ) ;
#6104 = EDGE_CURVE ( 'NONE', #5472, #4700, #2484, .T. ) ;
#6105 = CARTESIAN_POINT ( 'NONE',  ( 0.1374999999999997100, 0.3128282661284084700, -0.03749999999999999900 ) ) ;
#6106 = ORIENTED_EDGE ( 'NONE', *, *, #4901, .F. ) ;
#6107 = LINE ( 'NONE', #9794, #6377 ) ;
#6108 = CARTESIAN_POINT ( 'NONE',  ( -0.4375000000000000000, 0.0000000000000000000, 0.06250000000000001400 ) ) ;
#6109 = DIRECTION ( 'NONE',  ( -0.3236155771181856200, 0.8891264907159877100, 0.3236155771181856200 ) ) ;
#6110 = EDGE_LOOP ( 'NONE', ( #793, #285 ) ) ;
#6111 = VERTEX_POINT ( 'NONE', #2003 ) ;
#6112 = ADVANCED_FACE ( 'NONE', ( #4802 ), #204, .T. ) ;
#6113 = LINE ( 'NONE', #9921, #1963 ) ;
#6114 = DIRECTION ( 'NONE',  ( -0.0000000000000000000, 0.0000000000000000000, 1.000000000000000000 ) ) ;
#6115 = EDGE_LOOP ( 'NONE', ( #9680, #5211, #9084, #8551 ) ) ;
#6116 = LINE ( 'NONE', #7564, #5676 ) ;
#6117 = CARTESIAN_POINT ( 'NONE',  ( 0.2374999999999996600, 0.3128282661284084700, -0.03749999999999999900 ) ) ;
#6118 = CARTESIAN_POINT ( 'NONE',  ( -0.5750000000000001800, 0.0000000000000000000, 0.1825000000000000000 ) ) ;
#6119 = EDGE_CURVE ( 'NONE', #2085, #9175, #2196, .T. ) ;
#6120 = ORIENTED_EDGE ( 'NONE', *, *, #9988, .T. ) ;
#6121 = DIRECTION ( 'NONE',  ( -0.3236155771181856200, 0.8891264907159877100, 0.3236155771181856200 ) ) ;
#6122 = FACE_OUTER_BOUND ( 'NONE', #7353, .T. ) ;
#6123 = CARTESIAN_POINT ( 'NONE',  ( -0.1625000000000003100, -0.1228282661284084400, -0.03749999999999999900 ) ) ;
#6124 = FACE_OUTER_BOUND ( 'NONE', #2856, .T. ) ;
#6125 = MANIFOLD_SOLID_BREP ( 'Pin[17]', #8256 ) ;
#6126 = EDGE_CURVE ( 'NONE', #9012, #6327, #3435, .T. ) ;
#6127 = DIRECTION ( 'NONE',  ( 0.0000000000000000000, 0.3420201433256686000, -0.9396926207859085400 ) ) ;
#6128 = CARTESIAN_POINT ( 'NONE',  ( 0.1625000000000000300, -0.1228282661284085800, 0.06250000000000001400 ) ) ;
#6129 = CARTESIAN_POINT ( 'NONE',  ( 0.1374999999999997100, -0.1228282661284085800, -0.06250000000000001400 ) ) ;
#6130 = SURFACE_STYLE_FILL_AREA ( #4307 ) ;
#6131 = DIRECTION ( 'NONE',  ( 1.000000000000000000, 0.0000000000000000000, 0.0000000000000000000 ) ) ;
#6132 = ORIENTED_EDGE ( 'NONE', *, *, #1171, .F. ) ;
#6133 = CARTESIAN_POINT ( 'NONE',  ( -0.4500000000000002300, 0.2499999999999999200, 0.3091190378969060900 ) ) ;
#6134 = AXIS2_PLACEMENT_3D ( 'NONE', #9450, #605, #3238 ) ;
#6135 = DIRECTION ( 'NONE',  ( -0.0000000000000000000, 0.0000000000000000000, 1.000000000000000000 ) ) ;
#6136 = CARTESIAN_POINT ( 'NONE',  ( -0.3624999999999999300, 0.3299999999999999600, 0.04375000000000003900 ) ) ;
#6137 = DIRECTION ( 'NONE',  ( -0.3236155771181856200, -0.8891264907159877100, 0.3236155771181856200 ) ) ;
#6138 = DIRECTION ( 'NONE',  ( -0.0000000000000000000, 1.000000000000000000, -0.0000000000000000000 ) ) ;
#6139 = VERTEX_POINT ( 'NONE', #2969 ) ;
#6140 = PLANE ( 'NONE',  #10651 ) ;
#6141 = CARTESIAN_POINT ( 'NONE',  ( 0.2375000000000000700, -0.01499999999999997700, 0.06250000000000001400 ) ) ;
#6142 = LINE ( 'NONE', #10428, #4738 ) ;
#6143 = EDGE_CURVE ( 'NONE', #10858, #2190, #9783, .T. ) ;
#6144 = AXIS2_PLACEMENT_3D ( 'NONE', #7493, #3576, #5435 ) ;
#6145 = ORIENTED_EDGE ( 'NONE', *, *, #4289, .T. ) ;
#6146 = VECTOR ( 'NONE', #7947, 39.37007874015748100 ) ;
#6147 = VERTEX_POINT ( 'NONE', #443 ) ;
#6148 = EDGE_CURVE ( 'NONE', #9924, #7084, #2324, .T. ) ;
#6149 = FACE_OUTER_BOUND ( 'NONE', #7229, .T. ) ;
#6150 = VECTOR ( 'NONE', #4717, 39.37007874015748100 ) ;
#6151 = CARTESIAN_POINT ( 'NONE',  ( 0.03750000000000007500, -0.1228282661284084400, 0.03749999999999999900 ) ) ;
#6152 = ORIENTED_EDGE ( 'NONE', *, *, #680, .T. ) ;
#6153 = ADVANCED_FACE ( 'NONE', ( #3552 ), #10158, .F. ) ;
#6154 = FILL_AREA_STYLE_COLOUR ( '', #9458 ) ;
#6155 = EDGE_CURVE ( 'NONE', #9814, #2879, #5467, .T. ) ;
#6156 = STYLED_ITEM ( 'NONE', ( #3302 ), #6056 ) ;
#6157 = FACE_BOUND ( 'NONE', #226, .T. ) ;
#6158 = DIRECTION ( 'NONE',  ( 1.000000000000000000, 0.0000000000000000000, 0.0000000000000000000 ) ) ;
#6159 = VECTOR ( 'NONE', #10351, 39.37007874015748100 ) ;
#6160 = LINE ( 'NONE', #3792, #2835 ) ;
#6161 = ADVANCED_FACE ( 'NONE', ( #5197 ), #7537, .F. ) ;
#6162 = CARTESIAN_POINT ( 'NONE',  ( 0.4624999999999996900, 0.3128282661284084700, -0.03749999999999999900 ) ) ;
#6163 = CARTESIAN_POINT ( 'NONE',  ( 0.2375000000000000700, -0.1400000000000000100, 0.05624999999999997400 ) ) ;
#6164 = CARTESIAN_POINT ( 'NONE',  ( 0.2374999999999996600, -4.268512490100411300E-018, -0.03749999999999999900 ) ) ;
#6165 = FACE_OUTER_BOUND ( 'NONE', #5768, .T. ) ;
#6166 = DIRECTION ( 'NONE',  ( -0.9396926207859085400, 0.3420201433256686000, 0.0000000000000000000 ) ) ;
#6167 = CARTESIAN_POINT ( 'NONE',  ( -0.3624999999999999300, -0.1228282661284085800, 0.03749999999999999900 ) ) ;
#6168 = CARTESIAN_POINT ( 'NONE',  ( -0.3624999999999999300, 0.3128282661284084700, 0.06250000000000001400 ) ) ;
#6169 = VECTOR ( 'NONE', #7135, 39.37007874015748100 ) ;
#6170 = FACE_OUTER_BOUND ( 'NONE', #411, .T. ) ;
#6171 = CARTESIAN_POINT ( 'NONE',  ( -0.3375000000000003000, 0.3299999999999999600, -0.03749999999999999900 ) ) ;
#6172 = AXIS2_PLACEMENT_3D ( 'NONE', #9612, #5168, #738 ) ;
#6173 = CARTESIAN_POINT ( 'NONE',  ( -0.5250000000000003600, 0.09999999999999996400, 0.1324999999999999500 ) ) ;
#6174 = LINE ( 'NONE', #7280, #4098 ) ;
#6175 = VECTOR ( 'NONE', #3052, 39.37007874015748100 ) ;
#6176 = VECTOR ( 'NONE', #7853, 39.37007874015748100 ) ;
#6177 = ORIENTED_EDGE ( 'NONE', *, *, #9277, .T. ) ;
#6178 = FACE_OUTER_BOUND ( 'NONE', #1096, .T. ) ;
#6179 = EDGE_CURVE ( 'NONE', #4109, #5978, #3004, .T. ) ;
#6180 = ORIENTED_EDGE ( 'NONE', *, *, #3367, .T. ) ;
#6181 = EDGE_LOOP ( 'NONE', ( #5069, #7210, #10915, #3170 ) ) ;
#6182 = ORIENTED_EDGE ( 'NONE', *, *, #6503, .F. ) ;
#6183 = CARTESIAN_POINT ( 'NONE',  ( 0.5249999999999995800, 0.09999999999999992200, 0.06499999999999996100 ) ) ;
#6184 = CARTESIAN_POINT ( 'NONE',  ( -0.4625000000000003000, 0.3299999999999999600, -0.03749999999999999900 ) ) ;
#6185 = VECTOR ( 'NONE', #3671, 39.37007874015748100 ) ;
#6186 = LINE ( 'NONE', #1640, #3824 ) ;
#6187 = VECTOR ( 'NONE', #10355, 39.37007874015748100 ) ;
#6188 = CARTESIAN_POINT ( 'NONE',  ( -0.3624999999999999300, -0.1228282661284085800, 0.06250000000000001400 ) ) ;
#6189 = ORIENTED_EDGE ( 'NONE', *, *, #3717, .T. ) ;
#6190 = LINE ( 'NONE', #656, #11451 ) ;
#6191 = VERTEX_POINT ( 'NONE', #2245 ) ;
#6192 = ORIENTED_EDGE ( 'NONE', *, *, #5643, .T. ) ;
#6193 = EDGE_LOOP ( 'NONE', ( #9387, #1294, #10074, #6975 ) ) ;
#6194 = CARTESIAN_POINT ( 'NONE',  ( -0.2624999999999999600, 0.3128282661284084700, 0.06250000000000001400 ) ) ;
#6195 = LINE ( 'NONE', #8977, #2200 ) ;
#6196 = AXIS2_PLACEMENT_3D ( 'NONE', #2119, #8303, #10944 ) ;
#6197 = DIRECTION ( 'NONE',  ( 0.0000000000000000000, 0.0000000000000000000, 1.000000000000000000 ) ) ;
#6198 = DIRECTION ( 'NONE',  ( -0.3236155771181856200, -0.8891264907159877100, 0.3236155771181856200 ) ) ;
#6199 = ORIENTED_EDGE ( 'NONE', *, *, #9941, .T. ) ;
#6200 = DIRECTION ( 'NONE',  ( 0.0000000000000000000, 0.0000000000000000000, -1.000000000000000000 ) ) ;
#6201 = ORIENTED_EDGE ( 'NONE', *, *, #8241, .F. ) ;
#6202 = ORIENTED_EDGE ( 'NONE', *, *, #9811, .F. ) ;
#6203 = ORIENTED_EDGE ( 'NONE', *, *, #2880, .T. ) ;
#6204 = ORIENTED_EDGE ( 'NONE', *, *, #1714, .T. ) ;
#6205 = VERTEX_POINT ( 'NONE', #7464 ) ;
#6206 = ORIENTED_EDGE ( 'NONE', *, *, #5618, .F. ) ;
#6207 = VECTOR ( 'NONE', #6378, 39.37007874015748100 ) ;
#6208 = EDGE_CURVE ( 'NONE', #5801, #7858, #1062, .T. ) ;
#6209 = CARTESIAN_POINT ( 'NONE',  ( 0.5249999999999995800, 0.0000000000000000000, -0.06499999999999996100 ) ) ;
#6210 = AXIS2_PLACEMENT_3D ( 'NONE', #9294, #6578, #4848 ) ;
#6211 = PLANE ( 'NONE',  #11092 ) ;
#6212 = ADVANCED_FACE ( 'NONE', ( #3152 ), #3927, .F. ) ;
#6213 = LINE ( 'NONE', #11488, #1085 ) ;
#6214 = DIRECTION ( 'NONE',  ( -0.0000000000000000000, 0.3420201433256686000, 0.9396926207859085400 ) ) ;
#6215 = DIRECTION ( 'NONE',  ( -0.9396926207859079800, -0.3420201433256698200, -0.0000000000000000000 ) ) ;
#6216 = ORIENTED_EDGE ( 'NONE', *, *, #6415, .T. ) ;
#6217 = VERTEX_POINT ( 'NONE', #1400 ) ;
#6218 = ORIENTED_EDGE ( 'NONE', *, *, #55, .F. ) ;
#6219 = EDGE_CURVE ( 'NONE', #2213, #6455, #1497, .T. ) ;
#6220 = ORIENTED_EDGE ( 'NONE', *, *, #10165, .T. ) ;
#6221 = ORIENTED_EDGE ( 'NONE', *, *, #7716, .F. ) ;
#6222 = VERTEX_POINT ( 'NONE', #5782 ) ;
#6223 = SURFACE_STYLE_FILL_AREA ( #6901 ) ;
#6224 = ADVANCED_FACE ( 'NONE', ( #2040 ), #5738, .T. ) ;
#6225 = ORIENTED_EDGE ( 'NONE', *, *, #3766, .T. ) ;
#6226 = LINE ( 'NONE', #1716, #8711 ) ;
#6227 = EDGE_CURVE ( 'NONE', #5126, #10695, #9657, .T. ) ;
#6228 = CARTESIAN_POINT ( 'NONE',  ( -0.05625000000000025100, 0.3299999999999999600, -0.03749999999999999900 ) ) ;
#6229 = VERTEX_POINT ( 'NONE', #1351 ) ;
#6230 = DIRECTION ( 'NONE',  ( 0.0000000000000000000, 0.0000000000000000000, -1.000000000000000000 ) ) ;
#6231 = ORIENTED_EDGE ( 'NONE', *, *, #10086, .F. ) ;
#6232 = ORIENTED_EDGE ( 'NONE', *, *, #7779, .T. ) ;
#6233 = ORIENTED_EDGE ( 'NONE', *, *, #1347, .T. ) ;
#6234 = CARTESIAN_POINT ( 'NONE',  ( -0.06250000000000029100, 0.3299999999999999600, -0.06250000000000001400 ) ) ;
#6235 = VECTOR ( 'NONE', #4230, 39.37007874015748900 ) ;
#6236 = EDGE_CURVE ( 'NONE', #1787, #2591, #6893, .T. ) ;
#6237 = CARTESIAN_POINT ( 'NONE',  ( 0.1624999999999997000, 0.3128282661284084700, -0.06250000000000001400 ) ) ;
#6238 = ORIENTED_EDGE ( 'NONE', *, *, #7078, .T. ) ;
#6239 = ORIENTED_EDGE ( 'NONE', *, *, #9490, .F. ) ;
#6240 = PLANE ( 'NONE',  #9779 ) ;
#6241 = ORIENTED_EDGE ( 'NONE', *, *, #8845, .T. ) ;
#6242 = CARTESIAN_POINT ( 'NONE',  ( 0.06250000000000008300, 0.3128282661284084700, 0.03749999999999999900 ) ) ;
#6243 = FACE_OUTER_BOUND ( 'NONE', #1335, .T. ) ;
#6244 = EDGE_CURVE ( 'NONE', #6939, #9239, #1775, .T. ) ;
#6245 = CARTESIAN_POINT ( 'NONE',  ( -0.1401181760438383900, -0.1300216456890116200, 0.04011817604383840400 ) ) ;
#6246 = DIRECTION ( 'NONE',  ( 0.9396926207859079800, -0.3420201433256698200, -0.0000000000000000000 ) ) ;
#6247 = ORIENTED_EDGE ( 'NONE', *, *, #10675, .F. ) ;
#6248 = LINE ( 'NONE', #8339, #4180 ) ;
#6249 = DIRECTION ( 'NONE',  ( -0.0000000000000000000, 1.000000000000000000, 0.0000000000000000000 ) ) ;
#6250 = LINE ( 'NONE', #6544, #10670 ) ;
#6251 = DIRECTION ( 'NONE',  ( 0.3236155771181846200, 0.8891264907159883700, 0.3236155771181846200 ) ) ;
#6252 = DIRECTION ( 'NONE',  ( 1.000000000000000000, 0.0000000000000000000, -0.0000000000000000000 ) ) ;
#6253 = ORIENTED_EDGE ( 'NONE', *, *, #1827, .T. ) ;
#6254 = CARTESIAN_POINT ( 'NONE',  ( -0.06250000000000029100, -0.01499999999999997700, -0.03749999999999999900 ) ) ;
#6255 = EDGE_CURVE ( 'NONE', #9829, #7374, #6464, .T. ) ;
#6256 = CARTESIAN_POINT ( 'NONE',  ( 0.3375000000000000800, 0.09999999999999996400, 0.0000000000000000000 ) ) ;
#6257 = CARTESIAN_POINT ( 'NONE',  ( -0.5249999999999994700, 0.09999999999999996400, -0.1175000000000000500 ) ) ;
#6258 = CARTESIAN_POINT ( 'NONE',  ( -0.3375000000000003000, 0.3299999999999999600, -0.06250000000000001400 ) ) ;
#6259 = LINE ( 'NONE', #6141, #3901 ) ;
#6260 = AXIS2_PLACEMENT_3D ( 'NONE', #7079, #4429, #6060 ) ;
#6261 = VECTOR ( 'NONE', #10485, 39.37007874015748100 ) ;
#6262 = PLANE ( 'NONE',  #1651 ) ;
#6263 = DIRECTION ( 'NONE',  ( 0.0000000000000000000, 0.0000000000000000000, -1.000000000000000000 ) ) ;
#6264 = LINE ( 'NONE', #8790, #5990 ) ;
#6265 = MANIFOLD_SOLID_BREP ( 'Pin[8]', #10208 ) ;
#6266 = ADVANCED_FACE ( 'NONE', ( #4114 ), #10243, .F. ) ;
#6267 = DIRECTION ( 'NONE',  ( 0.0000000000000000000, 0.0000000000000000000, -1.000000000000000000 ) ) ;
#6268 = LINE ( 'NONE', #8888, #5556 ) ;
#6269 = VERTEX_POINT ( 'NONE', #4286 ) ;
#6270 = EDGE_CURVE ( 'NONE', #11212, #10513, #914, .T. ) ;
#6271 = LINE ( 'NONE', #8771, #6409 ) ;
#6272 = DIRECTION ( 'NONE',  ( 1.000000000000000000, 0.0000000000000000000, 0.0000000000000000000 ) ) ;
#6273 = ADVANCED_FACE ( 'NONE', ( #10870 ), #4177, .T. ) ;
#6274 = AXIS2_PLACEMENT_3D ( 'NONE', #9989, #6474, #9903 ) ;
#6275 = CARTESIAN_POINT ( 'NONE',  ( -0.3562500000000002900, -0.1400000000000000100, -0.04375000000000003900 ) ) ;
#6276 = FILL_AREA_STYLE_COLOUR ( '', #4044 ) ;
#6277 = VERTEX_POINT ( 'NONE', #10430 ) ;
#6278 = CARTESIAN_POINT ( 'NONE',  ( 0.1000000000000000100, 0.09999999999999996400, 0.1324999999999999800 ) ) ;
#6279 = LINE ( 'NONE', #3387, #2266 ) ;
#6280 = CARTESIAN_POINT ( 'NONE',  ( 0.1625000000000000300, -0.1228282661284085800, 0.06250000000000001400 ) ) ;
#6281 = EDGE_CURVE ( 'NONE', #2354, #1851, #8817, .T. ) ;
#6282 = DIRECTION ( 'NONE',  ( 0.0000000000000000000, -1.000000000000000000, 0.0000000000000000000 ) ) ;
#6283 =( CONVERSION_BASED_UNIT ( 'INCH', #10176 ) LENGTH_UNIT ( ) NAMED_UNIT ( #8472 ) );
#6284 = DIRECTION ( 'NONE',  ( -1.000000000000000000, 0.0000000000000000000, 0.0000000000000000000 ) ) ;
#6285 = CARTESIAN_POINT ( 'NONE',  ( -0.06250000000000029100, -0.1228282661284084400, -0.06250000000000001400 ) ) ;
#6286 = DIRECTION ( 'NONE',  ( 1.000000000000000000, 0.0000000000000000000, 0.0000000000000000000 ) ) ;
#6287 = EDGE_CURVE ( 'NONE', #10220, #7174, #9091, .T. ) ;
#6288 = AXIS2_PLACEMENT_3D ( 'NONE', #2153, #9225, #3999 ) ;
#6289 = VECTOR ( 'NONE', #830, 39.37007874015748100 ) ;
#6290 = FACE_BOUND ( 'NONE', #2614, .T. ) ;
#6291 = EDGE_CURVE ( 'NONE', #3947, #2337, #10610, .T. ) ;
#6292 = DIRECTION ( 'NONE',  ( 1.000000000000000000, 0.0000000000000000000, 0.0000000000000000000 ) ) ;
#6293 = DIRECTION ( 'NONE',  ( -0.0000000000000000000, 0.0000000000000000000, 1.000000000000000000 ) ) ;
#6294 = FACE_OUTER_BOUND ( 'NONE', #10998, .T. ) ;
#6295 = DIRECTION ( 'NONE',  ( 0.0000000000000000000, 0.0000000000000000000, -1.000000000000000000 ) ) ;
#6296 = PRESENTATION_STYLE_ASSIGNMENT (( #1379 ) ) ;
#6297 = LINE ( 'NONE', #7522, #3939 ) ;
#6298 = FACE_OUTER_BOUND ( 'NONE', #6932, .T. ) ;
#6299 = DIRECTION ( 'NONE',  ( -0.0000000000000000000, 0.3420201433256686000, 0.9396926207859085400 ) ) ;
#6300 = EDGE_CURVE ( 'NONE', #501, #6558, #8262, .T. ) ;
#6301 = AXIS2_PLACEMENT_3D ( 'NONE', #6422, #6391, #4563 ) ;
#6302 = LINE ( 'NONE', #5400, #10587 ) ;
#6303 = CARTESIAN_POINT ( 'NONE',  ( 0.0000000000000000000, 0.0000000000000000000, 0.06250000000000001400 ) ) ;
#6304 = FACE_OUTER_BOUND ( 'NONE', #8609, .T. ) ;
#6305 = CARTESIAN_POINT ( 'NONE',  ( 0.4562500000000001000, 0.3299999999999999600, 0.05624999999999997400 ) ) ;
#6306 = PLANE ( 'NONE',  #4971 ) ;
#6307 = EDGE_LOOP ( 'NONE', ( #4031, #8968, #990, #7749 ) ) ;
#6308 = LINE ( 'NONE', #2824, #9773 ) ;
#6309 = DIRECTION ( 'NONE',  ( -0.0000000000000000000, 1.000000000000000000, -0.0000000000000000000 ) ) ;
#6310 = VERTEX_POINT ( 'NONE', #6814 ) ;
#6311 = PLANE ( 'NONE',  #4758 ) ;
#6312 = ORIENTED_EDGE ( 'NONE', *, *, #10954, .F. ) ;
#6313 = CARTESIAN_POINT ( 'NONE',  ( -0.5250000000000003600, 0.3325000000000001800, 0.1324999999999999500 ) ) ;
#6314 = LINE ( 'NONE', #2572, #7155 ) ;
#6315 = EDGE_LOOP ( 'NONE', ( #3315, #5085, #3339, #10817 ) ) ;
#6316 = CARTESIAN_POINT ( 'NONE',  ( -0.5750000000000001800, 0.0000000000000000000, -0.1825000000000000000 ) ) ;
#6317 = LINE ( 'NONE', #11334, #1198 ) ;
#6318 = ADVANCED_FACE ( 'NONE', ( #3825 ), #2517, .T. ) ;
#6319 = VECTOR ( 'NONE', #6547, 39.37007874015748100 ) ;
#6320 = AXIS2_PLACEMENT_3D ( 'NONE', #1067, #4613, #5498 ) ;
#6321 = CARTESIAN_POINT ( 'NONE',  ( 0.3562499999999996200, 0.3299999999999999600, -0.06250000000000001400 ) ) ;
#6322 = ORIENTED_EDGE ( 'NONE', *, *, #8892, .T. ) ;
#6323 = LINE ( 'NONE', #9273, #7971 ) ;
#6324 = CARTESIAN_POINT ( 'NONE',  ( -0.1625000000000003100, -0.1228282661284085800, -0.06250000000000001400 ) ) ;
#6325 = ORIENTED_EDGE ( 'NONE', *, *, #3733, .F. ) ;
#6326 = EDGE_LOOP ( 'NONE', ( #3275, #240, #10739, #2073 ) ) ;
#6327 = VERTEX_POINT ( 'NONE', #5116 ) ;
#6328 = LINE ( 'NONE', #10825, #2595 ) ;
#6329 = ADVANCED_FACE ( 'NONE', ( #7985 ), #9593, .T. ) ;
#6330 = EDGE_CURVE ( 'NONE', #3351, #2000, #5054, .T. ) ;
#6331 = ORIENTED_EDGE ( 'NONE', *, *, #6466, .T. ) ;
#6332 = ORIENTED_EDGE ( 'NONE', *, *, #4196, .F. ) ;
#6333 = EDGE_LOOP ( 'NONE', ( #9592, #2748, #9665, #8543 ) ) ;
#6334 = ORIENTED_EDGE ( 'NONE', *, *, #1854, .F. ) ;
#6335 = EDGE_LOOP ( 'NONE', ( #1659, #3063, #11364, #7998, #8690, #8179, #4513, #1404, #8538, #5973, #9601, #10655, #7862, #4589, #9533, #10075, #3883, #8160, #10052, #8129, #1620, #4171, #4781, #11341 ) ) ;
#6336 = CARTESIAN_POINT ( 'NONE',  ( 0.03750000000000007500, 0.3299999999999999600, 0.04375000000000003900 ) ) ;
#6337 = ORIENTED_EDGE ( 'NONE', *, *, #3391, .F. ) ;
#6338 = VECTOR ( 'NONE', #10725, 39.37007874015748100 ) ;
#6339 = AXIS2_PLACEMENT_3D ( 'NONE', #8621, #6215, #1015 ) ;
#6340 = EDGE_CURVE ( 'NONE', #10560, #7114, #7440, .T. ) ;
#6341 = LINE ( 'NONE', #3058, #11457 ) ;
#6342 = DIRECTION ( 'NONE',  ( 0.3236155771181856200, 0.8891264907159877100, 0.3236155771181856200 ) ) ;
#6343 = DIRECTION ( 'NONE',  ( 0.0000000000000000000, 0.0000000000000000000, -1.000000000000000000 ) ) ;
#6344 = ORIENTED_EDGE ( 'NONE', *, *, #7409, .T. ) ;
#6345 = DIRECTION ( 'NONE',  ( 0.0000000000000000000, 0.0000000000000000000, -1.000000000000000000 ) ) ;
#6346 = ORIENTED_EDGE ( 'NONE', *, *, #796, .F. ) ;
#6347 = ORIENTED_EDGE ( 'NONE', *, *, #394, .T. ) ;
#6348 = VERTEX_POINT ( 'NONE', #11278 ) ;
#6349 = ORIENTED_EDGE ( 'NONE', *, *, #4981, .F. ) ;
#6350 = LINE ( 'NONE', #1412, #677 ) ;
#6351 = DIRECTION ( 'NONE',  ( 0.0000000000000000000, 0.0000000000000000000, 1.000000000000000000 ) ) ;
#6352 = DIMENSIONAL_EXPONENTS ( 1.000000000000000000, 0.0000000000000000000, 0.0000000000000000000, 0.0000000000000000000, 0.0000000000000000000, 0.0000000000000000000, 0.0000000000000000000 ) ;
#6353 = DIRECTION ( 'NONE',  ( -1.000000000000000000, 0.0000000000000000000, 0.0000000000000000000 ) ) ;
#6354 = ORIENTED_EDGE ( 'NONE', *, *, #10456, .T. ) ;
#6355 = PLANE ( 'NONE',  #9866 ) ;
#6356 = CARTESIAN_POINT ( 'NONE',  ( -0.03750000000000028300, -0.01499999999999997700, -0.03749999999999999900 ) ) ;
#6357 = DIRECTION ( 'NONE',  ( -0.0000000000000000000, 1.000000000000000000, 0.0000000000000000000 ) ) ;
#6358 = EDGE_CURVE ( 'NONE', #9912, #10899, #9512, .T. ) ;
#6359 = DIRECTION ( 'NONE',  ( 0.9396926207859079800, -0.3420201433256698200, -0.0000000000000000000 ) ) ;
#6360 = EDGE_LOOP ( 'NONE', ( #5221, #7253, #96, #5059 ) ) ;
#6361 = EDGE_LOOP ( 'NONE', ( #4516, #10616, #8886, #9518 ) ) ;
#6362 = ORIENTED_EDGE ( 'NONE', *, *, #10698, .F. ) ;
#6363 = DIRECTION ( 'NONE',  ( 0.0000000000000000000, 0.0000000000000000000, 1.000000000000000000 ) ) ;
#6364 = VECTOR ( 'NONE', #2677, 39.37007874015748100 ) ;
#6365 = CARTESIAN_POINT ( 'NONE',  ( 0.1625000000000000300, 0.3128282661284084700, 0.03749999999999999900 ) ) ;
#6366 = COLOUR_RGB ( '',1.000000000000000000, 0.8117647058823529400, 0.5019607843137254800 ) ;
#6367 = DIRECTION ( 'NONE',  ( 0.3236155771181856200, -0.8891264907159877100, 0.3236155771181856200 ) ) ;
#6368 = CARTESIAN_POINT ( 'NONE',  ( -0.3375000000000003000, -0.01499999999999997700, -0.03749999999999999900 ) ) ;
#6369 = EDGE_CURVE ( 'NONE', #2056, #4806, #5323, .T. ) ;
#6370 = CARTESIAN_POINT ( 'NONE',  ( -0.1624999999999999800, -0.01499999999999997700, 0.03749999999999999900 ) ) ;
#6371 = ORIENTED_EDGE ( 'NONE', *, *, #51, .T. ) ;
#6372 = VERTEX_POINT ( 'NONE', #682 ) ;
#6373 = ORIENTED_EDGE ( 'NONE', *, *, #1171, .T. ) ;
#6374 = LINE ( 'NONE', #9611, #1686 ) ;
#6375 = ORIENTED_EDGE ( 'NONE', *, *, #11026, .T. ) ;
#6376 = EDGE_CURVE ( 'NONE', #733, #9278, #4643, .T. ) ;
#6377 = VECTOR ( 'NONE', #10706, 39.37007874015748100 ) ;
#6378 = DIRECTION ( 'NONE',  ( 1.000000000000000000, 0.0000000000000000000, 0.0000000000000000000 ) ) ;
#6379 = CARTESIAN_POINT ( 'NONE',  ( 0.5249999999999995800, 0.2500000000000000000, 0.06500000000000003000 ) ) ;
#6380 = CARTESIAN_POINT ( 'NONE',  ( 0.4562500000000001000, -0.1400000000000000100, 0.06250000000000001400 ) ) ;
#6381 = ADVANCED_FACE ( 'NONE', ( #7851 ), #2364, .F. ) ;
#6382 = ORIENTED_EDGE ( 'NONE', *, *, #9352, .F. ) ;
#6383 = CARTESIAN_POINT ( 'NONE',  ( -0.0000000000000000000, 0.0000000000000000000, -0.03749999999999999900 ) ) ;
#6384 = DIRECTION ( 'NONE',  ( -0.0000000000000000000, 1.000000000000000000, -0.0000000000000000000 ) ) ;
#6385 = LENGTH_MEASURE_WITH_UNIT ( LENGTH_MEASURE( 0.02539999999999999900 ), #1293 );
#6386 = ORIENTED_EDGE ( 'NONE', *, *, #2303, .T. ) ;
#6387 = LINE ( 'NONE', #3434, #9157 ) ;
#6388 = ADVANCED_FACE ( 'NONE', ( #1884 ), #10507, .T. ) ;
#6389 = CARTESIAN_POINT ( 'NONE',  ( -0.4624999999999999700, -0.01499999999999997700, 0.03749999999999999900 ) ) ;
#6390 = EDGE_CURVE ( 'NONE', #3299, #10233, #6856, .T. ) ;
#6391 = DIRECTION ( 'NONE',  ( 1.000000000000000000, -0.0000000000000000000, 0.0000000000000000000 ) ) ;
#6392 =( LENGTH_UNIT ( ) NAMED_UNIT ( * ) SI_UNIT ( $, .METRE. ) );
#6393 = AXIS2_PLACEMENT_3D ( 'NONE', #2461, #4313, #7800 ) ;
#6394 = CARTESIAN_POINT ( 'NONE',  ( 0.0000000000000000000, 0.09999999999999996400, 0.0000000000000000000 ) ) ;
#6395 = VECTOR ( 'NONE', #8992, 39.37007874015748100 ) ;
#6396 = CARTESIAN_POINT ( 'NONE',  ( 0.3374999999999996900, -0.1228282661284084400, -0.06250000000000001400 ) ) ;
#6397 = DIRECTION ( 'NONE',  ( 0.0000000000000000000, 0.0000000000000000000, -1.000000000000000000 ) ) ;
#6398 = DIRECTION ( 'NONE',  ( 1.000000000000000000, 0.0000000000000000000, 0.0000000000000000000 ) ) ;
#6399 = LINE ( 'NONE', #2387, #4327 ) ;
#6400 = ORIENTED_EDGE ( 'NONE', *, *, #2567, .F. ) ;
#6402 = AXIS2_PLACEMENT_3D ( 'NONE', #4189, #10376, #3366 ) ;
#6401 = ADVANCED_BREP_SHAPE_REPRESENTATION ( 'TSS-110-01-G-D', ( #8176, #10236, #6840, #2008, #8101, #9738, #11230, #6265, #7121, #293, #3560, #3996, #586, #6056, #4413, #2377, #6125, #11431, #3151, #1950, #6777, #2508 ), #8741 ) ;
#6403 = DIMENSIONAL_EXPONENTS ( 1.000000000000000000, 0.0000000000000000000, 0.0000000000000000000, 0.0000000000000000000, 0.0000000000000000000, 0.0000000000000000000, 0.0000000000000000000 ) ;
#6404 = CARTESIAN_POINT ( 'NONE',  ( -0.1625000000000003100, 0.09999999999999992200, -0.03749999999999999900 ) ) ;
#6405 = ORIENTED_EDGE ( 'NONE', *, *, #9624, .F. ) ;
#6406 = ORIENTED_EDGE ( 'NONE', *, *, #1788, .F. ) ;
#6407 = LINE ( 'NONE', #863, #5856 ) ;
#6408 = CARTESIAN_POINT ( 'NONE',  ( -0.05624999999999991100, 0.3299999999999999600, 0.06250000000000001400 ) ) ;
#6409 = VECTOR ( 'NONE', #10035, 39.37007874015748100 ) ;
#6410 = AXIS2_PLACEMENT_3D ( 'NONE', #185, #4521, #10679 ) ;
#6411 = DIRECTION ( 'NONE',  ( 0.0000000000000000000, 0.0000000000000000000, -1.000000000000000000 ) ) ;
#6412 = LINE ( 'NONE', #1688, #6988 ) ;
#6413 = DIRECTION ( 'NONE',  ( -1.000000000000000000, 0.0000000000000000000, 0.0000000000000000000 ) ) ;
#6414 = ORIENTED_EDGE ( 'NONE', *, *, #8967, .T. ) ;
#6415 = EDGE_CURVE ( 'NONE', #5776, #6525, #8924, .T. ) ;
#6416 = LINE ( 'NONE', #8083, #6992 ) ;
#6417 =( NAMED_UNIT ( * ) PLANE_ANGLE_UNIT ( ) SI_UNIT ( $, .RADIAN. ) );
#6418 = DIRECTION ( 'NONE',  ( 0.9396926207859085400, 0.3420201433256686000, 0.0000000000000000000 ) ) ;
#6419 = AXIS2_PLACEMENT_3D ( 'NONE', #6592, #4827, #10068 ) ;
#6420 = ORIENTED_EDGE ( 'NONE', *, *, #2858, .T. ) ;
#6421 = CARTESIAN_POINT ( 'NONE',  ( 0.3374999999999996900, -0.1228282661284085800, -0.03749999999999999900 ) ) ;
#6422 = CARTESIAN_POINT ( 'NONE',  ( -0.5750000000000001800, 0.3499999999999999800, 0.1825000000000000000 ) ) ;
#6423 = DIRECTION ( 'NONE',  ( 0.0000000000000000000, 0.0000000000000000000, 1.000000000000000000 ) ) ;
#6424 = DIRECTION ( 'NONE',  ( 0.0000000000000000000, 0.0000000000000000000, -1.000000000000000000 ) ) ;
#6425 = VECTOR ( 'NONE', #1130, 39.37007874015748100 ) ;
#6426 = VECTOR ( 'NONE', #10538, 39.37007874015748100 ) ;
#6427 = CARTESIAN_POINT ( 'NONE',  ( 0.3374999999999996900, 0.3299999999999999600, -0.03749999999999999900 ) ) ;
#6428 = EDGE_CURVE ( 'NONE', #11013, #170, #5567, .T. ) ;
#6429 = DIRECTION ( 'NONE',  ( -1.000000000000000000, -1.280553747030123100E-016, 0.0000000000000000000 ) ) ;
#6430 = CARTESIAN_POINT ( 'NONE',  ( 0.4374999999999997200, 0.3128282661284084700, -0.03749999999999999900 ) ) ;
#6432 = ADVANCED_FACE ( 'NONE', ( #4057 ), #6997, .T. ) ;
#6431 = VECTOR ( 'NONE', #8576, 39.37007874015748100 ) ;
#6433 = CARTESIAN_POINT ( 'NONE',  ( -0.5249999999999995800, 0.0000000000000000000, -0.06499999999999996100 ) ) ;
#6434 = LINE ( 'NONE', #6929, #10031 ) ;
#6435 = CARTESIAN_POINT ( 'NONE',  ( 0.2375000000000000700, -0.1228282661284085800, 0.06250000000000001400 ) ) ;
#6436 = DIRECTION ( 'NONE',  ( 0.3236155771181846200, -0.8891264907159883700, 0.3236155771181846200 ) ) ;
#6437 = DIRECTION ( 'NONE',  ( -0.0000000000000000000, 1.000000000000000000, -0.0000000000000000000 ) ) ;
#6438 = EDGE_CURVE ( 'NONE', #5181, #9008, #6268, .T. ) ;
#6439 = AXIS2_PLACEMENT_3D ( 'NONE', #6088, #3344, #1610 ) ;
#6440 = LINE ( 'NONE', #714, #1474 ) ;
#6441 = LINE ( 'NONE', #4947, #9889 ) ;
#6442 = ADVANCED_FACE ( 'NONE', ( #9995 ), #10985, .T. ) ;
#6443 = VECTOR ( 'NONE', #6137, 39.37007874015748100 ) ;
#6444 = VECTOR ( 'NONE', #2816, 39.37007874015748100 ) ;
#6445 = PLANE ( 'NONE',  #9268 ) ;
#6446 = EDGE_CURVE ( 'NONE', #510, #11254, #6407, .T. ) ;
#6447 = DIRECTION ( 'NONE',  ( 0.3236155771181856200, 0.8891264907159877100, 0.3236155771181856200 ) ) ;
#6448 = PLANE ( 'NONE',  #6320 ) ;
#6449 = VECTOR ( 'NONE', #6894, 39.37007874015748100 ) ;
#6450 = SURFACE_STYLE_USAGE ( .BOTH. , #4767 ) ;
#6451 = EDGE_CURVE ( 'NONE', #5502, #3351, #7257, .T. ) ;
#6452 = ORIENTED_EDGE ( 'NONE', *, *, #6722, .T. ) ;
#6453 = FACE_OUTER_BOUND ( 'NONE', #4139, .T. ) ;
#6454 = ORIENTED_EDGE ( 'NONE', *, *, #2421, .F. ) ;
#6455 = VERTEX_POINT ( 'NONE', #2579 ) ;
#6456 = AXIS2_PLACEMENT_3D ( 'NONE', #9689, #11386, #6986 ) ;
#6457 = VERTEX_POINT ( 'NONE', #11361 ) ;
#6458 = ORIENTED_EDGE ( 'NONE', *, *, #3989, .F. ) ;
#6459 = VECTOR ( 'NONE', #8678, 39.37007874015748100 ) ;
#6460 = CARTESIAN_POINT ( 'NONE',  ( 0.1374999999999997100, 0.0000000000000000000, 0.0000000000000000000 ) ) ;
#6461 = CARTESIAN_POINT ( 'NONE',  ( -0.5250000000000002400, 0.3499999999999999800, -0.1825000000000000000 ) ) ;
#6462 = VECTOR ( 'NONE', #11094, 39.37007874015748100 ) ;
#6463 = DIRECTION ( 'NONE',  ( 1.000000000000000000, 0.0000000000000000000, 0.0000000000000000000 ) ) ;
#6464 = LINE ( 'NONE', #3086, #3280 ) ;
#6465 = CARTESIAN_POINT ( 'NONE',  ( -0.5249999999999995800, 0.2500000000000000000, 0.06500000000000003000 ) ) ;
#6466 = EDGE_CURVE ( 'NONE', #9427, #4008, #4470, .T. ) ;
#6467 = VERTEX_POINT ( 'NONE', #10658 ) ;
#6468 = VECTOR ( 'NONE', #8740, 39.37007874015748100 ) ;
#6469 = VERTEX_POINT ( 'NONE', #8844 ) ;
#6470 = ORIENTED_EDGE ( 'NONE', *, *, #11322, .T. ) ;
#6471 = PLANE ( 'NONE',  #10991 ) ;
#6472 = VERTEX_POINT ( 'NONE', #3533 ) ;
#6473 = DIRECTION ( 'NONE',  ( 0.3236155771181856200, -0.8891264907159877100, 0.3236155771181856200 ) ) ;
#6474 = DIRECTION ( 'NONE',  ( 1.000000000000000000, -0.0000000000000000000, 0.0000000000000000000 ) ) ;
#6475 = CARTESIAN_POINT ( 'NONE',  ( -0.4624999999999999700, -4.268512490100411300E-018, 0.06250000000000001400 ) ) ;
#6476 = LINE ( 'NONE', #563, #8139 ) ;
#6477 = DIRECTION ( 'NONE',  ( 1.000000000000000000, 0.0000000000000000000, 0.0000000000000000000 ) ) ;
#6478 = ORIENTED_EDGE ( 'NONE', *, *, #9538, .T. ) ;
#6479 = CARTESIAN_POINT ( 'NONE',  ( 0.1375000000000000400, -0.1400000000000000100, 0.05624999999999997400 ) ) ;
#6480 = ORIENTED_EDGE ( 'NONE', *, *, #2439, .T. ) ;
#6481 = CARTESIAN_POINT ( 'NONE',  ( -0.5249999999999994700, 0.09999999999999996400, -0.1175000000000000500 ) ) ;
#6482 = ORIENTED_EDGE ( 'NONE', *, *, #6891, .T. ) ;
#6483 = ORIENTED_EDGE ( 'NONE', *, *, #7716, .T. ) ;
#6484 = EDGE_LOOP ( 'NONE', ( #3477, #2766, #6334, #8961 ) ) ;
#6485 = ORIENTED_EDGE ( 'NONE', *, *, #4023, .T. ) ;
#6486 = FACE_OUTER_BOUND ( 'NONE', #3855, .T. ) ;
#6487 = SURFACE_STYLE_USAGE ( .BOTH. , #3893 ) ;
#6488 = LINE ( 'NONE', #4762, #1795 ) ;
#6489 = EDGE_CURVE ( 'NONE', #10094, #6084, #8907, .T. ) ;
#6490 = PLANE ( 'NONE',  #3466 ) ;
#6491 = ORIENTED_EDGE ( 'NONE', *, *, #136, .F. ) ;
#6492 = FILL_AREA_STYLE_COLOUR ( '', #4946 ) ;
#6493 = ORIENTED_EDGE ( 'NONE', *, *, #11231, .F. ) ;
#6494 = PLANE ( 'NONE',  #9137 ) ;
#6495 = ORIENTED_EDGE ( 'NONE', *, *, #10592, .F. ) ;
#6496 = CARTESIAN_POINT ( 'NONE',  ( -0.4375000000000003300, -0.01499999999999997700, -0.03749999999999999900 ) ) ;
#6497 = ORIENTED_EDGE ( 'NONE', *, *, #10409, .F. ) ;
#6498 = VERTEX_POINT ( 'NONE', #7107 ) ;
#6499 = ORIENTED_EDGE ( 'NONE', *, *, #1798, .T. ) ;
#6500 = AXIS2_PLACEMENT_3D ( 'NONE', #3515, #9717, #2670 ) ;
#6501 = VECTOR ( 'NONE', #8088, 39.37007874015748100 ) ;
#6502 = ADVANCED_FACE ( 'NONE', ( #312 ), #2658, .F. ) ;
#6503 = EDGE_CURVE ( 'NONE', #1059, #390, #4062, .T. ) ;
#6504 = DIRECTION ( 'NONE',  ( 1.000000000000000000, 0.0000000000000000000, 0.0000000000000000000 ) ) ;
#6505 = CARTESIAN_POINT ( 'NONE',  ( -0.4200000000000002100, 0.3499999999999999800, 0.1875000000000000300 ) ) ;
#6506 = FACE_OUTER_BOUND ( 'NONE', #3842, .T. ) ;
#6507 = CARTESIAN_POINT ( 'NONE',  ( 0.03749999999999973500, -0.01499999999999997700, -0.03749999999999999900 ) ) ;
#6508 = ORIENTED_EDGE ( 'NONE', *, *, #3755, .T. ) ;
#6509 = DIRECTION ( 'NONE',  ( 1.000000000000000000, 0.0000000000000000000, 0.0000000000000000000 ) ) ;
#6510 = ORIENTED_EDGE ( 'NONE', *, *, #10918, .T. ) ;
#6511 = ORIENTED_EDGE ( 'NONE', *, *, #2527, .T. ) ;
#6512 = DIRECTION ( 'NONE',  ( 0.0000000000000000000, 0.0000000000000000000, -1.000000000000000000 ) ) ;
#6513 = EDGE_LOOP ( 'NONE', ( #3066, #7576, #10333, #3814 ) ) ;
#6514 = ADVANCED_FACE ( 'NONE', ( #4206 ), #9658, .T. ) ;
#6515 = FILL_AREA_STYLE ('',( #116 ) ) ;
#6516 = FACE_OUTER_BOUND ( 'NONE', #6061, .T. ) ;
#6517 = DIRECTION ( 'NONE',  ( -0.3236155771181856200, -0.8891264907159877100, 0.3236155771181856200 ) ) ;
#6518 = DIRECTION ( 'NONE',  ( 0.0000000000000000000, -1.000000000000000000, 0.0000000000000000000 ) ) ;
#6519 = LINE ( 'NONE', #852, #9964 ) ;
#6520 = EDGE_CURVE ( 'NONE', #11071, #10079, #1585, .T. ) ;
#6521 = CARTESIAN_POINT ( 'NONE',  ( 0.4375000000000001100, -0.01499999999999997700, 0.03749999999999999900 ) ) ;
#6522 = CARTESIAN_POINT ( 'NONE',  ( -0.06250000000000029100, 0.3299999999999999600, -0.05624999999999997400 ) ) ;
#6523 = DIRECTION ( 'NONE',  ( -1.000000000000000000, 0.0000000000000000000, -0.0000000000000000000 ) ) ;
#6524 = VERTEX_POINT ( 'NONE', #5608 ) ;
#6525 = VERTEX_POINT ( 'NONE', #1268 ) ;
#6526 = EDGE_LOOP ( 'NONE', ( #5081, #9237, #10123, #123 ) ) ;
#6527 = LINE ( 'NONE', #8067, #5673 ) ;
#6528 = DIRECTION ( 'NONE',  ( 1.000000000000000000, 0.0000000000000000000, 0.0000000000000000000 ) ) ;
#6529 = CARTESIAN_POINT ( 'NONE',  ( -0.1437500000000003500, -0.1400000000000000100, -0.03749999999999999900 ) ) ;
#6530 = DIRECTION ( 'NONE',  ( -0.0000000000000000000, 0.0000000000000000000, 1.000000000000000000 ) ) ;
#6531 = ORIENTED_EDGE ( 'NONE', *, *, #1944, .T. ) ;
#6532 = FACE_OUTER_BOUND ( 'NONE', #453, .T. ) ;
#6533 = DIRECTION ( 'NONE',  ( 0.0000000000000000000, 0.0000000000000000000, -1.000000000000000000 ) ) ;
#6534 = EDGE_CURVE ( 'NONE', #4902, #6327, #5559, .T. ) ;
#6535 = CARTESIAN_POINT ( 'NONE',  ( -0.2374999999999999600, -0.01499999999999997700, 0.03749999999999999900 ) ) ;
#6536 = VERTEX_POINT ( 'NONE', #5566 ) ;
#6537 = EDGE_LOOP ( 'NONE', ( #4337, #1529, #9003, #10368 ) ) ;
#6538 = CARTESIAN_POINT ( 'NONE',  ( 0.0000000000000000000, 0.09999999999999996400, 0.03749999999999999900 ) ) ;
#6539 = LINE ( 'NONE', #4172, #3898 ) ;
#6540 = EDGE_CURVE ( 'NONE', #2602, #1113, #10427, .T. ) ;
#6541 = PLANE ( 'NONE',  #1202 ) ;
#6542 = FACE_OUTER_BOUND ( 'NONE', #7294, .T. ) ;
#6543 = DIRECTION ( 'NONE',  ( 1.000000000000000000, 0.0000000000000000000, 0.0000000000000000000 ) ) ;
#6544 = CARTESIAN_POINT ( 'NONE',  ( 0.05624999999999971000, 0.3299999999999999600, -0.06250000000000001400 ) ) ;
#6545 = CARTESIAN_POINT ( 'NONE',  ( 0.1375000000000000400, 0.3128282661284084700, 0.03749999999999999900 ) ) ;
#6546 = LINE ( 'NONE', #6748, #2122 ) ;
#6547 = DIRECTION ( 'NONE',  ( 1.000000000000000000, 0.0000000000000000000, 0.0000000000000000000 ) ) ;
#6548 = PRESENTATION_STYLE_ASSIGNMENT (( #9465 ) ) ;
#6549 = CARTESIAN_POINT ( 'NONE',  ( 0.4999999999999997200, -0.1400000000000000100, -0.1000000000000000100 ) ) ;
#6550 = PLANE ( 'NONE',  #5630 ) ;
#6551 = DIRECTION ( 'NONE',  ( 0.0000000000000000000, 0.0000000000000000000, 1.000000000000000000 ) ) ;
#6552 =( NAMED_UNIT ( * ) PLANE_ANGLE_UNIT ( ) SI_UNIT ( $, .RADIAN. ) );
#6553 = ORIENTED_EDGE ( 'NONE', *, *, #355, .T. ) ;
#6554 = DIRECTION ( 'NONE',  ( -1.000000000000000000, 0.0000000000000000000, -0.0000000000000000000 ) ) ;
#6555 = FACE_OUTER_BOUND ( 'NONE', #9234, .T. ) ;
#6556 = CARTESIAN_POINT ( 'NONE',  ( 0.4625000000000001300, 0.09999999999999992200, 0.03749999999999999900 ) ) ;
#6557 = ADVANCED_FACE ( 'NONE', ( #7386 ), #942, .T. ) ;
#6558 = VERTEX_POINT ( 'NONE', #1222 ) ;
#6559 = LINE ( 'NONE', #2155, #10009 ) ;
#6560 = CARTESIAN_POINT ( 'NONE',  ( 0.3375000000000000800, 0.3128282661284084700, 0.03749999999999999900 ) ) ;
#6561 = EDGE_CURVE ( 'NONE', #377, #140, #6271, .T. ) ;
#6562 = CARTESIAN_POINT ( 'NONE',  ( 0.4374999999999997200, 0.09999999999999992200, -0.06250000000000001400 ) ) ;
#6563 = PLANE ( 'NONE',  #73 ) ;
#6564 = ORIENTED_EDGE ( 'NONE', *, *, #11418, .F. ) ;
#6565 = DIRECTION ( 'NONE',  ( 0.0000000000000000000, -1.000000000000000000, 0.0000000000000000000 ) ) ;
#6566 = FACE_OUTER_BOUND ( 'NONE', #10672, .T. ) ;
#6567 = ADVANCED_FACE ( 'NONE', ( #1446 ), #2123, .F. ) ;
#6568 = EDGE_CURVE ( 'NONE', #6372, #8536, #1296, .T. ) ;
#6569 = DIRECTION ( 'NONE',  ( -1.000000000000000000, 0.0000000000000000000, 0.0000000000000000000 ) ) ;
#6570 = DIRECTION ( 'NONE',  ( 0.0000000000000000000, 0.0000000000000000000, -1.000000000000000000 ) ) ;
#6571 = DIRECTION ( 'NONE',  ( -0.0000000000000000000, 1.000000000000000000, 0.0000000000000000000 ) ) ;
#6572 = LINE ( 'NONE', #5918, #2144 ) ;
#6573 = CARTESIAN_POINT ( 'NONE',  ( -0.2374999999999999600, -4.268512490100411300E-018, 0.06250000000000001400 ) ) ;
#6574 = LINE ( 'NONE', #966, #10308 ) ;
#6575 = LINE ( 'NONE', #6209, #11132 ) ;
#6576 = LINE ( 'NONE', #945, #9752 ) ;
#6577 = DIRECTION ( 'NONE',  ( -1.000000000000000000, 0.0000000000000000000, 0.0000000000000000000 ) ) ;
#6578 = DIRECTION ( 'NONE',  ( 0.9396926207859085400, 0.3420201433256686000, 0.0000000000000000000 ) ) ;
#6579 = DIRECTION ( 'NONE',  ( 0.0000000000000000000, 0.0000000000000000000, 1.000000000000000000 ) ) ;
#6580 = LINE ( 'NONE', #4745, #1873 ) ;
#6581 = EDGE_CURVE ( 'NONE', #8218, #5949, #3774, .T. ) ;
#6582 = LINE ( 'NONE', #11381, #1874 ) ;
#6583 = DIRECTION ( 'NONE',  ( -0.0000000000000000000, -1.000000000000000000, -4.097771990496395300E-016 ) ) ;
#6584 = AXIS2_PLACEMENT_3D ( 'NONE', #2370, #1438, #3212 ) ;
#6585 = SURFACE_SIDE_STYLE ('',( #5106 ) ) ;
#6586 = LINE ( 'NONE', #1292, #1877 ) ;
#6587 = LINE ( 'NONE', #5867, #5588 ) ;
#6588 = CARTESIAN_POINT ( 'NONE',  ( 0.4624999999999996900, -4.268512490100411300E-018, -0.03749999999999999900 ) ) ;
#6589 = CARTESIAN_POINT ( 'NONE',  ( 0.4375000000000001100, 0.3299999999999999600, 0.03749999999999999900 ) ) ;
#6590 = FILL_AREA_STYLE_COLOUR ( '', #3803 ) ;
#6591 = DIRECTION ( 'NONE',  ( -1.000000000000000000, 0.0000000000000000000, -0.0000000000000000000 ) ) ;
#6592 = CARTESIAN_POINT ( 'NONE',  ( 0.03750000000000007500, -0.01499999999999997700, 0.06250000000000001400 ) ) ;
#6593 = EDGE_CURVE ( 'NONE', #10530, #5743, #7115, .T. ) ;
#6594 = PLANE ( 'NONE',  #6144 ) ;
#6595 = VECTOR ( 'NONE', #5778, 39.37007874015748100 ) ;
#6596 = VECTOR ( 'NONE', #8375, 39.37007874015748100 ) ;
#6597 = ORIENTED_EDGE ( 'NONE', *, *, #8274, .F. ) ;
#6598 = VECTOR ( 'NONE', #2676, 39.37007874015748100 ) ;
#6599 = ORIENTED_EDGE ( 'NONE', *, *, #6002, .F. ) ;
#6600 = ORIENTED_EDGE ( 'NONE', *, *, #11216, .T. ) ;
#6601 = CARTESIAN_POINT ( 'NONE',  ( -0.5749999999999996200, 0.0000000000000000000, -0.06499999999999996100 ) ) ;
#6602 = ORIENTED_EDGE ( 'NONE', *, *, #4752, .F. ) ;
#6603 = EDGE_CURVE ( 'NONE', #8963, #3778, #8072, .T. ) ;
#6604 = DIRECTION ( 'NONE',  ( -0.0000000000000000000, 1.000000000000000000, -0.0000000000000000000 ) ) ;
#6605 = AXIS2_PLACEMENT_3D ( 'NONE', #4549, #1935, #3548 ) ;
#6606 = FACE_OUTER_BOUND ( 'NONE', #11463, .T. ) ;
#6607 = LINE ( 'NONE', #4154, #11300 ) ;
#6608 = VECTOR ( 'NONE', #646, 39.37007874015748100 ) ;
#6609 = CARTESIAN_POINT ( 'NONE',  ( 0.2624999999999996800, -0.1228282661284085800, -0.03749999999999999900 ) ) ;
#6610 = CARTESIAN_POINT ( 'NONE',  ( -0.3375000000000003000, -0.1228282661284085800, -0.06250000000000001400 ) ) ;
#6611 = ORIENTED_EDGE ( 'NONE', *, *, #3703, .T. ) ;
#6612 = LINE ( 'NONE', #6370, #3965 ) ;
#6613 = EDGE_CURVE ( 'NONE', #10383, #10233, #6559, .T. ) ;
#6614 = ORIENTED_EDGE ( 'NONE', *, *, #2599, .T. ) ;
#6615 = CARTESIAN_POINT ( 'NONE',  ( 0.03749999999999973500, 0.3128282661284084700, -0.03749999999999999900 ) ) ;
#6616 = ORIENTED_EDGE ( 'NONE', *, *, #6688, .T. ) ;
#6617 = ORIENTED_EDGE ( 'NONE', *, *, #3305, .F. ) ;
#6618 = CARTESIAN_POINT ( 'NONE',  ( 0.1562499999999996700, -0.1400000000000000100, -0.03749999999999999900 ) ) ;
#6619 = ADVANCED_FACE ( 'NONE', ( #9740 ), #3621, .T. ) ;
#6620 = FACE_OUTER_BOUND ( 'NONE', #7744, .T. ) ;
#6621 = CARTESIAN_POINT ( 'NONE',  ( -0.2624999999999999600, 0.3128282661284084700, 0.03749999999999999900 ) ) ;
#6622 = EDGE_CURVE ( 'NONE', #6939, #9913, #8350, .T. ) ;
#6623 = AXIS2_PLACEMENT_3D ( 'NONE', #11070, #5769, #2302 ) ;
#6624 = CLOSED_SHELL ( 'NONE', ( #454, #6102, #4975, #9919, #2269, #9469, #4471, #5300, #1861, #756, #924, #3531, #5480, #9634 ) ) ;
#6625 = DIRECTION ( 'NONE',  ( 0.0000000000000000000, 0.0000000000000000000, 1.000000000000000000 ) ) ;
#6626 = ORIENTED_EDGE ( 'NONE', *, *, #1033, .F. ) ;
#6627 = ORIENTED_EDGE ( 'NONE', *, *, #4467, .T. ) ;
#6628 = ORIENTED_EDGE ( 'NONE', *, *, #9346, .T. ) ;
#6629 = EDGE_LOOP ( 'NONE', ( #7314, #4541, #3992, #8677 ) ) ;
#6630 = ORIENTED_EDGE ( 'NONE', *, *, #177, .T. ) ;
#6631 = COLOUR_RGB ( '',1.000000000000000000, 0.8117647058823529400, 0.5019607843137254800 ) ;
#6632 = DIRECTION ( 'NONE',  ( 0.0000000000000000000, 0.0000000000000000000, 1.000000000000000000 ) ) ;
#6633 = ADVANCED_FACE ( 'NONE', ( #8500 ), #7372, .T. ) ;
#6634 = CARTESIAN_POINT ( 'NONE',  ( 0.2374999999999996600, -0.1228282661284084400, -0.03749999999999999900 ) ) ;
#6635 = VECTOR ( 'NONE', #5832, 39.37007874015748100 ) ;
#6636 = DIRECTION ( 'NONE',  ( -1.000000000000000000, 0.0000000000000000000, -0.0000000000000000000 ) ) ;
#6637 = CARTESIAN_POINT ( 'NONE',  ( 0.3625000000000001000, 0.3128282661284084700, 0.06250000000000001400 ) ) ;
#6638 = DIRECTION ( 'NONE',  ( 0.0000000000000000000, 0.0000000000000000000, -1.000000000000000000 ) ) ;
#6639 = AXIS2_PLACEMENT_3D ( 'NONE', #6194, #10677, #7933 ) ;
#6640 = ORIENTED_EDGE ( 'NONE', *, *, #3915, .T. ) ;
#6641 = ORIENTED_EDGE ( 'NONE', *, *, #3003, .F. ) ;
#6642 = ORIENTED_EDGE ( 'NONE', *, *, #10804, .T. ) ;
#6643 = ORIENTED_EDGE ( 'NONE', *, *, #9346, .F. ) ;
#6644 = ORIENTED_EDGE ( 'NONE', *, *, #9846, .F. ) ;
#6645 = FACE_OUTER_BOUND ( 'NONE', #3402, .T. ) ;
#6646 = DIRECTION ( 'NONE',  ( -1.000000000000000000, 0.0000000000000000000, 0.0000000000000000000 ) ) ;
#6647 = AXIS2_PLACEMENT_3D ( 'NONE', #3261, #11236, #5935 ) ;
#6648 = ORIENTED_EDGE ( 'NONE', *, *, #8150, .T. ) ;
#6649 = VECTOR ( 'NONE', #654, 39.37007874015748100 ) ;
#6650 = CARTESIAN_POINT ( 'NONE',  ( 0.03749999999999973500, -0.1228282661284085800, -0.06250000000000001400 ) ) ;
#6651 = CARTESIAN_POINT ( 'NONE',  ( -0.4800000000000002600, 0.3499999999999999800, 0.1875000000000000300 ) ) ;
#6652 = DIRECTION ( 'NONE',  ( 0.0000000000000000000, 1.000000000000000000, 0.0000000000000000000 ) ) ;
#6653 = ORIENTED_EDGE ( 'NONE', *, *, #7703, .F. ) ;
#6654 = EDGE_LOOP ( 'NONE', ( #7037, #378, #7151, #3586 ) ) ;
#6655 = EDGE_LOOP ( 'NONE', ( #7465, #4290, #801, #9017 ) ) ;
#6656 =( NAMED_UNIT ( * ) SI_UNIT ( $, .STERADIAN. ) SOLID_ANGLE_UNIT ( ) );
#6657 = ORIENTED_EDGE ( 'NONE', *, *, #8978, .F. ) ;
#6658 = VECTOR ( 'NONE', #420, 39.37007874015748100 ) ;
#6659 = AXIS2_PLACEMENT_3D ( 'NONE', #8043, #8156, #9862 ) ;
#6660 = EDGE_LOOP ( 'NONE', ( #6145, #7661, #397, #6064 ) ) ;
#6661 = DIRECTION ( 'NONE',  ( 0.0000000000000000000, 0.0000000000000000000, -1.000000000000000000 ) ) ;
#6662 = CARTESIAN_POINT ( 'NONE',  ( 0.1374999999999997100, 0.3128282661284084700, -0.03749999999999999900 ) ) ;
#6663 = DIRECTION ( 'NONE',  ( 1.000000000000000000, 0.0000000000000000000, 0.0000000000000000000 ) ) ;
#6664 = EDGE_CURVE ( 'NONE', #5503, #4902, #2675, .T. ) ;
#6665 = ORIENTED_EDGE ( 'NONE', *, *, #7997, .F. ) ;
#6666 = ORIENTED_EDGE ( 'NONE', *, *, #3733, .T. ) ;
#6667 = DIRECTION ( 'NONE',  ( 1.000000000000000000, 0.0000000000000000000, 0.0000000000000000000 ) ) ;
#6668 = VERTEX_POINT ( 'NONE', #10948 ) ;
#6669 = LINE ( 'NONE', #10181, #833 ) ;
#6670 = DIRECTION ( 'NONE',  ( 0.3236155771181846200, -0.8891264907159883700, -0.3236155771181846200 ) ) ;
#6671 = LINE ( 'NONE', #10455, #8316 ) ;
#6672 = STYLED_ITEM ( 'NONE', ( #1036 ), #2008 ) ;
#6673 = LINE ( 'NONE', #2132, #9844 ) ;
#6674 = EDGE_CURVE ( 'NONE', #6071, #2344, #9184, .T. ) ;
#6675 = DIRECTION ( 'NONE',  ( 1.000000000000000000, 0.0000000000000000000, 0.0000000000000000000 ) ) ;
#6676 = DIRECTION ( 'NONE',  ( 0.0000000000000000000, 0.0000000000000000000, -1.000000000000000000 ) ) ;
#6677 = CLOSED_SHELL ( 'NONE', ( #1825, #1762, #3700, #11076, #4925, #10144, #10106, #1426, #4359, #6557, #1919, #1533, #8584, #10557 ) ) ;
#6678 = DIRECTION ( 'NONE',  ( -0.3236155771181856200, 0.8891264907159877100, 0.3236155771181856200 ) ) ;
#6679 = VECTOR ( 'NONE', #5896, 39.37007874015748100 ) ;
#6680 = CARTESIAN_POINT ( 'NONE',  ( -0.1374999999999999600, 0.3299999999999999600, 0.06250000000000001400 ) ) ;
#6681 = ORIENTED_EDGE ( 'NONE', *, *, #4578, .F. ) ;
#6682 = EDGE_CURVE ( 'NONE', #4559, #2611, #1151, .T. ) ;
#6683 = DIRECTION ( 'NONE',  ( -1.000000000000000000, 0.0000000000000000000, -0.0000000000000000000 ) ) ;
#6684 = ADVANCED_FACE ( 'NONE', ( #10959 ), #10152, .T. ) ;
#6685 = DIRECTION ( 'NONE',  ( 1.000000000000000000, 0.0000000000000000000, 0.0000000000000000000 ) ) ;
#6686 = VECTOR ( 'NONE', #8336, 39.37007874015748100 ) ;
#6687 = SURFACE_STYLE_USAGE ( .BOTH. , #3081 ) ;
#6688 = EDGE_CURVE ( 'NONE', #9380, #2207, #7806, .T. ) ;
#6689 = MECHANICAL_DESIGN_GEOMETRIC_PRESENTATION_REPRESENTATION (  '', ( #2111 ), #11031 ) ;
#6690 = LINE ( 'NONE', #6163, #7797 ) ;
#6691 = ADVANCED_FACE ( 'NONE', ( #2956 ), #4905, .T. ) ;
#6692 = DIRECTION ( 'NONE',  ( 0.0000000000000000000, 1.000000000000000000, 0.0000000000000000000 ) ) ;
#6693 = EDGE_CURVE ( 'NONE', #4921, #7047, #5999, .T. ) ;
#6694 = DIRECTION ( 'NONE',  ( 0.0000000000000000000, 0.0000000000000000000, -1.000000000000000000 ) ) ;
#6695 = CARTESIAN_POINT ( 'NONE',  ( -0.2625000000000002900, 0.3128282661284084700, -0.03749999999999999900 ) ) ;
#6696 = VERTEX_POINT ( 'NONE', #11109 ) ;
#6697 = DIRECTION ( 'NONE',  ( 0.3236155771181846200, 0.8891264907159883700, 0.3236155771181846200 ) ) ;
#6698 = EDGE_CURVE ( 'NONE', #10695, #1961, #5007, .T. ) ;
#6699 = ORIENTED_EDGE ( 'NONE', *, *, #652, .F. ) ;
#6700 = VECTOR ( 'NONE', #3776, 39.37007874015748100 ) ;
#6701 = CARTESIAN_POINT ( 'NONE',  ( -0.2374999999999999600, -0.01499999999999997700, 0.06250000000000001400 ) ) ;
#6702 = PLANE ( 'NONE',  #11057 ) ;
#6703 = EDGE_LOOP ( 'NONE', ( #2482, #9251, #6841, #386 ) ) ;
#6704 = DIRECTION ( 'NONE',  ( 0.0000000000000000000, -0.3420201433256698200, 0.9396926207859079800 ) ) ;
#6705 = CARTESIAN_POINT ( 'NONE',  ( 0.2624999999999996800, 0.3299999999999999600, -0.03749999999999999900 ) ) ;
#6706 = EDGE_LOOP ( 'NONE', ( #6322, #935, #2232, #6347 ) ) ;
#6707 = DIRECTION ( 'NONE',  ( -0.0000000000000000000, 1.000000000000000000, -0.0000000000000000000 ) ) ;
#6708 = LINE ( 'NONE', #1273, #3239 ) ;
#6709 =( CONVERSION_BASED_UNIT ( 'INCH', #7412 ) LENGTH_UNIT ( ) NAMED_UNIT ( #1575 ) );
#6710 = FACE_BOUND ( 'NONE', #8906, .T. ) ;
#6711 = ORIENTED_EDGE ( 'NONE', *, *, #10873, .F. ) ;
#6712 = DIRECTION ( 'NONE',  ( 1.000000000000000000, 0.0000000000000000000, 0.0000000000000000000 ) ) ;
#6713 = EDGE_CURVE ( 'NONE', #3885, #545, #6842, .T. ) ;
#6714 = EDGE_LOOP ( 'NONE', ( #4243, #5546, #705, #4444 ) ) ;
#6715 = DIRECTION ( 'NONE',  ( -1.000000000000000000, 0.0000000000000000000, -0.0000000000000000000 ) ) ;
#6716 = DIRECTION ( 'NONE',  ( -0.0000000000000000000, 0.0000000000000000000, 1.000000000000000000 ) ) ;
#6717 = FACE_BOUND ( 'NONE', #7736, .T. ) ;
#6718 = VECTOR ( 'NONE', #2545, 39.37007874015748100 ) ;
#6719 = PLANE ( 'NONE',  #10916 ) ;
#6720 = PRESENTATION_LAYER_ASSIGNMENT (  '', '', ( #176 ) ) ;
#6721 = VECTOR ( 'NONE', #233, 39.37007874015748100 ) ;
#6722 = EDGE_CURVE ( 'NONE', #10232, #7198, #1856, .T. ) ;
#6723 = LINE ( 'NONE', #7847, #5026 ) ;
#6724 = DIRECTION ( 'NONE',  ( -0.0000000000000000000, 1.000000000000000000, -0.0000000000000000000 ) ) ;
#6725 = CARTESIAN_POINT ( 'NONE',  ( -0.3562500000000002900, 0.3299999999999999600, -0.05624999999999997400 ) ) ;
#6726 = CARTESIAN_POINT ( 'NONE',  ( 0.2437500000000001100, 0.3299999999999999600, 0.04375000000000003900 ) ) ;
#6727 = FILL_AREA_STYLE ('',( #4048 ) ) ;
#6728 = CARTESIAN_POINT ( 'NONE',  ( -0.06249999999999995100, -0.1228282661284085800, 0.06250000000000001400 ) ) ;
#6729 = CARTESIAN_POINT ( 'NONE',  ( 0.1624999999999997000, -0.01499999999999997700, -0.03749999999999999900 ) ) ;
#6730 = AXIS2_PLACEMENT_3D ( 'NONE', #9563, #10474, #4250 ) ;
#6731 = LINE ( 'NONE', #10648, #4897 ) ;
#6732 = ADVANCED_FACE ( 'NONE', ( #3636 ), #3228, .F. ) ;
#6733 = LINE ( 'NONE', #4955, #10461 ) ;
#6734 = AXIS2_PLACEMENT_3D ( 'NONE', #3277, #9477, #11085 ) ;
#6735 = EDGE_LOOP ( 'NONE', ( #5444, #8984, #732, #5352 ) ) ;
#6736 = CARTESIAN_POINT ( 'NONE',  ( 0.2562500000000000300, -0.1400000000000000100, 0.04375000000000003900 ) ) ;
#6737 = EDGE_CURVE ( 'NONE', #3508, #7432, #599, .T. ) ;
#6738 = ADVANCED_FACE ( 'NONE', ( #33 ), #2350, .F. ) ;
#6739 = AXIS2_PLACEMENT_3D ( 'NONE', #8006, #1833, #5317 ) ;
#6740 = CARTESIAN_POINT ( 'NONE',  ( -0.2624999999999999600, -0.1228282661284085800, 0.06250000000000001400 ) ) ;
#6741 = LINE ( 'NONE', #5039, #7286 ) ;
#6742 = VECTOR ( 'NONE', #11088, 39.37007874015748100 ) ;
#6743 = CARTESIAN_POINT ( 'NONE',  ( -0.1624999999999999800, 0.3128282661284084700, 0.06250000000000001400 ) ) ;
#6744 = ORIENTED_EDGE ( 'NONE', *, *, #9203, .T. ) ;
#6745 = VECTOR ( 'NONE', #7526, 39.37007874015748100 ) ;
#6746 = VERTEX_POINT ( 'NONE', #10271 ) ;
#6747 = EDGE_LOOP ( 'NONE', ( #6957, #5497, #8492, #6495 ) ) ;
#6748 = CARTESIAN_POINT ( 'NONE',  ( -0.3625000000000003200, 0.3128282661284084700, -0.06250000000000001400 ) ) ;
#6749 = ORIENTED_EDGE ( 'NONE', *, *, #3840, .T. ) ;
#6750 = ORIENTED_EDGE ( 'NONE', *, *, #8104, .F. ) ;
#6751 = DIRECTION ( 'NONE',  ( 0.3236155771181846200, 0.8891264907159883700, 0.3236155771181846200 ) ) ;
#6752 = EDGE_CURVE ( 'NONE', #4294, #4109, #2131, .T. ) ;
#6753 = CARTESIAN_POINT ( 'NONE',  ( -0.5150000000000004600, 0.0000000000000000000, -0.09999999999999809000 ) ) ;
#6754 = LINE ( 'NONE', #7222, #784 ) ;
#6755 = VECTOR ( 'NONE', #5683, 39.37007874015748100 ) ;
#6756 = CARTESIAN_POINT ( 'NONE',  ( 0.2999999999999999900, -0.1400000000000000100, 0.0000000000000000000 ) ) ;
#6757 = VECTOR ( 'NONE', #6769, 39.37007874015748100 ) ;
#6758 = CARTESIAN_POINT ( 'NONE',  ( 0.1624999999999997000, -0.1228282661284085800, -0.03749999999999999900 ) ) ;
#6759 = DIRECTION ( 'NONE',  ( 0.0000000000000000000, 0.0000000000000000000, -1.000000000000000000 ) ) ;
#6760 = EDGE_CURVE ( 'NONE', #5013, #501, #11255, .T. ) ;
#6761 = ORIENTED_EDGE ( 'NONE', *, *, #921, .T. ) ;
#6762 = EDGE_LOOP ( 'NONE', ( #10432, #4161, #11054, #5057 ) ) ;
#6763 = DIRECTION ( 'NONE',  ( 0.0000000000000000000, -1.000000000000000000, 0.0000000000000000000 ) ) ;
#6764 = ORIENTED_EDGE ( 'NONE', *, *, #305, .F. ) ;
#6765 = VERTEX_POINT ( 'NONE', #7501 ) ;
#6766 = LINE ( 'NONE', #4994, #3983 ) ;
#6767 = CARTESIAN_POINT ( 'NONE',  ( 0.1625000000000000300, 0.3128282661284084700, 0.06250000000000001400 ) ) ;
#6768 = VERTEX_POINT ( 'NONE', #5696 ) ;
#6769 = DIRECTION ( 'NONE',  ( 0.0000000000000000000, -1.000000000000000000, 0.0000000000000000000 ) ) ;
#6770 = ORIENTED_EDGE ( 'NONE', *, *, #10572, .T. ) ;
#6771 = VERTEX_POINT ( 'NONE', #1460 ) ;
#6772 = EDGE_LOOP ( 'NONE', ( #9828, #2960, #1191, #4997 ) ) ;
#6773 = ORIENTED_EDGE ( 'NONE', *, *, #3520, .F. ) ;
#6774 = ORIENTED_EDGE ( 'NONE', *, *, #3245, .T. ) ;
#6775 = LINE ( 'NONE', #4612, #6207 ) ;
#6776 = CARTESIAN_POINT ( 'NONE',  ( 0.1625000000000000300, 0.0000000000000000000, 0.03749999999999999900 ) ) ;
#6777 = MANIFOLD_SOLID_BREP ( 'Boss-Extrude3', #9937 ) ;
#6778 = VECTOR ( 'NONE', #5450, 39.37007874015748100 ) ;
#6779 = AXIS2_PLACEMENT_3D ( 'NONE', #11459, #2646, #9723 ) ;
#6780 = DIRECTION ( 'NONE',  ( 1.000000000000000000, 0.0000000000000000000, 0.0000000000000000000 ) ) ;
#6781 = ORIENTED_EDGE ( 'NONE', *, *, #10809, .T. ) ;
#6782 = VERTEX_POINT ( 'NONE', #3954 ) ;
#6783 = ORIENTED_EDGE ( 'NONE', *, *, #7641, .F. ) ;
#6784 = PLANE ( 'NONE',  #4070 ) ;
#6785 = ORIENTED_EDGE ( 'NONE', *, *, #8263, .F. ) ;
#6786 = DIRECTION ( 'NONE',  ( 0.0000000000000000000, 0.0000000000000000000, -1.000000000000000000 ) ) ;
#6787 = LINE ( 'NONE', #5307, #5102 ) ;
#6788 = CARTESIAN_POINT ( 'NONE',  ( 0.4375000000000001100, -0.1228282661284085800, 0.06250000000000001400 ) ) ;
#6789 = ORIENTED_EDGE ( 'NONE', *, *, #8489, .T. ) ;
#6790 = VECTOR ( 'NONE', #4585, 39.37007874015748100 ) ;
#6791 = EDGE_CURVE ( 'NONE', #3237, #3299, #7525, .T. ) ;
#6792 = DIRECTION ( 'NONE',  ( 0.0000000000000000000, -0.3420201433256698200, 0.9396926207859079800 ) ) ;
#6793 = ORIENTED_EDGE ( 'NONE', *, *, #2567, .T. ) ;
#6794 = DIMENSIONAL_EXPONENTS ( 1.000000000000000000, 0.0000000000000000000, 0.0000000000000000000, 0.0000000000000000000, 0.0000000000000000000, 0.0000000000000000000, 0.0000000000000000000 ) ;
#6795 = VERTEX_POINT ( 'NONE', #2507 ) ;
#6796 = VERTEX_POINT ( 'NONE', #4168 ) ;
#6797 = ORIENTED_EDGE ( 'NONE', *, *, #2547, .T. ) ;
#6798 = VECTOR ( 'NONE', #5850, 39.37007874015748100 ) ;
#6799 = DIRECTION ( 'NONE',  ( -0.0000000000000000000, -1.000000000000000000, -0.0000000000000000000 ) ) ;
#6800 = DIRECTION ( 'NONE',  ( 1.000000000000000000, 0.0000000000000000000, 0.0000000000000000000 ) ) ;
#6801 = FACE_OUTER_BOUND ( 'NONE', #777, .T. ) ;
#6802 = CARTESIAN_POINT ( 'NONE',  ( 0.3598818239561612500, 0.3200216456890114800, -0.04011817604383839700 ) ) ;
#6803 = CARTESIAN_POINT ( 'NONE',  ( 0.0000000000000000000, 0.09999999999999996400, -0.06250000000000001400 ) ) ;
#6804 = DIRECTION ( 'NONE',  ( -0.0000000000000000000, 0.0000000000000000000, 1.000000000000000000 ) ) ;
#6805 = CARTESIAN_POINT ( 'NONE',  ( -0.5424999999999995400, 0.3499999999999999800, -0.1175000000000001200 ) ) ;
#6806 = ADVANCED_FACE ( 'NONE', ( #2809 ), #593, .T. ) ;
#6807 = DIRECTION ( 'NONE',  ( -0.0000000000000000000, 1.000000000000000000, 0.0000000000000000000 ) ) ;
#6808 = AXIS2_PLACEMENT_3D ( 'NONE', #9259, #3219, #9419 ) ;
#6809 = EDGE_LOOP ( 'NONE', ( #3311, #6051 ) ) ;
#6810 = VERTEX_POINT ( 'NONE', #9543 ) ;
#6811 = DIRECTION ( 'NONE',  ( -1.000000000000000000, 0.0000000000000000000, 0.0000000000000000000 ) ) ;
#6812 = ORIENTED_EDGE ( 'NONE', *, *, #10227, .F. ) ;
#6813 = LINE ( 'NONE', #4903, #4832 ) ;
#6814 = CARTESIAN_POINT ( 'NONE',  ( -0.4437500000000003700, 0.3299999999999999600, -0.05624999999999997400 ) ) ;
#6815 = LINE ( 'NONE', #10182, #8471 ) ;
#6816 = EDGE_CURVE ( 'NONE', #4205, #4928, #5000, .T. ) ;
#6817 = ORIENTED_EDGE ( 'NONE', *, *, #5372, .T. ) ;
#6818 = DIRECTION ( 'NONE',  ( 0.9396926207859085400, 0.3420201433256686000, 0.0000000000000000000 ) ) ;
#6819 = EDGE_LOOP ( 'NONE', ( #6059, #8155, #9119, #10095 ) ) ;
#6820 = ADVANCED_FACE ( 'NONE', ( #1978 ), #4231, .F. ) ;
#6821 = LINE ( 'NONE', #9873, #4447 ) ;
#6822 = LINE ( 'NONE', #9768, #9854 ) ;
#6823 = EDGE_CURVE ( 'NONE', #6765, #4210, #9167, .T. ) ;
#6824 = CARTESIAN_POINT ( 'NONE',  ( 0.2625000000000000700, 0.09999999999999996400, 0.0000000000000000000 ) ) ;
#6825 = CARTESIAN_POINT ( 'NONE',  ( -0.5250000000000003600, 0.09999999999999996400, 0.1324999999999999500 ) ) ;
#6826 = CARTESIAN_POINT ( 'NONE',  ( -0.1562499999999999400, 0.3299999999999999600, 0.05624999999999997400 ) ) ;
#6827 = CARTESIAN_POINT ( 'NONE',  ( 0.2374999999999996600, 0.3299999999999999600, -0.06250000000000001400 ) ) ;
#6828 = EDGE_CURVE ( 'NONE', #9175, #1517, #8766, .T. ) ;
#6829 = VERTEX_POINT ( 'NONE', #740 ) ;
#6830 = ORIENTED_EDGE ( 'NONE', *, *, #10600, .T. ) ;
#6831 = CARTESIAN_POINT ( 'NONE',  ( -0.4624999999999999700, 0.3299999999999999600, 0.06250000000000001400 ) ) ;
#6832 = SURFACE_STYLE_FILL_AREA ( #8640 ) ;
#6833 = DIRECTION ( 'NONE',  ( 1.000000000000000000, 0.0000000000000000000, 0.0000000000000000000 ) ) ;
#6834 = CARTESIAN_POINT ( 'NONE',  ( -0.4562500000000002700, -0.1400000000000000100, -0.05624999999999997400 ) ) ;
#6835 = ORIENTED_EDGE ( 'NONE', *, *, #9891, .T. ) ;
#6836 = PLANE ( 'NONE',  #890 ) ;
#6837 = EDGE_CURVE ( 'NONE', #6277, #2917, #4054, .T. ) ;
#6838 = LINE ( 'NONE', #10885, #8347 ) ;
#6839 = CARTESIAN_POINT ( 'NONE',  ( -0.4375000000000003300, 0.0000000000000000000, 0.0000000000000000000 ) ) ;
#6840 = MANIFOLD_SOLID_BREP ( 'Pin[3]', #6677 ) ;
#6841 = ORIENTED_EDGE ( 'NONE', *, *, #8315, .F. ) ;
#6842 = LINE ( 'NONE', #4952, #2412 ) ;
#6843 = DIRECTION ( 'NONE',  ( 0.0000000000000000000, -0.0000000000000000000, 1.000000000000000000 ) ) ;
#6844 = CARTESIAN_POINT ( 'NONE',  ( 0.2374999999999996600, 0.3299999999999999600, -0.03749999999999999900 ) ) ;
#6845 = DIRECTION ( 'NONE',  ( -0.0000000000000000000, 1.000000000000000000, -0.0000000000000000000 ) ) ;
#6846 = EDGE_CURVE ( 'NONE', #8840, #10634, #9327, .T. ) ;
#6847 =( NAMED_UNIT ( * ) PLANE_ANGLE_UNIT ( ) SI_UNIT ( $, .RADIAN. ) );
#6848 = PRESENTATION_LAYER_ASSIGNMENT (  '', '', ( #1440 ) ) ;
#6849 = EDGE_LOOP ( 'NONE', ( #8439, #6182, #10733, #1420 ) ) ;
#6850 = ORIENTED_EDGE ( 'NONE', *, *, #9923, .F. ) ;
#6851 = CARTESIAN_POINT ( 'NONE',  ( -0.2375000000000002900, -0.1228282661284085800, -0.03749999999999999900 ) ) ;
#6852 = ADVANCED_FACE ( 'NONE', ( #10554 ), #7833, .F. ) ;
#6853 = EDGE_CURVE ( 'NONE', #2865, #3580, #1431, .T. ) ;
#6854 = CARTESIAN_POINT ( 'NONE',  ( 0.1000000000000000100, 0.05000000000000000300, 0.1324999999999999800 ) ) ;
#6855 = LINE ( 'NONE', #10484, #8922 ) ;
#6856 = LINE ( 'NONE', #9700, #6443 ) ;
#6857 = DIRECTION ( 'NONE',  ( 1.000000000000000000, 0.0000000000000000000, 0.0000000000000000000 ) ) ;
#6858 = ADVANCED_FACE ( 'NONE', ( #11382 ), #6836, .F. ) ;
#6859 = CARTESIAN_POINT ( 'NONE',  ( -0.2624999999999999600, 0.3299999999999999600, 0.06250000000000001400 ) ) ;
#6860 = VECTOR ( 'NONE', #8028, 39.37007874015748100 ) ;
#6861 = VECTOR ( 'NONE', #7885, 39.37007874015748100 ) ;
#6862 = DIRECTION ( 'NONE',  ( 0.0000000000000000000, -1.000000000000000000, 0.0000000000000000000 ) ) ;
#6863 =( GEOMETRIC_REPRESENTATION_CONTEXT ( 3 ) GLOBAL_UNCERTAINTY_ASSIGNED_CONTEXT ( ( #5534 ) ) GLOBAL_UNIT_ASSIGNED_CONTEXT ( ( #4596, #8171, #4487 ) ) REPRESENTATION_CONTEXT ( 'NONE', 'WORKASPACE' ) );
#6864 = CARTESIAN_POINT ( 'NONE',  ( 0.3625000000000001000, 0.0000000000000000000, 0.03749999999999999900 ) ) ;
#6865 = DIRECTION ( 'NONE',  ( 1.000000000000000000, 0.0000000000000000000, 0.0000000000000000000 ) ) ;
#6866 = LINE ( 'NONE', #9945, #6425 ) ;
#6867 = CARTESIAN_POINT ( 'NONE',  ( -0.1375000000000003200, -0.1228282661284085800, -0.03749999999999999900 ) ) ;
#6868 = VECTOR ( 'NONE', #8667, 39.37007874015748100 ) ;
#6869 = VECTOR ( 'NONE', #1163, 39.37007874015748100 ) ;
#6870 = FACE_OUTER_BOUND ( 'NONE', #1986, .T. ) ;
#6871 = EDGE_CURVE ( 'NONE', #10514, #5315, #6690, .T. ) ;
#6872 = CARTESIAN_POINT ( 'NONE',  ( 0.1375000000000000400, -0.1228282661284085800, 0.06250000000000001400 ) ) ;
#6873 = CARTESIAN_POINT ( 'NONE',  ( 0.3562500000000000700, 0.3299999999999999600, 0.03749999999999999900 ) ) ;
#6874 = CARTESIAN_POINT ( 'NONE',  ( -0.2374999999999999600, 0.3299999999999999600, 0.06250000000000001400 ) ) ;
#6875 = DIRECTION ( 'NONE',  ( 1.000000000000000000, 0.0000000000000000000, 0.0000000000000000000 ) ) ;
#6876 = CARTESIAN_POINT ( 'NONE',  ( 0.4374999999999997200, -0.1228282661284085800, -0.06250000000000001400 ) ) ;
#6877 = AXIS2_PLACEMENT_3D ( 'NONE', #8880, #2798, #5251 ) ;
#6878 = EDGE_CURVE ( 'NONE', #2786, #5813, #2535, .T. ) ;
#6879 = VECTOR ( 'NONE', #2874, 39.37007874015748900 ) ;
#6880 = DIRECTION ( 'NONE',  ( -1.000000000000000000, 0.0000000000000000000, -0.0000000000000000000 ) ) ;
#6881 = PLANE ( 'NONE',  #7394 ) ;
#6882 = ORIENTED_EDGE ( 'NONE', *, *, #4014, .T. ) ;
#6883 = LINE ( 'NONE', #8162, #3948 ) ;
#6884 = ORIENTED_EDGE ( 'NONE', *, *, #7796, .F. ) ;
#6885 = DIRECTION ( 'NONE',  ( -0.0000000000000000000, 0.0000000000000000000, 1.000000000000000000 ) ) ;
#6886 = ORIENTED_EDGE ( 'NONE', *, *, #715, .F. ) ;
#6887 = ORIENTED_EDGE ( 'NONE', *, *, #1257, .F. ) ;
#6888 = CARTESIAN_POINT ( 'NONE',  ( -0.05625000000000025100, -0.1400000000000000100, -0.06250000000000001400 ) ) ;
#6889 = CARTESIAN_POINT ( 'NONE',  ( 0.3437499999999997200, 0.3299999999999999600, -0.05624999999999997400 ) ) ;
#6890 = FACE_OUTER_BOUND ( 'NONE', #8020, .T. ) ;
#6891 = EDGE_CURVE ( 'NONE', #11288, #11304, #2934, .T. ) ;
#6892 = LINE ( 'NONE', #6118, #9782 ) ;
#6893 = LINE ( 'NONE', #2273, #786 ) ;
#6894 = DIRECTION ( 'NONE',  ( 0.0000000000000000000, 0.0000000000000000000, 1.000000000000000000 ) ) ;
#6895 = ORIENTED_EDGE ( 'NONE', *, *, #3197, .T. ) ;
#6896 = VERTEX_POINT ( 'NONE', #2714 ) ;
#6897 = ORIENTED_EDGE ( 'NONE', *, *, #3739, .F. ) ;
#6898 = VERTEX_POINT ( 'NONE', #3489 ) ;
#6899 = EDGE_CURVE ( 'NONE', #10288, #6536, #4853, .T. ) ;
#6900 = VERTEX_POINT ( 'NONE', #7937 ) ;
#6901 = FILL_AREA_STYLE ('',( #4297 ) ) ;
#6902 = VECTOR ( 'NONE', #2727, 39.37007874015748100 ) ;
#6903 = CARTESIAN_POINT ( 'NONE',  ( -0.4375000000000003300, 0.3128282661284084700, -0.06250000000000001400 ) ) ;
#6904 =( NAMED_UNIT ( * ) PLANE_ANGLE_UNIT ( ) SI_UNIT ( $, .RADIAN. ) );
#6905 = VERTEX_POINT ( 'NONE', #12 ) ;
#6906 = ORIENTED_EDGE ( 'NONE', *, *, #11026, .F. ) ;
#6907 = EDGE_CURVE ( 'NONE', #817, #7189, #11090, .T. ) ;
#6908 = VERTEX_POINT ( 'NONE', #10534 ) ;
#6909 = VERTEX_POINT ( 'NONE', #1698 ) ;
#6910 = ORIENTED_EDGE ( 'NONE', *, *, #2112, .T. ) ;
#6911 = SURFACE_STYLE_FILL_AREA ( #2932 ) ;
#6912 = LINE ( 'NONE', #8077, #7881 ) ;
#6913 = CARTESIAN_POINT ( 'NONE',  ( -0.3625000000000003200, -0.1228282661284085800, -0.06250000000000001400 ) ) ;
#6914 = EDGE_CURVE ( 'NONE', #2611, #1009, #1971, .T. ) ;
#6915 = CARTESIAN_POINT ( 'NONE',  ( 0.2598818239561612200, -0.1300216456890116200, -0.05988182395616160200 ) ) ;
#6916 = AXIS2_PLACEMENT_3D ( 'NONE', #1337, #6763, #4869 ) ;
#6917 = ORIENTED_EDGE ( 'NONE', *, *, #1602, .T. ) ;
#6918 = ORIENTED_EDGE ( 'NONE', *, *, #763, .F. ) ;
#6919 = EDGE_LOOP ( 'NONE', ( #952, #1361, #8745, #5911 ) ) ;
#6920 = VERTEX_POINT ( 'NONE', #927 ) ;
#6921 = ADVANCED_FACE ( 'NONE', ( #8759 ), #8831, .T. ) ;
#6922 = LINE ( 'NONE', #2633, #8016 ) ;
#6923 = DIRECTION ( 'NONE',  ( 0.0000000000000000000, -0.3420201433256698200, 0.9396926207859079800 ) ) ;
#6924 = CARTESIAN_POINT ( 'NONE',  ( 0.06249999999999974300, -0.1228282661284084400, -0.03749999999999999900 ) ) ;
#6925 = ORIENTED_EDGE ( 'NONE', *, *, #1103, .F. ) ;
#6926 = LINE ( 'NONE', #10292, #7192 ) ;
#6927 = CARTESIAN_POINT ( 'NONE',  ( 0.3374999999999996900, -0.01499999999999997700, -0.06250000000000001400 ) ) ;
#6928 = CARTESIAN_POINT ( 'NONE',  ( -0.1000000000000000900, 0.3499999999999999800, 0.1499999999999999900 ) ) ;
#6929 = CARTESIAN_POINT ( 'NONE',  ( -0.5250000000000002400, 0.3499999999999999800, -0.1674999999999999800 ) ) ;
#6930 = CLOSED_SHELL ( 'NONE', ( #5308, #4510, #10952, #5140, #5196, #6153, #6806, #8645, #2509, #3541, #6432, #3317, #8530, #10285 ) ) ;
#6931 = VERTEX_POINT ( 'NONE', #9724 ) ;
#6932 = EDGE_LOOP ( 'NONE', ( #7563, #11402, #4255, #5330 ) ) ;
#6933 = LINE ( 'NONE', #3910, #11482 ) ;
#6934 = ADVANCED_FACE ( 'NONE', ( #10950 ), #7972, .T. ) ;
#6935 = VECTOR ( 'NONE', #7322, 39.37007874015748100 ) ;
#6936 = DIRECTION ( 'NONE',  ( -1.000000000000000000, 0.0000000000000000000, 0.0000000000000000000 ) ) ;
#6937 = DIRECTION ( 'NONE',  ( 0.0000000000000000000, -0.0000000000000000000, -1.000000000000000000 ) ) ;
#6938 = EDGE_LOOP ( 'NONE', ( #8559, #2481, #10128, #4639 ) ) ;
#6939 = VERTEX_POINT ( 'NONE', #6093 ) ;
#6940 = CARTESIAN_POINT ( 'NONE',  ( 0.1374999999999997100, -4.268512490100411300E-018, -0.03749999999999999900 ) ) ;
#6941 = CARTESIAN_POINT ( 'NONE',  ( 0.4625000000000001300, 0.0000000000000000000, 0.0000000000000000000 ) ) ;
#6942 = VERTEX_POINT ( 'NONE', #8876 ) ;
#6943 = VECTOR ( 'NONE', #1297, 39.37007874015748100 ) ;
#6944 = EDGE_CURVE ( 'NONE', #67, #3723, #8623, .T. ) ;
#6945 = CARTESIAN_POINT ( 'NONE',  ( 0.2374999999999996600, 0.3299999999999999600, -0.05624999999999997400 ) ) ;
#6946 = PLANE ( 'NONE',  #6968 ) ;
#6947 = VECTOR ( 'NONE', #6045, 39.37007874015748100 ) ;
#6948 = VECTOR ( 'NONE', #10925, 39.37007874015748100 ) ;
#6949 = MECHANICAL_DESIGN_GEOMETRIC_PRESENTATION_REPRESENTATION (  '', ( #10121 ), #5570 ) ;
#6950 = EDGE_CURVE ( 'NONE', #8850, #5921, #8479, .T. ) ;
#6951 = DIRECTION ( 'NONE',  ( -0.3236155771181856200, -0.8891264907159877100, 0.3236155771181856200 ) ) ;
#6952 = EDGE_LOOP ( 'NONE', ( #6648, #2713, #3694, #9226 ) ) ;
#6953 = ORIENTED_EDGE ( 'NONE', *, *, #7762, .T. ) ;
#6954 = DIRECTION ( 'NONE',  ( -1.000000000000000000, 0.0000000000000000000, 0.0000000000000000000 ) ) ;
#6955 = CARTESIAN_POINT ( 'NONE',  ( -0.2374999999999999600, -0.1228282661284085800, 0.06250000000000001400 ) ) ;
#6956 = DIRECTION ( 'NONE',  ( 0.0000000000000000000, 0.0000000000000000000, 1.000000000000000000 ) ) ;
#6957 = ORIENTED_EDGE ( 'NONE', *, *, #9423, .F. ) ;
#6958 = LINE ( 'NONE', #10019, #2528 ) ;
#6959 = CARTESIAN_POINT ( 'NONE',  ( 0.3999999999999996900, -0.1400000000000000100, -0.1000000000000000100 ) ) ;
#6960 = SURFACE_STYLE_USAGE ( .BOTH. , #4320 ) ;
#6961 = CARTESIAN_POINT ( 'NONE',  ( 0.1625000000000000300, -0.1400000000000000100, 0.04375000000000003900 ) ) ;
#6962 = CARTESIAN_POINT ( 'NONE',  ( 0.2374999999999996600, 0.3128282661284084700, -0.03749999999999999900 ) ) ;
#6963 = DIRECTION ( 'NONE',  ( 0.0000000000000000000, -1.000000000000000000, 0.0000000000000000000 ) ) ;
#6964 = LINE ( 'NONE', #4427, #8188 ) ;
#6965 = CARTESIAN_POINT ( 'NONE',  ( 0.4374999999999997200, -0.01499999999999997700, -0.03749999999999999900 ) ) ;
#6966 = EDGE_CURVE ( 'NONE', #3493, #5201, #2254, .T. ) ;
#6967 = VECTOR ( 'NONE', #8127, 39.37007874015748100 ) ;
#6968 = AXIS2_PLACEMENT_3D ( 'NONE', #8755, #1603, #1643 ) ;
#6969 = MECHANICAL_DESIGN_GEOMETRIC_PRESENTATION_REPRESENTATION (  '', ( #2278 ), #1992 ) ;
#6970 = CARTESIAN_POINT ( 'NONE',  ( -0.5250000000000002400, 0.0000000000000000000, -0.1674999999999999800 ) ) ;
#6971 = VECTOR ( 'NONE', #61, 39.37007874015748100 ) ;
#6972 = EDGE_CURVE ( 'NONE', #3128, #7447, #8342, .T. ) ;
#6973 =( NAMED_UNIT ( * ) SI_UNIT ( $, .STERADIAN. ) SOLID_ANGLE_UNIT ( ) );
#6974 = ADVANCED_FACE ( 'NONE', ( #2800 ), #8762, .F. ) ;
#6975 = ORIENTED_EDGE ( 'NONE', *, *, #1358, .F. ) ;
#6976 = CARTESIAN_POINT ( 'NONE',  ( 0.0000000000000000000, -0.1400000000000000100, 0.0000000000000000000 ) ) ;
#6977 = ADVANCED_FACE ( 'NONE', ( #164 ), #10497, .F. ) ;
#6978 = CARTESIAN_POINT ( 'NONE',  ( 0.2625000000000000700, 0.0000000000000000000, 0.03749999999999999900 ) ) ;
#6979 = CARTESIAN_POINT ( 'NONE',  ( -0.03750000000000028300, 0.3128282661284084700, -0.03749999999999999900 ) ) ;
#6980 = EDGE_CURVE ( 'NONE', #1142, #2067, #6264, .T. ) ;
#6981 = ORIENTED_EDGE ( 'NONE', *, *, #4951, .T. ) ;
#6982 = PRESENTATION_LAYER_ASSIGNMENT (  '', '', ( #595 ) ) ;
#6983 = LINE ( 'NONE', #5737, #8635 ) ;
#6984 = DIRECTION ( 'NONE',  ( 0.0000000000000000000, -0.0000000000000000000, 1.000000000000000000 ) ) ;
#6985 = DIRECTION ( 'NONE',  ( 0.0000000000000000000, -1.000000000000000000, 0.0000000000000000000 ) ) ;
#6986 = DIRECTION ( 'NONE',  ( 0.0000000000000000000, 0.0000000000000000000, -1.000000000000000000 ) ) ;
#6987 = DIRECTION ( 'NONE',  ( -1.000000000000000000, 0.0000000000000000000, 0.0000000000000000000 ) ) ;
#6988 = VECTOR ( 'NONE', #5160, 39.37007874015748100 ) ;
#6989 = ORIENTED_EDGE ( 'NONE', *, *, #5422, .T. ) ;
#6990 = CARTESIAN_POINT ( 'NONE',  ( 0.2375000000000000700, -0.1228282661284084400, 0.06250000000000001400 ) ) ;
#6991 = LINE ( 'NONE', #2930, #9745 ) ;
#6992 = VECTOR ( 'NONE', #7270, 39.37007874015748100 ) ;
#6993 = CARTESIAN_POINT ( 'NONE',  ( -0.03750000000000028300, -0.1228282661284085800, -0.03749999999999999900 ) ) ;
#6994 = PLANE ( 'NONE',  #797 ) ;
#6995 = ORIENTED_EDGE ( 'NONE', *, *, #3003, .T. ) ;
#6996 = EDGE_CURVE ( 'NONE', #4008, #279, #1576, .T. ) ;
#6997 = PLANE ( 'NONE',  #8318 ) ;
#6998 = AXIS2_PLACEMENT_3D ( 'NONE', #3750, #6353, #2793 ) ;
#6999 = PLANE ( 'NONE',  #5879 ) ;
#7000 = CARTESIAN_POINT ( 'NONE',  ( -0.3437500000000003300, 0.3299999999999999600, -0.06250000000000001400 ) ) ;
#7001 = VECTOR ( 'NONE', #5429, 39.37007874015748100 ) ;
#7002 = VECTOR ( 'NONE', #4281, 39.37007874015748100 ) ;
#7003 = VECTOR ( 'NONE', #3528, 39.37007874015748100 ) ;
#7004 = VECTOR ( 'NONE', #8141, 39.37007874015748100 ) ;
#7005 = CARTESIAN_POINT ( 'NONE',  ( 0.2375000000000000700, 0.09999999999999992200, 0.06250000000000001400 ) ) ;
#7006 = CARTESIAN_POINT ( 'NONE',  ( 0.4625000000000001300, 0.09999999999999996400, 0.06250000000000001400 ) ) ;
#7007 = LINE ( 'NONE', #8728, #8792 ) ;
#7008 = VECTOR ( 'NONE', #516, 39.37007874015748100 ) ;
#7009 = PLANE ( 'NONE',  #9537 ) ;
#7010 = PRESENTATION_LAYER_ASSIGNMENT (  '', '', ( #10121 ) ) ;
#7011 = VECTOR ( 'NONE', #2902, 39.37007874015748100 ) ;
#7012 = ORIENTED_EDGE ( 'NONE', *, *, #5296, .T. ) ;
#7013 = DIRECTION ( 'NONE',  ( 0.0000000000000000000, -0.3420201433256698200, -0.9396926207859079800 ) ) ;
#7014 = CARTESIAN_POINT ( 'NONE',  ( 0.05624999999999971000, -0.1400000000000000100, -0.05624999999999997400 ) ) ;
#7015 = VECTOR ( 'NONE', #2142, 39.37007874015748100 ) ;
#7016 = FACE_OUTER_BOUND ( 'NONE', #9694, .T. ) ;
#7017 = LINE ( 'NONE', #533, #8248 ) ;
#7018 = DIRECTION ( 'NONE',  ( 0.3236155771181846200, 0.8891264907159883700, -0.3236155771181846200 ) ) ;
#7019 = ORIENTED_EDGE ( 'NONE', *, *, #834, .T. ) ;
#7020 = VECTOR ( 'NONE', #4595, 39.37007874015748100 ) ;
#7021 = ORIENTED_EDGE ( 'NONE', *, *, #5395, .F. ) ;
#7022 = DIRECTION ( 'NONE',  ( -0.0000000000000000000, 1.000000000000000000, 0.0000000000000000000 ) ) ;
#7023 = ORIENTED_EDGE ( 'NONE', *, *, #9099, .T. ) ;
#7024 = VERTEX_POINT ( 'NONE', #8023 ) ;
#7025 = ORIENTED_EDGE ( 'NONE', *, *, #3536, .T. ) ;
#7026 = DIRECTION ( 'NONE',  ( -1.000000000000000000, 0.0000000000000000000, -0.0000000000000000000 ) ) ;
#7027 = EDGE_CURVE ( 'NONE', #1632, #6205, #10549, .T. ) ;
#7028 = FACE_OUTER_BOUND ( 'NONE', #9044, .T. ) ;
#7029 = DIRECTION ( 'NONE',  ( -0.0000000000000000000, 0.0000000000000000000, 1.000000000000000000 ) ) ;
#7030 = AXIS2_PLACEMENT_3D ( 'NONE', #3963, #2042, #8379 ) ;
#7031 = CARTESIAN_POINT ( 'NONE',  ( -0.2374999999999999600, -0.1228282661284084400, 0.03749999999999999900 ) ) ;
#7032 = ADVANCED_FACE ( 'NONE', ( #6124 ), #9055, .T. ) ;
#7033 = VECTOR ( 'NONE', #5947, 39.37007874015748100 ) ;
#7034 = DIRECTION ( 'NONE',  ( 1.000000000000000000, 0.0000000000000000000, 0.0000000000000000000 ) ) ;
#7035 = ORIENTED_EDGE ( 'NONE', *, *, #4053, .T. ) ;
#7036 = CARTESIAN_POINT ( 'NONE',  ( 0.2374999999999996600, -0.1228282661284085800, -0.03749999999999999900 ) ) ;
#7037 = ORIENTED_EDGE ( 'NONE', *, *, #2993, .F. ) ;
#7038 = FACE_OUTER_BOUND ( 'NONE', #1836, .T. ) ;
#7039 = PLANE ( 'NONE',  #5511 ) ;
#7040 = ORIENTED_EDGE ( 'NONE', *, *, #3793, .F. ) ;
#7041 = ORIENTED_EDGE ( 'NONE', *, *, #4870, .T. ) ;
#7042 = CARTESIAN_POINT ( 'NONE',  ( 0.03749999999999973500, 0.3128282661284084700, -0.03749999999999999900 ) ) ;
#7043 = EDGE_CURVE ( 'NONE', #3192, #4109, #8191, .T. ) ;
#7044 = FACE_OUTER_BOUND ( 'NONE', #7785, .T. ) ;
#7045 = ADVANCED_FACE ( 'NONE', ( #3630 ), #5518, .T. ) ;
#7046 = VERTEX_POINT ( 'NONE', #3640 ) ;
#7047 = VERTEX_POINT ( 'NONE', #1906 ) ;
#7048 = EDGE_CURVE ( 'NONE', #173, #5833, #4325, .T. ) ;
#7049 = VERTEX_POINT ( 'NONE', #2019 ) ;
#7050 = ORIENTED_EDGE ( 'NONE', *, *, #9685, .T. ) ;
#7051 = ORIENTED_EDGE ( 'NONE', *, *, #11360, .T. ) ;
#7052 = PLANE ( 'NONE',  #5848 ) ;
#7053 = ORIENTED_EDGE ( 'NONE', *, *, #7328, .T. ) ;
#7054 = AXIS2_PLACEMENT_3D ( 'NONE', #5585, #6418, #6512 ) ;
#7055 = VECTOR ( 'NONE', #7231, 39.37007874015748100 ) ;
#7056 = CARTESIAN_POINT ( 'NONE',  ( 0.2374999999999996600, 0.3128282661284084700, -0.06250000000000001400 ) ) ;
#7057 = FACE_OUTER_BOUND ( 'NONE', #10003, .T. ) ;
#7058 = EDGE_CURVE ( 'NONE', #9391, #816, #722, .T. ) ;
#7059 = ORIENTED_EDGE ( 'NONE', *, *, #8075, .F. ) ;
#7060 = ORIENTED_EDGE ( 'NONE', *, *, #5028, .F. ) ;
#7061 = EDGE_LOOP ( 'NONE', ( #3668, #10065, #5187, #6073 ) ) ;
#7062 = ORIENTED_EDGE ( 'NONE', *, *, #6270, .F. ) ;
#7063 = EDGE_LOOP ( 'NONE', ( #3284, #7468, #87, #635 ) ) ;
#7064 = LINE ( 'NONE', #1903, #4960 ) ;
#7065 = DIRECTION ( 'NONE',  ( -0.0000000000000000000, 0.0000000000000000000, 1.000000000000000000 ) ) ;
#7066 = CARTESIAN_POINT ( 'NONE',  ( 0.04374999999999977500, 0.3299999999999999600, -0.03749999999999999900 ) ) ;
#7067 = ORIENTED_EDGE ( 'NONE', *, *, #9573, .F. ) ;
#7068 = EDGE_CURVE ( 'NONE', #5120, #6472, #5841, .T. ) ;
#7069 = PRESENTATION_STYLE_ASSIGNMENT (( #5586 ) ) ;
#7070 = CARTESIAN_POINT ( 'NONE',  ( 0.2624999999999996800, -0.1228282661284084400, -0.06250000000000001400 ) ) ;
#7071 = VERTEX_POINT ( 'NONE', #2862 ) ;
#7072 = DIRECTION ( 'NONE',  ( 1.000000000000000000, 0.0000000000000000000, 0.0000000000000000000 ) ) ;
#7073 = ORIENTED_EDGE ( 'NONE', *, *, #9453, .T. ) ;
#7074 = ORIENTED_EDGE ( 'NONE', *, *, #9858, .F. ) ;
#7075 = DIRECTION ( 'NONE',  ( 0.3236155771181846200, 0.8891264907159883700, -0.3236155771181846200 ) ) ;
#7076 = ORIENTED_EDGE ( 'NONE', *, *, #442, .F. ) ;
#7077 = LINE ( 'NONE', #11416, #8733 ) ;
#7078 = EDGE_CURVE ( 'NONE', #6269, #5325, #1286, .T. ) ;
#7079 = CARTESIAN_POINT ( 'NONE',  ( 0.1374999999999997100, -0.01499999999999997700, -0.03749999999999999900 ) ) ;
#7080 = LINE ( 'NONE', #11349, #4308 ) ;
#7081 = DIRECTION ( 'NONE',  ( 1.000000000000000000, 0.0000000000000000000, 0.0000000000000000000 ) ) ;
#7082 = ORIENTED_EDGE ( 'NONE', *, *, #3037, .T. ) ;
#7083 = ORIENTED_EDGE ( 'NONE', *, *, #4147, .T. ) ;
#7084 = VERTEX_POINT ( 'NONE', #7242 ) ;
#7085 = VECTOR ( 'NONE', #4496, 39.37007874015748100 ) ;
#7086 = ORIENTED_EDGE ( 'NONE', *, *, #5964, .T. ) ;
#7087 = VECTOR ( 'NONE', #354, 39.37007874015748100 ) ;
#7088 = DIRECTION ( 'NONE',  ( -0.0000000000000000000, 0.3420201433256686000, 0.9396926207859085400 ) ) ;
#7089 = CARTESIAN_POINT ( 'NONE',  ( 0.4375000000000001100, -0.1228282661284085800, 0.06250000000000001400 ) ) ;
#7090 = VECTOR ( 'NONE', #2975, 39.37007874015748100 ) ;
#7091 = ADVANCED_FACE ( 'NONE', ( #3082 ), #69, .F. ) ;
#7092 = EDGE_CURVE ( 'NONE', #9785, #3723, #997, .T. ) ;
#7093 = DIRECTION ( 'NONE',  ( 0.0000000000000000000, 0.0000000000000000000, -1.000000000000000000 ) ) ;
#7094 = VECTOR ( 'NONE', #5321, 39.37007874015748100 ) ;
#7095 = PLANE ( 'NONE',  #10174 ) ;
#7096 = FACE_OUTER_BOUND ( 'NONE', #5919, .T. ) ;
#7097 = EDGE_CURVE ( 'NONE', #10179, #7379, #7516, .T. ) ;
#7098 = CARTESIAN_POINT ( 'NONE',  ( -0.1624999999999999800, -0.01499999999999997700, 0.03749999999999999900 ) ) ;
#7099 = ADVANCED_FACE ( 'NONE', ( #1131 ), #6355, .T. ) ;
#7100 = CARTESIAN_POINT ( 'NONE',  ( 0.5249999999999998000, 0.09999999999999996400, 0.1324999999999999500 ) ) ;
#7101 = CARTESIAN_POINT ( 'NONE',  ( 0.0000000000000000000, 0.09999999999999996400, -0.03749999999999999900 ) ) ;
#7102 = ORIENTED_EDGE ( 'NONE', *, *, #1524, .F. ) ;
#7103 = PLANE ( 'NONE',  #3316 ) ;
#7104 = ORIENTED_EDGE ( 'NONE', *, *, #5893, .T. ) ;
#7105 = CARTESIAN_POINT ( 'NONE',  ( -0.1000000000000000100, 0.04999999999999998200, 0.1324999999999999800 ) ) ;
#7106 = DIRECTION ( 'NONE',  ( 0.0000000000000000000, 0.0000000000000000000, -1.000000000000000000 ) ) ;
#7107 = CARTESIAN_POINT ( 'NONE',  ( -0.2625000000000002900, -4.268512490100411300E-018, -0.06250000000000001400 ) ) ;
#7108 = DIRECTION ( 'NONE',  ( 0.3236155771181846200, 0.8891264907159883700, -0.3236155771181846200 ) ) ;
#7109 = DIRECTION ( 'NONE',  ( 0.0000000000000000000, 0.0000000000000000000, -1.000000000000000000 ) ) ;
#7110 = CARTESIAN_POINT ( 'NONE',  ( 0.03749999999999973500, 0.09999999999999992200, -0.06250000000000001400 ) ) ;
#7111 = VECTOR ( 'NONE', #7623, 39.37007874015748100 ) ;
#7112 = EDGE_CURVE ( 'NONE', #9444, #4608, #437, .T. ) ;
#7113 = PRESENTATION_LAYER_ASSIGNMENT (  '', '', ( #3757 ) ) ;
#7114 = VERTEX_POINT ( 'NONE', #9943 ) ;
#7115 = LINE ( 'NONE', #2726, #10563 ) ;
#7116 = VERTEX_POINT ( 'NONE', #7324 ) ;
#7117 = EDGE_LOOP ( 'NONE', ( #8946, #8560, #8675, #10780 ) ) ;
#7118 = EDGE_CURVE ( 'NONE', #376, #7578, #9860, .T. ) ;
#7119 = CARTESIAN_POINT ( 'NONE',  ( -0.05000000000000025300, 0.3499999999999999800, -0.1825000000000000000 ) ) ;
#7120 = VECTOR ( 'NONE', #716, 39.37007874015748100 ) ;
#7121 = MANIFOLD_SOLID_BREP ( 'Pin[9]', #2479 ) ;
#7122 = EDGE_CURVE ( 'NONE', #5210, #2598, #10800, .T. ) ;
#7123 = AXIS2_PLACEMENT_3D ( 'NONE', #364, #4917, #474 ) ;
#7124 = COLOUR_RGB ( '',0.2509803921568627400, 0.2509803921568627400, 0.2509803921568627400 ) ;
#7125 = DIRECTION ( 'NONE',  ( 0.9396926207859085400, 0.3420201433256686000, 0.0000000000000000000 ) ) ;
#7126 = LINE ( 'NONE', #8916, #9200 ) ;
#7127 = VECTOR ( 'NONE', #9730, 39.37007874015748100 ) ;
#7128 = VECTOR ( 'NONE', #6436, 39.37007874015748100 ) ;
#7129 = DIRECTION ( 'NONE',  ( 0.0000000000000000000, 0.0000000000000000000, -1.000000000000000000 ) ) ;
#7130 = DIRECTION ( 'NONE',  ( 0.0000000000000000000, 0.0000000000000000000, -1.000000000000000000 ) ) ;
#7131 = CARTESIAN_POINT ( 'NONE',  ( -0.5150000000000004600, 0.0000000000000000000, 0.09999999999999809000 ) ) ;
#7132 = CARTESIAN_POINT ( 'NONE',  ( 0.03749999999999973500, -4.268512490100411300E-018, -0.03749999999999999900 ) ) ;
#7133 = FACE_OUTER_BOUND ( 'NONE', #10927, .T. ) ;
#7134 = FACE_OUTER_BOUND ( 'NONE', #11489, .T. ) ;
#7135 = DIRECTION ( 'NONE',  ( 0.3236155771181856200, 0.8891264907159877100, 0.3236155771181856200 ) ) ;
#7136 = CARTESIAN_POINT ( 'NONE',  ( 0.03750000000000007500, 0.3128282661284084700, 0.06250000000000001400 ) ) ;
#7137 = PLANE ( 'NONE',  #8513 ) ;
#7139 = ADVANCED_FACE ( 'NONE', ( #9029 ), #3069, .T. ) ;
#7138 = VECTOR ( 'NONE', #2987, 39.37007874015748100 ) ;
#7140 = VECTOR ( 'NONE', #1146, 39.37007874015748100 ) ;
#7141 = DIRECTION ( 'NONE',  ( -1.000000000000000000, 0.0000000000000000000, -0.0000000000000000000 ) ) ;
#7142 = AXIS2_PLACEMENT_3D ( 'NONE', #8596, #8554, #9522 ) ;
#7143 = DIRECTION ( 'NONE',  ( 0.0000000000000000000, -0.0000000000000000000, 1.000000000000000000 ) ) ;
#7144 = DIRECTION ( 'NONE',  ( 0.0000000000000000000, -1.000000000000000000, 0.0000000000000000000 ) ) ;
#7145 = LINE ( 'NONE', #7534, #9216 ) ;
#7146 = SURFACE_STYLE_USAGE ( .BOTH. , #101 ) ;
#7147 = ADVANCED_FACE ( 'NONE', ( #4318 ), #2107, .T. ) ;
#7148 = ORIENTED_EDGE ( 'NONE', *, *, #7923, .T. ) ;
#7149 = EDGE_CURVE ( 'NONE', #6111, #7844, #991, .T. ) ;
#7150 = ORIENTED_EDGE ( 'NONE', *, *, #11301, .T. ) ;
#7151 = ORIENTED_EDGE ( 'NONE', *, *, #3632, .F. ) ;
#7152 = VERTEX_POINT ( 'NONE', #4742 ) ;
#7153 = CARTESIAN_POINT ( 'NONE',  ( -0.2624999999999999600, -0.01499999999999997700, 0.06250000000000001400 ) ) ;
#7154 = DIRECTION ( 'NONE',  ( -1.000000000000000000, 0.0000000000000000000, -0.0000000000000000000 ) ) ;
#7155 = VECTOR ( 'NONE', #8763, 39.37007874015748100 ) ;
#7156 = AXIS2_PLACEMENT_3D ( 'NONE', #6788, #6704, #2257 ) ;
#7157 = LINE ( 'NONE', #1416, #8111 ) ;
#7158 = EDGE_CURVE ( 'NONE', #8704, #8187, #1839, .T. ) ;
#7159 = SURFACE_STYLE_FILL_AREA ( #6727 ) ;
#7160 = EDGE_LOOP ( 'NONE', ( #10063, #8074, #1261, #3205 ) ) ;
#7161 = LINE ( 'NONE', #2141, #10875 ) ;
#7162 = ORIENTED_EDGE ( 'NONE', *, *, #222, .T. ) ;
#7163 = EDGE_LOOP ( 'NONE', ( #1066, #3271, #11168, #1764 ) ) ;
#7164 = CARTESIAN_POINT ( 'NONE',  ( 0.5749999999999996200, -2.388061258337336500E-017, 0.06499999999999991900 ) ) ;
#7165 = VERTEX_POINT ( 'NONE', #3912 ) ;
#7166 = LINE ( 'NONE', #10228, #4792 ) ;
#7167 = DIRECTION ( 'NONE',  ( 1.000000000000000000, 0.0000000000000000000, 0.0000000000000000000 ) ) ;
#7168 = DIMENSIONAL_EXPONENTS ( 1.000000000000000000, 0.0000000000000000000, 0.0000000000000000000, 0.0000000000000000000, 0.0000000000000000000, 0.0000000000000000000, 0.0000000000000000000 ) ;
#7169 = CARTESIAN_POINT ( 'NONE',  ( 0.3624999999999997100, 0.3128282661284084700, -0.06250000000000001400 ) ) ;
#7170 = CARTESIAN_POINT ( 'NONE',  ( -0.1624999999999999800, -0.1228282661284085800, 0.03749999999999999900 ) ) ;
#7171 = ORIENTED_EDGE ( 'NONE', *, *, #10962, .T. ) ;
#7172 = ORIENTED_EDGE ( 'NONE', *, *, #3024, .T. ) ;
#7173 = ORIENTED_EDGE ( 'NONE', *, *, #9166, .T. ) ;
#7174 = VERTEX_POINT ( 'NONE', #8288 ) ;
#7175 = ORIENTED_EDGE ( 'NONE', *, *, #1968, .T. ) ;
#7176 = DIRECTION ( 'NONE',  ( -1.000000000000000000, -0.0000000000000000000, -0.0000000000000000000 ) ) ;
#7177 = ORIENTED_EDGE ( 'NONE', *, *, #1482, .F. ) ;
#7178 = EDGE_CURVE ( 'NONE', #6498, #2057, #6958, .T. ) ;
#7179 = CARTESIAN_POINT ( 'NONE',  ( 0.3374999999999996900, -0.01499999999999997700, -0.03749999999999999900 ) ) ;
#7180 = DIRECTION ( 'NONE',  ( 0.0000000000000000000, -0.3420201433256698200, -0.9396926207859079800 ) ) ;
#7181 = LINE ( 'NONE', #323, #4805 ) ;
#7182 = CARTESIAN_POINT ( 'NONE',  ( 0.4374999999999997200, -4.268512490100411300E-018, -0.06250000000000001400 ) ) ;
#7183 = EDGE_LOOP ( 'NONE', ( #9568, #8692, #5249, #10911 ) ) ;
#7184 = CARTESIAN_POINT ( 'NONE',  ( -0.1374999999999999600, -0.01499999999999997700, 0.06250000000000001400 ) ) ;
#7185 = CARTESIAN_POINT ( 'NONE',  ( -0.3437500000000000000, 0.3299999999999999600, 0.03749999999999999900 ) ) ;
#7186 = VERTEX_POINT ( 'NONE', #7439 ) ;
#7187 = EDGE_CURVE ( 'NONE', #2190, #10232, #5391, .T. ) ;
#7188 = ORIENTED_EDGE ( 'NONE', *, *, #2504, .F. ) ;
#7189 = VERTEX_POINT ( 'NONE', #8358 ) ;
#7190 = VECTOR ( 'NONE', #10551, 39.37007874015748100 ) ;
#7191 = ORIENTED_EDGE ( 'NONE', *, *, #3840, .F. ) ;
#7192 = VECTOR ( 'NONE', #4188, 39.37007874015748100 ) ;
#7193 = EDGE_CURVE ( 'NONE', #3351, #377, #4990, .T. ) ;
#7194 = DIRECTION ( 'NONE',  ( 0.3236155771181846200, -0.8891264907159883700, -0.3236155771181846200 ) ) ;
#7195 = CARTESIAN_POINT ( 'NONE',  ( -0.4624999999999999700, -0.1228282661284084400, 0.03749999999999999900 ) ) ;
#7196 = CARTESIAN_POINT ( 'NONE',  ( 0.1624999999999997000, -0.1400000000000000100, -0.05624999999999997400 ) ) ;
#7197 = VERTEX_POINT ( 'NONE', #5589 ) ;
#7198 = VERTEX_POINT ( 'NONE', #1322 ) ;
#7199 = ORIENTED_EDGE ( 'NONE', *, *, #62, .F. ) ;
#7200 = LINE ( 'NONE', #1196, #2503 ) ;
#7201 = ADVANCED_FACE ( 'NONE', ( #155 ), #382, .F. ) ;
#7202 = DIRECTION ( 'NONE',  ( -0.0000000000000000000, 0.3420201433256686000, 0.9396926207859085400 ) ) ;
#7203 = DIRECTION ( 'NONE',  ( 1.000000000000000000, 0.0000000000000000000, 0.0000000000000000000 ) ) ;
#7204 = LINE ( 'NONE', #8394, #134 ) ;
#7205 = EDGE_CURVE ( 'NONE', #6782, #11340, #8616, .T. ) ;
#7206 = DIRECTION ( 'NONE',  ( 0.0000000000000000000, -0.0000000000000000000, -1.000000000000000000 ) ) ;
#7207 = CARTESIAN_POINT ( 'NONE',  ( 0.4375000000000001100, 0.3299999999999999600, 0.03749999999999999900 ) ) ;
#7208 = VERTEX_POINT ( 'NONE', #6588 ) ;
#7209 = DIRECTION ( 'NONE',  ( 0.0000000000000000000, 0.0000000000000000000, 1.000000000000000000 ) ) ;
#7210 = ORIENTED_EDGE ( 'NONE', *, *, #9659, .T. ) ;
#7211 = ADVANCED_FACE ( 'NONE', ( #3626 ), #7361, .F. ) ;
#7212 = CARTESIAN_POINT ( 'NONE',  ( 0.2598818239561616600, -0.1300216456890116200, 0.04011817604383840400 ) ) ;
#7213 = VECTOR ( 'NONE', #5886, 39.37007874015748100 ) ;
#7214 = EDGE_CURVE ( 'NONE', #5201, #3977, #1967, .T. ) ;
#7215 = CARTESIAN_POINT ( 'NONE',  ( -0.03749999999999994300, -0.01499999999999997700, 0.03749999999999999900 ) ) ;
#7216 = DIRECTION ( 'NONE',  ( 0.0000000000000000000, 0.0000000000000000000, -1.000000000000000000 ) ) ;
#7217 = AXIS2_PLACEMENT_3D ( 'NONE', #2175, #11055, #6675 ) ;
#7218 = FACE_OUTER_BOUND ( 'NONE', #8821, .T. ) ;
#7219 = CARTESIAN_POINT ( 'NONE',  ( 0.0000000000000000000, 0.09999999999999996400, 0.06250000000000001400 ) ) ;
#7220 = ORIENTED_EDGE ( 'NONE', *, *, #2968, .F. ) ;
#7221 = ORIENTED_EDGE ( 'NONE', *, *, #1567, .F. ) ;
#7222 = CARTESIAN_POINT ( 'NONE',  ( -0.1375000000000003200, -0.1400000000000000100, -0.05624999999999997400 ) ) ;
#7223 = VECTOR ( 'NONE', #3761, 39.37007874015748100 ) ;
#7224 = DIRECTION ( 'NONE',  ( 1.000000000000000000, 0.0000000000000000000, 0.0000000000000000000 ) ) ;
#7225 = DIRECTION ( 'NONE',  ( 0.0000000000000000000, 0.0000000000000000000, -1.000000000000000000 ) ) ;
#7226 = ORIENTED_EDGE ( 'NONE', *, *, #3268, .T. ) ;
#7227 = FACE_OUTER_BOUND ( 'NONE', #7443, .T. ) ;
#7228 = DIMENSIONAL_EXPONENTS ( 1.000000000000000000, 0.0000000000000000000, 0.0000000000000000000, 0.0000000000000000000, 0.0000000000000000000, 0.0000000000000000000, 0.0000000000000000000 ) ;
#7229 = EDGE_LOOP ( 'NONE', ( #10604, #3204, #3956, #11001 ) ) ;
#7230 = LINE ( 'NONE', #3498, #7364 ) ;
#7231 = DIRECTION ( 'NONE',  ( -1.000000000000000000, -0.0000000000000000000, -0.0000000000000000000 ) ) ;
#7232 = VECTOR ( 'NONE', #6198, 39.37007874015748100 ) ;
#7233 = DIRECTION ( 'NONE',  ( 0.0000000000000000000, 0.0000000000000000000, 1.000000000000000000 ) ) ;
#7234 = VECTOR ( 'NONE', #10843, 39.37007874015748100 ) ;
#7235 = DIRECTION ( 'NONE',  ( 0.0000000000000000000, -1.000000000000000000, 0.0000000000000000000 ) ) ;
#7236 = ORIENTED_EDGE ( 'NONE', *, *, #11172, .F. ) ;
#7237 = EDGE_CURVE ( 'NONE', #822, #6795, #4185, .T. ) ;
#7238 = PLANE ( 'NONE',  #1006 ) ;
#7239 = DIRECTION ( 'NONE',  ( 1.000000000000000000, 0.0000000000000000000, 0.0000000000000000000 ) ) ;
#7240 = STYLED_ITEM ( 'NONE', ( #1452 ), #3151 ) ;
#7241 = PLANE ( 'NONE',  #7948 ) ;
#7242 = CARTESIAN_POINT ( 'NONE',  ( -0.2437500000000003300, 0.3299999999999999600, -0.04375000000000003900 ) ) ;
#7243 = PLANE ( 'NONE',  #2118 ) ;
#7244 = ORIENTED_EDGE ( 'NONE', *, *, #7787, .F. ) ;
#7245 = VERTEX_POINT ( 'NONE', #5641 ) ;
#7246 = VECTOR ( 'NONE', #9396, 39.37007874015748100 ) ;
#7247 = EDGE_CURVE ( 'NONE', #1308, #6277, #8335, .T. ) ;
#7248 = DIRECTION ( 'NONE',  ( 0.0000000000000000000, -0.0000000000000000000, 1.000000000000000000 ) ) ;
#7249 = ADVANCED_FACE ( 'NONE', ( #7096 ), #8445, .T. ) ;
#7250 = DIRECTION ( 'NONE',  ( -0.0000000000000000000, 1.000000000000000000, 0.0000000000000000000 ) ) ;
#7251 = CARTESIAN_POINT ( 'NONE',  ( 0.2598818239561616600, 0.3200216456890114800, 0.05988182395616160900 ) ) ;
#7252 = VECTOR ( 'NONE', #11258, 39.37007874015748100 ) ;
#7253 = ORIENTED_EDGE ( 'NONE', *, *, #11205, .F. ) ;
#7254 = EDGE_CURVE ( 'NONE', #7084, #5256, #2399, .T. ) ;
#7255 = ORIENTED_EDGE ( 'NONE', *, *, #3853, .T. ) ;
#7256 = AXIS2_PLACEMENT_3D ( 'NONE', #5974, #3375, #10495 ) ;
#7257 = LINE ( 'NONE', #10543, #10028 ) ;
#7258 = LINE ( 'NONE', #7337, #6150 ) ;
#7259 = UNCERTAINTY_MEASURE_WITH_UNIT (LENGTH_MEASURE( 1.000000000000000100E-005 ), #1573, 'distance_accuracy_value', 'NONE');
#7260 = ADVANCED_FACE ( 'NONE', ( #9308 ), #9338, .F. ) ;
#7261 = ORIENTED_EDGE ( 'NONE', *, *, #4467, .F. ) ;
#7262 = EDGE_CURVE ( 'NONE', #8187, #8850, #11372, .T. ) ;
#7263 = CARTESIAN_POINT ( 'NONE',  ( -0.2625000000000002900, 0.3128282661284084700, -0.06250000000000001400 ) ) ;
#7264 = VECTOR ( 'NONE', #5475, 39.37007874015748100 ) ;
#7265 = DIRECTION ( 'NONE',  ( 0.0000000000000000000, 0.0000000000000000000, 1.000000000000000000 ) ) ;
#7266 = LINE ( 'NONE', #10190, #6431 ) ;
#7267 = VECTOR ( 'NONE', #1739, 39.37007874015748100 ) ;
#7268 = CARTESIAN_POINT ( 'NONE',  ( 0.5249999999999996900, 0.0000000000000000000, -0.1825000000000000000 ) ) ;
#7269 = EDGE_CURVE ( 'NONE', #5833, #6765, #6822, .T. ) ;
#7270 = DIRECTION ( 'NONE',  ( -5.691349986800549600E-017, -1.000000000000000000, 0.0000000000000000000 ) ) ;
#7271 = LINE ( 'NONE', #8091, #9894 ) ;
#7272 = DIRECTION ( 'NONE',  ( 0.3236155771181856200, 0.8891264907159877100, 0.3236155771181856200 ) ) ;
#7273 = FACE_OUTER_BOUND ( 'NONE', #6049, .T. ) ;
#7274 = PLANE ( 'NONE',  #2082 ) ;
#7275 = DIMENSIONAL_EXPONENTS ( 1.000000000000000000, 0.0000000000000000000, 0.0000000000000000000, 0.0000000000000000000, 0.0000000000000000000, 0.0000000000000000000, 0.0000000000000000000 ) ;
#7276 = DIRECTION ( 'NONE',  ( 1.000000000000000000, 0.0000000000000000000, 0.0000000000000000000 ) ) ;
#7277 = SURFACE_STYLE_FILL_AREA ( #10845 ) ;
#7278 = DIRECTION ( 'NONE',  ( -1.000000000000000000, 0.0000000000000000000, 0.0000000000000000000 ) ) ;
#7279 = VERTEX_POINT ( 'NONE', #4324 ) ;
#7280 = CARTESIAN_POINT ( 'NONE',  ( 0.1374999999999997100, -0.1228282661284085800, -0.03749999999999999900 ) ) ;
#7281 = EDGE_CURVE ( 'NONE', #8425, #3442, #4450, .T. ) ;
#7282 = CARTESIAN_POINT ( 'NONE',  ( -0.2562499999999999200, -0.1400000000000000100, 0.05624999999999997400 ) ) ;
#7283 = ORIENTED_EDGE ( 'NONE', *, *, #734, .F. ) ;
#7284 = PLANE ( 'NONE',  #2711 ) ;
#7285 = CARTESIAN_POINT ( 'NONE',  ( 0.4625000000000001300, -0.1228282661284085800, 0.06250000000000001400 ) ) ;
#7286 = VECTOR ( 'NONE', #3083, 39.37007874015748100 ) ;
#7287 = FILL_AREA_STYLE_COLOUR ( '', #2709 ) ;
#7288 = VECTOR ( 'NONE', #2285, 39.37007874015748100 ) ;
#7289 = VERTEX_POINT ( 'NONE', #7110 ) ;
#7290 = CARTESIAN_POINT ( 'NONE',  ( 0.4624999999999996900, 0.3299999999999999600, -0.03749999999999999900 ) ) ;
#7291 = ORIENTED_EDGE ( 'NONE', *, *, #6613, .F. ) ;
#7292 = ORIENTED_EDGE ( 'NONE', *, *, #7281, .T. ) ;
#7293 = CARTESIAN_POINT ( 'NONE',  ( -0.1598818239561615500, 0.3200216456890114800, 0.04011817604383839700 ) ) ;
#7294 = EDGE_LOOP ( 'NONE', ( #3006, #11293, #9295, #7074 ) ) ;
#7295 = VERTEX_POINT ( 'NONE', #2581 ) ;
#7296 = VECTOR ( 'NONE', #4122, 39.37007874015748100 ) ;
#7297 = LINE ( 'NONE', #1088, #9902 ) ;
#7298 = EDGE_CURVE ( 'NONE', #7888, #3299, #11084, .T. ) ;
#7299 = DIRECTION ( 'NONE',  ( -0.0000000000000000000, 0.0000000000000000000, 1.000000000000000000 ) ) ;
#7300 = ORIENTED_EDGE ( 'NONE', *, *, #4876, .T. ) ;
#7301 = CLOSED_SHELL ( 'NONE', ( #9348, #3608, #2954, #54, #10781, #10671, #4298, #4126, #9967, #3894, #5993, #4790, #9870, #4249 ) ) ;
#7302 = LINE ( 'NONE', #8660, #3827 ) ;
#7303 = ORIENTED_EDGE ( 'NONE', *, *, #5343, .T. ) ;
#7304 = EDGE_LOOP ( 'NONE', ( #7816, #2735, #2893, #5866 ) ) ;
#7305 = CARTESIAN_POINT ( 'NONE',  ( -0.4437500000000000300, 0.3299999999999999600, 0.04375000000000003900 ) ) ;
#7306 = CARTESIAN_POINT ( 'NONE',  ( 0.1562500000000000000, 0.3299999999999999600, 0.04375000000000003900 ) ) ;
#7307 = AXIS2_PLACEMENT_3D ( 'NONE', #8115, #4556, #9831 ) ;
#7308 = ADVANCED_FACE ( 'NONE', ( #8746 ), #1852, .T. ) ;
#7309 = EDGE_CURVE ( 'NONE', #6217, #4417, #6387, .T. ) ;
#7310 = LINE ( 'NONE', #10579, #2050 ) ;
#7311 =( NAMED_UNIT ( * ) PLANE_ANGLE_UNIT ( ) SI_UNIT ( $, .RADIAN. ) );
#7312 = DIRECTION ( 'NONE',  ( 0.0000000000000000000, 0.0000000000000000000, 1.000000000000000000 ) ) ;
#7313 = ORIENTED_EDGE ( 'NONE', *, *, #9188, .F. ) ;
#7314 = ORIENTED_EDGE ( 'NONE', *, *, #9713, .T. ) ;
#7315 = VERTEX_POINT ( 'NONE', #3502 ) ;
#7316 = VERTEX_POINT ( 'NONE', #4432 ) ;
#7317 = ORIENTED_EDGE ( 'NONE', *, *, #8864, .T. ) ;
#7318 = VECTOR ( 'NONE', #8927, 39.37007874015748100 ) ;
#7319 = CARTESIAN_POINT ( 'NONE',  ( 0.5249999999999998000, 0.09999999999999996400, 0.1324999999999999500 ) ) ;
#7320 = AXIS2_PLACEMENT_3D ( 'NONE', #5073, #11318, #8622 ) ;
#7321 = ADVANCED_FACE ( 'NONE', ( #6542 ), #10548, .F. ) ;
#7322 = DIRECTION ( 'NONE',  ( 0.0000000000000000000, 0.0000000000000000000, 1.000000000000000000 ) ) ;
#7323 = VECTOR ( 'NONE', #10766, 39.37007874015748100 ) ;
#7324 = CARTESIAN_POINT ( 'NONE',  ( -0.3437500000000003300, -0.1400000000000000100, -0.05624999999999997400 ) ) ;
#7325 = CARTESIAN_POINT ( 'NONE',  ( -0.2374999999999999600, 0.3128282661284084700, 0.06250000000000001400 ) ) ;
#7326 = CARTESIAN_POINT ( 'NONE',  ( -0.03750000000000028300, -0.01499999999999997700, -0.06250000000000001400 ) ) ;
#7327 = CARTESIAN_POINT ( 'NONE',  ( 0.5749999999999996200, -2.388061258337336500E-017, 0.06499999999999991900 ) ) ;
#7328 = EDGE_CURVE ( 'NONE', #9221, #2047, #8893, .T. ) ;
#7329 = ORIENTED_EDGE ( 'NONE', *, *, #10641, .F. ) ;
#7330 = CARTESIAN_POINT ( 'NONE',  ( 0.1562500000000000000, -0.1400000000000000100, 0.06250000000000001400 ) ) ;
#7331 = VERTEX_POINT ( 'NONE', #1781 ) ;
#7332 = ORIENTED_EDGE ( 'NONE', *, *, #9777, .F. ) ;
#7333 = ORIENTED_EDGE ( 'NONE', *, *, #9277, .F. ) ;
#7334 = AXIS2_PLACEMENT_3D ( 'NONE', #169, #3685, #7225 ) ;
#7335 = VECTOR ( 'NONE', #1318, 39.37007874015748100 ) ;
#7336 = ORIENTED_EDGE ( 'NONE', *, *, #5150, .T. ) ;
#7337 = CARTESIAN_POINT ( 'NONE',  ( -0.5249999999999995800, -2.388061258337336500E-017, 0.06499999999999991900 ) ) ;
#7338 = CARTESIAN_POINT ( 'NONE',  ( 0.3624999999999997100, 0.3128282661284084700, -0.03749999999999999900 ) ) ;
#7339 = EDGE_CURVE ( 'NONE', #9913, #2602, #5688, .T. ) ;
#7340 = ORIENTED_EDGE ( 'NONE', *, *, #8220, .T. ) ;
#7341 = VERTEX_POINT ( 'NONE', #5329 ) ;
#7342 = ORIENTED_EDGE ( 'NONE', *, *, #2707, .F. ) ;
#7343 = VECTOR ( 'NONE', #2605, 39.37007874015748100 ) ;
#7344 = CARTESIAN_POINT ( 'NONE',  ( 0.06250000000000008300, -0.1228282661284084400, 0.06250000000000001400 ) ) ;
#7345 = EDGE_CURVE ( 'NONE', #9303, #5912, #6259, .T. ) ;
#7346 = VECTOR ( 'NONE', #886, 39.37007874015748100 ) ;
#7347 = PRESENTATION_LAYER_ASSIGNMENT (  '', '', ( #5936 ) ) ;
#7348 = DIRECTION ( 'NONE',  ( 0.0000000000000000000, 0.0000000000000000000, 1.000000000000000000 ) ) ;
#7349 = CARTESIAN_POINT ( 'NONE',  ( -0.4562500000000002700, -0.1400000000000000100, -0.04375000000000003900 ) ) ;
#7350 = ORIENTED_EDGE ( 'NONE', *, *, #7043, .F. ) ;
#7351 = ORIENTED_EDGE ( 'NONE', *, *, #3176, .T. ) ;
#7352 = DIRECTION ( 'NONE',  ( -0.0000000000000000000, 0.0000000000000000000, 1.000000000000000000 ) ) ;
#7353 = EDGE_LOOP ( 'NONE', ( #6910, #790, #5851, #1272 ) ) ;
#7354 = FACE_OUTER_BOUND ( 'NONE', #3419, .T. ) ;
#7355 = ORIENTED_EDGE ( 'NONE', *, *, #10790, .F. ) ;
#7356 = CARTESIAN_POINT ( 'NONE',  ( 0.1375000000000000400, 0.3128282661284084700, 0.03749999999999999900 ) ) ;
#7357 = VECTOR ( 'NONE', #9621, 39.37007874015748100 ) ;
#7358 = FACE_OUTER_BOUND ( 'NONE', #3845, .T. ) ;
#7359 = CARTESIAN_POINT ( 'NONE',  ( -0.3562499999999999000, -0.1400000000000000100, 0.05624999999999997400 ) ) ;
#7360 = DIRECTION ( 'NONE',  ( 1.000000000000000000, 0.0000000000000000000, 0.0000000000000000000 ) ) ;
#7361 = PLANE ( 'NONE',  #4316 ) ;
#7362 = ORIENTED_EDGE ( 'NONE', *, *, #10744, .T. ) ;
#7363 =( CONVERSION_BASED_UNIT ( 'INCH', #9656 ) LENGTH_UNIT ( ) NAMED_UNIT ( #4592 ) );
#7364 = VECTOR ( 'NONE', #861, 39.37007874015748100 ) ;
#7365 = CARTESIAN_POINT ( 'NONE',  ( -0.1437500000000003500, 0.3299999999999999600, -0.04375000000000003900 ) ) ;
#7366 = PLANE ( 'NONE',  #576 ) ;
#7367 = ADVANCED_FACE ( 'NONE', ( #2248 ), #838, .T. ) ;
#7368 = DIRECTION ( 'NONE',  ( 1.000000000000000000, 0.0000000000000000000, 0.0000000000000000000 ) ) ;
#7369 = EDGE_CURVE ( 'NONE', #7114, #8425, #7786, .T. ) ;
#7370 = DIRECTION ( 'NONE',  ( -0.0000000000000000000, 1.000000000000000000, -0.0000000000000000000 ) ) ;
#7371 = FACE_OUTER_BOUND ( 'NONE', #10617, .T. ) ;
#7372 = PLANE ( 'NONE',  #1580 ) ;
#7373 = VERTEX_POINT ( 'NONE', #10580 ) ;
#7374 = VERTEX_POINT ( 'NONE', #2689 ) ;
#7375 = DIRECTION ( 'NONE',  ( 1.000000000000000000, 0.0000000000000000000, 0.0000000000000000000 ) ) ;
#7376 = AXIS2_PLACEMENT_3D ( 'NONE', #5941, #4909, #11114 ) ;
#7377 = ADVANCED_FACE ( 'NONE', ( #7227 ), #946, .F. ) ;
#7378 = DIRECTION ( 'NONE',  ( 0.0000000000000000000, -0.0000000000000000000, -1.000000000000000000 ) ) ;
#7379 = VERTEX_POINT ( 'NONE', #899 ) ;
#7380 = ORIENTED_EDGE ( 'NONE', *, *, #8476, .F. ) ;
#7381 = DIRECTION ( 'NONE',  ( 0.0000000000000000000, -1.000000000000000000, 0.0000000000000000000 ) ) ;
#7382 = CARTESIAN_POINT ( 'NONE',  ( -0.06249999999999995100, 0.3299999999999999600, 0.03749999999999999900 ) ) ;
#7383 = LINE ( 'NONE', #10961, #7521 ) ;
#7384 = DIRECTION ( 'NONE',  ( 0.0000000000000000000, 0.0000000000000000000, -1.000000000000000000 ) ) ;
#7385 = ORIENTED_EDGE ( 'NONE', *, *, #5494, .F. ) ;
#7386 = FACE_OUTER_BOUND ( 'NONE', #7061, .T. ) ;
#7387 = AXIS2_PLACEMENT_3D ( 'NONE', #9311, #10178, #463 ) ;
#7388 =( LENGTH_UNIT ( ) NAMED_UNIT ( * ) SI_UNIT ( $, .METRE. ) );
#7389 = CARTESIAN_POINT ( 'NONE',  ( 0.2374999999999996600, 0.09999999999999992200, -0.03749999999999999900 ) ) ;
#7390 = ORIENTED_EDGE ( 'NONE', *, *, #10572, .F. ) ;
#7391 = LINE ( 'NONE', #10239, #3103 ) ;
#7392 = EDGE_CURVE ( 'NONE', #9376, #5759, #1568, .T. ) ;
#7393 = FACE_OUTER_BOUND ( 'NONE', #2276, .T. ) ;
#7394 = AXIS2_PLACEMENT_3D ( 'NONE', #7772, #2474, #6016 ) ;
#7395 = PLANE ( 'NONE',  #7217 ) ;
#7396 = CARTESIAN_POINT ( 'NONE',  ( -0.4625000000000003000, 0.3128282661284084700, -0.06250000000000001400 ) ) ;
#7397 = DIRECTION ( 'NONE',  ( 1.000000000000000000, 0.0000000000000000000, 0.0000000000000000000 ) ) ;
#7398 = CARTESIAN_POINT ( 'NONE',  ( 0.0000000000000000000, 0.0000000000000000000, -0.06250000000000001400 ) ) ;
#7399 = DIRECTION ( 'NONE',  ( 0.0000000000000000000, -1.000000000000000000, 0.0000000000000000000 ) ) ;
#7400 = FACE_OUTER_BOUND ( 'NONE', #6919, .T. ) ;
#7401 = FACE_OUTER_BOUND ( 'NONE', #1437, .T. ) ;
#7402 = DIRECTION ( 'NONE',  ( 0.0000000000000000000, 0.0000000000000000000, -1.000000000000000000 ) ) ;
#7403 = EDGE_CURVE ( 'NONE', #7621, #8718, #10938, .T. ) ;
#7404 = SURFACE_SIDE_STYLE ('',( #4071 ) ) ;
#7405 = DIRECTION ( 'NONE',  ( -1.000000000000000000, 0.0000000000000000000, 0.0000000000000000000 ) ) ;
#7406 = LINE ( 'NONE', #979, #6289 ) ;
#7407 = FACE_OUTER_BOUND ( 'NONE', #7675, .T. ) ;
#7408 = CARTESIAN_POINT ( 'NONE',  ( -0.5750000000000001800, 0.3499999999999999800, 0.1825000000000000000 ) ) ;
#7409 = EDGE_CURVE ( 'NONE', #3783, #10197, #8606, .T. ) ;
#7410 = DIRECTION ( 'NONE',  ( -0.0000000000000000000, 0.0000000000000000000, 1.000000000000000000 ) ) ;
#7411 = LINE ( 'NONE', #3524, #4090 ) ;
#7412 = LENGTH_MEASURE_WITH_UNIT ( LENGTH_MEASURE( 0.02539999999999999900 ), #5928 );
#7413 = DIRECTION ( 'NONE',  ( 0.0000000000000000000, 0.3420201433256686000, -0.9396926207859085400 ) ) ;
#7414 = LINE ( 'NONE', #9692, #8096 ) ;
#7415 = VECTOR ( 'NONE', #9364, 39.37007874015748100 ) ;
#7416 = DIRECTION ( 'NONE',  ( -0.0000000000000000000, 1.000000000000000000, -0.0000000000000000000 ) ) ;
#7417 = DIRECTION ( 'NONE',  ( -0.0000000000000000000, 0.0000000000000000000, 1.000000000000000000 ) ) ;
#7418 = EDGE_CURVE ( 'NONE', #8777, #2371, #15, .T. ) ;
#7419 = CARTESIAN_POINT ( 'NONE',  ( -0.4624999999999999700, 0.09999999999999996400, 0.06250000000000001400 ) ) ;
#7420 = CARTESIAN_POINT ( 'NONE',  ( 0.3374999999999996900, -0.1228282661284085800, -0.03749999999999999900 ) ) ;
#7421 = CARTESIAN_POINT ( 'NONE',  ( -0.2625000000000002900, 0.3128282661284084700, -0.06250000000000001400 ) ) ;
#7422 = FACE_OUTER_BOUND ( 'NONE', #2760, .T. ) ;
#7423 = ADVANCED_FACE ( 'NONE', ( #417 ), #2555, .F. ) ;
#7424 = PRESENTATION_STYLE_ASSIGNMENT (( #438 ) ) ;
#7425 = DIRECTION ( 'NONE',  ( 0.0000000000000000000, -1.000000000000000000, 0.0000000000000000000 ) ) ;
#7426 = EDGE_CURVE ( 'NONE', #10562, #5801, #7914, .T. ) ;
#7427 = EDGE_LOOP ( 'NONE', ( #9517, #9326, #8427, #11221 ) ) ;
#7428 = VECTOR ( 'NONE', #4451, 39.37007874015748100 ) ;
#7429 = ORIENTED_EDGE ( 'NONE', *, *, #4497, .T. ) ;
#7430 = ORIENTED_EDGE ( 'NONE', *, *, #4454, .T. ) ;
#7431 = STYLED_ITEM ( 'NONE', ( #7069 ), #8101 ) ;
#7432 = VERTEX_POINT ( 'NONE', #4352 ) ;
#7433 = PLANE ( 'NONE',  #3972 ) ;
#7434 = LINE ( 'NONE', #2397, #8950 ) ;
#7435 = CARTESIAN_POINT ( 'NONE',  ( 0.1625000000000000300, -0.1228282661284085800, 0.03749999999999999900 ) ) ;
#7436 = ADVANCED_FACE ( 'NONE', ( #9712 ), #8124, .F. ) ;
#7437 = SURFACE_STYLE_USAGE ( .BOTH. , #6585 ) ;
#7438 = FACE_OUTER_BOUND ( 'NONE', #2645, .T. ) ;
#7439 = CARTESIAN_POINT ( 'NONE',  ( 0.4562499999999996600, -0.1400000000000000100, -0.05624999999999997400 ) ) ;
#7440 = LINE ( 'NONE', #1621, #359 ) ;
#7441 = ORIENTED_EDGE ( 'NONE', *, *, #1246, .T. ) ;
#7442 = EDGE_CURVE ( 'NONE', #6908, #2741, #6248, .T. ) ;
#7443 = EDGE_LOOP ( 'NONE', ( #5646, #11000, #4678, #207 ) ) ;
#7444 = ORIENTED_EDGE ( 'NONE', *, *, #1827, .F. ) ;
#7445 = ORIENTED_EDGE ( 'NONE', *, *, #6255, .T. ) ;
#7446 = VERTEX_POINT ( 'NONE', #10117 ) ;
#7447 = VERTEX_POINT ( 'NONE', #2035 ) ;
#7448 = CARTESIAN_POINT ( 'NONE',  ( -0.1625000000000003100, 0.3128282661284084700, -0.06250000000000001400 ) ) ;
#7449 = DIRECTION ( 'NONE',  ( 0.0000000000000000000, 0.0000000000000000000, 1.000000000000000000 ) ) ;
#7450 = VECTOR ( 'NONE', #3727, 39.37007874015748100 ) ;
#7451 = AXIS2_PLACEMENT_3D ( 'NONE', #1430, #4906, #554 ) ;
#7452 =( CONVERSION_BASED_UNIT ( 'INCH', #11154 ) LENGTH_UNIT ( ) NAMED_UNIT ( #11062 ) );
#7453 = ORIENTED_EDGE ( 'NONE', *, *, #2216, .T. ) ;
#7454 = ORIENTED_EDGE ( 'NONE', *, *, #1926, .F. ) ;
#7455 = EDGE_LOOP ( 'NONE', ( #6253, #4435, #7930, #4311 ) ) ;
#7456 = EDGE_LOOP ( 'NONE', ( #10524, #3730, #8913, #9935 ) ) ;
#7457 = ORIENTED_EDGE ( 'NONE', *, *, #659, .T. ) ;
#7458 = VECTOR ( 'NONE', #6447, 39.37007874015748100 ) ;
#7459 = CARTESIAN_POINT ( 'NONE',  ( 0.05625000000000005000, -0.1400000000000000100, 0.04375000000000003900 ) ) ;
#7460 = FACE_OUTER_BOUND ( 'NONE', #3837, .T. ) ;
#7461 = AXIS2_PLACEMENT_3D ( 'NONE', #1200, #6518, #9211 ) ;
#7462 = CARTESIAN_POINT ( 'NONE',  ( -0.3625000000000003200, -0.01499999999999997700, -0.03749999999999999900 ) ) ;
#7463 = ORIENTED_EDGE ( 'NONE', *, *, #8499, .F. ) ;
#7464 = CARTESIAN_POINT ( 'NONE',  ( 0.5249999999999996900, 0.09999999999999996400, -0.1175000000000000500 ) ) ;
#7465 = ORIENTED_EDGE ( 'NONE', *, *, #2561, .T. ) ;
#7466 = DIRECTION ( 'NONE',  ( 0.3236155771181846200, -0.8891264907159883700, -0.3236155771181846200 ) ) ;
#7467 = VERTEX_POINT ( 'NONE', #8305 ) ;
#7468 = ORIENTED_EDGE ( 'NONE', *, *, #355, .F. ) ;
#7469 = ORIENTED_EDGE ( 'NONE', *, *, #10799, .F. ) ;
#7470 = ORIENTED_EDGE ( 'NONE', *, *, #9639, .F. ) ;
#7471 = VECTOR ( 'NONE', #11218, 39.37007874015748900 ) ;
#7472 = EDGE_CURVE ( 'NONE', #4374, #6768, #3890, .T. ) ;
#7473 = DIRECTION ( 'NONE',  ( 0.3236155771181846200, 0.8891264907159883700, -0.3236155771181846200 ) ) ;
#7474 = CLOSED_SHELL ( 'NONE', ( #7032, #283, #9820, #8481, #6732, #9369, #747, #3013, #3362, #4579, #871, #5492, #8125, #8710 ) ) ;
#7475 = CIRCLE ( 'NONE', #6500, 0.01499999999999997700 ) ;
#7476 = DIRECTION ( 'NONE',  ( 1.000000000000000000, 0.0000000000000000000, 0.0000000000000000000 ) ) ;
#7477 = ORIENTED_EDGE ( 'NONE', *, *, #2100, .F. ) ;
#7478 = EDGE_CURVE ( 'NONE', #5097, #11212, #2650, .T. ) ;
#7479 = ORIENTED_EDGE ( 'NONE', *, *, #5162, .F. ) ;
#7480 = EDGE_LOOP ( 'NONE', ( #10051, #3713, #4881, #8887 ) ) ;
#7481 = CARTESIAN_POINT ( 'NONE',  ( -0.4624999999999999700, -4.268512490100411300E-018, 0.03749999999999999900 ) ) ;
#7482 = ORIENTED_EDGE ( 'NONE', *, *, #5169, .T. ) ;
#7483 = UNCERTAINTY_MEASURE_WITH_UNIT (LENGTH_MEASURE( 1.000000000000000100E-005 ), #3904, 'distance_accuracy_value', 'NONE');
#7484 =( NAMED_UNIT ( * ) PLANE_ANGLE_UNIT ( ) SI_UNIT ( $, .RADIAN. ) );
#7485 = LINE ( 'NONE', #9024, #9830 ) ;
#7486 = DIRECTION ( 'NONE',  ( 0.9396926207859079800, -0.3420201433256698200, -0.0000000000000000000 ) ) ;
#7487 = PLANE ( 'NONE',  #3372 ) ;
#7488 = VECTOR ( 'NONE', #303, 39.37007874015748100 ) ;
#7489 = DIRECTION ( 'NONE',  ( 0.0000000000000000000, 0.0000000000000000000, 1.000000000000000000 ) ) ;
#7490 = EDGE_CURVE ( 'NONE', #117, #10193, #1562, .T. ) ;
#7491 = CARTESIAN_POINT ( 'NONE',  ( -0.4624999999999999700, 0.3299999999999999600, 0.03749999999999999900 ) ) ;
#7492 = AXIS2_PLACEMENT_3D ( 'NONE', #2473, #3234, #11203 ) ;
#7493 = CARTESIAN_POINT ( 'NONE',  ( -0.1625000000000003100, 0.3299999999999999600, -0.06250000000000001400 ) ) ;
#7494 = ADVANCED_FACE ( 'NONE', ( #5380 ), #1220, .T. ) ;
#7495 = ORIENTED_EDGE ( 'NONE', *, *, #7472, .T. ) ;
#7496 = ORIENTED_EDGE ( 'NONE', *, *, #4280, .F. ) ;
#7497 = ORIENTED_EDGE ( 'NONE', *, *, #8364, .F. ) ;
#7498 = VECTOR ( 'NONE', #7528, 39.37007874015748100 ) ;
#7499 = CARTESIAN_POINT ( 'NONE',  ( 0.0000000000000000000, 0.09999999999999996400, 0.03749999999999999900 ) ) ;
#7500 = LINE ( 'NONE', #8370, #11228 ) ;
#7501 = CARTESIAN_POINT ( 'NONE',  ( -0.1375000000000003200, -0.1228282661284084400, -0.06250000000000001400 ) ) ;
#7502 = EDGE_CURVE ( 'NONE', #5682, #6139, #2926, .T. ) ;
#7503 =( NAMED_UNIT ( * ) PLANE_ANGLE_UNIT ( ) SI_UNIT ( $, .RADIAN. ) );
#7504 = ADVANCED_FACE ( 'NONE', ( #281 ), #3794, .T. ) ;
#7505 = EDGE_LOOP ( 'NONE', ( #3132, #3343, #10081, #8331 ) ) ;
#7506 = VERTEX_POINT ( 'NONE', #10945 ) ;
#7507 = CARTESIAN_POINT ( 'NONE',  ( 0.2374999999999996600, 0.3128282661284084700, -0.03749999999999999900 ) ) ;
#7508 = LINE ( 'NONE', #8344, #4314 ) ;
#7509 = EDGE_CURVE ( 'NONE', #4107, #7540, #10119, .T. ) ;
#7510 = CARTESIAN_POINT ( 'NONE',  ( -0.2437499999999999900, 0.3299999999999999600, 0.05624999999999997400 ) ) ;
#7511 = ORIENTED_EDGE ( 'NONE', *, *, #1179, .F. ) ;
#7512 = CARTESIAN_POINT ( 'NONE',  ( -0.2624999999999999600, 0.3128282661284084700, 0.06250000000000001400 ) ) ;
#7513 =( NAMED_UNIT ( * ) PLANE_ANGLE_UNIT ( ) SI_UNIT ( $, .RADIAN. ) );
#7514 = ORIENTED_EDGE ( 'NONE', *, *, #10290, .T. ) ;
#7515 = FACE_OUTER_BOUND ( 'NONE', #1835, .T. ) ;
#7516 = LINE ( 'NONE', #3715, #3485 ) ;
#7517 = PLANE ( 'NONE',  #10382 ) ;
#7518 = CARTESIAN_POINT ( 'NONE',  ( -0.1624999999999999800, 0.09999999999999996400, 0.0000000000000000000 ) ) ;
#7519 = CARTESIAN_POINT ( 'NONE',  ( -0.2625000000000002900, 0.3299999999999999600, -0.06250000000000001400 ) ) ;
#7520 = AXIS2_PLACEMENT_3D ( 'NONE', #6184, #4443, #10629 ) ;
#7521 = VECTOR ( 'NONE', #11124, 39.37007874015748100 ) ;
#7522 = CARTESIAN_POINT ( 'NONE',  ( 0.0000000000000000000, 0.09999999999999996400, -0.06250000000000001400 ) ) ;
#7523 = VERTEX_POINT ( 'NONE', #3953 ) ;
#7524 = CARTESIAN_POINT ( 'NONE',  ( -0.1401181760438383900, 0.3200216456890114800, 0.05988182395616160900 ) ) ;
#7525 = LINE ( 'NONE', #5726, #1140 ) ;
#7526 = DIRECTION ( 'NONE',  ( 0.0000000000000000000, 0.0000000000000000000, -1.000000000000000000 ) ) ;
#7527 = EDGE_CURVE ( 'NONE', #7174, #10560, #5834, .T. ) ;
#7528 = DIRECTION ( 'NONE',  ( 1.000000000000000000, 0.0000000000000000000, 0.0000000000000000000 ) ) ;
#7529 = CARTESIAN_POINT ( 'NONE',  ( -0.1000000000000000900, 0.3499999999999999800, 0.1825000000000000000 ) ) ;
#7530 = VERTEX_POINT ( 'NONE', #6481 ) ;
#7531 = CARTESIAN_POINT ( 'NONE',  ( 0.4625000000000001300, 0.3299999999999999600, 0.03749999999999999900 ) ) ;
#7532 = CARTESIAN_POINT ( 'NONE',  ( 0.3374999999999996900, 0.3299999999999999600, -0.06250000000000001400 ) ) ;
#7533 = FILL_AREA_STYLE ('',( #9279 ) ) ;
#7534 = CARTESIAN_POINT ( 'NONE',  ( 0.5249999999999995800, 0.0000000000000000000, -0.06499999999999996100 ) ) ;
#7535 = EDGE_CURVE ( 'NONE', #10695, #8290, #2103, .T. ) ;
#7536 = CARTESIAN_POINT ( 'NONE',  ( -0.3375000000000003000, 0.09999999999999996400, -0.03749999999999999900 ) ) ;
#7537 = PLANE ( 'NONE',  #7123 ) ;
#7538 = LENGTH_MEASURE_WITH_UNIT ( LENGTH_MEASURE( 0.02539999999999999900 ), #1448 );
#7539 = ORIENTED_EDGE ( 'NONE', *, *, #1955, .F. ) ;
#7540 = VERTEX_POINT ( 'NONE', #5694 ) ;
#7541 = ADVANCED_FACE ( 'NONE', ( #3067 ), #5653, .F. ) ;
#7542 = FACE_BOUND ( 'NONE', #1694, .T. ) ;
#7543 = AXIS2_PLACEMENT_3D ( 'NONE', #9868, #10013, #1034 ) ;
#7544 = APPLICATION_PROTOCOL_DEFINITION ( 'draft international standard', 'automotive_design', 1998, #1405 ) ;
#7545 = CARTESIAN_POINT ( 'NONE',  ( 0.03749999999999973500, -0.01499999999999997700, -0.06250000000000001400 ) ) ;
#7546 = CARTESIAN_POINT ( 'NONE',  ( 0.03749999999999973500, -0.1228282661284085800, -0.03749999999999999900 ) ) ;
#7547 = LINE ( 'NONE', #2114, #334 ) ;
#7548 = EDGE_CURVE ( 'NONE', #10288, #2337, #7500, .T. ) ;
#7549 = LINE ( 'NONE', #8783, #1742 ) ;
#7550 = DIRECTION ( 'NONE',  ( 0.0000000000000000000, -0.0000000000000000000, 1.000000000000000000 ) ) ;
#7551 = ADVANCED_FACE ( 'NONE', ( #9842 ), #6563, .F. ) ;
#7552 = PLANE ( 'NONE',  #10473 ) ;
#7553 = LINE ( 'NONE', #124, #10847 ) ;
#7554 = LINE ( 'NONE', #4431, #4084 ) ;
#7555 = CARTESIAN_POINT ( 'NONE',  ( 0.4437500000000001400, 0.3299999999999999600, 0.05624999999999997400 ) ) ;
#7556 = CARTESIAN_POINT ( 'NONE',  ( -0.1375000000000003200, 0.3128282661284084700, -0.03749999999999999900 ) ) ;
#7557 = PLANE ( 'NONE',  #10202 ) ;
#7558 = EDGE_CURVE ( 'NONE', #6536, #3947, #9449, .T. ) ;
#7559 = FACE_OUTER_BOUND ( 'NONE', #684, .T. ) ;
#7560 = LINE ( 'NONE', #10274, #2840 ) ;
#7561 = LINE ( 'NONE', #5510, #5175 ) ;
#7562 =( NAMED_UNIT ( * ) PLANE_ANGLE_UNIT ( ) SI_UNIT ( $, .RADIAN. ) );
#7563 = ORIENTED_EDGE ( 'NONE', *, *, #6698, .T. ) ;
#7564 = CARTESIAN_POINT ( 'NONE',  ( 0.0000000000000000000, 0.09999999999999996400, -0.03749999999999999900 ) ) ;
#7565 = EDGE_CURVE ( 'NONE', #9221, #67, #8879, .T. ) ;
#7566 = DIRECTION ( 'NONE',  ( 0.0000000000000000000, 0.0000000000000000000, -1.000000000000000000 ) ) ;
#7567 = CARTESIAN_POINT ( 'NONE',  ( 0.0000000000000000000, 0.09999999999999996400, -0.03749999999999999900 ) ) ;
#7568 = FACE_OUTER_BOUND ( 'NONE', #10103, .T. ) ;
#7569 = DIRECTION ( 'NONE',  ( 0.3236155771181856200, -0.8891264907159877100, 0.3236155771181856200 ) ) ;
#7570 = CARTESIAN_POINT ( 'NONE',  ( -0.3437500000000003300, -0.1400000000000000100, -0.04375000000000003900 ) ) ;
#7571 = VECTOR ( 'NONE', #7375, 39.37007874015748100 ) ;
#7572 = VECTOR ( 'NONE', #6579, 39.37007874015748100 ) ;
#7573 = CARTESIAN_POINT ( 'NONE',  ( -0.1375000000000003200, 0.3299999999999999600, -0.06250000000000001400 ) ) ;
#7574 = DIRECTION ( 'NONE',  ( -0.0000000000000000000, 1.000000000000000000, -0.0000000000000000000 ) ) ;
#7575 = ORIENTED_EDGE ( 'NONE', *, *, #4901, .T. ) ;
#7576 = ORIENTED_EDGE ( 'NONE', *, *, #659, .F. ) ;
#7577 = ORIENTED_EDGE ( 'NONE', *, *, #796, .T. ) ;
#7578 = VERTEX_POINT ( 'NONE', #7529 ) ;
#7579 = ORIENTED_EDGE ( 'NONE', *, *, #7711, .T. ) ;
#7580 = DIRECTION ( 'NONE',  ( -0.0000000000000000000, 1.000000000000000000, -0.0000000000000000000 ) ) ;
#7581 = FACE_OUTER_BOUND ( 'NONE', #7970, .T. ) ;
#7582 = CARTESIAN_POINT ( 'NONE',  ( -0.1374999999999999600, 0.0000000000000000000, 0.03749999999999999900 ) ) ;
#7583 = EDGE_CURVE ( 'NONE', #4652, #2879, #844, .T. ) ;
#7584 = VECTOR ( 'NONE', #8424, 39.37007874015748100 ) ;
#7585 = ORIENTED_EDGE ( 'NONE', *, *, #5272, .T. ) ;
#7586 = DIRECTION ( 'NONE',  ( 0.0000000000000000000, -1.000000000000000000, 0.0000000000000000000 ) ) ;
#7587 = ORIENTED_EDGE ( 'NONE', *, *, #9352, .T. ) ;
#7588 = FACE_OUTER_BOUND ( 'NONE', #249, .T. ) ;
#7589 = EDGE_LOOP ( 'NONE', ( #4916, #7889, #10255, #7496 ) ) ;
#7590 = EDGE_LOOP ( 'NONE', ( #2284, #1417, #6699, #4820 ) ) ;
#7591 = DIRECTION ( 'NONE',  ( 0.0000000000000000000, 0.0000000000000000000, 1.000000000000000000 ) ) ;
#7592 = VECTOR ( 'NONE', #10402, 39.37007874015748100 ) ;
#7593 = CARTESIAN_POINT ( 'NONE',  ( 0.2625000000000000700, -0.01499999999999997700, 0.06250000000000001400 ) ) ;
#7594 = CARTESIAN_POINT ( 'NONE',  ( -0.4375000000000003300, -0.1228282661284085800, -0.06250000000000001400 ) ) ;
#7595 = DIRECTION ( 'NONE',  ( 0.0000000000000000000, 0.0000000000000000000, -1.000000000000000000 ) ) ;
#7596 = DIRECTION ( 'NONE',  ( 1.000000000000000000, 0.0000000000000000000, 0.0000000000000000000 ) ) ;
#7597 = VERTEX_POINT ( 'NONE', #4904 ) ;
#7598 = ORIENTED_EDGE ( 'NONE', *, *, #8625, .F. ) ;
#7599 = CARTESIAN_POINT ( 'NONE',  ( -0.2598818239561618800, 0.3200216456890114800, -0.05988182395616160900 ) ) ;
#7600 = VERTEX_POINT ( 'NONE', #5887 ) ;
#7601 = ORIENTED_EDGE ( 'NONE', *, *, #10511, .T. ) ;
#7602 = ORIENTED_EDGE ( 'NONE', *, *, #8653, .T. ) ;
#7603 = ADVANCED_FACE ( 'NONE', ( #5118 ), #8526, .T. ) ;
#7604 = AXIS2_PLACEMENT_3D ( 'NONE', #9229, #4803, #10868 ) ;
#7605 = FACE_OUTER_BOUND ( 'NONE', #5470, .T. ) ;
#7606 = DIRECTION ( 'NONE',  ( 0.3236155771181856200, -0.8891264907159877100, 0.3236155771181856200 ) ) ;
#7607 = DIRECTION ( 'NONE',  ( 0.0000000000000000000, -1.000000000000000000, 0.0000000000000000000 ) ) ;
#7608 = ORIENTED_EDGE ( 'NONE', *, *, #11328, .T. ) ;
#7609 = CARTESIAN_POINT ( 'NONE',  ( -0.3624999999999999300, 0.3299999999999999600, 0.06250000000000001400 ) ) ;
#7610 = ORIENTED_EDGE ( 'NONE', *, *, #1574, .T. ) ;
#7611 = EDGE_LOOP ( 'NONE', ( #9263, #5117, #3871, #7062 ) ) ;
#7612 = DIRECTION ( 'NONE',  ( 0.0000000000000000000, 0.0000000000000000000, -1.000000000000000000 ) ) ;
#7613 = EDGE_LOOP ( 'NONE', ( #6531, #662, #5564, #1245 ) ) ;
#7614 = ADVANCED_FACE ( 'NONE', ( #6532 ), #4117, .F. ) ;
#7615 = FACE_OUTER_BOUND ( 'NONE', #4420, .T. ) ;
#7616 = AXIS2_PLACEMENT_3D ( 'NONE', #3772, #6295, #998 ) ;
#7617 = VERTEX_POINT ( 'NONE', #10034 ) ;
#7618 = DIRECTION ( 'NONE',  ( 0.0000000000000000000, -0.0000000000000000000, 1.000000000000000000 ) ) ;
#7619 = DIRECTION ( 'NONE',  ( 0.0000000000000000000, 0.0000000000000000000, 1.000000000000000000 ) ) ;
#7620 = EDGE_CURVE ( 'NONE', #5573, #2077, #4983, .T. ) ;
#7621 = VERTEX_POINT ( 'NONE', #2394 ) ;
#7622 = ORIENTED_EDGE ( 'NONE', *, *, #9109, .F. ) ;
#7623 = DIRECTION ( 'NONE',  ( 1.000000000000000000, 0.0000000000000000000, 0.0000000000000000000 ) ) ;
#7624 = VERTEX_POINT ( 'NONE', #8411 ) ;
#7625 = UNCERTAINTY_MEASURE_WITH_UNIT (LENGTH_MEASURE( 1.000000000000000100E-005 ), #322, 'distance_accuracy_value', 'NONE');
#7626 = LINE ( 'NONE', #8409, #6798 ) ;
#7627 = ADVANCED_FACE ( 'NONE', ( #9977 ), #4076, .F. ) ;
#7628 = DIRECTION ( 'NONE',  ( -0.0000000000000000000, 0.0000000000000000000, 1.000000000000000000 ) ) ;
#7629 = FACE_OUTER_BOUND ( 'NONE', #8458, .T. ) ;
#7630 = EDGE_CURVE ( 'NONE', #8290, #3475, #703, .T. ) ;
#7631 = DIRECTION ( 'NONE',  ( -0.0000000000000000000, 0.0000000000000000000, 1.000000000000000000 ) ) ;
#7632 = DIRECTION ( 'NONE',  ( 0.9396926207859085400, 0.3420201433256686000, 0.0000000000000000000 ) ) ;
#7633 = ORIENTED_EDGE ( 'NONE', *, *, #43, .F. ) ;
#7634 = ORIENTED_EDGE ( 'NONE', *, *, #5703, .F. ) ;
#7635 = DIRECTION ( 'NONE',  ( -0.0000000000000000000, 0.3420201433256686000, 0.9396926207859085400 ) ) ;
#7636 = VERTEX_POINT ( 'NONE', #4987 ) ;
#7637 = LINE ( 'NONE', #6479, #3064 ) ;
#7638 = DIRECTION ( 'NONE',  ( 1.000000000000000000, 0.0000000000000000000, -0.0000000000000000000 ) ) ;
#7639 = DIRECTION ( 'NONE',  ( 0.0000000000000000000, 0.0000000000000000000, -1.000000000000000000 ) ) ;
#7640 = ORIENTED_EDGE ( 'NONE', *, *, #3693, .F. ) ;
#7641 = EDGE_CURVE ( 'NONE', #674, #6768, #1421, .T. ) ;
#7642 = VECTOR ( 'NONE', #11233, 39.37007874015748100 ) ;
#7643 = CARTESIAN_POINT ( 'NONE',  ( 0.04999999999999976000, 0.3499999999999999800, -0.1674999999999999800 ) ) ;
#7644 = EDGE_LOOP ( 'NONE', ( #4932, #10802, #3556, #8717 ) ) ;
#7645 = ORIENTED_EDGE ( 'NONE', *, *, #4078, .T. ) ;
#7646 = CARTESIAN_POINT ( 'NONE',  ( 0.4374999999999997200, -0.1228282661284084400, -0.06250000000000001400 ) ) ;
#7647 = CARTESIAN_POINT ( 'NONE',  ( -0.3625000000000003200, 0.3128282661284084700, -0.03749999999999999900 ) ) ;
#7648 = VECTOR ( 'NONE', #7106, 39.37007874015748100 ) ;
#7649 = CARTESIAN_POINT ( 'NONE',  ( 0.1374999999999997100, 0.3128282661284084700, -0.03749999999999999900 ) ) ;
#7650 = EDGE_CURVE ( 'NONE', #8120, #2865, #1829, .T. ) ;
#7651 = PLANE ( 'NONE',  #1885 ) ;
#7652 = VECTOR ( 'NONE', #1086, 39.37007874015748100 ) ;
#7653 = CARTESIAN_POINT ( 'NONE',  ( 0.3624999999999997100, 0.09999999999999996400, 0.0000000000000000000 ) ) ;
#7654 = DIRECTION ( 'NONE',  ( 0.0000000000000000000, 0.0000000000000000000, 1.000000000000000000 ) ) ;
#7655 = EDGE_CURVE ( 'NONE', #7666, #10080, #3479, .T. ) ;
#7656 = DIRECTION ( 'NONE',  ( -0.0000000000000000000, 0.0000000000000000000, 1.000000000000000000 ) ) ;
#7657 = AXIS2_PLACEMENT_3D ( 'NONE', #3941, #7486, #10968 ) ;
#7658 = DIRECTION ( 'NONE',  ( 1.000000000000000000, 0.0000000000000000000, 0.0000000000000000000 ) ) ;
#7659 = VECTOR ( 'NONE', #3529, 39.37007874015748100 ) ;
#7660 = PLANE ( 'NONE',  #6134 ) ;
#7661 = ORIENTED_EDGE ( 'NONE', *, *, #8021, .T. ) ;
#7662 = DIMENSIONAL_EXPONENTS ( 1.000000000000000000, 0.0000000000000000000, 0.0000000000000000000, 0.0000000000000000000, 0.0000000000000000000, 0.0000000000000000000, 0.0000000000000000000 ) ;
#7663 = ORIENTED_EDGE ( 'NONE', *, *, #5296, .F. ) ;
#7664 = CARTESIAN_POINT ( 'NONE',  ( -0.1401181760438383900, 0.3200216456890114800, 0.04011817604383839700 ) ) ;
#7665 = EDGE_CURVE ( 'NONE', #8502, #9667, #6815, .T. ) ;
#7666 = VERTEX_POINT ( 'NONE', #9433 ) ;
#7667 = VECTOR ( 'NONE', #6697, 39.37007874015748100 ) ;
#7668 = DIRECTION ( 'NONE',  ( -0.3236155771181856200, 0.8891264907159877100, 0.3236155771181856200 ) ) ;
#7669 = ADVANCED_FACE ( 'NONE', ( #5250 ), #4867, .T. ) ;
#7670 = DIRECTION ( 'NONE',  ( 1.000000000000000000, 0.0000000000000000000, 0.0000000000000000000 ) ) ;
#7671 = VECTOR ( 'NONE', #6604, 39.37007874015748100 ) ;
#7672 = DIRECTION ( 'NONE',  ( 0.0000000000000000000, 0.0000000000000000000, -1.000000000000000000 ) ) ;
#7673 = SURFACE_STYLE_USAGE ( .BOTH. , #2450 ) ;
#7674 = PLANE ( 'NONE',  #10710 ) ;
#7675 = EDGE_LOOP ( 'NONE', ( #660, #8665, #11260, #7350 ) ) ;
#7676 = EDGE_LOOP ( 'NONE', ( #10605, #4599, #3193, #4982 ) ) ;
#7677 = LINE ( 'NONE', #4914, #606 ) ;
#7678 = FACE_BOUND ( 'NONE', #1799, .T. ) ;
#7679 = EDGE_CURVE ( 'NONE', #2514, #9789, #2782, .T. ) ;
#7680 = ORIENTED_EDGE ( 'NONE', *, *, #6155, .T. ) ;
#7681 = PLANE ( 'NONE',  #3102 ) ;
#7682 = ADVANCED_FACE ( 'NONE', ( #8040 ), #10269, .T. ) ;
#7683 = CARTESIAN_POINT ( 'NONE',  ( -0.1375000000000003200, 0.3299999999999999600, -0.03749999999999999900 ) ) ;
#7684 = CARTESIAN_POINT ( 'NONE',  ( 0.5249999999999996900, 0.0000000000000000000, -0.1674999999999999800 ) ) ;
#7685 = PLANE ( 'NONE',  #1134 ) ;
#7686 = LINE ( 'NONE', #1031, #2426 ) ;
#7687 = DIRECTION ( 'NONE',  ( 0.0000000000000000000, 0.0000000000000000000, 1.000000000000000000 ) ) ;
#7688 = CARTESIAN_POINT ( 'NONE',  ( 0.2624999999999996800, -0.1228282661284084400, -0.03749999999999999900 ) ) ;
#7689 = AXIS2_PLACEMENT_3D ( 'NONE', #5345, #915, #8159 ) ;
#7690 = FACE_OUTER_BOUND ( 'NONE', #28, .T. ) ;
#7691 = EDGE_CURVE ( 'NONE', #7991, #3583, #6116, .T. ) ;
#7692 = FACE_OUTER_BOUND ( 'NONE', #3731, .T. ) ;
#7693 = DIRECTION ( 'NONE',  ( -0.0000000000000000000, 1.000000000000000000, 0.0000000000000000000 ) ) ;
#7694 = DIRECTION ( 'NONE',  ( -0.0000000000000000000, 1.000000000000000000, -0.0000000000000000000 ) ) ;
#7695 = AXIS2_PLACEMENT_3D ( 'NONE', #11078, #6807, #7654 ) ;
#7696 = DIRECTION ( 'NONE',  ( 0.0000000000000000000, 0.0000000000000000000, -1.000000000000000000 ) ) ;
#7697 = CARTESIAN_POINT ( 'NONE',  ( 0.5150000000000000100, 0.0000000000000000000, 0.1149999999999999900 ) ) ;
#7698 = FACE_OUTER_BOUND ( 'NONE', #6115, .T. ) ;
#7699 = VECTOR ( 'NONE', #2916, 39.37007874015748100 ) ;
#7700 = FACE_OUTER_BOUND ( 'NONE', #10196, .T. ) ;
#7701 = VECTOR ( 'NONE', #10316, 39.37007874015748100 ) ;
#7702 = CARTESIAN_POINT ( 'NONE',  ( -0.1625000000000003100, 0.3299999999999999600, -0.03749999999999999900 ) ) ;
#7703 = EDGE_CURVE ( 'NONE', #1231, #10220, #3210, .T. ) ;
#7704 = CARTESIAN_POINT ( 'NONE',  ( 0.1625000000000000300, 0.09999999999999996400, 0.0000000000000000000 ) ) ;
#7705 = LINE ( 'NONE', #10225, #491 ) ;
#7706 = DIRECTION ( 'NONE',  ( -0.0000000000000000000, 1.000000000000000000, 0.0000000000000000000 ) ) ;
#7707 = ORIENTED_EDGE ( 'NONE', *, *, #1567, .T. ) ;
#7708 = VERTEX_POINT ( 'NONE', #1383 ) ;
#7709 = VERTEX_POINT ( 'NONE', #4340 ) ;
#7710 = ORIENTED_EDGE ( 'NONE', *, *, #4322, .T. ) ;
#7711 = EDGE_CURVE ( 'NONE', #10798, #2788, #3747, .T. ) ;
#7712 = DIRECTION ( 'NONE',  ( 0.0000000000000000000, -1.000000000000000000, 0.0000000000000000000 ) ) ;
#7713 = VECTOR ( 'NONE', #4201, 39.37007874015748100 ) ;
#7714 = VECTOR ( 'NONE', #10555, 39.37007874015748100 ) ;
#7715 = PLANE ( 'NONE',  #4597 ) ;
#7716 = EDGE_CURVE ( 'NONE', #6909, #7991, #11365, .T. ) ;
#7717 = ORIENTED_EDGE ( 'NONE', *, *, #4448, .T. ) ;
#7718 = FACE_OUTER_BOUND ( 'NONE', #4679, .T. ) ;
#7719 = DIRECTION ( 'NONE',  ( 0.0000000000000000000, -0.0000000000000000000, 1.000000000000000000 ) ) ;
#7720 = VERTEX_POINT ( 'NONE', #6089 ) ;
#7721 = ORIENTED_EDGE ( 'NONE', *, *, #2510, .F. ) ;
#7722 = DIRECTION ( 'NONE',  ( -1.000000000000000000, 0.0000000000000000000, -0.0000000000000000000 ) ) ;
#7723 = ORIENTED_EDGE ( 'NONE', *, *, #2593, .T. ) ;
#7724 = AXIS2_PLACEMENT_3D ( 'NONE', #11314, #7809, #7656 ) ;
#7725 = ORIENTED_EDGE ( 'NONE', *, *, #4068, .T. ) ;
#7726 = DIRECTION ( 'NONE',  ( -0.0000000000000000000, 1.000000000000000000, -0.0000000000000000000 ) ) ;
#7727 = ADVANCED_FACE ( 'NONE', ( #2911 ), #3345, .T. ) ;
#7728 = FACE_OUTER_BOUND ( 'NONE', #7456, .T. ) ;
#7729 = CARTESIAN_POINT ( 'NONE',  ( -0.4401181760438387400, -0.1300216456890116200, -0.05988182395616160200 ) ) ;
#7730 = DIRECTION ( 'NONE',  ( 0.0000000000000000000, 0.0000000000000000000, -1.000000000000000000 ) ) ;
#7731 = CARTESIAN_POINT ( 'NONE',  ( -0.5249999999999995800, 0.0000000000000000000, -0.06499999999999996100 ) ) ;
#7732 = EDGE_LOOP ( 'NONE', ( #2635, #10770, #1528, #10328 ) ) ;
#7733 = VERTEX_POINT ( 'NONE', #4198 ) ;
#7734 = EDGE_LOOP ( 'NONE', ( #299, #1929, #10822, #11210 ) ) ;
#7735 = DIRECTION ( 'NONE',  ( 1.000000000000000000, 0.0000000000000000000, 0.0000000000000000000 ) ) ;
#7736 = EDGE_LOOP ( 'NONE', ( #6789, #352, #2578, #4660 ) ) ;
#7737 = ORIENTED_EDGE ( 'NONE', *, *, #1118, .F. ) ;
#7738 = VERTEX_POINT ( 'NONE', #6834 ) ;
#7739 = VECTOR ( 'NONE', #5574, 39.37007874015748100 ) ;
#7740 = LINE ( 'NONE', #146, #5078 ) ;
#7741 = AXIS2_PLACEMENT_3D ( 'NONE', #3363, #11443, #694 ) ;
#7742 = ADVANCED_FACE ( 'NONE', ( #4695 ), #1549, .T. ) ;
#7743 = EDGE_LOOP ( 'NONE', ( #4379, #11407, #2755, #5461 ) ) ;
#7744 = EDGE_LOOP ( 'NONE', ( #9381, #2718, #2609, #7430 ) ) ;
#7745 = ORIENTED_EDGE ( 'NONE', *, *, #2454, .F. ) ;
#7746 = ORIENTED_EDGE ( 'NONE', *, *, #10816, .T. ) ;
#7747 = ORIENTED_EDGE ( 'NONE', *, *, #6966, .F. ) ;
#7748 = CARTESIAN_POINT ( 'NONE',  ( 0.5999999999999999800, -0.1400000000000000100, 0.0000000000000000000 ) ) ;
#7749 = ORIENTED_EDGE ( 'NONE', *, *, #6688, .F. ) ;
#7750 = VECTOR ( 'NONE', #4361, 39.37007874015748100 ) ;
#7751 = DIRECTION ( 'NONE',  ( 0.0000000000000000000, 0.0000000000000000000, -1.000000000000000000 ) ) ;
#7752 = ORIENTED_EDGE ( 'NONE', *, *, #11401, .T. ) ;
#7753 = CARTESIAN_POINT ( 'NONE',  ( -0.1625000000000003100, -0.1228282661284085800, -0.03749999999999999900 ) ) ;
#7754 = LINE ( 'NONE', #3911, #2078 ) ;
#7755 = EDGE_CURVE ( 'NONE', #5351, #6796, #7080, .T. ) ;
#7756 = DIRECTION ( 'NONE',  ( -1.000000000000000000, 0.0000000000000000000, -0.0000000000000000000 ) ) ;
#7757 = CARTESIAN_POINT ( 'NONE',  ( 0.2625000000000000700, -4.268512490100411300E-018, 0.06250000000000001400 ) ) ;
#7758 = ORIENTED_EDGE ( 'NONE', *, *, #8050, .T. ) ;
#7759 = ORIENTED_EDGE ( 'NONE', *, *, #7187, .F. ) ;
#7760 = ORIENTED_EDGE ( 'NONE', *, *, #258, .F. ) ;
#7761 = VECTOR ( 'NONE', #7763, 39.37007874015748100 ) ;
#7762 = EDGE_CURVE ( 'NONE', #1403, #4261, #10252, .T. ) ;
#7763 = DIRECTION ( 'NONE',  ( 0.0000000000000000000, 0.0000000000000000000, -1.000000000000000000 ) ) ;
#7764 = LINE ( 'NONE', #3982, #6092 ) ;
#7765 =( LENGTH_UNIT ( ) NAMED_UNIT ( * ) SI_UNIT ( $, .METRE. ) );
#7766 = CARTESIAN_POINT ( 'NONE',  ( 0.5249999999999995800, -2.388061258337336500E-017, 0.06499999999999991900 ) ) ;
#7767 = CARTESIAN_POINT ( 'NONE',  ( -0.05000000000000025300, 0.3499999999999999800, -0.1674999999999999800 ) ) ;
#7768 = AXIS2_PLACEMENT_3D ( 'NONE', #5424, #967, #7167 ) ;
#7769 = ORIENTED_EDGE ( 'NONE', *, *, #7583, .F. ) ;
#7770 = DIRECTION ( 'NONE',  ( -0.0000000000000000000, 0.0000000000000000000, 1.000000000000000000 ) ) ;
#7771 = ORIENTED_EDGE ( 'NONE', *, *, #6713, .F. ) ;
#7772 = CARTESIAN_POINT ( 'NONE',  ( 0.2374999999999996600, -0.1228282661284085800, -0.03749999999999999900 ) ) ;
#7773 = ORIENTED_EDGE ( 'NONE', *, *, #4623, .F. ) ;
#7774 = FACE_OUTER_BOUND ( 'NONE', #3707, .T. ) ;
#7775 = DIRECTION ( 'NONE',  ( 0.0000000000000000000, 0.3420201433256686000, -0.9396926207859085400 ) ) ;
#7776 = ORIENTED_EDGE ( 'NONE', *, *, #734, .T. ) ;
#7777 = VECTOR ( 'NONE', #4041, 39.37007874015748100 ) ;
#7778 = CARTESIAN_POINT ( 'NONE',  ( -0.2374999999999999600, -0.1228282661284085800, 0.06250000000000001400 ) ) ;
#7779 = EDGE_CURVE ( 'NONE', #7506, #4976, #10787, .T. ) ;
#7780 = FACE_OUTER_BOUND ( 'NONE', #3126, .T. ) ;
#7781 = EDGE_LOOP ( 'NONE', ( #2881, #5486, #5226, #11041 ) ) ;
#7782 = ORIENTED_EDGE ( 'NONE', *, *, #2619, .F. ) ;
#7783 = LINE ( 'NONE', #1587, #8182 ) ;
#7784 = CARTESIAN_POINT ( 'NONE',  ( -0.03750000000000028300, -0.1228282661284085800, -0.03749999999999999900 ) ) ;
#7785 = EDGE_LOOP ( 'NONE', ( #3720, #10403, #212, #3474 ) ) ;
#7786 = LINE ( 'NONE', #8848, #9587 ) ;
#7787 = EDGE_CURVE ( 'NONE', #3767, #376, #9138, .T. ) ;
#7788 = CARTESIAN_POINT ( 'NONE',  ( -0.1375000000000003200, -0.01499999999999997700, -0.03749999999999999900 ) ) ;
#7789 = ADVANCED_FACE ( 'NONE', ( #7629 ), #7715, .F. ) ;
#7790 = DIRECTION ( 'NONE',  ( 1.000000000000000000, 0.0000000000000000000, 0.0000000000000000000 ) ) ;
#7791 = CARTESIAN_POINT ( 'NONE',  ( 0.03750000000000007500, 0.3128282661284084700, 0.03749999999999999900 ) ) ;
#7792 = DIRECTION ( 'NONE',  ( 0.0000000000000000000, 0.0000000000000000000, -1.000000000000000000 ) ) ;
#7793 = DIRECTION ( 'NONE',  ( 0.0000000000000000000, 0.0000000000000000000, -1.000000000000000000 ) ) ;
#7794 = PLANE ( 'NONE',  #2585 ) ;
#7795 = VECTOR ( 'NONE', #1990, 39.37007874015748100 ) ;
#7796 = EDGE_CURVE ( 'NONE', #1717, #2194, #8866, .T. ) ;
#7797 = VECTOR ( 'NONE', #10646, 39.37007874015748100 ) ;
#7798 = PLANE ( 'NONE',  #9999 ) ;
#7799 = ADVANCED_FACE ( 'NONE', ( #5 ), #7868, .T. ) ;
#7800 = DIRECTION ( 'NONE',  ( 0.0000000000000000000, 0.0000000000000000000, -1.000000000000000000 ) ) ;
#7801 = CARTESIAN_POINT ( 'NONE',  ( -0.5249999999999995800, 0.0000000000000000000, 0.0000000000000000000 ) ) ;
#7802 = EDGE_CURVE ( 'NONE', #9912, #3192, #3469, .T. ) ;
#7803 = CARTESIAN_POINT ( 'NONE',  ( -0.3562499999999999000, 0.3299999999999999600, 0.04375000000000003900 ) ) ;
#7804 = VECTOR ( 'NONE', #7473, 39.37007874015748100 ) ;
#7805 = ORIENTED_EDGE ( 'NONE', *, *, #5372, .F. ) ;
#7806 = LINE ( 'NONE', #1429, #10824 ) ;
#7807 = DIRECTION ( 'NONE',  ( -0.0000000000000000000, -1.000000000000000000, -0.0000000000000000000 ) ) ;
#7808 = EDGE_CURVE ( 'NONE', #10079, #3508, #2640, .T. ) ;
#7809 = DIRECTION ( 'NONE',  ( -1.000000000000000000, 0.0000000000000000000, -0.0000000000000000000 ) ) ;
#7810 = PLANE ( 'NONE',  #10258 ) ;
#7811 = ORIENTED_EDGE ( 'NONE', *, *, #2687, .F. ) ;
#7812 = CARTESIAN_POINT ( 'NONE',  ( -0.1624999999999999800, 0.3128282661284084700, 0.06250000000000001400 ) ) ;
#7813 = FACE_OUTER_BOUND ( 'NONE', #3544, .T. ) ;
#7814 = DIRECTION ( 'NONE',  ( 0.3236155771181846200, 0.8891264907159883700, 0.3236155771181846200 ) ) ;
#7815 = LINE ( 'NONE', #5095, #5418 ) ;
#7816 = ORIENTED_EDGE ( 'NONE', *, *, #1759, .T. ) ;
#7817 = CARTESIAN_POINT ( 'NONE',  ( 0.1375000000000000400, -0.01499999999999997700, 0.03749999999999999900 ) ) ;
#7818 = LINE ( 'NONE', #9362, #2822 ) ;
#7819 = FACE_OUTER_BOUND ( 'NONE', #6526, .T. ) ;
#7820 = CARTESIAN_POINT ( 'NONE',  ( -0.4375000000000003300, -0.1228282661284085800, -0.03749999999999999900 ) ) ;
#7821 = DIRECTION ( 'NONE',  ( 0.0000000000000000000, -0.0000000000000000000, 1.000000000000000000 ) ) ;
#7822 = CARTESIAN_POINT ( 'NONE',  ( 0.04375000000000011500, -0.1400000000000000100, 0.03749999999999999900 ) ) ;
#7823 = AXIS2_PLACEMENT_3D ( 'NONE', #1463, #10309, #5731 ) ;
#7824 = VECTOR ( 'NONE', #8174, 39.37007874015748100 ) ;
#7825 = DIRECTION ( 'NONE',  ( 0.3236155771181856200, -0.8891264907159877100, 0.3236155771181856200 ) ) ;
#7826 = UNCERTAINTY_MEASURE_WITH_UNIT (LENGTH_MEASURE( 1.000000000000000100E-005 ), #11352, 'distance_accuracy_value', 'NONE');
#7827 = VECTOR ( 'NONE', #5718, 39.37007874015748100 ) ;
#7828 = VECTOR ( 'NONE', #3931, 39.37007874015748100 ) ;
#7829 = DIRECTION ( 'NONE',  ( -1.000000000000000000, 0.0000000000000000000, -0.0000000000000000000 ) ) ;
#7830 = EDGE_CURVE ( 'NONE', #1388, #6908, #2374, .T. ) ;
#7831 = CARTESIAN_POINT ( 'NONE',  ( 0.6999999999999996200, 0.3299999999999999600, -0.1000000000000000100 ) ) ;
#7832 = CARTESIAN_POINT ( 'NONE',  ( 0.2624999999999996800, 0.09999999999999996400, 0.0000000000000000000 ) ) ;
#7833 = PLANE ( 'NONE',  #297 ) ;
#7834 = CARTESIAN_POINT ( 'NONE',  ( -0.2375000000000002900, -0.1400000000000000100, -0.05624999999999997400 ) ) ;
#7835 = CARTESIAN_POINT ( 'NONE',  ( -0.4624999999999999700, 0.3299999999999999600, 0.04375000000000003900 ) ) ;
#7836 = PRESENTATION_LAYER_ASSIGNMENT (  '', '', ( #1701 ) ) ;
#7837 = ADVANCED_FACE ( 'NONE', ( #4027 ), #10532, .T. ) ;
#7838 = LINE ( 'NONE', #10392, #9068 ) ;
#7839 = EDGE_CURVE ( 'NONE', #5084, #7446, #6671, .T. ) ;
#7840 = DIRECTION ( 'NONE',  ( 0.0000000000000000000, -0.0000000000000000000, 1.000000000000000000 ) ) ;
#7841 = AXIS2_PLACEMENT_3D ( 'NONE', #1918, #1132, #6397 ) ;
#7842 = ADVANCED_FACE ( 'NONE', ( #7218 ), #626, .T. ) ;
#7843 = EDGE_LOOP ( 'NONE', ( #9801, #2325, #10053, #8858 ) ) ;
#7844 = VERTEX_POINT ( 'NONE', #9580 ) ;
#7845 = ORIENTED_EDGE ( 'NONE', *, *, #5723, .F. ) ;
#7846 = DIRECTION ( 'NONE',  ( 1.000000000000000000, 0.0000000000000000000, 0.0000000000000000000 ) ) ;
#7847 = CARTESIAN_POINT ( 'NONE',  ( 0.4598818239561612800, 0.3200216456890114800, -0.05988182395616160900 ) ) ;
#7848 = FACE_OUTER_BOUND ( 'NONE', #5599, .T. ) ;
#7849 = EDGE_CURVE ( 'NONE', #547, #5631, #3198, .T. ) ;
#7850 = VECTOR ( 'NONE', #2703, 39.37007874015748100 ) ;
#7851 = FACE_OUTER_BOUND ( 'NONE', #5093, .T. ) ;
#7852 = ADVANCED_FACE ( 'NONE', ( #552 ), #8909, .T. ) ;
#7853 = DIRECTION ( 'NONE',  ( 0.0000000000000000000, 0.0000000000000000000, -1.000000000000000000 ) ) ;
#7854 = ORIENTED_EDGE ( 'NONE', *, *, #5343, .F. ) ;
#7855 = ORIENTED_EDGE ( 'NONE', *, *, #7830, .T. ) ;
#7856 = ORIENTED_EDGE ( 'NONE', *, *, #296, .T. ) ;
#7857 = EDGE_CURVE ( 'NONE', #11304, #9951, #6107, .T. ) ;
#7858 = VERTEX_POINT ( 'NONE', #5309 ) ;
#7859 = CARTESIAN_POINT ( 'NONE',  ( 0.04999999999999976000, 0.0000000000000000000, -0.1674999999999999800 ) ) ;
#7860 = CARTESIAN_POINT ( 'NONE',  ( 0.4562500000000001000, 0.3299999999999999600, 0.03749999999999999900 ) ) ;
#7861 = VECTOR ( 'NONE', #2772, 39.37007874015748100 ) ;
#7862 = ORIENTED_EDGE ( 'NONE', *, *, #9490, .T. ) ;
#7863 = LINE ( 'NONE', #11011, #2867 ) ;
#7864 = EDGE_CURVE ( 'NONE', #9932, #7858, #1690, .T. ) ;
#7865 = VERTEX_POINT ( 'NONE', #10681 ) ;
#7866 = EDGE_LOOP ( 'NONE', ( #4266, #8852, #2891, #6046 ) ) ;
#7867 = FACE_OUTER_BOUND ( 'NONE', #1221, .T. ) ;
#7868 = PLANE ( 'NONE',  #2251 ) ;
#7869 = EDGE_CURVE ( 'NONE', #4274, #6455, #267, .T. ) ;
#7870 = DIRECTION ( 'NONE',  ( 1.000000000000000000, 0.0000000000000000000, 0.0000000000000000000 ) ) ;
#7871 = DIRECTION ( 'NONE',  ( 0.0000000000000000000, 0.3420201433256686000, -0.9396926207859085400 ) ) ;
#7872 = ORIENTED_EDGE ( 'NONE', *, *, #9023, .F. ) ;
#7873 = VERTEX_POINT ( 'NONE', #7100 ) ;
#7874 = CARTESIAN_POINT ( 'NONE',  ( -0.2625000000000002900, -4.268512490100411300E-018, -0.03749999999999999900 ) ) ;
#7875 = VERTEX_POINT ( 'NONE', #11417 ) ;
#7876 = ORIENTED_EDGE ( 'NONE', *, *, #5457, .T. ) ;
#7877 = DIRECTION ( 'NONE',  ( -1.000000000000000000, 0.0000000000000000000, 0.0000000000000000000 ) ) ;
#7878 = EDGE_LOOP ( 'NONE', ( #960, #5938, #4408, #3863 ) ) ;
#7879 = VECTOR ( 'NONE', #1596, 39.37007874015748100 ) ;
#7880 = CARTESIAN_POINT ( 'NONE',  ( 0.3374999999999996900, -0.1228282661284085800, -0.06250000000000001400 ) ) ;
#7881 = VECTOR ( 'NONE', #2744, 39.37007874015748100 ) ;
#7882 = SURFACE_SIDE_STYLE ('',( #3073 ) ) ;
#7883 = EDGE_CURVE ( 'NONE', #11013, #4665, #837, .T. ) ;
#7884 = DIRECTION ( 'NONE',  ( -0.9396926207859079800, -0.3420201433256698200, -0.0000000000000000000 ) ) ;
#7885 = DIRECTION ( 'NONE',  ( 0.0000000000000000000, 0.0000000000000000000, -1.000000000000000000 ) ) ;
#7886 = CARTESIAN_POINT ( 'NONE',  ( 0.4624999999999996900, 0.09999999999999996400, 0.0000000000000000000 ) ) ;
#7887 = ORIENTED_EDGE ( 'NONE', *, *, #2199, .T. ) ;
#7888 = VERTEX_POINT ( 'NONE', #6242 ) ;
#7889 = ORIENTED_EDGE ( 'NONE', *, *, #3483, .F. ) ;
#7890 = ORIENTED_EDGE ( 'NONE', *, *, #9212, .T. ) ;
#7891 = ORIENTED_EDGE ( 'NONE', *, *, #5388, .T. ) ;
#7892 = LINE ( 'NONE', #2979, #819 ) ;
#7893 = ORIENTED_EDGE ( 'NONE', *, *, #2534, .T. ) ;
#7894 = DIRECTION ( 'NONE',  ( 0.0000000000000000000, 0.0000000000000000000, -1.000000000000000000 ) ) ;
#7895 = ORIENTED_EDGE ( 'NONE', *, *, #641, .T. ) ;
#7896 = ORIENTED_EDGE ( 'NONE', *, *, #6853, .F. ) ;
#7897 = DIRECTION ( 'NONE',  ( -1.000000000000000000, 0.0000000000000000000, 0.0000000000000000000 ) ) ;
#7898 = ORIENTED_EDGE ( 'NONE', *, *, #3189, .T. ) ;
#7899 = VECTOR ( 'NONE', #625, 39.37007874015748100 ) ;
#7900 = ADVANCED_FACE ( 'NONE', ( #1820 ), #926, .F. ) ;
#7901 = EDGE_CURVE ( 'NONE', #9303, #2220, #5820, .T. ) ;
#7902 = FILL_AREA_STYLE_COLOUR ( '', #11400 ) ;
#7903 = VECTOR ( 'NONE', #11266, 39.37007874015748100 ) ;
#7904 = PRESENTATION_LAYER_ASSIGNMENT (  '', '', ( #769 ) ) ;
#7905 = EDGE_CURVE ( 'NONE', #2728, #6469, #1109, .T. ) ;
#7906 = DIRECTION ( 'NONE',  ( 0.0000000000000000000, 0.0000000000000000000, 1.000000000000000000 ) ) ;
#7907 = ORIENTED_EDGE ( 'NONE', *, *, #9077, .F. ) ;
#7908 = ORIENTED_EDGE ( 'NONE', *, *, #6828, .F. ) ;
#7909 = ORIENTED_EDGE ( 'NONE', *, *, #9483, .F. ) ;
#7910 = ADVANCED_FACE ( 'NONE', ( #6801 ), #9755, .T. ) ;
#7911 = VECTOR ( 'NONE', #8142, 39.37007874015748100 ) ;
#7912 = CARTESIAN_POINT ( 'NONE',  ( -0.2624999999999999600, -0.1228282661284085800, 0.06250000000000001400 ) ) ;
#7913 = ORIENTED_EDGE ( 'NONE', *, *, #9243, .T. ) ;
#7914 = LINE ( 'NONE', #8872, #976 ) ;
#7915 = CARTESIAN_POINT ( 'NONE',  ( -0.3375000000000003000, -0.01499999999999997700, -0.06250000000000001400 ) ) ;
#7916 = DIRECTION ( 'NONE',  ( 0.0000000000000000000, -1.000000000000000000, 0.0000000000000000000 ) ) ;
#7917 = DIRECTION ( 'NONE',  ( 1.000000000000000000, 0.0000000000000000000, 0.0000000000000000000 ) ) ;
#7918 = VECTOR ( 'NONE', #1258, 39.37007874015748100 ) ;
#7919 = CARTESIAN_POINT ( 'NONE',  ( -0.3624999999999999300, -4.268512490100411300E-018, 0.06250000000000001400 ) ) ;
#7920 = DIRECTION ( 'NONE',  ( -1.000000000000000000, 0.0000000000000000000, -0.0000000000000000000 ) ) ;
#7921 = EDGE_CURVE ( 'NONE', #9012, #7578, #1957, .T. ) ;
#7922 = VECTOR ( 'NONE', #6038, 39.37007874015748100 ) ;
#7923 = EDGE_CURVE ( 'NONE', #4646, #10079, #2089, .T. ) ;
#7924 = CARTESIAN_POINT ( 'NONE',  ( 0.4562499999999996600, -0.1400000000000000100, -0.03749999999999999900 ) ) ;
#7925 = VERTEX_POINT ( 'NONE', #6275 ) ;
#7926 = PLANE ( 'NONE',  #6739 ) ;
#7927 = DIRECTION ( 'NONE',  ( 1.000000000000000000, 0.0000000000000000000, 0.0000000000000000000 ) ) ;
#7928 = ORIENTED_EDGE ( 'NONE', *, *, #10909, .T. ) ;
#7929 = EDGE_CURVE ( 'NONE', #545, #4377, #6519, .T. ) ;
#7930 = ORIENTED_EDGE ( 'NONE', *, *, #5972, .F. ) ;
#7931 = AXIS2_PLACEMENT_3D ( 'NONE', #5654, #9108, #1849 ) ;
#7932 = VECTOR ( 'NONE', #7425, 39.37007874015748100 ) ;
#7933 = DIRECTION ( 'NONE',  ( 0.0000000000000000000, 0.0000000000000000000, 1.000000000000000000 ) ) ;
#7934 = EDGE_LOOP ( 'NONE', ( #961, #6830, #8309, #9936 ) ) ;
#7935 = VECTOR ( 'NONE', #5287, 39.37007874015748100 ) ;
#7936 = DIRECTION ( 'NONE',  ( -0.0000000000000000000, -0.0000000000000000000, 1.000000000000000000 ) ) ;
#7937 = CARTESIAN_POINT ( 'NONE',  ( 0.06250000000000008300, 0.0000000000000000000, 0.03749999999999999900 ) ) ;
#7938 = CARTESIAN_POINT ( 'NONE',  ( -0.1562499999999999400, 0.3299999999999999600, 0.06250000000000001400 ) ) ;
#7939 = ORIENTED_EDGE ( 'NONE', *, *, #10592, .T. ) ;
#7940 = FACE_OUTER_BOUND ( 'NONE', #8573, .T. ) ;
#7941 = LINE ( 'NONE', #3746, #5568 ) ;
#7942 = CARTESIAN_POINT ( 'NONE',  ( 0.3624999999999997100, 0.09999999999999996400, -0.03749999999999999900 ) ) ;
#7943 = DIRECTION ( 'NONE',  ( 0.0000000000000000000, -0.3420201433256698200, -0.9396926207859079800 ) ) ;
#7944 = EDGE_LOOP ( 'NONE', ( #10758, #10477, #9401, #8118 ) ) ;
#7945 = CARTESIAN_POINT ( 'NONE',  ( 0.04999999999999976000, 0.0000000000000000000, -0.1674999999999999800 ) ) ;
#7946 = ADVANCED_FACE ( 'NONE', ( #11217 ), #8054, .F. ) ;
#7947 = DIRECTION ( 'NONE',  ( 0.3236155771181846200, -0.8891264907159883700, 0.3236155771181846200 ) ) ;
#7948 = AXIS2_PLACEMENT_3D ( 'NONE', #6421, #1982, #4627 ) ;
#7949 = CARTESIAN_POINT ( 'NONE',  ( 0.1374999999999997100, 0.3299999999999999600, -0.03749999999999999900 ) ) ;
#7950 = VECTOR ( 'NONE', #8633, 39.37007874015748100 ) ;
#7951 = FACE_OUTER_BOUND ( 'NONE', #5111, .T. ) ;
#7952 = VECTOR ( 'NONE', #4787, 39.37007874015748100 ) ;
#7953 = LINE ( 'NONE', #1591, #53 ) ;
#7954 = ADVANCED_FACE ( 'NONE', ( #1410 ), #8789, .T. ) ;
#7955 = EDGE_CURVE ( 'NONE', #5188, #7279, #2519, .T. ) ;
#7956 = PLANE ( 'NONE',  #6605 ) ;
#7957 = DIRECTION ( 'NONE',  ( 0.9396926207859085400, 0.3420201433256686000, 0.0000000000000000000 ) ) ;
#7958 = LINE ( 'NONE', #16, #8384 ) ;
#7960 = UNCERTAINTY_MEASURE_WITH_UNIT (LENGTH_MEASURE( 1.000000000000000100E-005 ), #2983, 'distance_accuracy_value', 'NONE');
#7959 = AXIS2_PLACEMENT_3D ( 'NONE', #9317, #7413, #4757 ) ;
#7961 = LINE ( 'NONE', #269, #4494 ) ;
#7962 = LINE ( 'NONE', #1563, #2437 ) ;
#7963 = DIRECTION ( 'NONE',  ( 1.000000000000000000, 0.0000000000000000000, 0.0000000000000000000 ) ) ;
#7964 = LINE ( 'NONE', #2178, #5195 ) ;
#7965 = CARTESIAN_POINT ( 'NONE',  ( 0.1375000000000000400, -0.1228282661284084400, 0.06250000000000001400 ) ) ;
#7966 = LINE ( 'NONE', #5002, #7288 ) ;
#7967 = AXIS2_PLACEMENT_3D ( 'NONE', #3738, #10162, #325 ) ;
#7968 = DIRECTION ( 'NONE',  ( 1.000000000000000000, 0.0000000000000000000, 0.0000000000000000000 ) ) ;
#7969 = CARTESIAN_POINT ( 'NONE',  ( -0.3625000000000003200, 0.3299999999999999600, -0.03749999999999999900 ) ) ;
#7970 = EDGE_LOOP ( 'NONE', ( #9682, #10889, #9791, #1792 ) ) ;
#7971 = VECTOR ( 'NONE', #350, 39.37007874015748100 ) ;
#7972 = PLANE ( 'NONE',  #10458 ) ;
#7973 = ORIENTED_EDGE ( 'NONE', *, *, #2310, .F. ) ;
#7974 = CARTESIAN_POINT ( 'NONE',  ( -0.1437500000000000200, 0.3299999999999999600, 0.04375000000000003900 ) ) ;
#7975 = EDGE_LOOP ( 'NONE', ( #3294, #4410, #5458, #7199 ) ) ;
#7976 = VERTEX_POINT ( 'NONE', #8988 ) ;
#7977 = DIRECTION ( 'NONE',  ( -0.0000000000000000000, 1.000000000000000000, 0.0000000000000000000 ) ) ;
#7978 = CARTESIAN_POINT ( 'NONE',  ( 0.4624999999999996900, -0.1228282661284084400, -0.06250000000000001400 ) ) ;
#7979 = EDGE_CURVE ( 'NONE', #3301, #5763, #8737, .T. ) ;
#7980 = VECTOR ( 'NONE', #6987, 39.37007874015748100 ) ;
#7981 = CARTESIAN_POINT ( 'NONE',  ( -0.1375000000000003200, 0.3128282661284084700, -0.06250000000000001400 ) ) ;
#7982 = AXIS2_PLACEMENT_3D ( 'NONE', #6621, #1406, #3062 ) ;
#7983 = CARTESIAN_POINT ( 'NONE',  ( 0.3375000000000000800, -0.1228282661284085800, 0.03749999999999999900 ) ) ;
#7984 = VECTOR ( 'NONE', #5009, 39.37007874015748100 ) ;
#7985 = FACE_OUTER_BOUND ( 'NONE', #2883, .T. ) ;
#7986 = CARTESIAN_POINT ( 'NONE',  ( 0.0000000000000000000, 0.09999999999999996400, 0.03749999999999999900 ) ) ;
#7987 = CARTESIAN_POINT ( 'NONE',  ( -0.4375000000000003300, 0.3128282661284084700, -0.06250000000000001400 ) ) ;
#7988 = ORIENTED_EDGE ( 'NONE', *, *, #5668, .F. ) ;
#7989 = VECTOR ( 'NONE', #5844, 39.37007874015748100 ) ;
#7990 = ORIENTED_EDGE ( 'NONE', *, *, #3110, .T. ) ;
#7991 = VERTEX_POINT ( 'NONE', #1124 ) ;
#7992 = EDGE_LOOP ( 'NONE', ( #1341, #8552, #8503, #11317 ) ) ;
#7993 = EDGE_CURVE ( 'NONE', #5573, #3298, #3877, .T. ) ;
#7994 = LINE ( 'NONE', #7036, #3290 ) ;
#7995 = VERTEX_POINT ( 'NONE', #189 ) ;
#7996 = VERTEX_POINT ( 'NONE', #10815 ) ;
#7997 = EDGE_CURVE ( 'NONE', #5084, #7432, #9298, .T. ) ;
#7998 = ORIENTED_EDGE ( 'NONE', *, *, #6126, .T. ) ;
#7999 = ORIENTED_EDGE ( 'NONE', *, *, #10994, .F. ) ;
#8000 = ORIENTED_EDGE ( 'NONE', *, *, #111, .F. ) ;
#8001 = CARTESIAN_POINT ( 'NONE',  ( -0.5749999999999996200, 0.2500000000000000000, -0.06499999999999996100 ) ) ;
#8002 = ORIENTED_EDGE ( 'NONE', *, *, #7997, .T. ) ;
#8003 = CARTESIAN_POINT ( 'NONE',  ( -0.06249999999999995100, -0.01499999999999997700, 0.06250000000000001400 ) ) ;
#8004 = VECTOR ( 'NONE', #3652, 39.37007874015748100 ) ;
#8005 = ADVANCED_FACE ( 'NONE', ( #9832 ), #6306, .F. ) ;
#8006 = CARTESIAN_POINT ( 'NONE',  ( 0.03750000000000007500, -0.1228282661284085800, 0.06250000000000001400 ) ) ;
#8007 = VECTOR ( 'NONE', #4730, 39.37007874015748100 ) ;
#8008 = CARTESIAN_POINT ( 'NONE',  ( 0.2375000000000000700, 0.09999999999999992200, 0.03749999999999999900 ) ) ;
#8009 = ORIENTED_EDGE ( 'NONE', *, *, #11427, .F. ) ;
#8010 = EDGE_CURVE ( 'NONE', #7379, #4966, #256, .T. ) ;
#8011 = ORIENTED_EDGE ( 'NONE', *, *, #1080, .T. ) ;
#8012 = ORIENTED_EDGE ( 'NONE', *, *, #2156, .F. ) ;
#8013 = EDGE_LOOP ( 'NONE', ( #7514, #3839, #4926, #7463 ) ) ;
#8014 = EDGE_LOOP ( 'NONE', ( #1415, #4179, #7479, #3978 ) ) ;
#8015 = ORIENTED_EDGE ( 'NONE', *, *, #10832, .T. ) ;
#8016 = VECTOR ( 'NONE', #804, 39.37007874015748100 ) ;
#8017 = PLANE ( 'NONE',  #7768 ) ;
#8018 = PLANE ( 'NONE',  #1494 ) ;
#8019 = ADVANCED_FACE ( 'NONE', ( #2899 ), #8167, .F. ) ;
#8020 = EDGE_LOOP ( 'NONE', ( #7855, #2072, #2181, #9739 ) ) ;
#8021 = EDGE_CURVE ( 'NONE', #2313, #3462, #9286, .T. ) ;
#8022 = FACE_OUTER_BOUND ( 'NONE', #8027, .T. ) ;
#8023 = CARTESIAN_POINT ( 'NONE',  ( 0.2625000000000000700, -0.1228282661284084400, 0.06250000000000001400 ) ) ;
#8024 = DIRECTION ( 'NONE',  ( 1.000000000000000000, 0.0000000000000000000, 0.0000000000000000000 ) ) ;
#8025 = EDGE_LOOP ( 'NONE', ( #865, #9267, #9459, #273 ) ) ;
#8026 = ORIENTED_EDGE ( 'NONE', *, *, #7929, .F. ) ;
#8027 = EDGE_LOOP ( 'NONE', ( #4543, #697, #4977, #2208 ) ) ;
#8028 = DIRECTION ( 'NONE',  ( -1.000000000000000000, 0.0000000000000000000, 0.0000000000000000000 ) ) ;
#8029 = ORIENTED_EDGE ( 'NONE', *, *, #8605, .T. ) ;
#8030 = DIRECTION ( 'NONE',  ( 0.3236155771181846200, -0.8891264907159883700, -0.3236155771181846200 ) ) ;
#8031 = LINE ( 'NONE', #6758, #11066 ) ;
#8032 = EDGE_CURVE ( 'NONE', #7152, #6139, #8034, .T. ) ;
#8033 = CARTESIAN_POINT ( 'NONE',  ( 0.0000000000000000000, 0.0000000000000000000, -0.06250000000000001400 ) ) ;
#8034 = LINE ( 'NONE', #1039, #10388 ) ;
#8035 = ORIENTED_EDGE ( 'NONE', *, *, #4581, .T. ) ;
#8036 = ORIENTED_EDGE ( 'NONE', *, *, #4631, .F. ) ;
#8037 = ORIENTED_EDGE ( 'NONE', *, *, #582, .T. ) ;
#8038 = FACE_OUTER_BOUND ( 'NONE', #6762, .T. ) ;
#8039 = ORIENTED_EDGE ( 'NONE', *, *, #8739, .F. ) ;
#8040 = FACE_OUTER_BOUND ( 'NONE', #3709, .T. ) ;
#8041 = CARTESIAN_POINT ( 'NONE',  ( 0.3625000000000001000, 0.3128282661284084700, 0.03749999999999999900 ) ) ;
#8042 = DIRECTION ( 'NONE',  ( 0.3236155771181846200, -0.8891264907159883700, 0.3236155771181846200 ) ) ;
#8043 = CARTESIAN_POINT ( 'NONE',  ( 0.1625000000000000300, -0.01499999999999997700, 0.06250000000000001400 ) ) ;
#8044 = AXIS2_PLACEMENT_3D ( 'NONE', #7593, #5757, #4063 ) ;
#8045 = CLOSED_SHELL ( 'NONE', ( #8357, #2149, #8769, #2784, #4523, #10097, #10155, #10454, #2441, #4682, #11376, #2560, #2321, #5858 ) ) ;
#8046 = LINE ( 'NONE', #9606, #9155 ) ;
#8047 = ORIENTED_EDGE ( 'NONE', *, *, #6340, .F. ) ;
#8048 = CARTESIAN_POINT ( 'NONE',  ( -0.4375000000000000000, -0.1228282661284084400, 0.03749999999999999900 ) ) ;
#8049 = VECTOR ( 'NONE', #8396, 39.37007874015748100 ) ;
#8050 = EDGE_CURVE ( 'NONE', #11291, #4608, #3186, .T. ) ;
#8051 = CARTESIAN_POINT ( 'NONE',  ( 0.4375000000000001100, -0.01499999999999997700, 0.06250000000000001400 ) ) ;
#8052 = CARTESIAN_POINT ( 'NONE',  ( 0.4625000000000001300, -0.1228282661284085800, 0.06250000000000001400 ) ) ;
#8053 = AXIS2_PLACEMENT_3D ( 'NONE', #286, #5536, #10988 ) ;
#8054 = PLANE ( 'NONE',  #3426 ) ;
#8055 = CARTESIAN_POINT ( 'NONE',  ( -0.03750000000000028300, 0.3299999999999999600, -0.03749999999999999900 ) ) ;
#8056 = DIRECTION ( 'NONE',  ( -1.000000000000000000, 0.0000000000000000000, -0.0000000000000000000 ) ) ;
#8057 = LINE ( 'NONE', #9141, #7918 ) ;
#8058 = DIRECTION ( 'NONE',  ( 0.3236155771181846200, 0.8891264907159883700, -0.3236155771181846200 ) ) ;
#8059 = VECTOR ( 'NONE', #9756, 39.37007874015748100 ) ;
#8060 = DIRECTION ( 'NONE',  ( 0.0000000000000000000, 0.0000000000000000000, 1.000000000000000000 ) ) ;
#8061 = EDGE_CURVE ( 'NONE', #1768, #1648, #823, .T. ) ;
#8062 = DIRECTION ( 'NONE',  ( 0.0000000000000000000, 0.0000000000000000000, 1.000000000000000000 ) ) ;
#8063 = ADVANCED_FACE ( 'NONE', ( #9420 ), #5549, .F. ) ;
#8064 = CARTESIAN_POINT ( 'NONE',  ( -0.2625000000000002900, 0.3299999999999999600, -0.06250000000000001400 ) ) ;
#8065 = DIRECTION ( 'NONE',  ( 0.0000000000000000000, 0.0000000000000000000, -1.000000000000000000 ) ) ;
#8066 = DIRECTION ( 'NONE',  ( -0.0000000000000000000, 1.000000000000000000, -0.0000000000000000000 ) ) ;
#8067 = CARTESIAN_POINT ( 'NONE',  ( -0.2375000000000002900, 0.0000000000000000000, 0.0000000000000000000 ) ) ;
#8068 = LINE ( 'NONE', #9162, #9737 ) ;
#8069 = EDGE_CURVE ( 'NONE', #3828, #4663, #8726, .T. ) ;
#8070 = ORIENTED_EDGE ( 'NONE', *, *, #4722, .F. ) ;
#8071 = DIRECTION ( 'NONE',  ( 0.0000000000000000000, 0.0000000000000000000, -1.000000000000000000 ) ) ;
#8072 = LINE ( 'NONE', #8306, #1005 ) ;
#8073 = ADVANCED_FACE ( 'NONE', ( #1399 ), #7241, .T. ) ;
#8074 = ORIENTED_EDGE ( 'NONE', *, *, #4854, .F. ) ;
#8075 = EDGE_CURVE ( 'NONE', #3778, #1790, #1254, .T. ) ;
#8076 = CARTESIAN_POINT ( 'NONE',  ( 0.1374999999999997100, 0.09999999999999992200, -0.03749999999999999900 ) ) ;
#8077 = CARTESIAN_POINT ( 'NONE',  ( -0.1437500000000000200, 0.3299999999999999600, 0.03749999999999999900 ) ) ;
#8078 = SURFACE_STYLE_FILL_AREA ( #2938 ) ;
#8079 = CARTESIAN_POINT ( 'NONE',  ( 0.1375000000000000400, 0.3299999999999999600, 0.03749999999999999900 ) ) ;
#8080 = DIRECTION ( 'NONE',  ( 0.0000000000000000000, -1.000000000000000000, 0.0000000000000000000 ) ) ;
#8081 = EDGE_CURVE ( 'NONE', #5912, #11343, #3728, .T. ) ;
#8082 = AXIS2_PLACEMENT_3D ( 'NONE', #2762, #3751, #4594 ) ;
#8083 = CARTESIAN_POINT ( 'NONE',  ( 0.1000000000000000200, 0.3499999999999999800, 0.1324999999999999800 ) ) ;
#8084 = ORIENTED_EDGE ( 'NONE', *, *, #921, .F. ) ;
#8085 = LINE ( 'NONE', #5478, #875 ) ;
#8086 = FACE_BOUND ( 'NONE', #5199, .T. ) ;
#8087 = DIRECTION ( 'NONE',  ( -1.000000000000000000, 0.0000000000000000000, 0.0000000000000000000 ) ) ;
#8088 = DIRECTION ( 'NONE',  ( 0.0000000000000000000, 0.0000000000000000000, 1.000000000000000000 ) ) ;
#8089 = CARTESIAN_POINT ( 'NONE',  ( 0.5249999999999995800, 0.0000000000000000000, -0.06499999999999996100 ) ) ;
#8090 = DIRECTION ( 'NONE',  ( 0.0000000000000000000, 0.0000000000000000000, 1.000000000000000000 ) ) ;
#8091 = CARTESIAN_POINT ( 'NONE',  ( -0.3625000000000003200, -0.01499999999999997700, -0.06250000000000001400 ) ) ;
#8092 = LINE ( 'NONE', #8133, #8510 ) ;
#8093 = LINE ( 'NONE', #10943, #7699 ) ;
#8094 = DIRECTION ( 'NONE',  ( -0.0000000000000000000, 1.000000000000000000, -0.0000000000000000000 ) ) ;
#8095 = CARTESIAN_POINT ( 'NONE',  ( -0.2625000000000002900, -0.01499999999999997700, -0.03749999999999999900 ) ) ;
#8096 = VECTOR ( 'NONE', #1733, 39.37007874015748100 ) ;
#8097 = FACE_OUTER_BOUND ( 'NONE', #933, .T. ) ;
#8098 = DIRECTION ( 'NONE',  ( 0.3236155771181856200, 0.8891264907159877100, 0.3236155771181856200 ) ) ;
#8099 = CARTESIAN_POINT ( 'NONE',  ( -0.2625000000000002900, -0.01499999999999997700, -0.06250000000000001400 ) ) ;
#8100 = VECTOR ( 'NONE', #2305, 39.37007874015748100 ) ;
#8101 = MANIFOLD_SOLID_BREP ( 'Pin[5]', #388 ) ;
#8102 = VERTEX_POINT ( 'NONE', #9171 ) ;
#8103 = VECTOR ( 'NONE', #7476, 39.37007874015748100 ) ;
#8104 = EDGE_CURVE ( 'NONE', #1851, #4559, #9957, .T. ) ;
#8105 = ORIENTED_EDGE ( 'NONE', *, *, #3915, .F. ) ;
#8106 = ORIENTED_EDGE ( 'NONE', *, *, #6520, .T. ) ;
#8107 = DIRECTION ( 'NONE',  ( -1.000000000000000000, 0.0000000000000000000, 0.0000000000000000000 ) ) ;
#8108 = CARTESIAN_POINT ( 'NONE',  ( -0.3374999999999999700, 0.3128282661284084700, 0.06250000000000001400 ) ) ;
#8109 = LINE ( 'NONE', #928, #10728 ) ;
#8110 = DIRECTION ( 'NONE',  ( 0.0000000000000000000, 0.0000000000000000000, 1.000000000000000000 ) ) ;
#8111 = VECTOR ( 'NONE', #3140, 39.37007874015748100 ) ;
#8112 = ADVANCED_FACE ( 'NONE', ( #9688 ), #7395, .F. ) ;
#8113 = EDGE_CURVE ( 'NONE', #9728, #11013, #7764, .T. ) ;
#8114 = LINE ( 'NONE', #11399, #9374 ) ;
#8115 = CARTESIAN_POINT ( 'NONE',  ( -0.4625000000000003000, 0.3128282661284084700, -0.06250000000000001400 ) ) ;
#8116 = VERTEX_POINT ( 'NONE', #10138 ) ;
#8117 = VECTOR ( 'NONE', #7906, 39.37007874015748100 ) ;
#8118 = ORIENTED_EDGE ( 'NONE', *, *, #5332, .F. ) ;
#8119 = ORIENTED_EDGE ( 'NONE', *, *, #3461, .F. ) ;
#8120 = VERTEX_POINT ( 'NONE', #8286 ) ;
#8121 = LINE ( 'NONE', #8735, #217 ) ;
#8122 = DIRECTION ( 'NONE',  ( 1.000000000000000000, 0.0000000000000000000, 0.0000000000000000000 ) ) ;
#8123 = AXIS2_PLACEMENT_3D ( 'NONE', #7356, #1120, #182 ) ;
#8124 = PLANE ( 'NONE',  #5552 ) ;
#8125 = ADVANCED_FACE ( 'NONE', ( #407 ), #6550, .T. ) ;
#8126 = CARTESIAN_POINT ( 'NONE',  ( -0.4375000000000003300, 0.09999999999999996400, 0.0000000000000000000 ) ) ;
#8127 = DIRECTION ( 'NONE',  ( 0.0000000000000000000, -1.000000000000000000, 0.0000000000000000000 ) ) ;
#8128 = CARTESIAN_POINT ( 'NONE',  ( -0.3375000000000003000, 0.3299999999999999600, -0.03749999999999999900 ) ) ;
#8129 = ORIENTED_EDGE ( 'NONE', *, *, #1955, .T. ) ;
#8130 = LINE ( 'NONE', #5550, #5617 ) ;
#8131 = VERTEX_POINT ( 'NONE', #4823 ) ;
#8132 = ORIENTED_EDGE ( 'NONE', *, *, #10970, .F. ) ;
#8133 = CARTESIAN_POINT ( 'NONE',  ( -0.3375000000000003000, -0.1400000000000000100, -0.05624999999999997400 ) ) ;
#8134 = EDGE_LOOP ( 'NONE', ( #9083, #8716, #3156, #10793 ) ) ;
#8135 = LENGTH_MEASURE_WITH_UNIT ( LENGTH_MEASURE( 0.02539999999999999900 ), #4351 );
#8136 = EDGE_CURVE ( 'NONE', #3508, #1996, #2506, .T. ) ;
#8137 = AXIS2_PLACEMENT_3D ( 'NONE', #3516, #879, #3602 ) ;
#8138 =( NAMED_UNIT ( * ) SI_UNIT ( $, .STERADIAN. ) SOLID_ANGLE_UNIT ( ) );
#8139 = VECTOR ( 'NONE', #10431, 39.37007874015748100 ) ;
#8140 = CARTESIAN_POINT ( 'NONE',  ( 0.06249999999999974300, -0.1228282661284085800, -0.03749999999999999900 ) ) ;
#8141 = DIRECTION ( 'NONE',  ( -1.000000000000000000, 0.0000000000000000000, 0.0000000000000000000 ) ) ;
#8142 = DIRECTION ( 'NONE',  ( 0.3236155771181846200, 0.8891264907159883700, 0.3236155771181846200 ) ) ;
#8143 = ORIENTED_EDGE ( 'NONE', *, *, #6996, .F. ) ;
#8144 = ORIENTED_EDGE ( 'NONE', *, *, #7369, .F. ) ;
#8145 = EDGE_CURVE ( 'NONE', #3583, #7875, #2773, .T. ) ;
#8146 = ORIENTED_EDGE ( 'NONE', *, *, #4, .T. ) ;
#8147 = VERTEX_POINT ( 'NONE', #6634 ) ;
#8148 = EDGE_LOOP ( 'NONE', ( #10426, #8454, #8464, #1139 ) ) ;
#8149 = LINE ( 'NONE', #7860, #5946 ) ;
#8150 = EDGE_CURVE ( 'NONE', #4928, #4120, #5508, .T. ) ;
#8151 = FILL_AREA_STYLE ('',( #6492 ) ) ;
#8152 = CARTESIAN_POINT ( 'NONE',  ( 0.2375000000000000700, -0.1228282661284085800, 0.06250000000000001400 ) ) ;
#8153 = DIRECTION ( 'NONE',  ( 0.0000000000000000000, -0.0000000000000000000, 1.000000000000000000 ) ) ;
#8154 = VERTEX_POINT ( 'NONE', #9255 ) ;
#8155 = ORIENTED_EDGE ( 'NONE', *, *, #6009, .F. ) ;
#8156 = DIRECTION ( 'NONE',  ( 1.000000000000000000, 0.0000000000000000000, 0.0000000000000000000 ) ) ;
#8157 = ORIENTED_EDGE ( 'NONE', *, *, #6244, .T. ) ;
#8158 = FACE_OUTER_BOUND ( 'NONE', #11063, .T. ) ;
#8159 = DIRECTION ( 'NONE',  ( 0.0000000000000000000, -1.000000000000000000, -4.097771990496394300E-016 ) ) ;
#8160 = ORIENTED_EDGE ( 'NONE', *, *, #5972, .T. ) ;
#8161 = DIRECTION ( 'NONE',  ( -0.0000000000000000000, 1.000000000000000000, -0.0000000000000000000 ) ) ;
#8162 = CARTESIAN_POINT ( 'NONE',  ( 0.2624999999999996800, -0.1228282661284085800, -0.06250000000000001400 ) ) ;
#8163 = ORIENTED_EDGE ( 'NONE', *, *, #1714, .F. ) ;
#8164 = EDGE_LOOP ( 'NONE', ( #8488, #2108, #7776, #1855 ) ) ;
#8165 = DIRECTION ( 'NONE',  ( -0.0000000000000000000, 0.0000000000000000000, 1.000000000000000000 ) ) ;
#8166 = VERTEX_POINT ( 'NONE', #3097 ) ;
#8167 = PLANE ( 'NONE',  #3641 ) ;
#8168 = LINE ( 'NONE', #8760, #10917 ) ;
#8169 = EDGE_CURVE ( 'NONE', #2865, #9008, #7204, .T. ) ;
#8170 = DIRECTION ( 'NONE',  ( -0.0000000000000000000, -0.0000000000000000000, -1.000000000000000000 ) ) ;
#8171 =( NAMED_UNIT ( * ) PLANE_ANGLE_UNIT ( ) SI_UNIT ( $, .RADIAN. ) );
#8172 =( GEOMETRIC_REPRESENTATION_CONTEXT ( 3 ) GLOBAL_UNCERTAINTY_ASSIGNED_CONTEXT ( ( #939 ) ) GLOBAL_UNIT_ASSIGNED_CONTEXT ( ( #1197, #7484, #2980 ) ) REPRESENTATION_CONTEXT ( 'NONE', 'WORKASPACE' ) );
#8173 = VECTOR ( 'NONE', #2423, 39.37007874015748100 ) ;
#8174 = DIRECTION ( 'NONE',  ( 1.000000000000000000, 0.0000000000000000000, 0.0000000000000000000 ) ) ;
#8175 = DIRECTION ( 'NONE',  ( 0.0000000000000000000, 0.0000000000000000000, -1.000000000000000000 ) ) ;
#8176 = MANIFOLD_SOLID_BREP ( 'Pin[1]', #8045 ) ;
#8177 = DIRECTION ( 'NONE',  ( 0.9396926207859079800, -0.3420201433256698200, -0.0000000000000000000 ) ) ;
#8178 = ADVANCED_FACE ( 'NONE', ( #9128 ), #7552, .T. ) ;
#8179 = ORIENTED_EDGE ( 'NONE', *, *, #1997, .T. ) ;
#8180 = ORIENTED_EDGE ( 'NONE', *, *, #1289, .F. ) ;
#8181 = CARTESIAN_POINT ( 'NONE',  ( 0.3374999999999996900, 0.0000000000000000000, 0.0000000000000000000 ) ) ;
#8182 = VECTOR ( 'NONE', #601, 39.37007874015748100 ) ;
#8183 = DIRECTION ( 'NONE',  ( 1.000000000000000000, 0.0000000000000000000, 0.0000000000000000000 ) ) ;
#8184 = ORIENTED_EDGE ( 'NONE', *, *, #9676, .T. ) ;
#8185 = VECTOR ( 'NONE', #3155, 39.37007874015748900 ) ;
#8186 = ADVANCED_FACE ( 'NONE', ( #6506 ), #9337, .T. ) ;
#8187 = VERTEX_POINT ( 'NONE', #8443 ) ;
#8188 = VECTOR ( 'NONE', #8030, 39.37007874015748100 ) ;
#8189 = DIRECTION ( 'NONE',  ( -0.0000000000000000000, 0.0000000000000000000, 1.000000000000000000 ) ) ;
#8190 = DIRECTION ( 'NONE',  ( 0.0000000000000000000, 0.0000000000000000000, -1.000000000000000000 ) ) ;
#8191 = LINE ( 'NONE', #223, #9595 ) ;
#8192 = PLANE ( 'NONE',  #10564 ) ;
#8193 = DIRECTION ( 'NONE',  ( 1.000000000000000000, 0.0000000000000000000, 0.0000000000000000000 ) ) ;
#8194 = VECTOR ( 'NONE', #7639, 39.37007874015748100 ) ;
#8195 = DIRECTION ( 'NONE',  ( 0.0000000000000000000, 0.0000000000000000000, -1.000000000000000000 ) ) ;
#8196 = ORIENTED_EDGE ( 'NONE', *, *, #7328, .F. ) ;
#8197 = EDGE_CURVE ( 'NONE', #1961, #7289, #1807, .T. ) ;
#8198 = DIRECTION ( 'NONE',  ( -2.731847993664263200E-016, 0.0000000000000000000, -1.000000000000000000 ) ) ;
#8199 = AXIS2_PLACEMENT_3D ( 'NONE', #7507, #4645, #5828 ) ;
#8200 = CARTESIAN_POINT ( 'NONE',  ( 0.2375000000000000700, 0.09999999999999996400, 0.0000000000000000000 ) ) ;
#8201 = CARTESIAN_POINT ( 'NONE',  ( -0.2625000000000002900, 0.09999999999999996400, 0.0000000000000000000 ) ) ;
#8202 = DIRECTION ( 'NONE',  ( -0.0000000000000000000, 1.000000000000000000, -0.0000000000000000000 ) ) ;
#8203 = ORIENTED_EDGE ( 'NONE', *, *, #1988, .F. ) ;
#8204 = CARTESIAN_POINT ( 'NONE',  ( -0.2562499999999999200, 0.3299999999999999600, 0.05624999999999997400 ) ) ;
#8205 = LINE ( 'NONE', #2323, #4731 ) ;
#8206 = DIRECTION ( 'NONE',  ( 0.0000000000000000000, 0.0000000000000000000, -1.000000000000000000 ) ) ;
#8207 = EDGE_CURVE ( 'NONE', #10286, #9085, #7754, .T. ) ;
#8208 = DIRECTION ( 'NONE',  ( 0.0000000000000000000, 0.0000000000000000000, 1.000000000000000000 ) ) ;
#8209 = CARTESIAN_POINT ( 'NONE',  ( -0.3374999999999999700, -0.01499999999999997700, 0.06250000000000001400 ) ) ;
#8210 = EDGE_LOOP ( 'NONE', ( #633, #534, #7292, #1299 ) ) ;
#8211 = VECTOR ( 'NONE', #4755, 39.37007874015748100 ) ;
#8212 = DIRECTION ( 'NONE',  ( 1.000000000000000000, 0.0000000000000000000, 0.0000000000000000000 ) ) ;
#8213 = CARTESIAN_POINT ( 'NONE',  ( 0.03750000000000007500, 0.3299999999999999600, 0.03749999999999999900 ) ) ;
#8214 = EDGE_CURVE ( 'NONE', #3181, #5503, #6926, .T. ) ;
#8215 = EDGE_LOOP ( 'NONE', ( #401, #9403, #9856, #11461 ) ) ;
#8216 = AXIS2_PLACEMENT_3D ( 'NONE', #9778, #174, #8857 ) ;
#8217 = LINE ( 'NONE', #1167, #5283 ) ;
#8218 = VERTEX_POINT ( 'NONE', #539 ) ;
#8219 = VERTEX_POINT ( 'NONE', #3335 ) ;
#8220 = EDGE_CURVE ( 'NONE', #2356, #4726, #5795, .T. ) ;
#8221 = DIRECTION ( 'NONE',  ( 0.9396926207859085400, 0.3420201433256686000, 0.0000000000000000000 ) ) ;
#8222 = FACE_OUTER_BOUND ( 'NONE', #8958, .T. ) ;
#8223 = PLANE ( 'NONE',  #7616 ) ;
#8224 = COLOUR_RGB ( '',1.000000000000000000, 0.8117647058823529400, 0.5019607843137254800 ) ;
#8226 = ADVANCED_FACE ( 'NONE', ( #2214 ), #6702, .T. ) ;
#8225 = LINE ( 'NONE', #7573, #4083 ) ;
#8227 = LINE ( 'NONE', #7251, #7128 ) ;
#8228 = DIRECTION ( 'NONE',  ( -0.0000000000000000000, 0.0000000000000000000, 1.000000000000000000 ) ) ;
#8229 =( LENGTH_UNIT ( ) NAMED_UNIT ( * ) SI_UNIT ( $, .METRE. ) );
#8230 = EDGE_CURVE ( 'NONE', #1777, #9651, #3997, .T. ) ;
#8231 = AXIS2_PLACEMENT_3D ( 'NONE', #7649, #8493, #10226 ) ;
#8232 = CARTESIAN_POINT ( 'NONE',  ( 0.8000000000000000400, 0.3299999999999999600, 0.0000000000000000000 ) ) ;
#8233 = LINE ( 'NONE', #41, #5442 ) ;
#8234 = DIRECTION ( 'NONE',  ( 1.000000000000000000, 0.0000000000000000000, 0.0000000000000000000 ) ) ;
#8235 = ADVANCED_FACE ( 'NONE', ( #1933 ), #10254, .F. ) ;
#8236 = DIRECTION ( 'NONE',  ( 0.0000000000000000000, 0.0000000000000000000, -1.000000000000000000 ) ) ;
#8237 = FACE_OUTER_BOUND ( 'NONE', #10085, .T. ) ;
#8238 = LINE ( 'NONE', #9199, #5884 ) ;
#8239 = CARTESIAN_POINT ( 'NONE',  ( 0.4625000000000001300, 0.3128282661284084700, 0.03749999999999999900 ) ) ;
#8240 = PLANE ( 'NONE',  #3597 ) ;
#8241 = EDGE_CURVE ( 'NONE', #7873, #5799, #681, .T. ) ;
#8242 = CARTESIAN_POINT ( 'NONE',  ( -0.1000000000000000900, 0.3325000000000001800, 0.1324999999999999800 ) ) ;
#8243 = VECTOR ( 'NONE', #5642, 39.37007874015748100 ) ;
#8244 = CARTESIAN_POINT ( 'NONE',  ( -0.2625000000000002900, -0.1228282661284085800, -0.06250000000000001400 ) ) ;
#8245 = CARTESIAN_POINT ( 'NONE',  ( 0.3374999999999996900, -4.268512490100411300E-018, -0.06250000000000001400 ) ) ;
#8246 = CARTESIAN_POINT ( 'NONE',  ( -0.3374999999999999700, 0.3299999999999999600, 0.05624999999999997400 ) ) ;
#8247 = LINE ( 'NONE', #11198, #3263 ) ;
#8248 = VECTOR ( 'NONE', #5956, 39.37007874015748100 ) ;
#8249 = AXIS2_PLACEMENT_3D ( 'NONE', #4043, #3199, #6716 ) ;
#8250 = EDGE_LOOP ( 'NONE', ( #9585, #139, #9224, #10636 ) ) ;
#8251 = LINE ( 'NONE', #5167, #3543 ) ;
#8252 = DIRECTION ( 'NONE',  ( 0.0000000000000000000, 0.0000000000000000000, -1.000000000000000000 ) ) ;
#8253 = ORIENTED_EDGE ( 'NONE', *, *, #10632, .F. ) ;
#8254 = EDGE_LOOP ( 'NONE', ( #8629, #6035, #7721, #8105 ) ) ;
#8255 = PLANE ( 'NONE',  #5690 ) ;
#8256 = CLOSED_SHELL ( 'NONE', ( #1158, #9230, #7669, #6514, #1453, #2896, #391, #3420, #7852, #9010, #10609, #3190, #9217, #338 ) ) ;
#8257 = CARTESIAN_POINT ( 'NONE',  ( 0.1375000000000000400, -0.01499999999999997700, 0.06250000000000001400 ) ) ;
#8258 = CARTESIAN_POINT ( 'NONE',  ( -0.3624999999999999300, -0.1228282661284085800, 0.06250000000000001400 ) ) ;
#8259 = FACE_OUTER_BOUND ( 'NONE', #3990, .T. ) ;
#8260 = FILL_AREA_STYLE_COLOUR ( '', #2989 ) ;
#8261 = VECTOR ( 'NONE', #4859, 39.37007874015748100 ) ;
#8262 = LINE ( 'NONE', #4209, #10339 ) ;
#8263 = EDGE_CURVE ( 'NONE', #3596, #9514, #8856, .T. ) ;
#8264 = DIRECTION ( 'NONE',  ( -0.0000000000000000000, 0.0000000000000000000, 1.000000000000000000 ) ) ;
#8265 = DIRECTION ( 'NONE',  ( 0.0000000000000000000, 0.0000000000000000000, 1.000000000000000000 ) ) ;
#8266 = ORIENTED_EDGE ( 'NONE', *, *, #1080, .F. ) ;
#8267 = LINE ( 'NONE', #2775, #2180 ) ;
#8268 = EDGE_LOOP ( 'NONE', ( #8634, #5356, #9098, #9837 ) ) ;
#8269 = CARTESIAN_POINT ( 'NONE',  ( 0.03750000000000007500, 0.09999999999999992200, 0.03749999999999999900 ) ) ;
#8270 = ORIENTED_EDGE ( 'NONE', *, *, #4854, .T. ) ;
#8271 = DIRECTION ( 'NONE',  ( -1.000000000000000000, 0.0000000000000000000, 0.0000000000000000000 ) ) ;
#8272 = DIRECTION ( 'NONE',  ( 0.3236155771181856200, -0.8891264907159877100, 0.3236155771181856200 ) ) ;
#8273 = AXIS2_PLACEMENT_3D ( 'NONE', #6394, #7399, #6424 ) ;
#8274 = EDGE_CURVE ( 'NONE', #5763, #11212, #8580, .T. ) ;
#8275 = VECTOR ( 'NONE', #3276, 39.37007874015748100 ) ;
#8276 = DIRECTION ( 'NONE',  ( 0.0000000000000000000, 0.0000000000000000000, 1.000000000000000000 ) ) ;
#8277 = AXIS2_PLACEMENT_3D ( 'NONE', #5252, #6166, #8842 ) ;
#8278 = ORIENTED_EDGE ( 'NONE', *, *, #3164, .T. ) ;
#8279 = ORIENTED_EDGE ( 'NONE', *, *, #9885, .T. ) ;
#8280 = ORIENTED_EDGE ( 'NONE', *, *, #9565, .F. ) ;
#8281 = ORIENTED_EDGE ( 'NONE', *, *, #1607, .T. ) ;
#8282 = ORIENTED_EDGE ( 'NONE', *, *, #29, .T. ) ;
#8283 = ORIENTED_EDGE ( 'NONE', *, *, #582, .F. ) ;
#8284 = VECTOR ( 'NONE', #1232, 39.37007874015748100 ) ;
#8285 = AXIS2_PLACEMENT_3D ( 'NONE', #4927, #609, #5909 ) ;
#8286 = CARTESIAN_POINT ( 'NONE',  ( -0.4500000000000002300, 0.2499999999999999200, 0.1875000000000000300 ) ) ;
#8287 = LINE ( 'NONE', #3, #5929 ) ;
#8288 = CARTESIAN_POINT ( 'NONE',  ( 0.3624999999999997100, -0.1228282661284084400, -0.06250000000000001400 ) ) ;
#8289 = DIRECTION ( 'NONE',  ( 0.3236155771181846200, 0.8891264907159883700, -0.3236155771181846200 ) ) ;
#8290 = VERTEX_POINT ( 'NONE', #3182 ) ;
#8291 = CARTESIAN_POINT ( 'NONE',  ( -0.1624999999999999800, 0.3299999999999999600, 0.04375000000000003900 ) ) ;
#8292 = ORIENTED_EDGE ( 'NONE', *, *, #10735, .F. ) ;
#8293 = EDGE_CURVE ( 'NONE', #5389, #6898, #10506, .T. ) ;
#8294 = ORIENTED_EDGE ( 'NONE', *, *, #6466, .F. ) ;
#8295 = DIRECTION ( 'NONE',  ( 0.0000000000000000000, -0.0000000000000000000, 1.000000000000000000 ) ) ;
#8296 = ORIENTED_EDGE ( 'NONE', *, *, #7655, .F. ) ;
#8297 = ORIENTED_EDGE ( 'NONE', *, *, #3391, .T. ) ;
#8298 =( CONVERSION_BASED_UNIT ( 'INCH', #5868 ) LENGTH_UNIT ( ) NAMED_UNIT ( #4051 ) );
#8299 = ORIENTED_EDGE ( 'NONE', *, *, #3922, .T. ) ;
#8300 = AXIS2_PLACEMENT_3D ( 'NONE', #3624, #4539, #6286 ) ;
#8301 = ADVANCED_FACE ( 'NONE', ( #4684 ), #11174, .T. ) ;
#8302 = VECTOR ( 'NONE', #7790, 39.37007874015748100 ) ;
#8303 = DIRECTION ( 'NONE',  ( 0.9396926207859085400, 0.3420201433256686000, 0.0000000000000000000 ) ) ;
#8304 = CARTESIAN_POINT ( 'NONE',  ( 0.4375000000000001100, 0.3128282661284084700, 0.06250000000000001400 ) ) ;
#8305 = CARTESIAN_POINT ( 'NONE',  ( 0.3437499999999997200, -0.1400000000000000100, -0.05624999999999997400 ) ) ;
#8306 = CARTESIAN_POINT ( 'NONE',  ( 0.2625000000000000700, 0.3299999999999999600, 0.03749999999999999900 ) ) ;
#8307 = EDGE_CURVE ( 'NONE', #10080, #11315, #9822, .T. ) ;
#8308 = ORIENTED_EDGE ( 'NONE', *, *, #1546, .T. ) ;
#8309 = ORIENTED_EDGE ( 'NONE', *, *, #872, .T. ) ;
#8310 = CARTESIAN_POINT ( 'NONE',  ( 0.3624999999999997100, -0.1228282661284085800, -0.06250000000000001400 ) ) ;
#8311 = ORIENTED_EDGE ( 'NONE', *, *, #6236, .F. ) ;
#8312 = ADVANCED_FACE ( 'NONE', ( #1538 ), #2442, .T. ) ;
#8313 = LINE ( 'NONE', #9722, #3329 ) ;
#8314 = PLANE ( 'NONE',  #7030 ) ;
#8315 = EDGE_CURVE ( 'NONE', #7374, #947, #4547, .T. ) ;
#8316 = VECTOR ( 'NONE', #5135, 39.37007874015748100 ) ;
#8317 = DIRECTION ( 'NONE',  ( 0.0000000000000000000, 0.0000000000000000000, -1.000000000000000000 ) ) ;
#8318 = AXIS2_PLACEMENT_3D ( 'NONE', #6962, #6214, #11473 ) ;
#8319 = DIRECTION ( 'NONE',  ( 0.0000000000000000000, 0.0000000000000000000, -1.000000000000000000 ) ) ;
#8320 = ORIENTED_EDGE ( 'NONE', *, *, #2910, .F. ) ;
#8321 = ORIENTED_EDGE ( 'NONE', *, *, #1574, .F. ) ;
#8322 = CARTESIAN_POINT ( 'NONE',  ( 0.05625000000000005000, -0.1400000000000000100, 0.06250000000000001400 ) ) ;
#8323 = EDGE_LOOP ( 'NONE', ( #8297, #9451, #2682, #2649 ) ) ;
#8324 = LINE ( 'NONE', #9274, #5246 ) ;
#8325 = CARTESIAN_POINT ( 'NONE',  ( 0.1624999999999997000, -4.268512490100411300E-018, -0.03749999999999999900 ) ) ;
#8326 = VECTOR ( 'NONE', #4718, 39.37007874015748100 ) ;
#8327 = VECTOR ( 'NONE', #294, 39.37007874015748100 ) ;
#8328 = CARTESIAN_POINT ( 'NONE',  ( 0.1625000000000000300, -0.1228282661284084400, 0.06250000000000001400 ) ) ;
#8329 = DIRECTION ( 'NONE',  ( 0.0000000000000000000, 0.0000000000000000000, -1.000000000000000000 ) ) ;
#8330 = DIRECTION ( 'NONE',  ( 0.0000000000000000000, 0.0000000000000000000, -1.000000000000000000 ) ) ;
#8331 = ORIENTED_EDGE ( 'NONE', *, *, #670, .T. ) ;
#8332 = DIRECTION ( 'NONE',  ( 0.9396926207859085400, 0.3420201433256686000, 0.0000000000000000000 ) ) ;
#8333 = AXIS2_PLACEMENT_3D ( 'NONE', #11209, #2478, #11243 ) ;
#8334 = VECTOR ( 'NONE', #8534, 39.37007874015748100 ) ;
#8335 = LINE ( 'NONE', #7396, #3076 ) ;
#8336 = DIRECTION ( 'NONE',  ( 1.000000000000000000, 0.0000000000000000000, 0.0000000000000000000 ) ) ;
#8337 = CARTESIAN_POINT ( 'NONE',  ( -0.06250000000000029100, 0.09999999999999996400, 0.0000000000000000000 ) ) ;
#8338 = EDGE_CURVE ( 'NONE', #5267, #2418, #118, .T. ) ;
#8339 = CARTESIAN_POINT ( 'NONE',  ( -0.2562500000000002600, -0.1400000000000000100, -0.06250000000000001400 ) ) ;
#8340 = VECTOR ( 'NONE', #4446, 39.37007874015748100 ) ;
#8341 = DIRECTION ( 'NONE',  ( 0.9396926207859079800, -0.3420201433256698200, -0.0000000000000000000 ) ) ;
#8342 = LINE ( 'NONE', #3563, #8059 ) ;
#8343 = EDGE_CURVE ( 'NONE', #3977, #10777, #3714, .T. ) ;
#8344 = CARTESIAN_POINT ( 'NONE',  ( 0.2375000000000000700, -0.01499999999999997700, 0.03749999999999999900 ) ) ;
#8345 = DIRECTION ( 'NONE',  ( -1.000000000000000000, 0.0000000000000000000, -0.0000000000000000000 ) ) ;
#8346 = DIRECTION ( 'NONE',  ( 1.000000000000000000, 0.0000000000000000000, 0.0000000000000000000 ) ) ;
#8347 = VECTOR ( 'NONE', #6343, 39.37007874015748100 ) ;
#8348 = ADVANCED_FACE ( 'NONE', ( #1381 ), #8514, .F. ) ;
#8349 = EDGE_LOOP ( 'NONE', ( #10871, #6644, #2074, #1618 ) ) ;
#8350 = LINE ( 'NONE', #3795, #1725 ) ;
#8351 = AXIS2_PLACEMENT_3D ( 'NONE', #10045, #3970, #6543 ) ;
#8352 = DIRECTION ( 'NONE',  ( 0.0000000000000000000, -0.3420201433256698200, -0.9396926207859079800 ) ) ;
#8353 = ORIENTED_EDGE ( 'NONE', *, *, #6070, .T. ) ;
#8354 = VECTOR ( 'NONE', #7694, 39.37007874015748100 ) ;
#8355 = EDGE_CURVE ( 'NONE', #7186, #6467, #11336, .T. ) ;
#8356 = DIRECTION ( 'NONE',  ( 0.3236155771181846200, -0.8891264907159883700, 0.3236155771181846200 ) ) ;
#8357 = ADVANCED_FACE ( 'NONE', ( #11206 ), #6077, .T. ) ;
#8358 = CARTESIAN_POINT ( 'NONE',  ( 0.1437500000000000700, 0.3299999999999999600, 0.04375000000000003900 ) ) ;
#8359 = DIRECTION ( 'NONE',  ( -1.000000000000000000, 0.0000000000000000000, -0.0000000000000000000 ) ) ;
#8360 = CARTESIAN_POINT ( 'NONE',  ( 0.1437500000000000700, -0.1400000000000000100, 0.04375000000000003900 ) ) ;
#8361 = DIRECTION ( 'NONE',  ( 0.0000000000000000000, 0.0000000000000000000, 1.000000000000000000 ) ) ;
#8362 = VERTEX_POINT ( 'NONE', #4362 ) ;
#8363 = CARTESIAN_POINT ( 'NONE',  ( 0.5249999999999996900, 0.0000000000000000000, -0.1674999999999999800 ) ) ;
#8364 = EDGE_CURVE ( 'NONE', #3885, #5833, #6226, .T. ) ;
#8365 = DIRECTION ( 'NONE',  ( 1.000000000000000000, 0.0000000000000000000, 0.0000000000000000000 ) ) ;
#8366 = FACE_OUTER_BOUND ( 'NONE', #4629, .T. ) ;
#8367 = VECTOR ( 'NONE', #9146, 39.37007874015748100 ) ;
#8368 = CARTESIAN_POINT ( 'NONE',  ( 0.0000000000000000000, 0.09999999999999996400, 0.1324999999999999500 ) ) ;
#8369 = DIRECTION ( 'NONE',  ( -1.000000000000000000, 0.0000000000000000000, 0.0000000000000000000 ) ) ;
#8370 = CARTESIAN_POINT ( 'NONE',  ( 0.1375000000000000400, -0.01499999999999997700, 0.06250000000000001400 ) ) ;
#8371 = EDGE_CURVE ( 'NONE', #5512, #9924, #11048, .T. ) ;
#8372 = FILL_AREA_STYLE ('',( #434 ) ) ;
#8373 = LINE ( 'NONE', #10570, #9354 ) ;
#8374 = VECTOR ( 'NONE', #4072, 39.37007874015748100 ) ;
#8375 = DIRECTION ( 'NONE',  ( 0.0000000000000000000, 0.0000000000000000000, 1.000000000000000000 ) ) ;
#8376 = CARTESIAN_POINT ( 'NONE',  ( 0.4625000000000001300, 0.3128282661284084700, 0.03749999999999999900 ) ) ;
#8377 = LINE ( 'NONE', #8244, #6023 ) ;
#8378 = FACE_OUTER_BOUND ( 'NONE', #11335, .T. ) ;
#8379 = DIRECTION ( 'NONE',  ( 0.0000000000000000000, -0.0000000000000000000, -1.000000000000000000 ) ) ;
#8380 = EDGE_CURVE ( 'NONE', #7331, #3129, #955, .T. ) ;
#8381 = DIRECTION ( 'NONE',  ( -0.9396926207859079800, -0.3420201433256698200, -0.0000000000000000000 ) ) ;
#8382 = CARTESIAN_POINT ( 'NONE',  ( 0.06249999999999974300, 0.3299999999999999600, -0.03749999999999999900 ) ) ;
#8383 = CARTESIAN_POINT ( 'NONE',  ( -0.4437500000000003700, -0.1400000000000000100, -0.05624999999999997400 ) ) ;
#8384 = VECTOR ( 'NONE', #1987, 39.37007874015748100 ) ;
#8385 = CARTESIAN_POINT ( 'NONE',  ( -0.06250000000000029100, 0.3128282661284084700, -0.03749999999999999900 ) ) ;
#8386 = EDGE_CURVE ( 'NONE', #7316, #7446, #2761, .T. ) ;
#8387 = EDGE_LOOP ( 'NONE', ( #3588, #5075, #5234, #7999 ) ) ;
#8388 = ORIENTED_EDGE ( 'NONE', *, *, #4672, .T. ) ;
#8389 = ORIENTED_EDGE ( 'NONE', *, *, #10122, .F. ) ;
#8390 = AXIS2_PLACEMENT_3D ( 'NONE', #3609, #36, #4485 ) ;
#8391 = VECTOR ( 'NONE', #5137, 39.37007874015748100 ) ;
#8392 = ORIENTED_EDGE ( 'NONE', *, *, #5628, .T. ) ;
#8393 = DIRECTION ( 'NONE',  ( -1.000000000000000000, 0.0000000000000000000, -0.0000000000000000000 ) ) ;
#8394 = CARTESIAN_POINT ( 'NONE',  ( -0.4800000000000002600, 0.3499999999999999800, 0.3091190378969060900 ) ) ;
#8395 = LINE ( 'NONE', #10523, #8671 ) ;
#8396 = DIRECTION ( 'NONE',  ( 0.0000000000000000000, -1.000000000000000000, 0.0000000000000000000 ) ) ;
#8397 = LINE ( 'NONE', #6068, #6449 ) ;
#8398 = CARTESIAN_POINT ( 'NONE',  ( 0.3625000000000001000, -0.1228282661284084400, 0.06250000000000001400 ) ) ;
#8399 = ORIENTED_EDGE ( 'NONE', *, *, #7205, .T. ) ;
#8400 = LINE ( 'NONE', #8368, #5760 ) ;
#8401 = EDGE_LOOP ( 'NONE', ( #4519, #10061, #1106, #5074 ) ) ;
#8402 = DIRECTION ( 'NONE',  ( 1.000000000000000000, 0.0000000000000000000, 0.0000000000000000000 ) ) ;
#8403 = ORIENTED_EDGE ( 'NONE', *, *, #305, .T. ) ;
#8404 = VERTEX_POINT ( 'NONE', #5090 ) ;
#8405 = CARTESIAN_POINT ( 'NONE',  ( 0.2375000000000000700, 0.0000000000000000000, 0.0000000000000000000 ) ) ;
#8406 = DIMENSIONAL_EXPONENTS ( 1.000000000000000000, 0.0000000000000000000, 0.0000000000000000000, 0.0000000000000000000, 0.0000000000000000000, 0.0000000000000000000, 0.0000000000000000000 ) ;
#8407 = VECTOR ( 'NONE', #11074, 39.37007874015748100 ) ;
#8408 = AXIS2_PLACEMENT_3D ( 'NONE', #6874, #4233, #9584 ) ;
#8409 = CARTESIAN_POINT ( 'NONE',  ( -0.06249999999999995100, -0.1400000000000000100, 0.05624999999999997400 ) ) ;
#8410 = ORIENTED_EDGE ( 'NONE', *, *, #6489, .F. ) ;
#8411 = CARTESIAN_POINT ( 'NONE',  ( 0.1000000000000000200, 0.3325000000000001800, 0.1324999999999999800 ) ) ;
#8412 = EDGE_LOOP ( 'NONE', ( #7602, #4291, #6201, #7317, #6600, #2480, #764, #4801 ) ) ;
#8413 = DIRECTION ( 'NONE',  ( -0.0000000000000000000, 0.0000000000000000000, 1.000000000000000000 ) ) ;
#8414 = ORIENTED_EDGE ( 'NONE', *, *, #5996, .F. ) ;
#8415 = ORIENTED_EDGE ( 'NONE', *, *, #8293, .T. ) ;
#8416 = CARTESIAN_POINT ( 'NONE',  ( 0.3374999999999996900, -0.01499999999999997700, -0.03749999999999999900 ) ) ;
#8417 = ORIENTED_EDGE ( 'NONE', *, *, #7254, .F. ) ;
#8418 =( CONVERSION_BASED_UNIT ( 'INCH', #9500 ) LENGTH_UNIT ( ) NAMED_UNIT ( #10264 ) );
#8419 = CARTESIAN_POINT ( 'NONE',  ( 0.5150000000000000100, 0.0000000000000000000, 0.1000000000000000100 ) ) ;
#8420 = ADVANCED_FACE ( 'NONE', ( #9553 ), #2594, .F. ) ;
#8421 = LINE ( 'NONE', #6019, #8275 ) ;
#8422 = EDGE_CURVE ( 'NONE', #372, #781, #9272, .T. ) ;
#8423 = CARTESIAN_POINT ( 'NONE',  ( -0.06249999999999995100, -0.01499999999999997700, 0.06250000000000001400 ) ) ;
#8424 = DIRECTION ( 'NONE',  ( -0.3236155771181856200, -0.8891264907159877100, 0.3236155771181856200 ) ) ;
#8425 = VERTEX_POINT ( 'NONE', #806 ) ;
#8426 = PLANE ( 'NONE',  #9066 ) ;
#8427 = ORIENTED_EDGE ( 'NONE', *, *, #9901, .F. ) ;
#8428 = PLANE ( 'NONE',  #1469 ) ;
#8429 = ORIENTED_EDGE ( 'NONE', *, *, #9645, .T. ) ;
#8430 = ORIENTED_EDGE ( 'NONE', *, *, #11262, .F. ) ;
#8431 = ORIENTED_EDGE ( 'NONE', *, *, #8032, .T. ) ;
#8432 = PRESENTATION_LAYER_ASSIGNMENT (  '', '', ( #2278 ) ) ;
#8433 = EDGE_CURVE ( 'NONE', #1908, #9135, #10378, .T. ) ;
#8434 = AXIS2_PLACEMENT_3D ( 'NONE', #2124, #10872, #3085 ) ;
#8435 = VECTOR ( 'NONE', #5231, 39.37007874015748100 ) ;
#8436 = CARTESIAN_POINT ( 'NONE',  ( -0.4375000000000003300, 0.09999999999999996400, -0.03749999999999999900 ) ) ;
#8437 = ORIENTED_EDGE ( 'NONE', *, *, #10298, .F. ) ;
#8438 = EDGE_CURVE ( 'NONE', #1231, #1059, #2363, .T. ) ;
#8439 = ORIENTED_EDGE ( 'NONE', *, *, #10698, .T. ) ;
#8440 = VERTEX_POINT ( 'NONE', #2556 ) ;
#8441 = CARTESIAN_POINT ( 'NONE',  ( 0.5249999999999995800, -2.388061258337336500E-017, 0.06499999999999991900 ) ) ;
#8442 = ORIENTED_EDGE ( 'NONE', *, *, #521, .F. ) ;
#8443 = CARTESIAN_POINT ( 'NONE',  ( 0.1624999999999997000, 0.09999999999999992200, -0.06250000000000001400 ) ) ;
#8444 = FACE_OUTER_BOUND ( 'NONE', #9546, .T. ) ;
#8445 = PLANE ( 'NONE',  #4456 ) ;
#8446 = CARTESIAN_POINT ( 'NONE',  ( 0.3401181760438380900, 0.3200216456890114800, -0.05988182395616160900 ) ) ;
#8447 = CARTESIAN_POINT ( 'NONE',  ( 0.3374999999999996900, 0.09999999999999996400, 0.0000000000000000000 ) ) ;
#8448 = VERTEX_POINT ( 'NONE', #7006 ) ;
#8449 = DIRECTION ( 'NONE',  ( -0.0000000000000000000, 0.0000000000000000000, 1.000000000000000000 ) ) ;
#8450 = EDGE_CURVE ( 'NONE', #9774, #8730, #5652, .T. ) ;
#8451 = CARTESIAN_POINT ( 'NONE',  ( 0.06250000000000008300, 0.0000000000000000000, 0.0000000000000000000 ) ) ;
#8452 = AXIS2_PLACEMENT_3D ( 'NONE', #7831, #2459, #8638 ) ;
#8453 = ORIENTED_EDGE ( 'NONE', *, *, #4933, .F. ) ;
#8454 = ORIENTED_EDGE ( 'NONE', *, *, #2898, .T. ) ;
#8455 = ORIENTED_EDGE ( 'NONE', *, *, #7502, .F. ) ;
#8456 = LINE ( 'NONE', #1547, #265 ) ;
#8457 = DIRECTION ( 'NONE',  ( -1.000000000000000000, 0.0000000000000000000, -0.0000000000000000000 ) ) ;
#8458 = EDGE_LOOP ( 'NONE', ( #10407, #10206, #1800, #8037 ) ) ;
#8459 = VECTOR ( 'NONE', #8761, 39.37007874015748100 ) ;
#8460 = EDGE_CURVE ( 'NONE', #5280, #10887, #8149, .T. ) ;
#8461 = PLANE ( 'NONE',  #10433 ) ;
#8462 = CARTESIAN_POINT ( 'NONE',  ( 0.1437499999999997400, 0.3299999999999999600, -0.04375000000000003900 ) ) ;
#8463 = DIRECTION ( 'NONE',  ( 1.000000000000000000, 0.0000000000000000000, 0.0000000000000000000 ) ) ;
#8464 = ORIENTED_EDGE ( 'NONE', *, *, #4587, .F. ) ;
#8465 = VERTEX_POINT ( 'NONE', #3480 ) ;
#8466 = LINE ( 'NONE', #9841, #5830 ) ;
#8467 = EDGE_CURVE ( 'NONE', #3708, #7245, #2887, .T. ) ;
#8468 = DIRECTION ( 'NONE',  ( 1.000000000000000000, 0.0000000000000000000, 0.0000000000000000000 ) ) ;
#8469 = AXIS2_PLACEMENT_3D ( 'NONE', #974, #9898, #5466 ) ;
#8470 = ORIENTED_EDGE ( 'NONE', *, *, #329, .T. ) ;
#8471 = VECTOR ( 'NONE', #7606, 39.37007874015748100 ) ;
#8472 = DIMENSIONAL_EXPONENTS ( 1.000000000000000000, 0.0000000000000000000, 0.0000000000000000000, 0.0000000000000000000, 0.0000000000000000000, 0.0000000000000000000, 0.0000000000000000000 ) ;
#8473 = CARTESIAN_POINT ( 'NONE',  ( -0.3625000000000003200, 0.09999999999999996400, 0.0000000000000000000 ) ) ;
#8474 = UNCERTAINTY_MEASURE_WITH_UNIT (LENGTH_MEASURE( 1.000000000000000100E-005 ), #7363, 'distance_accuracy_value', 'NONE');
#8475 = VERTEX_POINT ( 'NONE', #9715 ) ;
#8476 = EDGE_CURVE ( 'NONE', #5745, #4274, #9539, .T. ) ;
#8477 = LINE ( 'NONE', #2802, #9314 ) ;
#8478 = CARTESIAN_POINT ( 'NONE',  ( 0.06249999999999974300, 0.0000000000000000000, -0.06250000000000001400 ) ) ;
#8479 = LINE ( 'NONE', #7101, #573 ) ;
#8480 = PLANE ( 'NONE',  #9191 ) ;
#8481 = ADVANCED_FACE ( 'NONE', ( #8022 ), #4299, .T. ) ;
#8482 = DIRECTION ( 'NONE',  ( 0.0000000000000000000, 0.0000000000000000000, -1.000000000000000000 ) ) ;
#8483 = AXIS2_PLACEMENT_3D ( 'NONE', #10836, #2048, #2845 ) ;
#8484 = PLANE ( 'NONE',  #10839 ) ;
#8485 = DIRECTION ( 'NONE',  ( -0.9396926207859085400, 0.3420201433256686000, 0.0000000000000000000 ) ) ;
#8486 = LINE ( 'NONE', #5845, #1976 ) ;
#8487 = DIRECTION ( 'NONE',  ( 1.000000000000000000, 0.0000000000000000000, 0.0000000000000000000 ) ) ;
#8488 = ORIENTED_EDGE ( 'NONE', *, *, #8460, .T. ) ;
#8489 = EDGE_CURVE ( 'NONE', #10204, #3417, #665, .T. ) ;
#8490 = CARTESIAN_POINT ( 'NONE',  ( -0.0000000000000000000, 0.0000000000000000000, -0.03749999999999999900 ) ) ;
#8491 = ADVANCED_FACE ( 'NONE', ( #531 ), #4550, .F. ) ;
#8492 = ORIENTED_EDGE ( 'NONE', *, *, #9988, .F. ) ;
#8493 = DIRECTION ( 'NONE',  ( -0.9396926207859085400, 0.3420201433256686000, 0.0000000000000000000 ) ) ;
#8494 = PLANE ( 'NONE',  #7451 ) ;
#8495 = LINE ( 'NONE', #6055, #7120 ) ;
#8496 =( LENGTH_UNIT ( ) NAMED_UNIT ( * ) SI_UNIT ( $, .METRE. ) );
#8497 = AXIS2_PLACEMENT_3D ( 'NONE', #10750, #3718, #2023 ) ;
#8498 = ORIENTED_EDGE ( 'NONE', *, *, #10157, .F. ) ;
#8499 = EDGE_CURVE ( 'NONE', #6467, #7316, #7740, .T. ) ;
#8500 = FACE_OUTER_BOUND ( 'NONE', #8574, .T. ) ;
#8501 = DIRECTION ( 'NONE',  ( -0.0000000000000000000, -0.0000000000000000000, 1.000000000000000000 ) ) ;
#8502 = VERTEX_POINT ( 'NONE', #98 ) ;
#8503 = ORIENTED_EDGE ( 'NONE', *, *, #4448, .F. ) ;
#8504 = LINE ( 'NONE', #3833, #10702 ) ;
#8505 = LINE ( 'NONE', #3836, #5869 ) ;
#8506 = AXIS2_PLACEMENT_3D ( 'NONE', #9992, #9103, #5529 ) ;
#8507 = DIRECTION ( 'NONE',  ( -1.000000000000000000, 0.0000000000000000000, -0.0000000000000000000 ) ) ;
#8508 = EDGE_LOOP ( 'NONE', ( #10890, #4687, #4919, #1247 ) ) ;
#8509 = DIRECTION ( 'NONE',  ( 0.0000000000000000000, -1.000000000000000000, 0.0000000000000000000 ) ) ;
#8510 = VECTOR ( 'NONE', #4600, 39.37007874015748100 ) ;
#8511 = EDGE_CURVE ( 'NONE', #9380, #5636, #3446, .T. ) ;
#8512 = CARTESIAN_POINT ( 'NONE',  ( -0.2624999999999999600, 0.3299999999999999600, 0.03749999999999999900 ) ) ;
#8513 = AXIS2_PLACEMENT_3D ( 'NONE', #9731, #10540, #1735 ) ;
#8514 = PLANE ( 'NONE',  #4537 ) ;
#8515 = LINE ( 'NONE', #10312, #6159 ) ;
#8516 = VECTOR ( 'NONE', #4050, 39.37007874015748100 ) ;
#8517 = CARTESIAN_POINT ( 'NONE',  ( 0.2625000000000000700, 0.3299999999999999600, 0.06250000000000001400 ) ) ;
#8518 = CARTESIAN_POINT ( 'NONE',  ( -0.2624999999999999600, 0.3128282661284084700, 0.06250000000000001400 ) ) ;
#8519 = EDGE_CURVE ( 'NONE', #6063, #389, #10365, .T. ) ;
#8520 = FACE_OUTER_BOUND ( 'NONE', #8, .T. ) ;
#8521 = ADVANCED_FACE ( 'NONE', ( #7605 ), #9015, .T. ) ;
#8522 = LINE ( 'NONE', #5050, #335 ) ;
#8523 = LINE ( 'NONE', #5689, #3657 ) ;
#8524 = LINE ( 'NONE', #2128, #10590 ) ;
#8525 = CARTESIAN_POINT ( 'NONE',  ( 0.3624999999999997100, -0.1228282661284085800, -0.03749999999999999900 ) ) ;
#8526 = PLANE ( 'NONE',  #5178 ) ;
#8527 = EDGE_CURVE ( 'NONE', #3142, #9470, #10631, .T. ) ;
#8528 = DIRECTION ( 'NONE',  ( 1.000000000000000000, -0.0000000000000000000, -0.0000000000000000000 ) ) ;
#8529 = DIRECTION ( 'NONE',  ( -1.000000000000000000, 0.0000000000000000000, 0.0000000000000000000 ) ) ;
#8530 = ADVANCED_FACE ( 'NONE', ( #10896 ), #5382, .T. ) ;
#8531 = VECTOR ( 'NONE', #357, 39.37007874015748100 ) ;
#8532 = FACE_OUTER_BOUND ( 'NONE', #6513, .T. ) ;
#8533 = DIRECTION ( 'NONE',  ( 0.0000000000000000000, -1.000000000000000000, 0.0000000000000000000 ) ) ;
#8534 = DIRECTION ( 'NONE',  ( 1.000000000000000000, 0.0000000000000000000, 0.0000000000000000000 ) ) ;
#8535 = PLANE ( 'NONE',  #10364 ) ;
#8536 = VERTEX_POINT ( 'NONE', #1937 ) ;
#8537 = VECTOR ( 'NONE', #6712, 39.37007874015748100 ) ;
#8538 = ORIENTED_EDGE ( 'NONE', *, *, #6760, .T. ) ;
#8539 = CARTESIAN_POINT ( 'NONE',  ( -0.1624999999999999800, -0.1228282661284085800, 0.06250000000000001400 ) ) ;
#8540 = VERTEX_POINT ( 'NONE', #8859 ) ;
#8541 = VERTEX_POINT ( 'NONE', #8928 ) ;
#8542 = CARTESIAN_POINT ( 'NONE',  ( 0.4374999999999997200, 0.3128282661284084700, -0.06250000000000001400 ) ) ;
#8543 = ORIENTED_EDGE ( 'NONE', *, *, #7418, .T. ) ;
#8544 = DIRECTION ( 'NONE',  ( -1.000000000000000000, 0.0000000000000000000, -0.0000000000000000000 ) ) ;
#8545 = LINE ( 'NONE', #10568, #10606 ) ;
#8546 = PLANE ( 'NONE',  #8589 ) ;
#8547 = LINE ( 'NONE', #10482, #2176 ) ;
#8548 = DIRECTION ( 'NONE',  ( 1.000000000000000000, 0.0000000000000000000, 0.0000000000000000000 ) ) ;
#8549 = VERTEX_POINT ( 'NONE', #7195 ) ;
#8550 = LINE ( 'NONE', #8446, #10207 ) ;
#8551 = ORIENTED_EDGE ( 'NONE', *, *, #4876, .F. ) ;
#8552 = ORIENTED_EDGE ( 'NONE', *, *, #125, .F. ) ;
#8553 = VERTEX_POINT ( 'NONE', #3593 ) ;
#8554 = DIRECTION ( 'NONE',  ( 0.0000000000000000000, -1.000000000000000000, 0.0000000000000000000 ) ) ;
#8555 = VECTOR ( 'NONE', #8581, 39.37007874015748100 ) ;
#8556 = CARTESIAN_POINT ( 'NONE',  ( -0.1000000000000000100, 0.04999999999999998200, 0.1324999999999999800 ) ) ;
#8557 = EDGE_CURVE ( 'NONE', #11013, #5674, #809, .T. ) ;
#8558 = CARTESIAN_POINT ( 'NONE',  ( 0.0000000000000000000, 0.09999999999999996400, 0.03749999999999999900 ) ) ;
#8559 = ORIENTED_EDGE ( 'NONE', *, *, #11162, .T. ) ;
#8560 = ORIENTED_EDGE ( 'NONE', *, *, #9978, .F. ) ;
#8561 = ORIENTED_EDGE ( 'NONE', *, *, #2310, .T. ) ;
#8562 = ORIENTED_EDGE ( 'NONE', *, *, #4567, .T. ) ;
#8563 = ORIENTED_EDGE ( 'NONE', *, *, #10041, .F. ) ;
#8564 = EDGE_LOOP ( 'NONE', ( #6614, #1658, #9250, #10293 ) ) ;
#8565 = ORIENTED_EDGE ( 'NONE', *, *, #8069, .F. ) ;
#8566 = LINE ( 'NONE', #9323, #103 ) ;
#8567 = CARTESIAN_POINT ( 'NONE',  ( -0.2375000000000002900, 0.3128282661284084700, -0.06250000000000001400 ) ) ;
#8568 = VERTEX_POINT ( 'NONE', #3697 ) ;
#8569 = CARTESIAN_POINT ( 'NONE',  ( 0.8999999999999996900, -0.1400000000000000100, -0.1000000000000000100 ) ) ;
#8570 = VERTEX_POINT ( 'NONE', #9744 ) ;
#8571 = ORIENTED_EDGE ( 'NONE', *, *, #6369, .T. ) ;
#8572 = ORIENTED_EDGE ( 'NONE', *, *, #9334, .T. ) ;
#8573 = EDGE_LOOP ( 'NONE', ( #11199, #1244, #8389, #4797 ) ) ;
#8574 = EDGE_LOOP ( 'NONE', ( #6371, #1117, #3585, #2929 ) ) ;
#8575 = FACE_OUTER_BOUND ( 'NONE', #6003, .T. ) ;
#8576 = DIRECTION ( 'NONE',  ( 0.0000000000000000000, 0.0000000000000000000, 1.000000000000000000 ) ) ;
#8577 = CARTESIAN_POINT ( 'NONE',  ( 0.3374999999999996900, -0.01499999999999997700, -0.03749999999999999900 ) ) ;
#8578 = CARTESIAN_POINT ( 'NONE',  ( 0.2375000000000000700, 0.3299999999999999600, 0.04375000000000003900 ) ) ;
#8579 = ORIENTED_EDGE ( 'NONE', *, *, #43, .T. ) ;
#8580 = LINE ( 'NONE', #4217, #4156 ) ;
#8581 = DIRECTION ( 'NONE',  ( 0.0000000000000000000, 0.0000000000000000000, -1.000000000000000000 ) ) ;
#8582 = PLANE ( 'NONE',  #6734 ) ;
#8583 = ORIENTED_EDGE ( 'NONE', *, *, #9179, .T. ) ;
#8584 = ADVANCED_FACE ( 'NONE', ( #4405 ), #5340, .T. ) ;
#8585 = EDGE_CURVE ( 'NONE', #8166, #9569, #6912, .T. ) ;
#8586 = VERTEX_POINT ( 'NONE', #5414 ) ;
#8587 = EDGE_LOOP ( 'NONE', ( #2449, #9531, #5153, #10638 ) ) ;
#8588 = ORIENTED_EDGE ( 'NONE', *, *, #222, .F. ) ;
#8589 = AXIS2_PLACEMENT_3D ( 'NONE', #5870, #8507, #5836 ) ;
#8590 = LINE ( 'NONE', #4415, #9698 ) ;
#8591 = CARTESIAN_POINT ( 'NONE',  ( -0.06249999999999995100, 0.3299999999999999600, 0.06250000000000001400 ) ) ;
#8592 = VECTOR ( 'NONE', #65, 39.37007874015748100 ) ;
#8593 = EDGE_CURVE ( 'NONE', #9085, #247, #9115, .T. ) ;
#8594 = CARTESIAN_POINT ( 'NONE',  ( 0.04374999999999977500, -0.1400000000000000100, -0.04375000000000003900 ) ) ;
#8595 = ADVANCED_FACE ( 'NONE', ( #5493 ), #10586, .F. ) ;
#8596 = CARTESIAN_POINT ( 'NONE',  ( 0.8999999999999996900, 0.3299999999999999600, -0.1000000000000000100 ) ) ;
#8597 = ORIENTED_EDGE ( 'NONE', *, *, #7158, .F. ) ;
#8598 = VERTEX_POINT ( 'NONE', #27 ) ;
#8599 = DIRECTION ( 'NONE',  ( 1.000000000000000000, 0.0000000000000000000, 0.0000000000000000000 ) ) ;
#8600 = ORIENTED_EDGE ( 'NONE', *, *, #6143, .T. ) ;
#8601 = LINE ( 'NONE', #7185, #9571 ) ;
#8602 =( CONVERSION_BASED_UNIT ( 'INCH', #7538 ) LENGTH_UNIT ( ) NAMED_UNIT ( #7168 ) );
#8603 = DIRECTION ( 'NONE',  ( 0.0000000000000000000, -1.000000000000000000, 0.0000000000000000000 ) ) ;
#8604 = ORIENTED_EDGE ( 'NONE', *, *, #8315, .T. ) ;
#8605 = EDGE_CURVE ( 'NONE', #9814, #9111, #3850, .T. ) ;
#8606 = LINE ( 'NONE', #6258, #3613 ) ;
#8607 = DIRECTION ( 'NONE',  ( 0.3236155771181856200, -0.8891264907159877100, 0.3236155771181856200 ) ) ;
#8608 = ORIENTED_EDGE ( 'NONE', *, *, #3240, .F. ) ;
#8609 = EDGE_LOOP ( 'NONE', ( #7482, #10334, #5347, #1407 ) ) ;
#8610 = DIRECTION ( 'NONE',  ( -0.3236155771181856200, 0.8891264907159877100, 0.3236155771181856200 ) ) ;
#8611 = ADVANCED_FACE ( 'NONE', ( #3029 ), #3549, .T. ) ;
#8612 = CARTESIAN_POINT ( 'NONE',  ( 0.06249999999999974300, -0.01499999999999997700, -0.06250000000000001400 ) ) ;
#8613 =( LENGTH_UNIT ( ) NAMED_UNIT ( * ) SI_UNIT ( $, .METRE. ) );
#8614 = EDGE_CURVE ( 'NONE', #2591, #3442, #2346, .T. ) ;
#8615 = DIRECTION ( 'NONE',  ( 0.0000000000000000000, 0.0000000000000000000, -1.000000000000000000 ) ) ;
#8616 = LINE ( 'NONE', #7518, #5979 ) ;
#8617 = PLANE ( 'NONE',  #1456 ) ;
#8618 = DIRECTION ( 'NONE',  ( -0.0000000000000000000, 0.0000000000000000000, 1.000000000000000000 ) ) ;
#8619 = CARTESIAN_POINT ( 'NONE',  ( -0.4625000000000003000, 0.3299999999999999600, -0.06250000000000001400 ) ) ;
#8620 = EDGE_CURVE ( 'NONE', #3504, #4690, #6213, .T. ) ;
#8621 = CARTESIAN_POINT ( 'NONE',  ( -0.06249999999999995100, -0.1228282661284085800, 0.06250000000000001400 ) ) ;
#8622 = DIRECTION ( 'NONE',  ( -1.000000000000000000, 0.0000000000000000000, 0.0000000000000000000 ) ) ;
#8623 = LINE ( 'NONE', #888, #10421 ) ;
#8624 = CARTESIAN_POINT ( 'NONE',  ( 0.1624999999999997000, -0.1228282661284085800, -0.03749999999999999900 ) ) ;
#8625 = EDGE_CURVE ( 'NONE', #5920, #7600, #4536, .T. ) ;
#8626 = CARTESIAN_POINT ( 'NONE',  ( 0.5424999999999997600, 0.3499999999999999800, 0.1499999999999999700 ) ) ;
#8627 = FACE_OUTER_BOUND ( 'NONE', #1203, .T. ) ;
#8628 = DIRECTION ( 'NONE',  ( 1.000000000000000000, 0.0000000000000000000, 0.0000000000000000000 ) ) ;
#8629 = ORIENTED_EDGE ( 'NONE', *, *, #9196, .T. ) ;
#8630 = VECTOR ( 'NONE', #9997, 39.37007874015748100 ) ;
#8631 = PLANE ( 'NONE',  #8930 ) ;
#8632 = AXIS2_PLACEMENT_3D ( 'NONE', #1728, #6246, #3490 ) ;
#8633 = DIRECTION ( 'NONE',  ( 0.0000000000000000000, 0.0000000000000000000, -1.000000000000000000 ) ) ;
#8634 = ORIENTED_EDGE ( 'NONE', *, *, #7796, .T. ) ;
#8636 = ADVANCED_FACE ( 'NONE', ( #7460 ), #1144, .F. ) ;
#8635 = VECTOR ( 'NONE', #5897, 39.37007874015748100 ) ;
#8637 = EDGE_CURVE ( 'NONE', #5315, #10553, #9942, .T. ) ;
#8638 = DIRECTION ( 'NONE',  ( 0.0000000000000000000, -0.0000000000000000000, -1.000000000000000000 ) ) ;
#8639 = DIRECTION ( 'NONE',  ( -1.000000000000000000, 0.0000000000000000000, 0.0000000000000000000 ) ) ;
#8640 = FILL_AREA_STYLE ('',( #4200 ) ) ;
#8641 = DIRECTION ( 'NONE',  ( 1.000000000000000000, 0.0000000000000000000, 0.0000000000000000000 ) ) ;
#8642 = VECTOR ( 'NONE', #11292, 39.37007874015748100 ) ;
#8643 = PLANE ( 'NONE',  #2705 ) ;
#8644 = MECHANICAL_DESIGN_GEOMETRIC_PRESENTATION_REPRESENTATION (  '', ( #769 ), #1147 ) ;
#8645 = ADVANCED_FACE ( 'NONE', ( #1522 ), #10881, .T. ) ;
#8646 = VECTOR ( 'NONE', #10263, 39.37007874015748100 ) ;
#8647 = FACE_BOUND ( 'NONE', #3405, .T. ) ;
#8648 = CARTESIAN_POINT ( 'NONE',  ( 0.2375000000000000700, -0.1228282661284084400, 0.03749999999999999900 ) ) ;
#8649 = PLANE ( 'NONE',  #4570 ) ;
#8650 = DIRECTION ( 'NONE',  ( 0.0000000000000000000, 0.0000000000000000000, -1.000000000000000000 ) ) ;
#8651 = LINE ( 'NONE', #1255, #4080 ) ;
#8652 = VECTOR ( 'NONE', #1691, 39.37007874015748100 ) ;
#8653 = EDGE_CURVE ( 'NONE', #2994, #368, #10224, .T. ) ;
#8654 = LINE ( 'NONE', #3077, #7827 ) ;
#8655 = LINE ( 'NONE', #9966, #4094 ) ;
#8656 = ADVANCED_FACE ( 'NONE', ( #4142 ), #6541, .T. ) ;
#8657 = EDGE_CURVE ( 'NONE', #4152, #696, #7181, .T. ) ;
#8658 = CARTESIAN_POINT ( 'NONE',  ( 0.0000000000000000000, 0.0000000000000000000, -0.06250000000000001400 ) ) ;
#8659 = VECTOR ( 'NONE', #1552, 39.37007874015748100 ) ;
#8660 = CARTESIAN_POINT ( 'NONE',  ( 0.06249999999999974300, -0.1228282661284085800, -0.03749999999999999900 ) ) ;
#8661 = CARTESIAN_POINT ( 'NONE',  ( -0.3625000000000003200, 0.3128282661284084700, -0.03749999999999999900 ) ) ;
#8662 = ORIENTED_EDGE ( 'NONE', *, *, #2421, .T. ) ;
#8663 = LINE ( 'NONE', #10741, #7428 ) ;
#8664 = VERTEX_POINT ( 'NONE', #1234 ) ;
#8665 = ORIENTED_EDGE ( 'NONE', *, *, #10143, .F. ) ;
#8666 = EDGE_CURVE ( 'NONE', #4976, #5949, #4948, .T. ) ;
#8667 = DIRECTION ( 'NONE',  ( 1.000000000000000000, 0.0000000000000000000, 0.0000000000000000000 ) ) ;
#8668 = VECTOR ( 'NONE', #1808, 39.37007874015748100 ) ;
#8669 = VERTEX_POINT ( 'NONE', #2092 ) ;
#8670 = UNCERTAINTY_MEASURE_WITH_UNIT (LENGTH_MEASURE( 1.000000000000000100E-005 ), #2965, 'distance_accuracy_value', 'NONE');
#8671 = VECTOR ( 'NONE', #2446, 39.37007874015748100 ) ;
#8672 = VECTOR ( 'NONE', #8744, 39.37007874015748100 ) ;
#8673 = DIRECTION ( 'NONE',  ( -1.000000000000000000, 0.0000000000000000000, 0.0000000000000000000 ) ) ;
#8674 = EDGE_CURVE ( 'NONE', #153, #5921, #3174, .T. ) ;
#8675 = ORIENTED_EDGE ( 'NONE', *, *, #10218, .F. ) ;
#8676 = LINE ( 'NONE', #9185, #6745 ) ;
#8677 = ORIENTED_EDGE ( 'NONE', *, *, #10078, .T. ) ;
#8678 = DIRECTION ( 'NONE',  ( -1.000000000000000000, 0.0000000000000000000, -0.0000000000000000000 ) ) ;
#8679 = ORIENTED_EDGE ( 'NONE', *, *, #723, .T. ) ;
#8680 = DIRECTION ( 'NONE',  ( -0.0000000000000000000, 1.000000000000000000, -0.0000000000000000000 ) ) ;
#8681 = ORIENTED_EDGE ( 'NONE', *, *, #4631, .T. ) ;
#8682 = DIRECTION ( 'NONE',  ( 0.0000000000000000000, 0.0000000000000000000, -1.000000000000000000 ) ) ;
#8683 = LINE ( 'NONE', #6256, #6902 ) ;
#8684 = FILL_AREA_STYLE ('',( #1665 ) ) ;
#8685 = PLANE ( 'NONE',  #4775 ) ;
#8686 = DIRECTION ( 'NONE',  ( 0.3236155771181846200, -0.8891264907159883700, -0.3236155771181846200 ) ) ;
#8687 = VERTEX_POINT ( 'NONE', #248 ) ;
#8688 = CARTESIAN_POINT ( 'NONE',  ( 0.4625000000000001300, 0.09999999999999996400, 0.0000000000000000000 ) ) ;
#8689 = ORIENTED_EDGE ( 'NONE', *, *, #8371, .T. ) ;
#8690 = ORIENTED_EDGE ( 'NONE', *, *, #10381, .T. ) ;
#8691 = CARTESIAN_POINT ( 'NONE',  ( -0.4624999999999999700, -0.1228282661284085800, 0.03749999999999999900 ) ) ;
#8692 = ORIENTED_EDGE ( 'NONE', *, *, #10852, .T. ) ;
#8693 = ORIENTED_EDGE ( 'NONE', *, *, #6415, .F. ) ;
#8694 = ORIENTED_EDGE ( 'NONE', *, *, #8949, .F. ) ;
#8695 = LINE ( 'NONE', #9014, #7318 ) ;
#8696 = VECTOR ( 'NONE', #9363, 39.37007874015748100 ) ;
#8697 = DIRECTION ( 'NONE',  ( -0.0000000000000000000, 1.000000000000000000, 0.0000000000000000000 ) ) ;
#8698 = AXIS2_PLACEMENT_3D ( 'NONE', #3247, #4936, #5803 ) ;
#8699 = CARTESIAN_POINT ( 'NONE',  ( -0.06249999999999995100, 0.3299999999999999600, 0.04375000000000003900 ) ) ;
#8700 = ORIENTED_EDGE ( 'NONE', *, *, #11068, .T. ) ;
#8701 = ORIENTED_EDGE ( 'NONE', *, *, #6581, .T. ) ;
#8702 = ORIENTED_EDGE ( 'NONE', *, *, #6950, .T. ) ;
#8703 = EDGE_LOOP ( 'NONE', ( #8873, #5243, #9852, #8308 ) ) ;
#8704 = VERTEX_POINT ( 'NONE', #2970 ) ;
#8705 = ADVANCED_FACE ( 'NONE', ( #1229 ), #6448, .F. ) ;
#8706 = DIRECTION ( 'NONE',  ( -1.000000000000000000, 0.0000000000000000000, 0.0000000000000000000 ) ) ;
#8707 = VECTOR ( 'NONE', #4934, 39.37007874015748100 ) ;
#8708 = DIRECTION ( 'NONE',  ( -1.000000000000000000, 0.0000000000000000000, -0.0000000000000000000 ) ) ;
#8709 = EDGE_LOOP ( 'NONE', ( #5490, #1489, #7745, #3572 ) ) ;
#8710 = ADVANCED_FACE ( 'NONE', ( #4669 ), #6494, .T. ) ;
#8711 = VECTOR ( 'NONE', #3510, 39.37007874015748100 ) ;
#8712 = EDGE_CURVE ( 'NONE', #4841, #8963, #11472, .T. ) ;
#8713 = CARTESIAN_POINT ( 'NONE',  ( -0.2625000000000002900, -0.1228282661284085800, -0.03749999999999999900 ) ) ;
#8714 = DIRECTION ( 'NONE',  ( -0.0000000000000000000, 0.0000000000000000000, 1.000000000000000000 ) ) ;
#8715 = PLANE ( 'NONE',  #5806 ) ;
#8716 = ORIENTED_EDGE ( 'NONE', *, *, #7679, .F. ) ;
#8717 = ORIENTED_EDGE ( 'NONE', *, *, #3864, .T. ) ;
#8718 = VERTEX_POINT ( 'NONE', #5575 ) ;
#8719 = AXIS2_PLACEMENT_3D ( 'NONE', #3785, #10818, #9028 ) ;
#8720 = VECTOR ( 'NONE', #8987, 39.37007874015748100 ) ;
#8721 = EDGE_CURVE ( 'NONE', #10361, #4785, #9408, .T. ) ;
#8722 = DIRECTION ( 'NONE',  ( 0.3236155771181856200, -0.8891264907159877100, 0.3236155771181856200 ) ) ;
#8723 = ADVANCED_FACE ( 'NONE', ( #8843 ), #2004, .F. ) ;
#8724 = DIRECTION ( 'NONE',  ( 0.0000000000000000000, -0.0000000000000000000, -1.000000000000000000 ) ) ;
#8725 = ORIENTED_EDGE ( 'NONE', *, *, #8593, .F. ) ;
#8726 = LINE ( 'NONE', #4708, #5663 ) ;
#8727 = DIRECTION ( 'NONE',  ( 0.0000000000000000000, 0.0000000000000000000, 1.000000000000000000 ) ) ;
#8728 = CARTESIAN_POINT ( 'NONE',  ( -0.1000000000000000900, 0.3499999999999999800, 0.1324999999999999800 ) ) ;
#8729 =( LENGTH_UNIT ( ) NAMED_UNIT ( * ) SI_UNIT ( $, .METRE. ) );
#8730 = VERTEX_POINT ( 'NONE', #7305 ) ;
#8731 = ORIENTED_EDGE ( 'NONE', *, *, #591, .F. ) ;
#8732 = ORIENTED_EDGE ( 'NONE', *, *, #3305, .T. ) ;
#8733 = VECTOR ( 'NONE', #6043, 39.37007874015748100 ) ;
#8734 =( NAMED_UNIT ( * ) SI_UNIT ( $, .STERADIAN. ) SOLID_ANGLE_UNIT ( ) );
#8735 = CARTESIAN_POINT ( 'NONE',  ( -0.0000000000000000000, 0.0000000000000000000, 0.03749999999999999900 ) ) ;
#8736 = ORIENTED_EDGE ( 'NONE', *, *, #8739, .T. ) ;
#8737 = LINE ( 'NONE', #221, #9702 ) ;
#8738 = PLANE ( 'NONE',  #4345 ) ;
#8739 = EDGE_CURVE ( 'NONE', #8475, #2331, #8566, .T. ) ;
#8740 = DIRECTION ( 'NONE',  ( 1.000000000000000000, 0.0000000000000000000, 0.0000000000000000000 ) ) ;
#8741 =( GEOMETRIC_REPRESENTATION_CONTEXT ( 3 ) GLOBAL_UNCERTAINTY_ASSIGNED_CONTEXT ( ( #7483 ) ) GLOBAL_UNIT_ASSIGNED_CONTEXT ( ( #3904, #7311, #255 ) ) REPRESENTATION_CONTEXT ( 'NONE', 'WORKASPACE' ) );
#8742 = ORIENTED_EDGE ( 'NONE', *, *, #9853, .F. ) ;
#8743 = FACE_OUTER_BOUND ( 'NONE', #8025, .T. ) ;
#8744 = DIRECTION ( 'NONE',  ( -1.000000000000000000, 0.0000000000000000000, 0.0000000000000000000 ) ) ;
#8745 = ORIENTED_EDGE ( 'NONE', *, *, #749, .F. ) ;
#8746 = FACE_OUTER_BOUND ( 'NONE', #2342, .T. ) ;
#8747 = EDGE_CURVE ( 'NONE', #2490, #9785, #2485, .T. ) ;
#8748 = DIRECTION ( 'NONE',  ( 2.731847993664263200E-016, 0.0000000000000000000, 1.000000000000000000 ) ) ;
#8749 = DIRECTION ( 'NONE',  ( 0.0000000000000000000, 0.0000000000000000000, 1.000000000000000000 ) ) ;
#8750 = CARTESIAN_POINT ( 'NONE',  ( 0.03750000000000007500, -0.1228282661284084400, 0.06250000000000001400 ) ) ;
#8751 = EDGE_LOOP ( 'NONE', ( #10360, #4502, #8070, #4808 ) ) ;
#8752 = CARTESIAN_POINT ( 'NONE',  ( -0.5150000000000004600, 0.0000000000000000000, -0.08499999999999811900 ) ) ;
#8753 = ORIENTED_EDGE ( 'NONE', *, *, #9117, .T. ) ;
#8754 = CARTESIAN_POINT ( 'NONE',  ( -0.06249999999999995100, -0.1228282661284085800, 0.03749999999999999900 ) ) ;
#8755 = CARTESIAN_POINT ( 'NONE',  ( 0.4374999999999997200, 0.3128282661284084700, -0.06250000000000001400 ) ) ;
#8756 = VECTOR ( 'NONE', #3041, 39.37007874015748100 ) ;
#8757 = EDGE_CURVE ( 'NONE', #6942, #7709, #6488, .T. ) ;
#8758 = CARTESIAN_POINT ( 'NONE',  ( 0.03749999999999973500, 0.3128282661284084700, -0.03749999999999999900 ) ) ;
#8759 = FACE_OUTER_BOUND ( 'NONE', #6181, .T. ) ;
#8760 = CARTESIAN_POINT ( 'NONE',  ( -0.4375000000000003300, -0.01499999999999997700, -0.06250000000000001400 ) ) ;
#8761 = DIRECTION ( 'NONE',  ( -1.000000000000000000, 0.0000000000000000000, -0.0000000000000000000 ) ) ;
#8762 = PLANE ( 'NONE',  #6456 ) ;
#8763 = DIRECTION ( 'NONE',  ( 0.0000000000000000000, -1.000000000000000000, 0.0000000000000000000 ) ) ;
#8764 = DIRECTION ( 'NONE',  ( -1.000000000000000000, 0.0000000000000000000, 0.0000000000000000000 ) ) ;
#8765 = ORIENTED_EDGE ( 'NONE', *, *, #3416, .T. ) ;
#8766 = LINE ( 'NONE', #4270, #11390 ) ;
#8767 = DIRECTION ( 'NONE',  ( 1.000000000000000000, 0.0000000000000000000, 0.0000000000000000000 ) ) ;
#8768 = DIRECTION ( 'NONE',  ( -1.000000000000000000, 0.0000000000000000000, 0.0000000000000000000 ) ) ;
#8769 = ADVANCED_FACE ( 'NONE', ( #7057 ), #10956, .T. ) ;
#8770 = EDGE_CURVE ( 'NONE', #2207, #9096, #5203, .T. ) ;
#8771 = CARTESIAN_POINT ( 'NONE',  ( -0.5250000000000003600, 0.09999999999999996400, 0.1324999999999999500 ) ) ;
#8772 = AXIS2_PLACEMENT_3D ( 'NONE', #8829, #9896, #7360 ) ;
#8773 = CARTESIAN_POINT ( 'NONE',  ( -0.3624999999999999300, -0.01499999999999997700, 0.06250000000000001400 ) ) ;
#8774 = ORIENTED_EDGE ( 'NONE', *, *, #6287, .T. ) ;
#8775 = ADVANCED_FACE ( 'NONE', ( #244 ), #3968, .F. ) ;
#8776 = LINE ( 'NONE', #6945, #4066 ) ;
#8777 = VERTEX_POINT ( 'NONE', #4920 ) ;
#8778 = DIRECTION ( 'NONE',  ( -0.3236155771181856200, 0.8891264907159877100, 0.3236155771181856200 ) ) ;
#8779 = FACE_OUTER_BOUND ( 'NONE', #4945, .T. ) ;
#8780 = CARTESIAN_POINT ( 'NONE',  ( 0.1374999999999997100, 0.3128282661284084700, -0.06250000000000001400 ) ) ;
#8781 = ORIENTED_EDGE ( 'NONE', *, *, #9262, .F. ) ;
#8782 = FACE_BOUND ( 'NONE', #484, .T. ) ;
#8783 = CARTESIAN_POINT ( 'NONE',  ( -0.0000000000000000000, 0.0000000000000000000, -0.03749999999999999900 ) ) ;
#8784 = VECTOR ( 'NONE', #920, 39.37007874015748100 ) ;
#8785 = LINE ( 'NONE', #7643, #5578 ) ;
#8786 = LINE ( 'NONE', #3535, #11133 ) ;
#8787 = AXIS2_PLACEMENT_3D ( 'NONE', #8079, #9826, #10697 ) ;
#8788 = CARTESIAN_POINT ( 'NONE',  ( 0.03750000000000007500, -0.01499999999999997700, 0.06250000000000001400 ) ) ;
#8789 = PLANE ( 'NONE',  #8772 ) ;
#8790 = CARTESIAN_POINT ( 'NONE',  ( -0.4625000000000003000, -0.01499999999999997700, -0.06250000000000001400 ) ) ;
#8791 = PLANE ( 'NONE',  #621 ) ;
#8792 = VECTOR ( 'NONE', #11272, 39.37007874015748100 ) ;
#8793 = EDGE_CURVE ( 'NONE', #1500, #9413, #3165, .T. ) ;
#8794 = SURFACE_STYLE_FILL_AREA ( #4898 ) ;
#8795 = DIRECTION ( 'NONE',  ( 1.000000000000000000, 0.0000000000000000000, 0.0000000000000000000 ) ) ;
#8796 = DIRECTION ( 'NONE',  ( 0.0000000000000000000, -1.000000000000000000, 0.0000000000000000000 ) ) ;
#8797 = LENGTH_MEASURE_WITH_UNIT ( LENGTH_MEASURE( 0.02539999999999999900 ), #8729 );
#8798 = FACE_OUTER_BOUND ( 'NONE', #8134, .T. ) ;
#8799 = CARTESIAN_POINT ( 'NONE',  ( 0.5150000000000000100, 0.0000000000000000000, -0.1000000000000000100 ) ) ;
#8800 = CARTESIAN_POINT ( 'NONE',  ( -0.4625000000000003000, 0.3299999999999999600, -0.05624999999999997400 ) ) ;
#8801 = DIRECTION ( 'NONE',  ( -0.0000000000000000000, 0.3420201433256686000, 0.9396926207859085400 ) ) ;
#8802 = EDGE_CURVE ( 'NONE', #8664, #1648, #2334, .T. ) ;
#8803 = VECTOR ( 'NONE', #10120, 39.37007874015748100 ) ;
#8804 = FACE_OUTER_BOUND ( 'NONE', #1938, .T. ) ;
#8805 = ORIENTED_EDGE ( 'NONE', *, *, #4433, .F. ) ;
#8806 = FACE_OUTER_BOUND ( 'NONE', #3584, .T. ) ;
#8807 = ORIENTED_EDGE ( 'NONE', *, *, #450, .F. ) ;
#8808 = ORIENTED_EDGE ( 'NONE', *, *, #1727, .T. ) ;
#8809 = EDGE_LOOP ( 'NONE', ( #3019, #1492, #929, #9696 ) ) ;
#8810 = EDGE_CURVE ( 'NONE', #10346, #5763, #4654, .T. ) ;
#8811 = VERTEX_POINT ( 'NONE', #6662 ) ;
#8812 = CARTESIAN_POINT ( 'NONE',  ( 0.4437499999999997600, -0.1400000000000000100, -0.06250000000000001400 ) ) ;
#8813 = VECTOR ( 'NONE', #854, 39.37007874015748100 ) ;
#8814 = DIRECTION ( 'NONE',  ( 0.0000000000000000000, 0.3420201433256686000, -0.9396926207859085400 ) ) ;
#8815 = FACE_OUTER_BOUND ( 'NONE', #4348, .T. ) ;
#8816 = ADVANCED_FACE ( 'NONE', ( #1921 ), #8426, .T. ) ;
#8817 = LINE ( 'NONE', #8539, #2725 ) ;
#8818 = ORIENTED_EDGE ( 'NONE', *, *, #2188, .F. ) ;
#8819 = LINE ( 'NONE', #690, #6468 ) ;
#8820 = EDGE_CURVE ( 'NONE', #4576, #8970, #4268, .T. ) ;
#8821 = EDGE_LOOP ( 'NONE', ( #310, #5558, #7907, #6454 ) ) ;
#8822 = ORIENTED_EDGE ( 'NONE', *, *, #7187, .T. ) ;
#8823 = ORIENTED_EDGE ( 'NONE', *, *, #1021, .T. ) ;
#8824 = CARTESIAN_POINT ( 'NONE',  ( -0.06249999999999995100, -4.268512490100411300E-018, 0.06250000000000001400 ) ) ;
#8825 = FACE_OUTER_BOUND ( 'NONE', #7743, .T. ) ;
#8826 = DIRECTION ( 'NONE',  ( 1.000000000000000000, 0.0000000000000000000, 0.0000000000000000000 ) ) ;
#8827 = DIRECTION ( 'NONE',  ( -1.000000000000000000, 0.0000000000000000000, -0.0000000000000000000 ) ) ;
#8828 = ADVANCED_FACE ( 'NONE', ( #9102 ), #1353, .F. ) ;
#8829 = CARTESIAN_POINT ( 'NONE',  ( -0.1624999999999999800, -0.1228282661284085800, 0.03749999999999999900 ) ) ;
#8830 = EDGE_CURVE ( 'NONE', #2056, #11439, #11034, .T. ) ;
#8831 = PLANE ( 'NONE',  #4878 ) ;
#8832 = ORIENTED_EDGE ( 'NONE', *, *, #4870, .F. ) ;
#8833 = DIRECTION ( 'NONE',  ( -1.000000000000000000, 0.0000000000000000000, 0.0000000000000000000 ) ) ;
#8834 = STYLED_ITEM ( 'NONE', ( #3756 ), #7121 ) ;
#8835 = ORIENTED_EDGE ( 'NONE', *, *, #1475, .F. ) ;
#8836 = ORIENTED_EDGE ( 'NONE', *, *, #203, .T. ) ;
#8837 = VERTEX_POINT ( 'NONE', #10159 ) ;
#8838 = ORIENTED_EDGE ( 'NONE', *, *, #4096, .T. ) ;
#8839 = CARTESIAN_POINT ( 'NONE',  ( 0.3374999999999996900, 0.3128282661284084700, -0.03749999999999999900 ) ) ;
#8840 = VERTEX_POINT ( 'NONE', #3929 ) ;
#8841 = LINE ( 'NONE', #1791, #5638 ) ;
#8842 = DIRECTION ( 'NONE',  ( 0.0000000000000000000, 0.0000000000000000000, 1.000000000000000000 ) ) ;
#8843 = FACE_OUTER_BOUND ( 'NONE', #11357, .T. ) ;
#8844 = CARTESIAN_POINT ( 'NONE',  ( -0.3625000000000003200, -0.1228282661284084400, -0.06250000000000001400 ) ) ;
#8845 = EDGE_CURVE ( 'NONE', #117, #9266, #1653, .T. ) ;
#8846 = DIRECTION ( 'NONE',  ( -1.000000000000000000, 0.0000000000000000000, 0.0000000000000000000 ) ) ;
#8847 = ORIENTED_EDGE ( 'NONE', *, *, #6446, .F. ) ;
#8848 = CARTESIAN_POINT ( 'NONE',  ( 0.3374999999999996900, -0.1400000000000000100, -0.04375000000000003900 ) ) ;
#8849 = ORIENTED_EDGE ( 'NONE', *, *, #7583, .T. ) ;
#8850 = VERTEX_POINT ( 'NONE', #1306 ) ;
#8851 = ORIENTED_EDGE ( 'NONE', *, *, #11476, .T. ) ;
#8852 = ORIENTED_EDGE ( 'NONE', *, *, #811, .F. ) ;
#8853 = ORIENTED_EDGE ( 'NONE', *, *, #5082, .F. ) ;
#8854 = LINE ( 'NONE', #2440, #689 ) ;
#8855 = EDGE_LOOP ( 'NONE', ( #2045, #6106, #3440, #495 ) ) ;
#8856 = LINE ( 'NONE', #11253, #4817 ) ;
#8857 = DIRECTION ( 'NONE',  ( 0.0000000000000000000, 0.0000000000000000000, 1.000000000000000000 ) ) ;
#8858 = ORIENTED_EDGE ( 'NONE', *, *, #7247, .F. ) ;
#8859 = CARTESIAN_POINT ( 'NONE',  ( -0.1375000000000003200, 0.09999999999999996400, -0.03749999999999999900 ) ) ;
#8860 = ORIENTED_EDGE ( 'NONE', *, *, #2002, .T. ) ;
#8861 = ORIENTED_EDGE ( 'NONE', *, *, #6664, .F. ) ;
#8862 = VERTEX_POINT ( 'NONE', #7510 ) ;
#8863 = VECTOR ( 'NONE', #3456, 39.37007874015748100 ) ;
#8864 = EDGE_CURVE ( 'NONE', #7873, #11220, #5481, .T. ) ;
#8865 = CARTESIAN_POINT ( 'NONE',  ( -0.3624999999999999300, -0.1400000000000000100, 0.05624999999999997400 ) ) ;
#8866 = LINE ( 'NONE', #8612, #5521 ) ;
#8867 = CARTESIAN_POINT ( 'NONE',  ( 0.1375000000000000400, 0.09999999999999992200, 0.06250000000000001400 ) ) ;
#8868 = AXIS2_PLACEMENT_3D ( 'NONE', #1539, #10296, #3293 ) ;
#8869 = EDGE_CURVE ( 'NONE', #1009, #7865, #6341, .T. ) ;
#8870 = ORIENTED_EDGE ( 'NONE', *, *, #5677, .T. ) ;
#8871 = ORIENTED_EDGE ( 'NONE', *, *, #9035, .F. ) ;
#8872 = CARTESIAN_POINT ( 'NONE',  ( 0.3625000000000001000, 0.09999999999999996400, 0.0000000000000000000 ) ) ;
#8873 = ORIENTED_EDGE ( 'NONE', *, *, #8757, .T. ) ;
#8874 = DIRECTION ( 'NONE',  ( 1.000000000000000000, 0.0000000000000000000, 0.0000000000000000000 ) ) ;
#8875 = LINE ( 'NONE', #5371, #9011 ) ;
#8876 = CARTESIAN_POINT ( 'NONE',  ( 0.4625000000000001300, 0.3128282661284084700, 0.06250000000000001400 ) ) ;
#8877 = ORIENTED_EDGE ( 'NONE', *, *, #7478, .T. ) ;
#8878 = DIRECTION ( 'NONE',  ( 0.0000000000000000000, -0.0000000000000000000, 1.000000000000000000 ) ) ;
#8879 = LINE ( 'NONE', #1264, #1267 ) ;
#8880 = CARTESIAN_POINT ( 'NONE',  ( 0.03749999999999973500, -0.01499999999999997700, -0.03749999999999999900 ) ) ;
#8881 = DIRECTION ( 'NONE',  ( -0.0000000000000000000, 1.000000000000000000, -0.0000000000000000000 ) ) ;
#8882 = AXIS2_PLACEMENT_3D ( 'NONE', #7184, #7224, #7109 ) ;
#8883 = DIRECTION ( 'NONE',  ( 0.0000000000000000000, 1.000000000000000000, 0.0000000000000000000 ) ) ;
#8884 = CARTESIAN_POINT ( 'NONE',  ( 0.1624999999999997000, 0.3299999999999999600, -0.06250000000000001400 ) ) ;
#8885 = ADVANCED_FACE ( 'NONE', ( #7867 ), #11279, .T. ) ;
#8886 = ORIENTED_EDGE ( 'NONE', *, *, #4000, .T. ) ;
#8887 = ORIENTED_EDGE ( 'NONE', *, *, #9996, .T. ) ;
#8888 = CARTESIAN_POINT ( 'NONE',  ( -0.5750000000000001800, 0.3499999999999999800, 0.1825000000000000000 ) ) ;
#8889 = DIRECTION ( 'NONE',  ( 0.0000000000000000000, 0.0000000000000000000, -1.000000000000000000 ) ) ;
#8890 = VECTOR ( 'NONE', #5067, 39.37007874015748100 ) ;
#8891 = DIRECTION ( 'NONE',  ( -0.0000000000000000000, 1.000000000000000000, -0.0000000000000000000 ) ) ;
#8892 = EDGE_CURVE ( 'NONE', #2781, #8448, #10212, .T. ) ;
#8893 = LINE ( 'NONE', #3471, #1278 ) ;
#8894 = AXIS2_PLACEMENT_3D ( 'NONE', #8304, #431, #4833 ) ;
#8895 = ADVANCED_FACE ( 'NONE', ( #1214 ), #7810, .F. ) ;
#8896 = VECTOR ( 'NONE', #701, 39.37007874015748100 ) ;
#8897 = EDGE_CURVE ( 'NONE', #2778, #11106, #3835, .T. ) ;
#8898 = CARTESIAN_POINT ( 'NONE',  ( -0.06250000000000029100, 0.3299999999999999600, -0.06250000000000001400 ) ) ;
#8899 = LENGTH_MEASURE_WITH_UNIT ( LENGTH_MEASURE( 0.02539999999999999900 ), #11337 );
#8900 = CARTESIAN_POINT ( 'NONE',  ( 0.4416666666666657100, 0.2491666666666669800, -0.03416666666666554100 ) ) ;
#8901 = ORIENTED_EDGE ( 'NONE', *, *, #1161, .F. ) ;
#8902 = EDGE_CURVE ( 'NONE', #510, #3991, #6766, .T. ) ;
#8903 = AXIS2_PLACEMENT_3D ( 'NONE', #8799, #4466, #1705 ) ;
#8904 = VECTOR ( 'NONE', #9127, 39.37007874015748100 ) ;
#8905 = DIRECTION ( 'NONE',  ( 1.000000000000000000, 0.0000000000000000000, 0.0000000000000000000 ) ) ;
#8906 = EDGE_LOOP ( 'NONE', ( #2870, #9798, #7752, #2083 ) ) ;
#8907 = LINE ( 'NONE', #3578, #7935 ) ;
#8908 = CARTESIAN_POINT ( 'NONE',  ( 0.3375000000000000800, -0.1228282661284085800, 0.06250000000000001400 ) ) ;
#8909 = PLANE ( 'NONE',  #6779 ) ;
#8910 = DIRECTION ( 'NONE',  ( 0.0000000000000000000, 0.0000000000000000000, 1.000000000000000000 ) ) ;
#8911 = DIRECTION ( 'NONE',  ( 0.0000000000000000000, -1.000000000000000000, 0.0000000000000000000 ) ) ;
#8912 = ORIENTED_EDGE ( 'NONE', *, *, #62, .T. ) ;
#8913 = ORIENTED_EDGE ( 'NONE', *, *, #10612, .T. ) ;
#8914 = DIRECTION ( 'NONE',  ( 0.3236155771181846200, 0.8891264907159883700, -0.3236155771181846200 ) ) ;
#8915 = LENGTH_MEASURE_WITH_UNIT ( LENGTH_MEASURE( 0.02539999999999999900 ), #8229 );
#8916 = CARTESIAN_POINT ( 'NONE',  ( 0.1625000000000000300, 0.3299999999999999600, 0.06250000000000001400 ) ) ;
#8917 = CARTESIAN_POINT ( 'NONE',  ( 0.4598818239561616700, 0.3200216456890114800, 0.04011817604383839700 ) ) ;
#8918 = DIRECTION ( 'NONE',  ( 1.000000000000000000, 0.0000000000000000000, 0.0000000000000000000 ) ) ;
#8919 = DIRECTION ( 'NONE',  ( 1.000000000000000000, 0.0000000000000000000, 0.0000000000000000000 ) ) ;
#8920 = AXIS2_PLACEMENT_3D ( 'NONE', #3443, #10414, #6937 ) ;
#8921 = DIRECTION ( 'NONE',  ( 0.0000000000000000000, 0.0000000000000000000, -1.000000000000000000 ) ) ;
#8922 = VECTOR ( 'NONE', #1642, 39.37007874015748100 ) ;
#8923 = VECTOR ( 'NONE', #6251, 39.37007874015748100 ) ;
#8924 = LINE ( 'NONE', #7986, #4357 ) ;
#8925 = LINE ( 'NONE', #8691, #9892 ) ;
#8926 = EDGE_CURVE ( 'NONE', #10531, #67, #6067, .T. ) ;
#8927 = DIRECTION ( 'NONE',  ( 0.0000000000000000000, 0.0000000000000000000, -1.000000000000000000 ) ) ;
#8928 = CARTESIAN_POINT ( 'NONE',  ( 0.3624999999999997100, 0.09999999999999992200, -0.06250000000000001400 ) ) ;
#8929 = FACE_OUTER_BOUND ( 'NONE', #831, .T. ) ;
#8930 = AXIS2_PLACEMENT_3D ( 'NONE', #1601, #7706, #3338 ) ;
#8932 = ADVANCED_FACE ( 'NONE', ( #11175 ), #4964, .T. ) ;
#8931 = FACE_OUTER_BOUND ( 'NONE', #592, .T. ) ;
#8933 = EDGE_CURVE ( 'NONE', #6829, #6746, #10754, .T. ) ;
#8934 = LINE ( 'NONE', #640, #7701 ) ;
#8935 = CARTESIAN_POINT ( 'NONE',  ( -0.3437500000000003300, 0.3299999999999999600, -0.05624999999999997400 ) ) ;
#8936 = CARTESIAN_POINT ( 'NONE',  ( -0.1624999999999999800, 0.3128282661284084700, 0.06250000000000001400 ) ) ;
#8937 = LINE ( 'NONE', #1226, #8803 ) ;
#8938 = CARTESIAN_POINT ( 'NONE',  ( -0.06249999999999995100, 0.3128282661284084700, 0.06250000000000001400 ) ) ;
#8939 = AXIS2_PLACEMENT_3D ( 'NONE', #4996, #8544, #9325 ) ;
#8940 = DIRECTION ( 'NONE',  ( 0.0000000000000000000, 0.0000000000000000000, -1.000000000000000000 ) ) ;
#8941 = ADVANCED_FACE ( 'NONE', ( #8825 ), #603, .F. ) ;
#8942 = DIRECTION ( 'NONE',  ( 1.000000000000000000, 0.0000000000000000000, 0.0000000000000000000 ) ) ;
#8943 = ORIENTED_EDGE ( 'NONE', *, *, #2145, .T. ) ;
#8944 = VECTOR ( 'NONE', #10767, 39.37007874015748100 ) ;
#8945 = CARTESIAN_POINT ( 'NONE',  ( -0.5250000000000003600, 0.3325000000000001800, 0.1324999999999999500 ) ) ;
#8946 = ORIENTED_EDGE ( 'NONE', *, *, #6622, .T. ) ;
#8947 = ORIENTED_EDGE ( 'NONE', *, *, #3347, .T. ) ;
#8948 = EDGE_LOOP ( 'NONE', ( #7025, #2230, #159, #6085 ) ) ;
#8949 = EDGE_CURVE ( 'NONE', #2788, #6310, #10620, .T. ) ;
#8950 = VECTOR ( 'NONE', #9437, 39.37007874015748100 ) ;
#8951 = DIRECTION ( 'NONE',  ( -1.000000000000000000, 0.0000000000000000000, -0.0000000000000000000 ) ) ;
#8952 = DIRECTION ( 'NONE',  ( -1.000000000000000000, 0.0000000000000000000, 0.0000000000000000000 ) ) ;
#8953 = LINE ( 'NONE', #10214, #7984 ) ;
#8955 = VECTOR ( 'NONE', #4839, 39.37007874015748100 ) ;
#8954 = PRODUCT_DEFINITION_FORMATION_WITH_SPECIFIED_SOURCE ( 'ANY', '', #9965, .NOT_KNOWN. ) ;
#8956 = DIRECTION ( 'NONE',  ( 1.000000000000000000, 0.0000000000000000000, 0.0000000000000000000 ) ) ;
#8957 = AXIS2_PLACEMENT_3D ( 'NONE', #2615, #9761, #1846 ) ;
#8958 = EDGE_LOOP ( 'NONE', ( #1673, #11319, #9104, #4392 ) ) ;
#8959 = VECTOR ( 'NONE', #5722, 39.37007874015748100 ) ;
#8960 = ORIENTED_EDGE ( 'NONE', *, *, #623, .T. ) ;
#8961 = ORIENTED_EDGE ( 'NONE', *, *, #3046, .F. ) ;
#8962 = CARTESIAN_POINT ( 'NONE',  ( 0.1374999999999997100, -0.1228282661284084400, -0.03749999999999999900 ) ) ;
#8963 = VERTEX_POINT ( 'NONE', #10357 ) ;
#8964 = EDGE_CURVE ( 'NONE', #3508, #5682, #1366, .T. ) ;
#8965 = FACE_OUTER_BOUND ( 'NONE', #6075, .T. ) ;
#8966 = ORIENTED_EDGE ( 'NONE', *, *, #2679, .T. ) ;
#8967 = EDGE_CURVE ( 'NONE', #6205, #3181, #8421, .T. ) ;
#8968 = ORIENTED_EDGE ( 'NONE', *, *, #10266, .F. ) ;
#8969 = ORIENTED_EDGE ( 'NONE', *, *, #5872, .T. ) ;
#8970 = VERTEX_POINT ( 'NONE', #3236 ) ;
#8971 = ORIENTED_EDGE ( 'NONE', *, *, #2561, .F. ) ;
#8972 = CARTESIAN_POINT ( 'NONE',  ( -0.2375000000000002900, 0.09999999999999996400, -0.03749999999999999900 ) ) ;
#8973 = EDGE_LOOP ( 'NONE', ( #3463, #6897, #11170, #7236 ) ) ;
#8974 = PRESENTATION_LAYER_ASSIGNMENT (  '', '', ( #3048 ) ) ;
#8975 = DIRECTION ( 'NONE',  ( -0.0000000000000000000, 0.0000000000000000000, 1.000000000000000000 ) ) ;
#8976 = VECTOR ( 'NONE', #6963, 39.37007874015748100 ) ;
#8977 = CARTESIAN_POINT ( 'NONE',  ( -0.1374999999999999600, -0.1228282661284085800, 0.06250000000000001400 ) ) ;
#8978 = EDGE_CURVE ( 'NONE', #3683, #2317, #6476, .T. ) ;
#8979 = ORIENTED_EDGE ( 'NONE', *, *, #8721, .F. ) ;
#8980 = PLANE ( 'NONE',  #8123 ) ;
#8981 = ORIENTED_EDGE ( 'NONE', *, *, #5077, .T. ) ;
#8982 = EDGE_LOOP ( 'NONE', ( #4783, #5011, #3038, #10331 ) ) ;
#8983 = ORIENTED_EDGE ( 'NONE', *, *, #6664, .T. ) ;
#8984 = ORIENTED_EDGE ( 'NONE', *, *, #7849, .T. ) ;
#8985 = LINE ( 'NONE', #3509, #243 ) ;
#8986 = CARTESIAN_POINT ( 'NONE',  ( 0.2375000000000000700, -4.268512490100411300E-018, 0.03749999999999999900 ) ) ;
#8987 = DIRECTION ( 'NONE',  ( -1.000000000000000000, 0.0000000000000000000, 0.0000000000000000000 ) ) ;
#8988 = CARTESIAN_POINT ( 'NONE',  ( -0.4375000000000003300, 0.3128282661284084700, -0.03749999999999999900 ) ) ;
#8989 = ORIENTED_EDGE ( 'NONE', *, *, #3488, .T. ) ;
#8990 = EDGE_CURVE ( 'NONE', #10958, #4700, #10494, .T. ) ;
#8991 = VECTOR ( 'NONE', #1747, 39.37007874015748100 ) ;
#8992 = DIRECTION ( 'NONE',  ( -2.731847993664263200E-016, 0.0000000000000000000, -1.000000000000000000 ) ) ;
#8993 = CARTESIAN_POINT ( 'NONE',  ( -0.1374999999999999600, 0.3128282661284084700, 0.03749999999999999900 ) ) ;
#8994 = EDGE_LOOP ( 'NONE', ( #1779, #107, #2587, #7073 ) ) ;
#8995 = PLANE ( 'NONE',  #10429 ) ;
#8996 = ORIENTED_EDGE ( 'NONE', *, *, #4587, .T. ) ;
#8997 = ORIENTED_EDGE ( 'NONE', *, *, #7558, .F. ) ;
#8998 = CARTESIAN_POINT ( 'NONE',  ( 0.2437499999999996900, 0.3299999999999999600, -0.04375000000000003900 ) ) ;
#8999 = ORIENTED_EDGE ( 'NONE', *, *, #4338, .F. ) ;
#9000 = LINE ( 'NONE', #5514, #5804 ) ;
#9001 = ADVANCED_FACE ( 'NONE', ( #5625 ), #4134, .T. ) ;
#9002 = AXIS2_PLACEMENT_3D ( 'NONE', #8936, #3634, #106 ) ;
#9003 = ORIENTED_EDGE ( 'NONE', *, *, #2799, .F. ) ;
#9004 = DIRECTION ( 'NONE',  ( 0.0000000000000000000, 0.0000000000000000000, -1.000000000000000000 ) ) ;
#9005 = DIRECTION ( 'NONE',  ( 1.000000000000000000, 0.0000000000000000000, 0.0000000000000000000 ) ) ;
#9006 = ORIENTED_EDGE ( 'NONE', *, *, #11301, .F. ) ;
#9007 = ORIENTED_EDGE ( 'NONE', *, *, #5594, .F. ) ;
#9008 = VERTEX_POINT ( 'NONE', #2365 ) ;
#9009 = AXIS2_PLACEMENT_3D ( 'NONE', #8773, #10545, #7846 ) ;
#9010 = ADVANCED_FACE ( 'NONE', ( #9666 ), #2432, .T. ) ;
#9011 = VECTOR ( 'NONE', #9005, 39.37007874015748100 ) ;
#9012 = VERTEX_POINT ( 'NONE', #6928 ) ;
#9013 = VECTOR ( 'NONE', #3412, 39.37007874015748100 ) ;
#9014 = CARTESIAN_POINT ( 'NONE',  ( -0.1375000000000003200, 0.0000000000000000000, 0.0000000000000000000 ) ) ;
#9015 = PLANE ( 'NONE',  #1370 ) ;
#9016 = PRESENTATION_STYLE_ASSIGNMENT (( #10884 ) ) ;
#9017 = ORIENTED_EDGE ( 'NONE', *, *, #8467, .F. ) ;
#9018 = ORIENTED_EDGE ( 'NONE', *, *, #3676, .F. ) ;
#9019 = CARTESIAN_POINT ( 'NONE',  ( 0.4374999999999997200, -0.1228282661284085800, -0.03749999999999999900 ) ) ;
#9020 = LINE ( 'NONE', #6609, #1838 ) ;
#9021 = ORIENTED_EDGE ( 'NONE', *, *, #1667, .F. ) ;
#9022 = VECTOR ( 'NONE', #2140, 39.37007874015748100 ) ;
#9023 = EDGE_CURVE ( 'NONE', #9133, #5476, #7310, .T. ) ;
#9024 = CARTESIAN_POINT ( 'NONE',  ( 0.0000000000000000000, 0.0000000000000000000, -0.06250000000000001400 ) ) ;
#9025 = CARTESIAN_POINT ( 'NONE',  ( 0.0000000000000000000, 0.0000000000000000000, -0.06250000000000001400 ) ) ;
#9026 = ORIENTED_EDGE ( 'NONE', *, *, #4058, .T. ) ;
#9027 = LINE ( 'NONE', #130, #1707 ) ;
#9028 = DIRECTION ( 'NONE',  ( 0.0000000000000000000, 0.0000000000000000000, -1.000000000000000000 ) ) ;
#9029 = FACE_OUTER_BOUND ( 'NONE', #4253, .T. ) ;
#9030 = DIRECTION ( 'NONE',  ( 0.0000000000000000000, 0.0000000000000000000, 1.000000000000000000 ) ) ;
#9031 = EDGE_CURVE ( 'NONE', #8553, #6525, #3436, .T. ) ;
#9032 = CARTESIAN_POINT ( 'NONE',  ( 0.03750000000000007500, -0.1228282661284085800, 0.06250000000000001400 ) ) ;
#9033 = CARTESIAN_POINT ( 'NONE',  ( 0.4437500000000001400, -0.1400000000000000100, 0.05624999999999997400 ) ) ;
#9034 = LINE ( 'NONE', #10380, #8896 ) ;
#9035 = EDGE_CURVE ( 'NONE', #919, #11184, #1070, .T. ) ;
#9036 = AXIS2_PLACEMENT_3D ( 'NONE', #11265, #773, #4197 ) ;
#9037 = ORIENTED_EDGE ( 'NONE', *, *, #4548, .F. ) ;
#9038 = ORIENTED_EDGE ( 'NONE', *, *, #5169, .F. ) ;
#9039 = EDGE_CURVE ( 'NONE', #6668, #10542, #234, .T. ) ;
#9040 = CARTESIAN_POINT ( 'NONE',  ( -0.3624999999999999300, -0.1228282661284085800, 0.06250000000000001400 ) ) ;
#9041 = FACE_OUTER_BOUND ( 'NONE', #1564, .T. ) ;
#9042 = CARTESIAN_POINT ( 'NONE',  ( 0.2374999999999996600, -0.01499999999999997700, -0.03749999999999999900 ) ) ;
#9043 = ADVANCED_FACE ( 'NONE', ( #7044 ), #10468, .F. ) ;
#9044 = EDGE_LOOP ( 'NONE', ( #10478, #6553, #6325, #3861 ) ) ;
#9045 = CARTESIAN_POINT ( 'NONE',  ( -0.4625000000000003000, -0.1228282661284085800, -0.06250000000000001400 ) ) ;
#9046 = CARTESIAN_POINT ( 'NONE',  ( 0.09999999999999968600, -0.1400000000000000100, -0.1000000000000000100 ) ) ;
#9047 = EDGE_CURVE ( 'NONE', #74, #4533, #4128, .T. ) ;
#9048 =( GEOMETRIC_REPRESENTATION_CONTEXT ( 3 ) GLOBAL_UNCERTAINTY_ASSIGNED_CONTEXT ( ( #4213 ) ) GLOBAL_UNIT_ASSIGNED_CONTEXT ( ( #2464, #5107, #6008 ) ) REPRESENTATION_CONTEXT ( 'NONE', 'WORKASPACE' ) );
#9049 = FACE_OUTER_BOUND ( 'NONE', #604, .T. ) ;
#9050 = ORIENTED_EDGE ( 'NONE', *, *, #10841, .T. ) ;
#9051 = CARTESIAN_POINT ( 'NONE',  ( 0.0000000000000000000, 0.0000000000000000000, 0.0000000000000000000 ) ) ;
#9052 = FACE_BOUND ( 'NONE', #3287, .T. ) ;
#9053 = ADVANCED_FACE ( 'NONE', ( #5916 ), #5146, .F. ) ;
#9054 = CARTESIAN_POINT ( 'NONE',  ( 0.3375000000000000800, -0.1228282661284085800, 0.06250000000000001400 ) ) ;
#9055 = PLANE ( 'NONE',  #8469 ) ;
#9056 = CARTESIAN_POINT ( 'NONE',  ( -0.03750000000000028300, -0.1228282661284085800, -0.06250000000000001400 ) ) ;
#9057 = EDGE_CURVE ( 'NONE', #5785, #8147, #7994, .T. ) ;
#9058 = CARTESIAN_POINT ( 'NONE',  ( -0.03749999999999994300, 0.3128282661284084700, 0.06250000000000001400 ) ) ;
#9059 = VECTOR ( 'NONE', #1089, 39.37007874015748100 ) ;
#9060 = LINE ( 'NONE', #6993, #6718 ) ;
#9061 = CARTESIAN_POINT ( 'NONE',  ( -0.03750000000000028300, 0.3128282661284084700, -0.06250000000000001400 ) ) ;
#9062 = CARTESIAN_POINT ( 'NONE',  ( 0.04999999999999976000, 0.3499999999999999800, -0.1825000000000000000 ) ) ;
#9063 = LINE ( 'NONE', #11239, #882 ) ;
#9064 = SURFACE_SIDE_STYLE ('',( #4499 ) ) ;
#9065 = VECTOR ( 'NONE', #2580, 39.37007874015748100 ) ;
#9066 = AXIS2_PLACEMENT_3D ( 'NONE', #8382, #2318, #367 ) ;
#9067 = PLANE ( 'NONE',  #8300 ) ;
#9068 = VECTOR ( 'NONE', #7026, 39.37007874015748100 ) ;
#9069 = VECTOR ( 'NONE', #5889, 39.37007874015748100 ) ;
#9070 = VECTOR ( 'NONE', #1902, 39.37007874015748100 ) ;
#9071 = ORIENTED_EDGE ( 'NONE', *, *, #7426, .T. ) ;
#9072 = CARTESIAN_POINT ( 'NONE',  ( -0.1374999999999999600, 0.3128282661284084700, 0.06250000000000001400 ) ) ;
#9073 = CARTESIAN_POINT ( 'NONE',  ( 0.1374999999999997100, -0.1228282661284085800, -0.03749999999999999900 ) ) ;
#9074 = VECTOR ( 'NONE', #11012, 39.37007874015748100 ) ;
#9075 = AXIS2_PLACEMENT_3D ( 'NONE', #579, #6792, #1490 ) ;
#9076 = LINE ( 'NONE', #6234, #1172 ) ;
#9077 = EDGE_CURVE ( 'NONE', #8811, #10371, #3561, .T. ) ;
#9078 = CARTESIAN_POINT ( 'NONE',  ( -0.2625000000000002900, 0.3299999999999999600, -0.05624999999999997400 ) ) ;
#9079 = VECTOR ( 'NONE', #10322, 39.37007874015748100 ) ;
#9080 = FILL_AREA_STYLE_COLOUR ( '', #2240 ) ;
#9081 = ORIENTED_EDGE ( 'NONE', *, *, #3686, .F. ) ;
#9082 = LINE ( 'NONE', #7499, #2852 ) ;
#9083 = ORIENTED_EDGE ( 'NONE', *, *, #4722, .T. ) ;
#9084 = ORIENTED_EDGE ( 'NONE', *, *, #4649, .F. ) ;
#9085 = VERTEX_POINT ( 'NONE', #3468 ) ;
#9086 = DIRECTION ( 'NONE',  ( 0.0000000000000000000, -1.000000000000000000, 0.0000000000000000000 ) ) ;
#9087 = ORIENTED_EDGE ( 'NONE', *, *, #725, .F. ) ;
#9088 = AXIS2_PLACEMENT_3D ( 'NONE', #7784, #10517, #9627 ) ;
#9089 = LINE ( 'NONE', #6435, #1901 ) ;
#9090 = DIRECTION ( 'NONE',  ( 1.000000000000000000, 0.0000000000000000000, 0.0000000000000000000 ) ) ;
#9091 = LINE ( 'NONE', #5145, #6757 ) ;
#9092 = CARTESIAN_POINT ( 'NONE',  ( 0.1375000000000000400, 0.09999999999999992200, 0.03749999999999999900 ) ) ;
#9093 = CARTESIAN_POINT ( 'NONE',  ( -0.1625000000000003100, 0.3128282661284084700, -0.03749999999999999900 ) ) ;
#9094 = ORIENTED_EDGE ( 'NONE', *, *, #66, .F. ) ;
#9095 = LINE ( 'NONE', #8624, #4391 ) ;
#9096 = VERTEX_POINT ( 'NONE', #11428 ) ;
#9097 = ORIENTED_EDGE ( 'NONE', *, *, #11192, .T. ) ;
#9098 = ORIENTED_EDGE ( 'NONE', *, *, #3703, .F. ) ;
#9099 = EDGE_CURVE ( 'NONE', #8811, #4785, #3701, .T. ) ;
#9100 = DIRECTION ( 'NONE',  ( -0.9396926207859085400, 0.3420201433256686000, 0.0000000000000000000 ) ) ;
#9101 = ADVANCED_FACE ( 'NONE', ( #7728 ), #864, .T. ) ;
#9102 = FACE_OUTER_BOUND ( 'NONE', #7992, .T. ) ;
#9103 = DIRECTION ( 'NONE',  ( -0.0000000000000000000, 0.0000000000000000000, 1.000000000000000000 ) ) ;
#9104 = ORIENTED_EDGE ( 'NONE', *, *, #5065, .F. ) ;
#9105 = ORIENTED_EDGE ( 'NONE', *, *, #9891, .F. ) ;
#9106 = DIRECTION ( 'NONE',  ( -0.0000000000000000000, 0.0000000000000000000, 1.000000000000000000 ) ) ;
#9107 = VERTEX_POINT ( 'NONE', #2623 ) ;
#9108 = DIRECTION ( 'NONE',  ( 0.0000000000000000000, 0.0000000000000000000, -1.000000000000000000 ) ) ;
#9109 = EDGE_CURVE ( 'NONE', #6269, #9444, #8121, .T. ) ;
#9110 = ORIENTED_EDGE ( 'NONE', *, *, #10528, .T. ) ;
#9111 = VERTEX_POINT ( 'NONE', #1776 ) ;
#9112 = ORIENTED_EDGE ( 'NONE', *, *, #11107, .F. ) ;
#9113 = FACE_OUTER_BOUND ( 'NONE', #5798, .T. ) ;
#9114 = ADVANCED_FACE ( 'NONE', ( #2037 ), #3534, .F. ) ;
#9115 = LINE ( 'NONE', #2783, #5216 ) ;
#9116 = CARTESIAN_POINT ( 'NONE',  ( -0.5749999999999996200, 0.2500000000000000000, 0.06500000000000003000 ) ) ;
#9117 = EDGE_CURVE ( 'NONE', #536, #6920, #369, .T. ) ;
#9118 = AXIS2_PLACEMENT_3D ( 'NONE', #9732, #10611, #787 ) ;
#9119 = ORIENTED_EDGE ( 'NONE', *, *, #6219, .F. ) ;
#9120 = DIRECTION ( 'NONE',  ( 0.0000000000000000000, 0.0000000000000000000, -1.000000000000000000 ) ) ;
#9121 = ORIENTED_EDGE ( 'NONE', *, *, #3664, .T. ) ;
#9122 = ORIENTED_EDGE ( 'NONE', *, *, #9147, .F. ) ;
#9123 = ORIENTED_EDGE ( 'NONE', *, *, #10962, .F. ) ;
#9124 = ORIENTED_EDGE ( 'NONE', *, *, #1482, .T. ) ;
#9125 = LINE ( 'NONE', #7435, #6658 ) ;
#9126 = DIRECTION ( 'NONE',  ( -1.000000000000000000, 0.0000000000000000000, 0.0000000000000000000 ) ) ;
#9127 = DIRECTION ( 'NONE',  ( 0.3236155771181846200, -0.8891264907159883700, 0.3236155771181846200 ) ) ;
#9128 = FACE_OUTER_BOUND ( 'NONE', #5045, .T. ) ;
#9129 = CARTESIAN_POINT ( 'NONE',  ( -0.3624999999999999300, 0.3128282661284084700, 0.06250000000000001400 ) ) ;
#9130 = VERTEX_POINT ( 'NONE', #7987 ) ;
#9131 = DIRECTION ( 'NONE',  ( 0.0000000000000000000, 0.0000000000000000000, 1.000000000000000000 ) ) ;
#9132 = ORIENTED_EDGE ( 'NONE', *, *, #1857, .F. ) ;
#9133 = VERTEX_POINT ( 'NONE', #2548 ) ;
#9134 = CARTESIAN_POINT ( 'NONE',  ( -0.1624999999999999800, 0.3299999999999999600, 0.06250000000000001400 ) ) ;
#9135 = VERTEX_POINT ( 'NONE', #789 ) ;
#9136 = DIRECTION ( 'NONE',  ( 0.0000000000000000000, -0.0000000000000000000, 1.000000000000000000 ) ) ;
#9137 = AXIS2_PLACEMENT_3D ( 'NONE', #290, #3737, #8271 ) ;
#9138 = LINE ( 'NONE', #708, #6235 ) ;
#9139 = DIRECTION ( 'NONE',  ( 0.0000000000000000000, -0.0000000000000000000, 1.000000000000000000 ) ) ;
#9140 =( LENGTH_UNIT ( ) NAMED_UNIT ( * ) SI_UNIT ( $, .METRE. ) );
#9141 = CARTESIAN_POINT ( 'NONE',  ( 0.3598818239561616900, 0.3200216456890114800, 0.05988182395616160900 ) ) ;
#9142 = ORIENTED_EDGE ( 'NONE', *, *, #10632, .T. ) ;
#9143 = EDGE_LOOP ( 'NONE', ( #6666, #8579, #3438, #10118 ) ) ;
#9144 = ORIENTED_EDGE ( 'NONE', *, *, #4713, .F. ) ;
#9145 = LINE ( 'NONE', #8490, #10399 ) ;
#9146 = DIRECTION ( 'NONE',  ( 0.0000000000000000000, 0.0000000000000000000, -1.000000000000000000 ) ) ;
#9147 = EDGE_CURVE ( 'NONE', #3740, #3237, #4642, .T. ) ;
#9148 = DIRECTION ( 'NONE',  ( 0.0000000000000000000, -1.000000000000000000, 0.0000000000000000000 ) ) ;
#9149 = DIRECTION ( 'NONE',  ( 0.3236155771181856200, -0.8891264907159877100, 0.3236155771181856200 ) ) ;
#9150 = ORIENTED_EDGE ( 'NONE', *, *, #6091, .T. ) ;
#9151 = VECTOR ( 'NONE', #1459, 39.37007874015748100 ) ;
#9152 = DIRECTION ( 'NONE',  ( -0.5773502691896306200, 0.5773502691896187400, 0.5773502691896277300 ) ) ;
#9153 = FILL_AREA_STYLE ('',( #8260 ) ) ;
#9154 = ORIENTED_EDGE ( 'NONE', *, *, #151, .F. ) ;
#9155 = VECTOR ( 'NONE', #4047, 39.37007874015748100 ) ;
#9156 = CARTESIAN_POINT ( 'NONE',  ( -3.414809992080329000E-016, 0.3299999999999999600, -0.1000000000000000100 ) ) ;
#9157 = VECTOR ( 'NONE', #1740, 39.37007874015748100 ) ;
#9158 = DIRECTION ( 'NONE',  ( 0.0000000000000000000, 0.0000000000000000000, -1.000000000000000000 ) ) ;
#9159 = ADVANCED_FACE ( 'NONE', ( #9523 ), #6999, .T. ) ;
#9160 = AXIS2_PLACEMENT_3D ( 'NONE', #2093, #4845, #5706 ) ;
#9161 = DIRECTION ( 'NONE',  ( 1.000000000000000000, 0.0000000000000000000, 0.0000000000000000000 ) ) ;
#9162 = CARTESIAN_POINT ( 'NONE',  ( -0.2624999999999999600, -0.01499999999999997700, 0.06250000000000001400 ) ) ;
#9163 = VECTOR ( 'NONE', #8768, 39.37007874015748100 ) ;
#9164 = EDGE_LOOP ( 'NONE', ( #2925, #6346, #4956, #3053 ) ) ;
#9165 = EDGE_LOOP ( 'NONE', ( #6744, #6711, #1674, #5940 ) ) ;
#9166 = EDGE_CURVE ( 'NONE', #10193, #10067, #9244, .T. ) ;
#9167 = LINE ( 'NONE', #5018, #11102 ) ;
#9168 = DIRECTION ( 'NONE',  ( 0.0000000000000000000, 0.0000000000000000000, -1.000000000000000000 ) ) ;
#9169 = UNCERTAINTY_MEASURE_WITH_UNIT (LENGTH_MEASURE( 1.000000000000000100E-005 ), #4702, 'distance_accuracy_value', 'NONE');
#9170 = ADVANCED_FACE ( 'NONE', ( #11444 ), #5438, .F. ) ;
#9171 = CARTESIAN_POINT ( 'NONE',  ( 0.1375000000000000400, 0.3128282661284084700, 0.06250000000000001400 ) ) ;
#9172 = CARTESIAN_POINT ( 'NONE',  ( 0.05988182395616132400, -0.1300216456890116200, -0.05988182395616160200 ) ) ;
#9173 = DIRECTION ( 'NONE',  ( 0.3236155771181846200, 0.8891264907159883700, 0.3236155771181846200 ) ) ;
#9174 = DIRECTION ( 'NONE',  ( -1.000000000000000000, 0.0000000000000000000, 0.0000000000000000000 ) ) ;
#9175 = VERTEX_POINT ( 'NONE', #1962 ) ;
#9176 = CARTESIAN_POINT ( 'NONE',  ( 0.4375000000000001100, -0.01499999999999997700, 0.03749999999999999900 ) ) ;
#9177 = VECTOR ( 'NONE', #10297, 39.37007874015748100 ) ;
#9178 = PLANE ( 'NONE',  #332 ) ;
#9179 = EDGE_CURVE ( 'NONE', #4118, #74, #11021, .T. ) ;
#9180 =( NAMED_UNIT ( * ) PLANE_ANGLE_UNIT ( ) SI_UNIT ( $, .RADIAN. ) );
#9181 =( CONVERSION_BASED_UNIT ( 'INCH', #6385 ) LENGTH_UNIT ( ) NAMED_UNIT ( #2390 ) );
#9182 = ORIENTED_EDGE ( 'NONE', *, *, #8307, .F. ) ;
#9183 = CARTESIAN_POINT ( 'NONE',  ( 0.5249999999999995800, 0.0000000000000000000, 0.0000000000000000000 ) ) ;
#9184 = LINE ( 'NONE', #8064, #10294 ) ;
#9185 = CARTESIAN_POINT ( 'NONE',  ( 0.5749999999999996200, 0.0000000000000000000, 0.1825000000000000000 ) ) ;
#9186 = DIRECTION ( 'NONE',  ( 2.845674993400274400E-016, -1.000000000000000000, 0.0000000000000000000 ) ) ;
#9187 = CARTESIAN_POINT ( 'NONE',  ( 0.0000000000000000000, 0.3499999999999999800, 0.0000000000000000000 ) ) ;
#9188 = EDGE_CURVE ( 'NONE', #3128, #10286, #9383, .T. ) ;
#9189 = ORIENTED_EDGE ( 'NONE', *, *, #8674, .T. ) ;
#9190 = DIRECTION ( 'NONE',  ( 0.3236155771181846200, -0.8891264907159883700, 0.3236155771181846200 ) ) ;
#9191 = AXIS2_PLACEMENT_3D ( 'NONE', #7748, #3334, #11129 ) ;
#9192 = FACE_OUTER_BOUND ( 'NONE', #8254, .T. ) ;
#9193 = PLANE ( 'NONE',  #7604 ) ;
#9194 = DIRECTION ( 'NONE',  ( 1.000000000000000000, 0.0000000000000000000, 0.0000000000000000000 ) ) ;
#9195 = CARTESIAN_POINT ( 'NONE',  ( 0.06250000000000008300, -0.1228282661284084400, 0.03749999999999999900 ) ) ;
#9196 = EDGE_CURVE ( 'NONE', #10080, #6931, #10740, .T. ) ;
#9197 = DIRECTION ( 'NONE',  ( -1.000000000000000000, 0.0000000000000000000, 0.0000000000000000000 ) ) ;
#9198 = VECTOR ( 'NONE', #11015, 39.37007874015748100 ) ;
#9199 = CARTESIAN_POINT ( 'NONE',  ( -0.06249999999999995100, 0.3299999999999999600, 0.03749999999999999900 ) ) ;
#9200 = VECTOR ( 'NONE', #7916, 39.37007874015748100 ) ;
#9201 = LINE ( 'NONE', #2616, #7003 ) ;
#9202 = LINE ( 'NONE', #10547, #3521 ) ;
#9203 = EDGE_CURVE ( 'NONE', #7049, #10559, #2322, .T. ) ;
#9204 = VECTOR ( 'NONE', #8361, 39.37007874015748100 ) ;
#9205 = VECTOR ( 'NONE', #5720, 39.37007874015748100 ) ;
#9206 = CARTESIAN_POINT ( 'NONE',  ( -0.5249999999999995800, 0.2500000000000000000, -0.06499999999999996100 ) ) ;
#9207 = CARTESIAN_POINT ( 'NONE',  ( 0.03749999999999973500, 0.09999999999999996400, 0.0000000000000000000 ) ) ;
#9208 = VECTOR ( 'NONE', #9264, 39.37007874015748100 ) ;
#9209 = VECTOR ( 'NONE', #3059, 39.37007874015748100 ) ;
#9210 =( LENGTH_UNIT ( ) NAMED_UNIT ( * ) SI_UNIT ( $, .METRE. ) );
#9211 = DIRECTION ( 'NONE',  ( 0.0000000000000000000, -0.0000000000000000000, -1.000000000000000000 ) ) ;
#9212 = EDGE_CURVE ( 'NONE', #7858, #1888, #8683, .T. ) ;
#9213 = CARTESIAN_POINT ( 'NONE',  ( 0.4375000000000001100, -0.1228282661284085800, 0.06250000000000001400 ) ) ;
#9214 = CARTESIAN_POINT ( 'NONE',  ( -3.414809992080329000E-016, -0.1400000000000000100, -0.1000000000000000100 ) ) ;
#9215 =( NAMED_UNIT ( * ) PLANE_ANGLE_UNIT ( ) SI_UNIT ( $, .RADIAN. ) );
#9216 = VECTOR ( 'NONE', #4958, 39.37007874015748100 ) ;
#9217 = ADVANCED_FACE ( 'NONE', ( #5331 ), #943, .T. ) ;
#9218 = CARTESIAN_POINT ( 'NONE',  ( 0.2374999999999996600, -0.1400000000000000100, -0.04375000000000003900 ) ) ;
#9219 = FACE_OUTER_BOUND ( 'NONE', #11465, .T. ) ;
#9220 = AXIS2_PLACEMENT_3D ( 'NONE', #8416, #11147, #5822 ) ;
#9221 = VERTEX_POINT ( 'NONE', #6285 ) ;
#9222 = VECTOR ( 'NONE', #9131, 39.37007874015748100 ) ;
#9223 = VERTEX_POINT ( 'NONE', #1100 ) ;
#9224 = ORIENTED_EDGE ( 'NONE', *, *, #8845, .F. ) ;
#9225 = DIRECTION ( 'NONE',  ( 0.0000000000000000000, -1.000000000000000000, 0.0000000000000000000 ) ) ;
#9226 = ORIENTED_EDGE ( 'NONE', *, *, #4694, .T. ) ;
#9227 = DIRECTION ( 'NONE',  ( -1.000000000000000000, 0.0000000000000000000, -0.0000000000000000000 ) ) ;
#9228 = LINE ( 'NONE', #5278, #5749 ) ;
#9229 = CARTESIAN_POINT ( 'NONE',  ( -0.1625000000000003100, 0.3128282661284084700, -0.06250000000000001400 ) ) ;
#9230 = ADVANCED_FACE ( 'NONE', ( #7028 ), #987, .T. ) ;
#9231 = VECTOR ( 'NONE', #10295, 39.37007874015748100 ) ;
#9232 = VECTOR ( 'NONE', #8468, 39.37007874015748100 ) ;
#9233 = DIRECTION ( 'NONE',  ( 0.0000000000000000000, -1.000000000000000000, 0.0000000000000000000 ) ) ;
#9234 = EDGE_LOOP ( 'NONE', ( #6331, #3060, #800, #3179 ) ) ;
#9235 = VECTOR ( 'NONE', #8708, 39.37007874015748100 ) ;
#9236 = ORIENTED_EDGE ( 'NONE', *, *, #3189, .F. ) ;
#9237 = ORIENTED_EDGE ( 'NONE', *, *, #3153, .F. ) ;
#9238 = CARTESIAN_POINT ( 'NONE',  ( 0.1375000000000000400, -0.1228282661284085800, 0.06250000000000001400 ) ) ;
#9239 = VERTEX_POINT ( 'NONE', #7182 ) ;
#9240 = CARTESIAN_POINT ( 'NONE',  ( 0.5749999999999996200, 0.3499999999999999800, 0.1825000000000000000 ) ) ;
#9241 = ORIENTED_EDGE ( 'NONE', *, *, #6682, .T. ) ;
#9242 = DIRECTION ( 'NONE',  ( -0.0000000000000000000, 0.7071067811865530100, 0.7071067811865420200 ) ) ;
#9243 = EDGE_CURVE ( 'NONE', #4205, #1231, #4520, .T. ) ;
#9244 = LINE ( 'NONE', #9032, #7450 ) ;
#9245 = DIRECTION ( 'NONE',  ( -1.000000000000000000, 0.0000000000000000000, -0.0000000000000000000 ) ) ;
#9246 = ORIENTED_EDGE ( 'NONE', *, *, #3514, .T. ) ;
#9247 = ORIENTED_EDGE ( 'NONE', *, *, #4816, .F. ) ;
#9248 = EDGE_LOOP ( 'NONE', ( #11478, #1331, #9679, #3582 ) ) ;
#9249 = ORIENTED_EDGE ( 'NONE', *, *, #4058, .F. ) ;
#9250 = ORIENTED_EDGE ( 'NONE', *, *, #1727, .F. ) ;
#9251 = ORIENTED_EDGE ( 'NONE', *, *, #5360, .F. ) ;
#9252 = VECTOR ( 'NONE', #8317, 39.37007874015748100 ) ;
#9253 = EDGE_CURVE ( 'NONE', #8116, #94, #6054, .T. ) ;
#9254 = PLANE ( 'NONE',  #5609 ) ;
#9255 = CARTESIAN_POINT ( 'NONE',  ( 0.4374999999999997200, -4.268512490100411300E-018, -0.03749999999999999900 ) ) ;
#9256 = VECTOR ( 'NONE', #8706, 39.37007874015748100 ) ;
#9257 = DIRECTION ( 'NONE',  ( 0.0000000000000000000, -1.000000000000000000, 0.0000000000000000000 ) ) ;
#9258 = CARTESIAN_POINT ( 'NONE',  ( -0.2375000000000002900, -0.1228282661284084400, -0.03749999999999999900 ) ) ;
#9259 = CARTESIAN_POINT ( 'NONE',  ( 0.03750000000000007500, 0.3299999999999999600, 0.06250000000000001400 ) ) ;
#9260 = CARTESIAN_POINT ( 'NONE',  ( 0.4562500000000001000, 0.3299999999999999600, 0.04375000000000003900 ) ) ;
#9261 = ORIENTED_EDGE ( 'NONE', *, *, #10994, .T. ) ;
#9262 = EDGE_CURVE ( 'NONE', #5674, #8549, #10071, .T. ) ;
#9263 = ORIENTED_EDGE ( 'NONE', *, *, #7478, .F. ) ;
#9264 = DIRECTION ( 'NONE',  ( 0.0000000000000000000, 0.0000000000000000000, 1.000000000000000000 ) ) ;
#9265 = ORIENTED_EDGE ( 'NONE', *, *, #3283, .F. ) ;
#9266 = VERTEX_POINT ( 'NONE', #1922 ) ;
#9267 = ORIENTED_EDGE ( 'NONE', *, *, #3763, .F. ) ;
#9268 = AXIS2_PLACEMENT_3D ( 'NONE', #5661, #9501, #700 ) ;
#9269 = LINE ( 'NONE', #11330, #1240 ) ;
#9270 = CARTESIAN_POINT ( 'NONE',  ( -0.2375000000000002900, -0.01499999999999997700, -0.06250000000000001400 ) ) ;
#9271 = EDGE_LOOP ( 'NONE', ( #10576, #3868, #1661, #8832 ) ) ;
#9272 = LINE ( 'NONE', #9567, #3865 ) ;
#9273 = CARTESIAN_POINT ( 'NONE',  ( -0.06249999999999995100, 0.3128282661284084700, 0.06250000000000001400 ) ) ;
#9274 = CARTESIAN_POINT ( 'NONE',  ( -0.2624999999999999600, 0.3128282661284084700, 0.03749999999999999900 ) ) ;
#9275 = CARTESIAN_POINT ( 'NONE',  ( 0.1625000000000000300, -0.01499999999999997700, 0.06250000000000001400 ) ) ;
#9276 =( NAMED_UNIT ( * ) PLANE_ANGLE_UNIT ( ) SI_UNIT ( $, .RADIAN. ) );
#9277 = EDGE_CURVE ( 'NONE', #6147, #2941, #6754, .T. ) ;
#9278 = VERTEX_POINT ( 'NONE', #6365 ) ;
#9279 = FILL_AREA_STYLE_COLOUR ( '', #5041 ) ;
#9280 = EDGE_LOOP ( 'NONE', ( #2311, #2351, #11345, #6641 ) ) ;
#9281 = ORIENTED_EDGE ( 'NONE', *, *, #5239, .F. ) ;
#9282 = DIRECTION ( 'NONE',  ( 0.0000000000000000000, 0.0000000000000000000, -1.000000000000000000 ) ) ;
#9283 = ORIENTED_EDGE ( 'NONE', *, *, #8145, .T. ) ;
#9284 = VECTOR ( 'NONE', #3025, 39.37007874015748100 ) ;
#9285 = EDGE_CURVE ( 'NONE', #5101, #7617, #5463, .T. ) ;
#9286 = LINE ( 'NONE', #9054, #6935 ) ;
#9287 = CARTESIAN_POINT ( 'NONE',  ( 0.0000000000000000000, 0.0000000000000000000, -0.06250000000000001400 ) ) ;
#9288 = AXIS2_PLACEMENT_3D ( 'NONE', #10849, #5681, #9136 ) ;
#9289 = DIRECTION ( 'NONE',  ( -1.000000000000000000, 0.0000000000000000000, -0.0000000000000000000 ) ) ;
#9290 = DIRECTION ( 'NONE',  ( 0.0000000000000000000, -1.000000000000000000, 0.0000000000000000000 ) ) ;
#9291 = ADVANCED_FACE ( 'NONE', ( #5066 ), #7651, .T. ) ;
#9292 = ORIENTED_EDGE ( 'NONE', *, *, #10390, .T. ) ;
#9293 = ORIENTED_EDGE ( 'NONE', *, *, #1974, .T. ) ;
#9294 = CARTESIAN_POINT ( 'NONE',  ( -0.03750000000000028300, 0.3128282661284084700, -0.03749999999999999900 ) ) ;
#9295 = ORIENTED_EDGE ( 'NONE', *, *, #6980, .F. ) ;
#9296 = LINE ( 'NONE', #4986, #9974 ) ;
#9297 = ORIENTED_EDGE ( 'NONE', *, *, #8653, .F. ) ;
#9298 = LINE ( 'NONE', #264, #11072 ) ;
#9299 = CARTESIAN_POINT ( 'NONE',  ( 0.3437500000000001100, -0.1400000000000000100, 0.05624999999999997400 ) ) ;
#9300 = ADVANCED_FACE ( 'NONE', ( #3689 ), #167, .F. ) ;
#9301 = DIRECTION ( 'NONE',  ( 0.0000000000000000000, 0.0000000000000000000, -1.000000000000000000 ) ) ;
#9302 = ORIENTED_EDGE ( 'NONE', *, *, #1093, .F. ) ;
#9303 = VERTEX_POINT ( 'NONE', #4002 ) ;
#9304 = DIRECTION ( 'NONE',  ( -1.000000000000000000, 0.0000000000000000000, -0.0000000000000000000 ) ) ;
#9305 =( GEOMETRIC_REPRESENTATION_CONTEXT ( 3 ) GLOBAL_UNCERTAINTY_ASSIGNED_CONTEXT ( ( #5905 ) ) GLOBAL_UNIT_ASSIGNED_CONTEXT ( ( #1365, #10170, #4857 ) ) REPRESENTATION_CONTEXT ( 'NONE', 'WORKASPACE' ) );
#9306 = LINE ( 'NONE', #2430, #6679 ) ;
#9307 = ORIENTED_EDGE ( 'NONE', *, *, #7149, .F. ) ;
#9308 = FACE_OUTER_BOUND ( 'NONE', #5773, .T. ) ;
#9309 = DIRECTION ( 'NONE',  ( -1.000000000000000000, 0.0000000000000000000, -0.0000000000000000000 ) ) ;
#9310 = DIRECTION ( 'NONE',  ( -0.0000000000000000000, 0.0000000000000000000, 1.000000000000000000 ) ) ;
#9311 = CARTESIAN_POINT ( 'NONE',  ( 0.3625000000000001000, -0.1228282661284085800, 0.06250000000000001400 ) ) ;
#9312 = EDGE_CURVE ( 'NONE', #7245, #3035, #3150, .T. ) ;
#9313 = CARTESIAN_POINT ( 'NONE',  ( -0.3625000000000003200, 0.3128282661284084700, -0.06250000000000001400 ) ) ;
#9314 = VECTOR ( 'NONE', #3677, 39.37007874015748100 ) ;
#9315 = VECTOR ( 'NONE', #3611, 39.37007874015748100 ) ;
#9316 = DIRECTION ( 'NONE',  ( 0.9396926207859079800, -0.3420201433256698200, -0.0000000000000000000 ) ) ;
#9317 = CARTESIAN_POINT ( 'NONE',  ( 0.2374999999999996600, 0.3128282661284084700, -0.06250000000000001400 ) ) ;
#9318 = AXIS2_PLACEMENT_3D ( 'NONE', #11421, #5063, #6012 ) ;
#9319 = EDGE_CURVE ( 'NONE', #1648, #8465, #9792, .T. ) ;
#9320 = CARTESIAN_POINT ( 'NONE',  ( -0.4800000000000002600, 0.3499999999999999800, 0.1875000000000000300 ) ) ;
#9321 = CARTESIAN_POINT ( 'NONE',  ( 0.03749999999999973500, -0.1228282661284084400, -0.03749999999999999900 ) ) ;
#9322 = CARTESIAN_POINT ( 'NONE',  ( 0.4375000000000001100, 0.3128282661284084700, 0.03749999999999999900 ) ) ;
#9323 = CARTESIAN_POINT ( 'NONE',  ( 0.1562499999999996700, 0.3299999999999999600, -0.06250000000000001400 ) ) ;
#9324 = FACE_OUTER_BOUND ( 'NONE', #538, .T. ) ;
#9325 = DIRECTION ( 'NONE',  ( -0.0000000000000000000, 0.0000000000000000000, 1.000000000000000000 ) ) ;
#9326 = ORIENTED_EDGE ( 'NONE', *, *, #868, .F. ) ;
#9327 = LINE ( 'NONE', #10345, #585 ) ;
#9328 = PRODUCT_CONTEXT ( 'NONE', #2849, 'mechanical' ) ;
#9329 = CARTESIAN_POINT ( 'NONE',  ( -0.4625000000000003000, -0.1228282661284085800, -0.03749999999999999900 ) ) ;
#9330 = UNCERTAINTY_MEASURE_WITH_UNIT (LENGTH_MEASURE( 1.000000000000000100E-005 ), #7452, 'distance_accuracy_value', 'NONE');
#9331 = CARTESIAN_POINT ( 'NONE',  ( -0.1562499999999999400, 0.3299999999999999600, 0.04375000000000003900 ) ) ;
#9332 = ORIENTED_EDGE ( 'NONE', *, *, #887, .T. ) ;
#9333 = VECTOR ( 'NONE', #6811, 39.37007874015748100 ) ;
#9334 = EDGE_CURVE ( 'NONE', #2356, #10553, #9089, .T. ) ;
#9335 = DIRECTION ( 'NONE',  ( 1.000000000000000000, 0.0000000000000000000, 0.0000000000000000000 ) ) ;
#9336 = AXIS2_PLACEMENT_3D ( 'NONE', #1816, #7180, #8918 ) ;
#9337 = PLANE ( 'NONE',  #755 ) ;
#9338 = PLANE ( 'NONE',  #2540 ) ;
#9339 =( GEOMETRIC_REPRESENTATION_CONTEXT ( 3 ) GLOBAL_UNCERTAINTY_ASSIGNED_CONTEXT ( ( #9536 ) ) GLOBAL_UNIT_ASSIGNED_CONTEXT ( ( #2011, #3741, #10807 ) ) REPRESENTATION_CONTEXT ( 'NONE', 'WORKASPACE' ) );
#9340 = DIRECTION ( 'NONE',  ( -0.3236155771181856200, 0.8891264907159877100, 0.3236155771181856200 ) ) ;
#9341 = DIRECTION ( 'NONE',  ( 0.0000000000000000000, -1.000000000000000000, 0.0000000000000000000 ) ) ;
#9342 = FACE_OUTER_BOUND ( 'NONE', #7944, .T. ) ;
#9343 = ORIENTED_EDGE ( 'NONE', *, *, #6053, .T. ) ;
#9344 = ORIENTED_EDGE ( 'NONE', *, *, #4280, .T. ) ;
#9345 = CARTESIAN_POINT ( 'NONE',  ( 0.0000000000000000000, 0.09999999999999996400, 0.06250000000000001400 ) ) ;
#9346 = EDGE_CURVE ( 'NONE', #8218, #6771, #4258, .T. ) ;
#9348 = ADVANCED_FACE ( 'NONE', ( #8965 ), #3160, .T. ) ;
#9347 = LINE ( 'NONE', #9116, #11405 ) ;
#9349 = VECTOR ( 'NONE', #9086, 39.37007874015748100 ) ;
#9350 = ORIENTED_EDGE ( 'NONE', *, *, #9436, .F. ) ;
#9351 = CARTESIAN_POINT ( 'NONE',  ( 0.3598818239561612500, 0.3200216456890114800, -0.05988182395616160900 ) ) ;
#9352 = EDGE_CURVE ( 'NONE', #2344, #2741, #6328, .T. ) ;
#9353 = MECHANICAL_DESIGN_GEOMETRIC_PRESENTATION_REPRESENTATION (  '', ( #595 ), #3769 ) ;
#9354 = VECTOR ( 'NONE', #9875, 39.37007874015748100 ) ;
#9355 = LINE ( 'NONE', #7767, #6426 ) ;
#9356 = DIRECTION ( 'NONE',  ( 1.000000000000000000, 0.0000000000000000000, 0.0000000000000000000 ) ) ;
#9357 = DIRECTION ( 'NONE',  ( 0.0000000000000000000, 0.0000000000000000000, -1.000000000000000000 ) ) ;
#9358 = ADVANCED_FACE ( 'NONE', ( #922 ), #4837, .T. ) ;
#9359 = LINE ( 'NONE', #2360, #3248 ) ;
#9360 = FACE_OUTER_BOUND ( 'NONE', #2477, .T. ) ;
#9361 = DIRECTION ( 'NONE',  ( 0.0000000000000000000, 0.0000000000000000000, -1.000000000000000000 ) ) ;
#9362 = CARTESIAN_POINT ( 'NONE',  ( -0.4401181760438384000, 0.3200216456890114800, 0.04011817604383839700 ) ) ;
#9363 = DIRECTION ( 'NONE',  ( 0.0000000000000000000, 1.000000000000000000, 0.0000000000000000000 ) ) ;
#9364 = DIRECTION ( 'NONE',  ( 0.3236155771181846200, -0.8891264907159883700, 0.3236155771181846200 ) ) ;
#9365 = LINE ( 'NONE', #2471, #617 ) ;
#9366 = EDGE_CURVE ( 'NONE', #10756, #9012, #7166, .T. ) ;
#9367 = FACE_OUTER_BOUND ( 'NONE', #9816, .T. ) ;
#9368 = EDGE_LOOP ( 'NONE', ( #971, #6349, #6239, #4254 ) ) ;
#9369 = ADVANCED_FACE ( 'NONE', ( #3971 ), #8494, .F. ) ;
#9370 = DIRECTION ( 'NONE',  ( 0.0000000000000000000, 0.0000000000000000000, 1.000000000000000000 ) ) ;
#9371 = LINE ( 'NONE', #6356, #2583 ) ;
#9372 = DIRECTION ( 'NONE',  ( 0.9396926207859085400, 0.3420201433256686000, 0.0000000000000000000 ) ) ;
#9373 = VECTOR ( 'NONE', #3848, 39.37007874015748100 ) ;
#9374 = VECTOR ( 'NONE', #7814, 39.37007874015748100 ) ;
#9375 = CARTESIAN_POINT ( 'NONE',  ( 0.5749999999999996200, 0.3499999999999999800, 0.1825000000000000000 ) ) ;
#9376 = VERTEX_POINT ( 'NONE', #11110 ) ;
#9377 = EDGE_LOOP ( 'NONE', ( #9693, #3040, #8015, #2469 ) ) ;
#9378 = FILL_AREA_STYLE ('',( #1572 ) ) ;
#9379 = ORIENTED_EDGE ( 'NONE', *, *, #10717, .F. ) ;
#9380 = VERTEX_POINT ( 'NONE', #4634 ) ;
#9381 = ORIENTED_EDGE ( 'NONE', *, *, #6752, .T. ) ;
#9382 = DIRECTION ( 'NONE',  ( 0.0000000000000000000, -1.000000000000000000, 0.0000000000000000000 ) ) ;
#9383 = LINE ( 'NONE', #8181, #504 ) ;
#9384 = PRESENTATION_STYLE_ASSIGNMENT (( #5358 ) ) ;
#9385 = DIRECTION ( 'NONE',  ( 0.0000000000000000000, -0.0000000000000000000, 1.000000000000000000 ) ) ;
#9386 = CARTESIAN_POINT ( 'NONE',  ( -0.4375000000000000000, 0.3128282661284084700, 0.03749999999999999900 ) ) ;
#9387 = ORIENTED_EDGE ( 'NONE', *, *, #11107, .T. ) ;
#9388 = VERTEX_POINT ( 'NONE', #10184 ) ;
#9389 = FACE_OUTER_BOUND ( 'NONE', #6193, .T. ) ;
#9390 = ORIENTED_EDGE ( 'NONE', *, *, #7097, .F. ) ;
#9391 = VERTEX_POINT ( 'NONE', #1135 ) ;
#9392 = VERTEX_POINT ( 'NONE', #2920 ) ;
#9393 = CARTESIAN_POINT ( 'NONE',  ( -0.3562500000000002900, -0.1400000000000000100, -0.05624999999999997400 ) ) ;
#9394 = VECTOR ( 'NONE', #4389, 39.37007874015748100 ) ;
#9395 = DIRECTION ( 'NONE',  ( 0.0000000000000000000, 0.0000000000000000000, 1.000000000000000000 ) ) ;
#9396 = DIRECTION ( 'NONE',  ( 0.3236155771181846200, -0.8891264907159883700, 0.3236155771181846200 ) ) ;
#9397 = ORIENTED_EDGE ( 'NONE', *, *, #8666, .T. ) ;
#9398 = CARTESIAN_POINT ( 'NONE',  ( 0.6999999999999996200, -0.1400000000000000100, -0.1000000000000000100 ) ) ;
#9399 = EDGE_LOOP ( 'NONE', ( #1543, #968, #1450, #9519 ) ) ;
#9400 = CARTESIAN_POINT ( 'NONE',  ( 0.3625000000000001000, 0.0000000000000000000, 0.0000000000000000000 ) ) ;
#9401 = ORIENTED_EDGE ( 'NONE', *, *, #6376, .F. ) ;
#9402 = DIRECTION ( 'NONE',  ( -0.0000000000000000000, -1.000000000000000000, -0.0000000000000000000 ) ) ;
#9403 = ORIENTED_EDGE ( 'NONE', *, *, #3590, .T. ) ;
#9404 = ORIENTED_EDGE ( 'NONE', *, *, #9285, .T. ) ;
#9405 = ORIENTED_EDGE ( 'NONE', *, *, #8620, .F. ) ;
#9406 = ADVANCED_FACE ( 'NONE', ( #7581 ), #5727, .F. ) ;
#9407 = EDGE_CURVE ( 'NONE', #7279, #5120, #11312, .T. ) ;
#9408 = LINE ( 'NONE', #9073, #5640 ) ;
#9409 = ORIENTED_EDGE ( 'NONE', *, *, #5457, .F. ) ;
#9410 = ORIENTED_EDGE ( 'NONE', *, *, #3090, .T. ) ;
#9411 = EDGE_CURVE ( 'NONE', #40, #4663, #1638, .T. ) ;
#9412 = ORIENTED_EDGE ( 'NONE', *, *, #1645, .F. ) ;
#9413 = VERTEX_POINT ( 'NONE', #11029 ) ;
#9414 = EDGE_LOOP ( 'NONE', ( #2195, #9350, #3191, #918 ) ) ;
#9415 = ADVANCED_FACE ( 'NONE', ( #6620 ), #5855, .T. ) ;
#9416 = VECTOR ( 'NONE', #1948, 39.37007874015748100 ) ;
#9417 = CARTESIAN_POINT ( 'NONE',  ( -0.4401181760438384000, -0.1300216456890116200, 0.04011817604383840400 ) ) ;
#9418 = ORIENTED_EDGE ( 'NONE', *, *, #6568, .T. ) ;
#9419 = DIRECTION ( 'NONE',  ( 1.000000000000000000, 0.0000000000000000000, 0.0000000000000000000 ) ) ;
#9420 = FACE_OUTER_BOUND ( 'NONE', #3364, .T. ) ;
#9421 = CARTESIAN_POINT ( 'NONE',  ( -0.5750000000000001800, 0.0000000000000000000, 0.1825000000000000000 ) ) ;
#9422 = DIRECTION ( 'NONE',  ( 1.000000000000000000, 0.0000000000000000000, 0.0000000000000000000 ) ) ;
#9423 = EDGE_CURVE ( 'NONE', #5351, #2843, #1061, .T. ) ;
#9424 = AXIS2_PLACEMENT_3D ( 'NONE', #4506, #2666, #10627 ) ;
#9425 = ORIENTED_EDGE ( 'NONE', *, *, #9526, .T. ) ;
#9426 = PLANE ( 'NONE',  #6026 ) ;
#9427 = VERTEX_POINT ( 'NONE', #5060 ) ;
#9428 = ORIENTED_EDGE ( 'NONE', *, *, #5687, .T. ) ;
#9429 = VERTEX_POINT ( 'NONE', #1612 ) ;
#9430 = LINE ( 'NONE', #10268, #4970 ) ;
#9431 = DIRECTION ( 'NONE',  ( 1.000000000000000000, 0.0000000000000000000, 0.0000000000000000000 ) ) ;
#9432 = ADVANCED_FACE ( 'NONE', ( #5767 ), #3309, .T. ) ;
#9433 = CARTESIAN_POINT ( 'NONE',  ( -0.3375000000000003000, 0.3128282661284084700, -0.03749999999999999900 ) ) ;
#9434 = VECTOR ( 'NONE', #821, 39.37007874015748100 ) ;
#9435 =( CONVERSION_BASED_UNIT ( 'INCH', #2942 ) LENGTH_UNIT ( ) NAMED_UNIT ( #735 ) );
#9436 = EDGE_CURVE ( 'NONE', #7875, #6909, #10481, .T. ) ;
#9437 = DIRECTION ( 'NONE',  ( 0.0000000000000000000, 0.0000000000000000000, 1.000000000000000000 ) ) ;
#9438 = CARTESIAN_POINT ( 'NONE',  ( -0.4625000000000003000, 0.0000000000000000000, 0.0000000000000000000 ) ) ;
#9439 = DIRECTION ( 'NONE',  ( 0.3236155771181846200, 0.8891264907159883700, -0.3236155771181846200 ) ) ;
#9440 = DIRECTION ( 'NONE',  ( -1.000000000000000000, 0.0000000000000000000, -0.0000000000000000000 ) ) ;
#9441 = ORIENTED_EDGE ( 'NONE', *, *, #1512, .F. ) ;
#9442 = ORIENTED_EDGE ( 'NONE', *, *, #4672, .F. ) ;
#9443 = PLANE ( 'NONE',  #2063 ) ;
#9444 = VERTEX_POINT ( 'NONE', #1657 ) ;
#9445 = LINE ( 'NONE', #8525, #7213 ) ;
#9446 = EDGE_CURVE ( 'NONE', #10777, #5647, #11298, .T. ) ;
#9447 = AXIS2_PLACEMENT_3D ( 'NONE', #3378, #9613, #9497 ) ;
#9448 = VERTEX_POINT ( 'NONE', #7803 ) ;
#9449 = LINE ( 'NONE', #9275, #4706 ) ;
#9450 = CARTESIAN_POINT ( 'NONE',  ( -0.5250000000000003600, 0.09999999999999996400, 0.1324999999999999500 ) ) ;
#9451 = ORIENTED_EDGE ( 'NONE', *, *, #5005, .T. ) ;
#9452 = AXIS2_PLACEMENT_3D ( 'NONE', #3450, #4226, #5098 ) ;
#9453 = EDGE_CURVE ( 'NONE', #5636, #7331, #76, .T. ) ;
#9454 = VECTOR ( 'NONE', #5479, 39.37007874015748100 ) ;
#9455 = DIRECTION ( 'NONE',  ( -1.000000000000000000, 0.0000000000000000000, -0.0000000000000000000 ) ) ;
#9456 = VECTOR ( 'NONE', #4777, 39.37007874015748100 ) ;
#9457 =( NAMED_UNIT ( * ) PLANE_ANGLE_UNIT ( ) SI_UNIT ( $, .RADIAN. ) );
#9458 = COLOUR_RGB ( '',1.000000000000000000, 0.8117647058823529400, 0.5019607843137254800 ) ;
#9459 = ORIENTED_EDGE ( 'NONE', *, *, #2664, .F. ) ;
#9460 = ADVANCED_FACE ( 'NONE', ( #6606 ), #7685, .F. ) ;
#9461 = ORIENTED_EDGE ( 'NONE', *, *, #572, .T. ) ;
#9462 = EDGE_CURVE ( 'NONE', #9640, #4417, #6039, .T. ) ;
#9463 = CARTESIAN_POINT ( 'NONE',  ( -0.3625000000000003200, 0.3128282661284084700, -0.03749999999999999900 ) ) ;
#9464 = ORIENTED_EDGE ( 'NONE', *, *, #8380, .T. ) ;
#9465 = SURFACE_STYLE_USAGE ( .BOTH. , #11306 ) ;
#9466 = LINE ( 'NONE', #10284, #867 ) ;
#9467 = CARTESIAN_POINT ( 'NONE',  ( -0.3625000000000003200, 0.09999999999999992200, -0.06250000000000001400 ) ) ;
#9468 = AXIS2_PLACEMENT_3D ( 'NONE', #4276, #9616, #1843 ) ;
#9469 = ADVANCED_FACE ( 'NONE', ( #6890 ), #1506, .F. ) ;
#9470 = VERTEX_POINT ( 'NONE', #10306 ) ;
#9471 = EDGE_CURVE ( 'NONE', #2741, #947, #9780, .T. ) ;
#9472 = VECTOR ( 'NONE', #9190, 39.37007874015748100 ) ;
#9473 = DIRECTION ( 'NONE',  ( 1.000000000000000000, 0.0000000000000000000, 0.0000000000000000000 ) ) ;
#9474 = PLANE ( 'NONE',  #1848 ) ;
#9475 = DIRECTION ( 'NONE',  ( 0.0000000000000000000, 0.0000000000000000000, 1.000000000000000000 ) ) ;
#9476 = EDGE_LOOP ( 'NONE', ( #4265, #1248, #507, #1225 ) ) ;
#9477 = DIRECTION ( 'NONE',  ( -0.9396926207859085400, 0.3420201433256686000, 0.0000000000000000000 ) ) ;
#9478 = FACE_OUTER_BOUND ( 'NONE', #7427, .T. ) ;
#9479 = FACE_OUTER_BOUND ( 'NONE', #4829, .T. ) ;
#9480 = AXIS2_PLACEMENT_3D ( 'NONE', #9597, #2487, #6114 ) ;
#9481 = ADVANCED_FACE ( 'NONE', ( #1889 ), #11354, .F. ) ;
#9482 = CARTESIAN_POINT ( 'NONE',  ( 0.3374999999999996900, 0.3128282661284084700, -0.06250000000000001400 ) ) ;
#9483 = EDGE_CURVE ( 'NONE', #2866, #10865, #2721, .T. ) ;
#9484 = DIRECTION ( 'NONE',  ( 0.0000000000000000000, 0.0000000000000000000, -1.000000000000000000 ) ) ;
#9485 = DIRECTION ( 'NONE',  ( 0.0000000000000000000, 0.0000000000000000000, 1.000000000000000000 ) ) ;
#9486 = LINE ( 'NONE', #1773, #7127 ) ;
#9487 = VECTOR ( 'NONE', #898, 39.37007874015748100 ) ;
#9488 = DIRECTION ( 'NONE',  ( -0.2873478855663455000, -0.9578262852211513200, 0.0000000000000000000 ) ) ;
#9489 =( NAMED_UNIT ( * ) SI_UNIT ( $, .STERADIAN. ) SOLID_ANGLE_UNIT ( ) );
#9490 = EDGE_CURVE ( 'NONE', #9413, #4152, #7434, .T. ) ;
#9491 = FACE_BOUND ( 'NONE', #3670, .T. ) ;
#9492 = DIRECTION ( 'NONE',  ( -0.0000000000000000000, 0.0000000000000000000, 1.000000000000000000 ) ) ;
#9493 = LINE ( 'NONE', #4036, #2436 ) ;
#9494 = LINE ( 'NONE', #6380, #2160 ) ;
#9495 = CARTESIAN_POINT ( 'NONE',  ( -0.06249999999999995100, 0.3128282661284084700, 0.03749999999999999900 ) ) ;
#9496 = EDGE_CURVE ( 'NONE', #1634, #11288, #3674, .T. ) ;
#9497 = DIRECTION ( 'NONE',  ( -1.000000000000000000, 0.0000000000000000000, -0.0000000000000000000 ) ) ;
#9498 = CARTESIAN_POINT ( 'NONE',  ( -0.4625000000000003000, 0.3128282661284084700, -0.03749999999999999900 ) ) ;
#9499 = DIRECTION ( 'NONE',  ( 0.0000000000000000000, 0.0000000000000000000, -1.000000000000000000 ) ) ;
#9500 = LENGTH_MEASURE_WITH_UNIT ( LENGTH_MEASURE( 0.02539999999999999900 ), #8496 );
#9501 = DIRECTION ( 'NONE',  ( 0.0000000000000000000, 0.0000000000000000000, -1.000000000000000000 ) ) ;
#9502 = CARTESIAN_POINT ( 'NONE',  ( 0.4374999999999997200, 0.3128282661284084700, -0.03749999999999999900 ) ) ;
#9503 = EDGE_LOOP ( 'NONE', ( #4407, #6887, #6152, #6231 ) ) ;
#9504 = ORIENTED_EDGE ( 'NONE', *, *, #6082, .T. ) ;
#9505 = DIRECTION ( 'NONE',  ( 0.0000000000000000000, 0.0000000000000000000, 1.000000000000000000 ) ) ;
#9506 = ORIENTED_EDGE ( 'NONE', *, *, #1013, .T. ) ;
#9507 = ORIENTED_EDGE ( 'NONE', *, *, #11338, .F. ) ;
#9508 = CARTESIAN_POINT ( 'NONE',  ( 0.05988182395616166400, 0.3200216456890114800, 0.05988182395616160900 ) ) ;
#9509 = ADVANCED_FACE ( 'NONE', ( #4111 ), #5977, .T. ) ;
#9510 = LINE ( 'NONE', #7170, #10185 ) ;
#9511 = LINE ( 'NONE', #7056, #7714 ) ;
#9512 = LINE ( 'NONE', #5029, #4778 ) ;
#9513 = CARTESIAN_POINT ( 'NONE',  ( -0.4375000000000003300, 0.09999999999999992200, -0.06250000000000001400 ) ) ;
#9514 = VERTEX_POINT ( 'NONE', #5888 ) ;
#9515 = LINE ( 'NONE', #5917, #9786 ) ;
#9516 = EDGE_LOOP ( 'NONE', ( #9975, #6247, #5852, #5797 ) ) ;
#9517 = ORIENTED_EDGE ( 'NONE', *, *, #199, .F. ) ;
#9518 = ORIENTED_EDGE ( 'NONE', *, *, #9833, .T. ) ;
#9519 = ORIENTED_EDGE ( 'NONE', *, *, #2250, .T. ) ;
#9520 = CARTESIAN_POINT ( 'NONE',  ( 0.06250000000000008300, 0.09999999999999996400, 0.0000000000000000000 ) ) ;
#9521 = ADVANCED_FACE ( 'NONE', ( #5051 ), #778, .F. ) ;
#9522 = DIRECTION ( 'NONE',  ( 0.0000000000000000000, -0.0000000000000000000, -1.000000000000000000 ) ) ;
#9523 = FACE_OUTER_BOUND ( 'NONE', #2109, .T. ) ;
#9524 = CARTESIAN_POINT ( 'NONE',  ( 0.4437499999999997600, 0.3299999999999999600, -0.03749999999999999900 ) ) ;
#9525 = PLANE ( 'NONE',  #4195 ) ;
#9526 = EDGE_CURVE ( 'NONE', #6525, #8586, #4245, .T. ) ;
#9527 = DIRECTION ( 'NONE',  ( -0.0000000000000000000, -0.0000000000000000000, 1.000000000000000000 ) ) ;
#9528 = ORIENTED_EDGE ( 'NONE', *, *, #9047, .T. ) ;
#9529 = ORIENTED_EDGE ( 'NONE', *, *, #6540, .F. ) ;
#9530 = ORIENTED_EDGE ( 'NONE', *, *, #6944, .F. ) ;
#9531 = ORIENTED_EDGE ( 'NONE', *, *, #5448, .F. ) ;
#9532 = ORIENTED_EDGE ( 'NONE', *, *, #5735, .F. ) ;
#9533 = ORIENTED_EDGE ( 'NONE', *, *, #2827, .T. ) ;
#9534 = LINE ( 'NONE', #1111, #8284 ) ;
#9535 = DIRECTION ( 'NONE',  ( 0.9396926207859079800, -0.3420201433256698200, -0.0000000000000000000 ) ) ;
#9537 = AXIS2_PLACEMENT_3D ( 'NONE', #8780, #8814, #7897 ) ;
#9536 = UNCERTAINTY_MEASURE_WITH_UNIT (LENGTH_MEASURE( 1.000000000000000100E-005 ), #2011, 'distance_accuracy_value', 'NONE');
#9538 = EDGE_CURVE ( 'NONE', #2776, #7995, #1625, .T. ) ;
#9539 = LINE ( 'NONE', #10480, #9256 ) ;
#9540 = CARTESIAN_POINT ( 'NONE',  ( 0.03749999999999973500, -4.268512490100411300E-018, -0.06250000000000001400 ) ) ;
#9541 = CARTESIAN_POINT ( 'NONE',  ( 0.03749999999999973500, 0.3299999999999999600, -0.03749999999999999900 ) ) ;
#9542 = ORIENTED_EDGE ( 'NONE', *, *, #9312, .T. ) ;
#9543 = CARTESIAN_POINT ( 'NONE',  ( -0.3624999999999999300, 0.3128282661284084700, 0.03749999999999999900 ) ) ;
#9544 = DIRECTION ( 'NONE',  ( -0.3236155771181856200, -0.8891264907159877100, 0.3236155771181856200 ) ) ;
#9545 = ORIENTED_EDGE ( 'NONE', *, *, #6300, .F. ) ;
#9546 = EDGE_LOOP ( 'NONE', ( #7255, #10161, #9123, #10903 ) ) ;
#9547 = ORIENTED_EDGE ( 'NONE', *, *, #6534, .F. ) ;
#9548 = DIRECTION ( 'NONE',  ( -1.000000000000000000, 0.0000000000000000000, 0.0000000000000000000 ) ) ;
#9549 = ORIENTED_EDGE ( 'NONE', *, *, #2749, .F. ) ;
#9550 = CARTESIAN_POINT ( 'NONE',  ( -0.1375000000000003200, -0.1228282661284085800, -0.03749999999999999900 ) ) ;
#9551 = DIRECTION ( 'NONE',  ( 1.000000000000000000, 0.0000000000000000000, 0.0000000000000000000 ) ) ;
#9552 = ORIENTED_EDGE ( 'NONE', *, *, #8897, .F. ) ;
#9553 = FACE_OUTER_BOUND ( 'NONE', #4647, .T. ) ;
#9554 = CARTESIAN_POINT ( 'NONE',  ( 0.03750000000000007500, -0.01499999999999997700, 0.06250000000000001400 ) ) ;
#9555 = CARTESIAN_POINT ( 'NONE',  ( -0.06250000000000029100, 0.3128282661284084700, -0.03749999999999999900 ) ) ;
#9556 = DIRECTION ( 'NONE',  ( 0.0000000000000000000, 0.0000000000000000000, 1.000000000000000000 ) ) ;
#9557 = ORIENTED_EDGE ( 'NONE', *, *, #4360, .F. ) ;
#9558 = EDGE_CURVE ( 'NONE', #4261, #1265, #8109, .T. ) ;
#9559 = ORIENTED_EDGE ( 'NONE', *, *, #9639, .T. ) ;
#9560 = ORIENTED_EDGE ( 'NONE', *, *, #10661, .F. ) ;
#9561 = ORIENTED_EDGE ( 'NONE', *, *, #2599, .F. ) ;
#9562 = LINE ( 'NONE', #9940, #131 ) ;
#9563 = CARTESIAN_POINT ( 'NONE',  ( -0.2625000000000002900, -0.1228282661284085800, -0.03749999999999999900 ) ) ;
#9564 = VECTOR ( 'NONE', #10107, 39.37007874015748100 ) ;
#9565 = EDGE_CURVE ( 'NONE', #9223, #6898, #11003, .T. ) ;
#9566 = CARTESIAN_POINT ( 'NONE',  ( 0.5249999999999998000, 0.3325000000000001800, 0.1324999999999999500 ) ) ;
#9567 = CARTESIAN_POINT ( 'NONE',  ( 0.0000000000000000000, 0.0000000000000000000, 0.06250000000000001400 ) ) ;
#9568 = ORIENTED_EDGE ( 'NONE', *, *, #3739, .T. ) ;
#9569 = VERTEX_POINT ( 'NONE', #7974 ) ;
#9570 = ORIENTED_EDGE ( 'NONE', *, *, #6446, .T. ) ;
#9571 = VECTOR ( 'NONE', #8921, 39.37007874015748100 ) ;
#9572 = SURFACE_STYLE_USAGE ( .BOTH. , #2597 ) ;
#9573 = EDGE_CURVE ( 'NONE', #11320, #4434, #356, .T. ) ;
#9574 = VECTOR ( 'NONE', #6715, 39.37007874015748100 ) ;
#9575 = AXIS2_PLACEMENT_3D ( 'NONE', #9313, #5930, #2262 ) ;
#9576 = DIMENSIONAL_EXPONENTS ( 1.000000000000000000, 0.0000000000000000000, 0.0000000000000000000, 0.0000000000000000000, 0.0000000000000000000, 0.0000000000000000000, 0.0000000000000000000 ) ;
#9577 = ORIENTED_EDGE ( 'NONE', *, *, #5471, .T. ) ;
#9578 = ORIENTED_EDGE ( 'NONE', *, *, #739, .F. ) ;
#9579 = CARTESIAN_POINT ( 'NONE',  ( 0.5749999999999996200, 0.2500000000000000000, -0.06499999999999996100 ) ) ;
#9580 = CARTESIAN_POINT ( 'NONE',  ( -0.3374999999999999700, -0.1228282661284084400, 0.03749999999999999900 ) ) ;
#9581 = VECTOR ( 'NONE', #5615, 39.37007874015748100 ) ;
#9582 = DIRECTION ( 'NONE',  ( 0.3236155771181846200, -0.8891264907159883700, 0.3236155771181846200 ) ) ;
#9583 = EDGE_CURVE ( 'NONE', #14, #8502, #767, .T. ) ;
#9584 = DIRECTION ( 'NONE',  ( 0.0000000000000000000, 0.0000000000000000000, -1.000000000000000000 ) ) ;
#9585 = ORIENTED_EDGE ( 'NONE', *, *, #2968, .T. ) ;
#9586 = PLANE ( 'NONE',  #6808 ) ;
#9587 = VECTOR ( 'NONE', #9703, 39.37007874015748100 ) ;
#9588 = CARTESIAN_POINT ( 'NONE',  ( -0.4562499999999999300, -0.1400000000000000100, 0.03749999999999999900 ) ) ;
#9589 = ADVANCED_FACE ( 'NONE', ( #1340 ), #1842, .T. ) ;
#9590 = CARTESIAN_POINT ( 'NONE',  ( -0.2625000000000002900, 0.3128282661284084700, -0.03749999999999999900 ) ) ;
#9591 = EDGE_CURVE ( 'NONE', #10530, #3462, #6314, .T. ) ;
#9592 = ORIENTED_EDGE ( 'NONE', *, *, #2475, .T. ) ;
#9593 = PLANE ( 'NONE',  #7724 ) ;
#9594 = LINE ( 'NONE', #5254, #3215 ) ;
#9595 = VECTOR ( 'NONE', #2909, 39.37007874015748100 ) ;
#9596 = ADVANCED_FACE ( 'NONE', ( #11163 ), #2680, .F. ) ;
#9597 = CARTESIAN_POINT ( 'NONE',  ( -0.3624999999999999300, 0.3299999999999999600, 0.06250000000000001400 ) ) ;
#9598 = FACE_OUTER_BOUND ( 'NONE', #7866, .T. ) ;
#9599 = CARTESIAN_POINT ( 'NONE',  ( -0.4624999999999999700, -0.1228282661284085800, 0.06250000000000001400 ) ) ;
#9600 = CARTESIAN_POINT ( 'NONE',  ( -0.3375000000000003000, 0.09999999999999996400, 0.0000000000000000000 ) ) ;
#9601 = ORIENTED_EDGE ( 'NONE', *, *, #10047, .T. ) ;
#9602 = SURFACE_STYLE_FILL_AREA ( #627 ) ;
#9603 = DIRECTION ( 'NONE',  ( 0.0000000000000000000, 0.0000000000000000000, 1.000000000000000000 ) ) ;
#9604 = DIRECTION ( 'NONE',  ( 0.0000000000000000000, 0.0000000000000000000, -1.000000000000000000 ) ) ;
#9605 = AXIS2_PLACEMENT_3D ( 'NONE', #3622, #5405, #10688 ) ;
#9606 = CARTESIAN_POINT ( 'NONE',  ( -0.2625000000000002900, 0.3299999999999999600, -0.03749999999999999900 ) ) ;
#9607 = CARTESIAN_POINT ( 'NONE',  ( -0.03749999999999994300, -0.1228282661284084400, 0.06250000000000001400 ) ) ;
#9608 = ORIENTED_EDGE ( 'NONE', *, *, #9741, .T. ) ;
#9609 = DIRECTION ( 'NONE',  ( 1.000000000000000000, 0.0000000000000000000, 0.0000000000000000000 ) ) ;
#9610 = AXIS2_PLACEMENT_3D ( 'NONE', #608, #6818, #1523 ) ;
#9611 = CARTESIAN_POINT ( 'NONE',  ( 0.0000000000000000000, 0.09999999999999996400, 0.06250000000000001400 ) ) ;
#9612 = CARTESIAN_POINT ( 'NONE',  ( -0.2374999999999999600, 0.3128282661284084700, 0.06250000000000001400 ) ) ;
#9613 = DIRECTION ( 'NONE',  ( 0.0000000000000000000, 0.0000000000000000000, -1.000000000000000000 ) ) ;
#9614 = CARTESIAN_POINT ( 'NONE',  ( -0.3625000000000003200, 0.3299999999999999600, -0.05624999999999997400 ) ) ;
#9615 = EDGE_LOOP ( 'NONE', ( #11329, #8253, #6493, #1386 ) ) ;
#9616 = DIRECTION ( 'NONE',  ( -0.0000000000000000000, 0.3420201433256686000, 0.9396926207859085400 ) ) ;
#9617 = EDGE_CURVE ( 'NONE', #4377, #7996, #9228, .T. ) ;
#9618 = LINE ( 'NONE', #2922, #1020 ) ;
#9619 = ORIENTED_EDGE ( 'NONE', *, *, #136, .T. ) ;
#9620 = AXIS2_PLACEMENT_3D ( 'NONE', #3726, #2803, #9908 ) ;
#9621 = DIRECTION ( 'NONE',  ( 1.000000000000000000, 0.0000000000000000000, 0.0000000000000000000 ) ) ;
#9622 = FACE_BOUND ( 'NONE', #7183, .T. ) ;
#9623 = VECTOR ( 'NONE', #6158, 39.37007874015748100 ) ;
#9624 = EDGE_CURVE ( 'NONE', #8837, #8116, #10470, .T. ) ;
#9625 = LINE ( 'NONE', #9762, #52 ) ;
#9626 = LINE ( 'NONE', #4685, #196 ) ;
#9627 = DIRECTION ( 'NONE',  ( 0.0000000000000000000, -0.0000000000000000000, 1.000000000000000000 ) ) ;
#9628 = EDGE_CURVE ( 'NONE', #6765, #2941, #8545, .T. ) ;
#9629 = CARTESIAN_POINT ( 'NONE',  ( -0.2375000000000002900, 0.3128282661284084700, -0.03749999999999999900 ) ) ;
#9630 = CARTESIAN_POINT ( 'NONE',  ( 0.2598818239561612200, 0.3200216456890114800, -0.04011817604383839700 ) ) ;
#9631 = LINE ( 'NONE', #4234, #11139 ) ;
#9632 = VECTOR ( 'NONE', #6875, 39.37007874015748100 ) ;
#9633 = DIRECTION ( 'NONE',  ( 0.9396926207859079800, -0.3420201433256698200, -0.0000000000000000000 ) ) ;
#9634 = ADVANCED_FACE ( 'NONE', ( #1048 ), #825, .T. ) ;
#9635 = FACE_OUTER_BOUND ( 'NONE', #2743, .T. ) ;
#9636 = EDGE_LOOP ( 'NONE', ( #7723, #5223, #3313, #718 ) ) ;
#9637 = DIRECTION ( 'NONE',  ( 0.9396926207859085400, 0.3420201433256686000, 0.0000000000000000000 ) ) ;
#9638 = CARTESIAN_POINT ( 'NONE',  ( -0.1374999999999999600, 0.3299999999999999600, 0.05624999999999997400 ) ) ;
#9639 = EDGE_CURVE ( 'NONE', #5209, #3237, #1772, .T. ) ;
#9640 = VERTEX_POINT ( 'NONE', #7070 ) ;
#9641 = FACE_OUTER_BOUND ( 'NONE', #7734, .T. ) ;
#9642 = LINE ( 'NONE', #7702, #2027 ) ;
#9643 = PLANE ( 'NONE',  #6439 ) ;
#9644 = ADVANCED_FACE ( 'NONE', ( #3818 ), #2648, .T. ) ;
#9645 = EDGE_CURVE ( 'NONE', #279, #9785, #3550, .T. ) ;
#9646 = VERTEX_POINT ( 'NONE', #120 ) ;
#9647 = CARTESIAN_POINT ( 'NONE',  ( 0.04999999999999976000, 0.3499999999999999800, -0.1674999999999999800 ) ) ;
#9648 = ORIENTED_EDGE ( 'NONE', *, *, #3398, .F. ) ;
#9649 = ORIENTED_EDGE ( 'NONE', *, *, #479, .T. ) ;
#9650 = PRESENTATION_LAYER_ASSIGNMENT (  '', '', ( #11208 ) ) ;
#9651 = VERTEX_POINT ( 'NONE', #38 ) ;
#9652 = ORIENTED_EDGE ( 'NONE', *, *, #2396, .F. ) ;
#9653 = CARTESIAN_POINT ( 'NONE',  ( 0.3562499999999996200, -0.1400000000000000100, -0.05624999999999997400 ) ) ;
#9654 = VECTOR ( 'NONE', #10633, 39.37007874015748900 ) ;
#9655 = CARTESIAN_POINT ( 'NONE',  ( -0.04374999999999997600, 0.3299999999999999600, 0.03749999999999999900 ) ) ;
#9656 = LENGTH_MEASURE_WITH_UNIT ( LENGTH_MEASURE( 0.02539999999999999900 ), #1201 );
#9657 = LINE ( 'NONE', #408, #5908 ) ;
#9658 = PLANE ( 'NONE',  #7931 ) ;
#9659 = EDGE_CURVE ( 'NONE', #2611, #1777, #9510, .T. ) ;
#9660 = CARTESIAN_POINT ( 'NONE',  ( 0.1625000000000000300, 0.3299999999999999600, 0.05624999999999997400 ) ) ;
#9661 = ORIENTED_EDGE ( 'NONE', *, *, #6208, .F. ) ;
#9662 = LINE ( 'NONE', #6637, #648 ) ;
#9663 = DIRECTION ( 'NONE',  ( -0.0000000000000000000, 0.0000000000000000000, 1.000000000000000000 ) ) ;
#9664 = ORIENTED_EDGE ( 'NONE', *, *, #1040, .F. ) ;
#9665 = ORIENTED_EDGE ( 'NONE', *, *, #11172, .T. ) ;
#9666 = FACE_OUTER_BOUND ( 'NONE', #1897, .T. ) ;
#9667 = VERTEX_POINT ( 'NONE', #1907 ) ;
#9668 = EDGE_LOOP ( 'NONE', ( #8180, #187, #6405, #10601 ) ) ;
#9669 = ORIENTED_EDGE ( 'NONE', *, *, #5835, .F. ) ;
#9670 = ORIENTED_EDGE ( 'NONE', *, *, #749, .T. ) ;
#9671 = SURFACE_STYLE_USAGE ( .BOTH. , #726 ) ;
#9672 = ORIENTED_EDGE ( 'NONE', *, *, #10004, .F. ) ;
#9673 = DIRECTION ( 'NONE',  ( 0.0000000000000000000, 0.0000000000000000000, 1.000000000000000000 ) ) ;
#9674 = UNCERTAINTY_MEASURE_WITH_UNIT (LENGTH_MEASURE( 1.000000000000000100E-005 ), #4651, 'distance_accuracy_value', 'NONE');
#9675 = VECTOR ( 'NONE', #9859, 39.37007874015748100 ) ;
#9676 = EDGE_CURVE ( 'NONE', #9391, #7071, #10336, .T. ) ;
#9677 = CARTESIAN_POINT ( 'NONE',  ( 0.3624999999999997100, 0.3299999999999999600, -0.03749999999999999900 ) ) ;
#9678 = DIRECTION ( 'NONE',  ( 1.000000000000000000, 0.0000000000000000000, 0.0000000000000000000 ) ) ;
#9679 = ORIENTED_EDGE ( 'NONE', *, *, #8793, .F. ) ;
#9680 = ORIENTED_EDGE ( 'NONE', *, *, #2100, .T. ) ;
#9681 = ORIENTED_EDGE ( 'NONE', *, *, #10970, .T. ) ;
#9682 = ORIENTED_EDGE ( 'NONE', *, *, #3100, .T. ) ;
#9683 = ORIENTED_EDGE ( 'NONE', *, *, #591, .T. ) ;
#9684 = FACE_OUTER_BOUND ( 'NONE', #2330, .T. ) ;
#9685 = EDGE_CURVE ( 'NONE', #1663, #9970, #1194, .T. ) ;
#9686 = DIRECTION ( 'NONE',  ( -1.000000000000000000, 0.0000000000000000000, -0.0000000000000000000 ) ) ;
#9687 = DIRECTION ( 'NONE',  ( 0.0000000000000000000, 0.0000000000000000000, 1.000000000000000000 ) ) ;
#9688 = FACE_OUTER_BOUND ( 'NONE', #1910, .T. ) ;
#9689 = CARTESIAN_POINT ( 'NONE',  ( 0.06249999999999974300, -0.01499999999999997700, -0.03749999999999999900 ) ) ;
#9690 =( GEOMETRIC_REPRESENTATION_CONTEXT ( 3 ) GLOBAL_UNCERTAINTY_ASSIGNED_CONTEXT ( ( #219 ) ) GLOBAL_UNIT_ASSIGNED_CONTEXT ( ( #6709, #3995, #584 ) ) REPRESENTATION_CONTEXT ( 'NONE', 'WORKASPACE' ) );
#9691 = CARTESIAN_POINT ( 'NONE',  ( 0.5249999999999995800, 0.2500000000000000000, 0.06500000000000003000 ) ) ;
#9692 = CARTESIAN_POINT ( 'NONE',  ( 0.3624999999999997100, -0.1228282661284085800, -0.03749999999999999900 ) ) ;
#9693 = ORIENTED_EDGE ( 'NONE', *, *, #3333, .T. ) ;
#9694 = EDGE_LOOP ( 'NONE', ( #2328, #5565, #10522, #3568 ) ) ;
#9695 = PLANE ( 'NONE',  #1904 ) ;
#9696 = ORIENTED_EDGE ( 'NONE', *, *, #5854, .F. ) ;
#9697 = CARTESIAN_POINT ( 'NONE',  ( -0.1625000000000003100, -0.1228282661284084400, -0.06250000000000001400 ) ) ;
#9698 = VECTOR ( 'NONE', #7968, 39.37007874015748100 ) ;
#9699 = ADVANCED_FACE ( 'NONE', ( #8259 ), #2796, .T. ) ;
#9700 = CARTESIAN_POINT ( 'NONE',  ( 0.05988182395616166400, -0.1300216456890116200, 0.04011817604383840400 ) ) ;
#9701 = DIRECTION ( 'NONE',  ( 0.0000000000000000000, 0.0000000000000000000, -1.000000000000000000 ) ) ;
#9702 = VECTOR ( 'NONE', #2015, 39.37007874015748100 ) ;
#9703 = DIRECTION ( 'NONE',  ( -1.000000000000000000, 0.0000000000000000000, -0.0000000000000000000 ) ) ;
#9704 = EDGE_CURVE ( 'NONE', #8687, #847, #4774, .T. ) ;
#9705 = AXIS2_PLACEMENT_3D ( 'NONE', #10027, #8365, #309 ) ;
#9706 = ORIENTED_EDGE ( 'NONE', *, *, #3590, .F. ) ;
#9707 = EDGE_LOOP ( 'NONE', ( #5939, #6886, #2884, #3606 ) ) ;
#9708 = EDGE_LOOP ( 'NONE', ( #9984, #8597, #7332, #6657 ) ) ;
#9709 = ADVANCED_FACE ( 'NONE', ( #7848 ), #7243, .T. ) ;
#9710 = LINE ( 'NONE', #7338, #1560 ) ;
#9711 = EDGE_LOOP ( 'NONE', ( #7023, #8981, #3070, #8662 ) ) ;
#9712 = FACE_OUTER_BOUND ( 'NONE', #4018, .T. ) ;
#9713 = EDGE_CURVE ( 'NONE', #7666, #10900, #3278, .T. ) ;
#9714 = CARTESIAN_POINT ( 'NONE',  ( -0.3375000000000003000, -4.268512490100411300E-018, -0.03749999999999999900 ) ) ;
#9715 = CARTESIAN_POINT ( 'NONE',  ( 0.1562499999999996700, 0.3299999999999999600, -0.04375000000000003900 ) ) ;
#9716 = ORIENTED_EDGE ( 'NONE', *, *, #2527, .F. ) ;
#9717 = DIRECTION ( 'NONE',  ( -0.0000000000000000000, 1.000000000000000000, 0.0000000000000000000 ) ) ;
#9718 = LINE ( 'NONE', #6316, #4851 ) ;
#9719 = EDGE_CURVE ( 'NONE', #9448, #10240, #5319, .T. ) ;
#9720 = AXIS2_PLACEMENT_3D ( 'NONE', #8258, #317, #6533 ) ;
#9721 = VECTOR ( 'NONE', #4709, 39.37007874015748100 ) ;
#9722 = CARTESIAN_POINT ( 'NONE',  ( -0.1000000000000000100, 0.04999999999999998200, -0.2280551275463990900 ) ) ;
#9723 = DIRECTION ( 'NONE',  ( -1.000000000000000000, 0.0000000000000000000, 0.0000000000000000000 ) ) ;
#9724 = CARTESIAN_POINT ( 'NONE',  ( -0.3562500000000002900, 0.3299999999999999600, -0.04375000000000003900 ) ) ;
#9725 = DIRECTION ( 'NONE',  ( -1.000000000000000000, 0.0000000000000000000, -0.0000000000000000000 ) ) ;
#9726 = LINE ( 'NONE', #616, #7922 ) ;
#9727 = ORIENTED_EDGE ( 'NONE', *, *, #1423, .F. ) ;
#9728 = VERTEX_POINT ( 'NONE', #10745 ) ;
#9729 = COLOUR_RGB ( '',0.2509803921568627400, 0.2509803921568627400, 0.2509803921568627400 ) ;
#9730 = DIRECTION ( 'NONE',  ( 0.0000000000000000000, -1.000000000000000000, 0.0000000000000000000 ) ) ;
#9731 = CARTESIAN_POINT ( 'NONE',  ( -0.1625000000000003100, -0.01499999999999997700, -0.03749999999999999900 ) ) ;
#9732 = CARTESIAN_POINT ( 'NONE',  ( 0.7000000000000000700, -0.1400000000000000100, 0.0000000000000000000 ) ) ;
#9733 = CARTESIAN_POINT ( 'NONE',  ( 0.3375000000000000800, -0.01499999999999997700, 0.06250000000000001400 ) ) ;
#9734 = EDGE_LOOP ( 'NONE', ( #9343, #598, #6332, #2904 ) ) ;
#9735 = DIRECTION ( 'NONE',  ( 0.0000000000000000000, -1.000000000000000000, 0.0000000000000000000 ) ) ;
#9736 = CARTESIAN_POINT ( 'NONE',  ( -0.03749999999999994300, -0.1400000000000000100, 0.04375000000000003900 ) ) ;
#9737 = VECTOR ( 'NONE', #6384, 39.37007874015748100 ) ;
#9738 = MANIFOLD_SOLID_BREP ( 'Pin[6]', #6624 ) ;
#9739 = ORIENTED_EDGE ( 'NONE', *, *, #5360, .T. ) ;
#9740 = FACE_OUTER_BOUND ( 'NONE', #4459, .T. ) ;
#9741 = EDGE_CURVE ( 'NONE', #3991, #11018, #9371, .T. ) ;
#9742 = EDGE_LOOP ( 'NONE', ( #10257, #4393, #7645, #2496 ) ) ;
#9743 = CARTESIAN_POINT ( 'NONE',  ( -0.5250000000000003600, 0.09999999999999996400, 0.1324999999999999500 ) ) ;
#9744 = CARTESIAN_POINT ( 'NONE',  ( -0.5750000000000001800, 0.3499999999999999800, -0.1825000000000000000 ) ) ;
#9745 = VECTOR ( 'NONE', #406, 39.37007874015748100 ) ;
#9746 = VECTOR ( 'NONE', #6670, 39.37007874015748100 ) ;
#9747 = ADVANCED_FACE ( 'NONE', ( #642 ), #190, .T. ) ;
#9748 = DIRECTION ( 'NONE',  ( -0.0000000000000000000, -1.000000000000000000, -0.0000000000000000000 ) ) ;
#9749 = PLANE ( 'NONE',  #9002 ) ;
#9750 = VECTOR ( 'NONE', #5983, 39.37007874015748100 ) ;
#9751 = VECTOR ( 'NONE', #7075, 39.37007874015748100 ) ;
#9752 = VECTOR ( 'NONE', #9735, 39.37007874015748100 ) ;
#9753 = PLANE ( 'NONE',  #3846 ) ;
#9754 = ADVANCED_FACE ( 'NONE', ( #10853 ), #6311, .F. ) ;
#9755 = PLANE ( 'NONE',  #2830 ) ;
#9756 = DIRECTION ( 'NONE',  ( -0.0000000000000000000, 1.000000000000000000, -0.0000000000000000000 ) ) ;
#9757 = DIRECTION ( 'NONE',  ( 0.7071067811865414700, 0.7071067811865535700, 2.318049889789018600E-015 ) ) ;
#9758 = LINE ( 'NONE', #7835, #6030 ) ;
#9759 = EDGE_CURVE ( 'NONE', #8502, #4785, #6174, .T. ) ;
#9760 = VECTOR ( 'NONE', #9991, 39.37007874015748100 ) ;
#9761 = DIRECTION ( 'NONE',  ( 1.000000000000000000, -5.691349986800549600E-017, 0.0000000000000000000 ) ) ;
#9762 = CARTESIAN_POINT ( 'NONE',  ( 0.2374999999999996600, -0.1228282661284085800, -0.06250000000000001400 ) ) ;
#9763 = CARTESIAN_POINT ( 'NONE',  ( -0.4562499999999999300, 0.3299999999999999600, 0.04375000000000003900 ) ) ;
#9764 = LINE ( 'NONE', #10939, #10171 ) ;
#9765 = LINE ( 'NONE', #11161, #7415 ) ;
#9766 = DIRECTION ( 'NONE',  ( -1.000000000000000000, 0.0000000000000000000, -0.0000000000000000000 ) ) ;
#9767 = CARTESIAN_POINT ( 'NONE',  ( 0.06250000000000008300, -0.1228282661284085800, 0.06250000000000001400 ) ) ;
#9768 = CARTESIAN_POINT ( 'NONE',  ( -0.1375000000000003200, -0.1228282661284085800, -0.06250000000000001400 ) ) ;
#9769 = EDGE_CURVE ( 'NONE', #558, #3829, #4370, .T. ) ;
#9770 = LINE ( 'NONE', #6535, #9373 ) ;
#9771 = VECTOR ( 'NONE', #9877, 39.37007874015748100 ) ;
#9772 = ORIENTED_EDGE ( 'NONE', *, *, #6816, .F. ) ;
#9773 = VECTOR ( 'NONE', #10776, 39.37007874015748100 ) ;
#9774 = VERTEX_POINT ( 'NONE', #9796 ) ;
#9775 = ORIENTED_EDGE ( 'NONE', *, *, #9713, .F. ) ;
#9776 = EDGE_LOOP ( 'NONE', ( #5378, #8437, #5553, #2447 ) ) ;
#9777 = EDGE_CURVE ( 'NONE', #2317, #8704, #7297, .T. ) ;
#9778 = CARTESIAN_POINT ( 'NONE',  ( 0.2375000000000000700, 0.3128282661284084700, 0.06250000000000001400 ) ) ;
#9779 = AXIS2_PLACEMENT_3D ( 'NONE', #1868, #8827, #2758 ) ;
#9780 = LINE ( 'NONE', #7834, #8391 ) ;
#9781 = CARTESIAN_POINT ( 'NONE',  ( -0.2598818239561615500, 0.3200216456890114800, 0.04011817604383839700 ) ) ;
#9782 = VECTOR ( 'NONE', #11287, 39.37007874015748100 ) ;
#9783 = LINE ( 'NONE', #9322, #2177 ) ;
#9784 = PLANE ( 'NONE',  #3163 ) ;
#9785 = VERTEX_POINT ( 'NONE', #5469 ) ;
#9786 = VECTOR ( 'NONE', #3250, 39.37007874015748100 ) ;
#9787 = EDGE_CURVE ( 'NONE', #5209, #931, #1756, .T. ) ;
#9788 = ORIENTED_EDGE ( 'NONE', *, *, #7369, .T. ) ;
#9789 = VERTEX_POINT ( 'NONE', #4711 ) ;
#9790 = ORIENTED_EDGE ( 'NONE', *, *, #10841, .F. ) ;
#9791 = ORIENTED_EDGE ( 'NONE', *, *, #3555, .F. ) ;
#9792 = LINE ( 'NONE', #7567, #4382 ) ;
#9793 = CARTESIAN_POINT ( 'NONE',  ( 0.2625000000000000700, -0.01499999999999997700, 0.03749999999999999900 ) ) ;
#9794 = CARTESIAN_POINT ( 'NONE',  ( 0.3625000000000001000, -0.1228282661284085800, 0.06250000000000001400 ) ) ;
#9795 = EDGE_CURVE ( 'NONE', #545, #5942, #9920, .T. ) ;
#9796 = CARTESIAN_POINT ( 'NONE',  ( -0.4437500000000000300, 0.3299999999999999600, 0.05624999999999997400 ) ) ;
#9797 = AXIS2_PLACEMENT_3D ( 'NONE', #5975, #5932, #8639 ) ;
#9798 = ORIENTED_EDGE ( 'NONE', *, *, #7620, .T. ) ;
#9799 = EDGE_LOOP ( 'NONE', ( #5900, #7067, #11213, #3185 ) ) ;
#9800 = ORIENTED_EDGE ( 'NONE', *, *, #8869, .F. ) ;
#9801 = ORIENTED_EDGE ( 'NONE', *, *, #10435, .T. ) ;
#9802 = ORIENTED_EDGE ( 'NONE', *, *, #4951, .F. ) ;
#9803 = CARTESIAN_POINT ( 'NONE',  ( 0.03749999999999973500, -0.1228282661284085800, -0.03749999999999999900 ) ) ;
#9804 = ORIENTED_EDGE ( 'NONE', *, *, #2810, .F. ) ;
#9805 = LINE ( 'NONE', #10835, #4141 ) ;
#9806 = DIRECTION ( 'NONE',  ( -1.000000000000000000, 0.0000000000000000000, -0.0000000000000000000 ) ) ;
#9807 = CARTESIAN_POINT ( 'NONE',  ( -0.3375000000000003000, 0.0000000000000000000, -0.06250000000000001400 ) ) ;
#9808 = ADVANCED_FACE ( 'NONE', ( #7568 ), #424, .F. ) ;
#9809 = VECTOR ( 'NONE', #727, 39.37007874015748100 ) ;
#9810 = DIRECTION ( 'NONE',  ( 0.0000000000000000000, -0.0000000000000000000, 1.000000000000000000 ) ) ;
#9811 = EDGE_CURVE ( 'NONE', #4008, #5210, #7964, .T. ) ;
#9812 = ORIENTED_EDGE ( 'NONE', *, *, #6581, .F. ) ;
#9813 = VERTEX_POINT ( 'NONE', #3072 ) ;
#9814 = VERTEX_POINT ( 'NONE', #2022 ) ;
#9815 = ORIENTED_EDGE ( 'NONE', *, *, #4847, .F. ) ;
#9816 = EDGE_LOOP ( 'NONE', ( #7104, #315, #9922, #6599 ) ) ;
#9817 = ORIENTED_EDGE ( 'NONE', *, *, #9319, .F. ) ;
#9818 = LINE ( 'NONE', #4974, #10096 ) ;
#9819 = AXIS2_PLACEMENT_3D ( 'NONE', #3324, #7884, #4323 ) ;
#9820 = ADVANCED_FACE ( 'NONE', ( #4907 ), #8240, .T. ) ;
#9821 = VERTEX_POINT ( 'NONE', #10898 ) ;
#9822 = LINE ( 'NONE', #4100, #5094 ) ;
#9823 = CARTESIAN_POINT ( 'NONE',  ( -0.4625000000000003000, -0.1228282661284085800, -0.06250000000000001400 ) ) ;
#9824 = ORIENTED_EDGE ( 'NONE', *, *, #2288, .T. ) ;
#9825 = DIRECTION ( 'NONE',  ( 0.0000000000000000000, 0.0000000000000000000, -1.000000000000000000 ) ) ;
#9826 = DIRECTION ( 'NONE',  ( 0.0000000000000000000, 0.0000000000000000000, -1.000000000000000000 ) ) ;
#9827 = VERTEX_POINT ( 'NONE', #8360 ) ;
#9828 = ORIENTED_EDGE ( 'NONE', *, *, #3639, .T. ) ;
#9829 = VERTEX_POINT ( 'NONE', #9258 ) ;
#9830 = VECTOR ( 'NONE', #4625, 39.37007874015748100 ) ;
#9831 = DIRECTION ( 'NONE',  ( -1.000000000000000000, 0.0000000000000000000, 0.0000000000000000000 ) ) ;
#9832 = FACE_OUTER_BOUND ( 'NONE', #4850, .T. ) ;
#9833 = EDGE_CURVE ( 'NONE', #2753, #4921, #11430, .T. ) ;
#9834 = EDGE_LOOP ( 'NONE', ( #5829, #1391, #3161, #9249 ) ) ;
#9835 = ORIENTED_EDGE ( 'NONE', *, *, #11077, .T. ) ;
#9836 = CARTESIAN_POINT ( 'NONE',  ( 0.2437500000000001100, -0.1400000000000000100, 0.05624999999999997400 ) ) ;
#9837 = ORIENTED_EDGE ( 'NONE', *, *, #5847, .F. ) ;
#9838 = VECTOR ( 'NONE', #6833, 39.37007874015748100 ) ;
#9839 = CARTESIAN_POINT ( 'NONE',  ( -0.06250000000000029100, 0.3128282661284084700, -0.06250000000000001400 ) ) ;
#9840 = CARTESIAN_POINT ( 'NONE',  ( -0.06250000000000029100, -0.01499999999999997700, -0.06250000000000001400 ) ) ;
#9841 = CARTESIAN_POINT ( 'NONE',  ( -0.4625000000000003000, 0.3299999999999999600, -0.03749999999999999900 ) ) ;
#9842 = FACE_OUTER_BOUND ( 'NONE', #11309, .T. ) ;
#9843 = DIRECTION ( 'NONE',  ( 0.0000000000000000000, 0.0000000000000000000, -1.000000000000000000 ) ) ;
#9844 = VECTOR ( 'NONE', #1281, 39.37007874015748100 ) ;
#9845 = CARTESIAN_POINT ( 'NONE',  ( 0.4374999999999997200, -0.01499999999999997700, -0.03749999999999999900 ) ) ;
#9846 = EDGE_CURVE ( 'NONE', #7540, #10860, #5180, .T. ) ;
#9847 = CARTESIAN_POINT ( 'NONE',  ( 0.5749999999999996200, 0.0000000000000000000, 0.1825000000000000000 ) ) ;
#9848 =( LENGTH_UNIT ( ) NAMED_UNIT ( * ) SI_UNIT ( $, .METRE. ) );
#9849 = ORIENTED_EDGE ( 'NONE', *, *, #9496, .T. ) ;
#9850 = VERTEX_POINT ( 'NONE', #2984 ) ;
#9851 = LINE ( 'NONE', #5595, #2243 ) ;
#9852 = ORIENTED_EDGE ( 'NONE', *, *, #6722, .F. ) ;
#9853 = EDGE_CURVE ( 'NONE', #84, #7046, #10594, .T. ) ;
#9854 = VECTOR ( 'NONE', #5261, 39.37007874015748100 ) ;
#9855 = AXIS2_PLACEMENT_3D ( 'NONE', #8577, #6880, #7770 ) ;
#9856 = ORIENTED_EDGE ( 'NONE', *, *, #6489, .T. ) ;
#9857 = SURFACE_STYLE_FILL_AREA ( #2988 ) ;
#9858 = EDGE_CURVE ( 'NONE', #7708, #1142, #2304, .T. ) ;
#9859 = DIRECTION ( 'NONE',  ( 0.0000000000000000000, 0.0000000000000000000, 1.000000000000000000 ) ) ;
#9860 = LINE ( 'NONE', #1983, #10806 ) ;
#9861 = CARTESIAN_POINT ( 'NONE',  ( -0.1624999999999999800, -0.1228282661284085800, 0.06250000000000001400 ) ) ;
#9862 = DIRECTION ( 'NONE',  ( 0.0000000000000000000, 0.0000000000000000000, -1.000000000000000000 ) ) ;
#9863 = ADVANCED_FACE ( 'NONE', ( #1183 ), #342, .T. ) ;
#9864 = PLANE ( 'NONE',  #4846 ) ;
#9865 = EDGE_CURVE ( 'NONE', #805, #5920, #3262, .T. ) ;
#9866 = AXIS2_PLACEMENT_3D ( 'NONE', #8945, #1953, #7278 ) ;
#9867 = VECTOR ( 'NONE', #371, 39.37007874015748100 ) ;
#9868 = CARTESIAN_POINT ( 'NONE',  ( -0.3624999999999999300, -0.1228282661284085800, 0.03749999999999999900 ) ) ;
#9869 = EDGE_LOOP ( 'NONE', ( #6470, #7053, #1767, #10219 ) ) ;
#9870 = ADVANCED_FACE ( 'NONE', ( #2039 ), #7487, .T. ) ;
#9871 = DIRECTION ( 'NONE',  ( 0.0000000000000000000, 0.0000000000000000000, -1.000000000000000000 ) ) ;
#9872 = ORIENTED_EDGE ( 'NONE', *, *, #956, .F. ) ;
#9873 = CARTESIAN_POINT ( 'NONE',  ( 0.1000000000000000200, 0.3499999999999999800, 0.1324999999999999800 ) ) ;
#9874 = ORIENTED_EDGE ( 'NONE', *, *, #623, .F. ) ;
#9875 = DIRECTION ( 'NONE',  ( 0.0000000000000000000, -1.000000000000000000, 0.0000000000000000000 ) ) ;
#9876 = UNCERTAINTY_MEASURE_WITH_UNIT (LENGTH_MEASURE( 1.000000000000000100E-005 ), #4236, 'distance_accuracy_value', 'NONE');
#9877 = DIRECTION ( 'NONE',  ( -1.000000000000000000, 0.0000000000000000000, 0.0000000000000000000 ) ) ;
#9878 = MECHANICAL_DESIGN_GEOMETRIC_PRESENTATION_REPRESENTATION (  '', ( #1440 ), #9305 ) ;
#9879 = DIRECTION ( 'NONE',  ( 1.000000000000000000, 0.0000000000000000000, 0.0000000000000000000 ) ) ;
#9880 = DIRECTION ( 'NONE',  ( 0.0000000000000000000, -0.3420201433256698200, 0.9396926207859079800 ) ) ;
#9881 = LINE ( 'NONE', #8558, #7252 ) ;
#9882 = ORIENTED_EDGE ( 'NONE', *, *, #3333, .F. ) ;
#9883 = VECTOR ( 'NONE', #1305, 39.37007874015748100 ) ;
#9884 = LINE ( 'NONE', #5509, #10015 ) ;
#9885 = EDGE_CURVE ( 'NONE', #7316, #7432, #5754, .T. ) ;
#9886 = DIRECTION ( 'NONE',  ( 0.3236155771181846200, -0.8891264907159883700, -0.3236155771181846200 ) ) ;
#9887 = FACE_OUTER_BOUND ( 'NONE', #1677, .T. ) ;
#9888 = DIRECTION ( 'NONE',  ( 0.0000000000000000000, -0.3420201433256698200, 0.9396926207859079800 ) ) ;
#9889 = VECTOR ( 'NONE', #11140, 39.37007874015748100 ) ;
#9890 = VECTOR ( 'NONE', #9030, 39.37007874015748100 ) ;
#9891 = EDGE_CURVE ( 'NONE', #6071, #4954, #1774, .T. ) ;
#9892 = VECTOR ( 'NONE', #3431, 39.37007874015748100 ) ;
#9893 = DIRECTION ( 'NONE',  ( -0.9396926207859079800, -0.3420201433256698200, -0.0000000000000000000 ) ) ;
#9894 = VECTOR ( 'NONE', #1011, 39.37007874015748100 ) ;
#9895 = VECTOR ( 'NONE', #5777, 39.37007874015748100 ) ;
#9896 = DIRECTION ( 'NONE',  ( 0.0000000000000000000, -0.3420201433256698200, -0.9396926207859079800 ) ) ;
#9897 = LENGTH_MEASURE_WITH_UNIT ( LENGTH_MEASURE( 0.02539999999999999900 ), #10016 );
#9898 = DIRECTION ( 'NONE',  ( -1.000000000000000000, 0.0000000000000000000, -0.0000000000000000000 ) ) ;
#9899 = ORIENTED_EDGE ( 'NONE', *, *, #1788, .T. ) ;
#9900 = DIRECTION ( 'NONE',  ( -1.000000000000000000, 0.0000000000000000000, -0.0000000000000000000 ) ) ;
#9901 = EDGE_CURVE ( 'NONE', #14, #6229, #1344, .T. ) ;
#9902 = VECTOR ( 'NONE', #8202, 39.37007874015748100 ) ;
#9903 = DIRECTION ( 'NONE',  ( 0.0000000000000000000, 0.0000000000000000000, -1.000000000000000000 ) ) ;
#9904 = STYLED_ITEM ( 'NONE', ( #3094 ), #3560 ) ;
#9905 = CARTESIAN_POINT ( 'NONE',  ( 0.04374999999999977500, 0.3299999999999999600, -0.05624999999999997400 ) ) ;
#9906 = VECTOR ( 'NONE', #7792, 39.37007874015748100 ) ;
#9907 = ADVANCED_FACE ( 'NONE', ( #3960 ), #5758, .T. ) ;
#9908 = DIRECTION ( 'NONE',  ( -1.000000000000000000, 0.0000000000000000000, 0.0000000000000000000 ) ) ;
#9909 = FACE_OUTER_BOUND ( 'NONE', #1899, .T. ) ;
#9910 = ORIENTED_EDGE ( 'NONE', *, *, #993, .T. ) ;
#9911 = COLOUR_RGB ( '',1.000000000000000000, 0.8117647058823529400, 0.5019607843137254800 ) ;
#9912 = VERTEX_POINT ( 'NONE', #1369 ) ;
#9913 = VERTEX_POINT ( 'NONE', #5878 ) ;
#9914 = CARTESIAN_POINT ( 'NONE',  ( -0.0000000000000000000, 0.0000000000000000000, 0.03749999999999999900 ) ) ;
#9915 = ORIENTED_EDGE ( 'NONE', *, *, #5272, .F. ) ;
#9916 = ORIENTED_EDGE ( 'NONE', *, *, #3615, .F. ) ;
#9917 = EDGE_CURVE ( 'NONE', #1914, #3607, #3410, .T. ) ;
#9918 = VECTOR ( 'NONE', #467, 39.37007874015748100 ) ;
#9919 = ADVANCED_FACE ( 'NONE', ( #770 ), #3184, .T. ) ;
#9920 = LINE ( 'NONE', #9093, #3537 ) ;
#9921 = CARTESIAN_POINT ( 'NONE',  ( 0.0000000000000000000, 0.09999999999999996400, -0.06250000000000001400 ) ) ;
#9922 = ORIENTED_EDGE ( 'NONE', *, *, #10370, .F. ) ;
#9923 = EDGE_CURVE ( 'NONE', #6097, #7733, #10338, .T. ) ;
#9924 = VERTEX_POINT ( 'NONE', #2383 ) ;
#9925 = ORIENTED_EDGE ( 'NONE', *, *, #4555, .F. ) ;
#9926 = DIRECTION ( 'NONE',  ( -0.0000000000000000000, 0.0000000000000000000, 1.000000000000000000 ) ) ;
#9927 = VERTEX_POINT ( 'NONE', #8556 ) ;
#9928 = DIRECTION ( 'NONE',  ( -1.000000000000000000, 0.0000000000000000000, 0.0000000000000000000 ) ) ;
#9929 = VECTOR ( 'NONE', #11082, 39.37007874015748100 ) ;
#9930 = CARTESIAN_POINT ( 'NONE',  ( -0.3625000000000003200, -0.01499999999999997700, -0.03749999999999999900 ) ) ;
#9931 = DIRECTION ( 'NONE',  ( 0.0000000000000000000, -0.0000000000000000000, 1.000000000000000000 ) ) ;
#9932 = VERTEX_POINT ( 'NONE', #10256 ) ;
#9933 = DIRECTION ( 'NONE',  ( -1.000000000000000000, 0.0000000000000000000, 0.0000000000000000000 ) ) ;
#9934 = ORIENTED_EDGE ( 'NONE', *, *, #9407, .F. ) ;
#9935 = ORIENTED_EDGE ( 'NONE', *, *, #3130, .F. ) ;
#9936 = ORIENTED_EDGE ( 'NONE', *, *, #1554, .T. ) ;
#9937 = CLOSED_SHELL ( 'NONE', ( #7091, #1521, #981, #5611, #7099, #4143, #9170, #7900, #6977, #8595, #3134, #7946, #8063, #2570, #9808, #8775, #7494, #630, #7377, #1212, #10821, #862, #10719, #5791, #10440, #1973, #4856, #2460, #9460, #10276, #2348, #6442, #2105, #2094, #11325, #10505, #2669, #6852, #5802, #11006, #9863, #5543, #7211, #808, #5376, #1751, #9981, #7321, #820, #5597, #2523, #6820, #6212, #9406, #4465, #6381, #10029, #9043, #7436, #8705, #4350, #7423, #9300, #4572, #1280, #3202, #3330, #5263, #1227, #2401, #8491, #7627, #2408, #6266, #2724, #447, #8005, #7551, #4059, #4740, #171, #8112, #7201, #8828, #46, #3994, #9114, #2038, #9521, #707, #3759, #8895, #3123, #9053, #3821, #9596, #1029, #1583, #10621, #685, #6974, #5426, #6567, #9754, #1818, #575, #6738, #2737, #5667, #11423, #4626, #8636, #8941, #4305, #8348, #10713, #2221, #4187, #6044, #7614, #618, #7260, #166, #10393 ) ) ;
#9938 = LINE ( 'NONE', #9520, #3993 ) ;
#9939 = DIRECTION ( 'NONE',  ( 0.0000000000000000000, 0.0000000000000000000, -1.000000000000000000 ) ) ;
#9940 = CARTESIAN_POINT ( 'NONE',  ( 0.1374999999999997100, 0.3299999999999999600, -0.05624999999999997400 ) ) ;
#9941 = EDGE_CURVE ( 'NONE', #1790, #10514, #2457, .T. ) ;
#9942 = LINE ( 'NONE', #8152, #6778 ) ;
#9943 = CARTESIAN_POINT ( 'NONE',  ( 0.3562499999999996200, -0.1400000000000000100, -0.04375000000000003900 ) ) ;
#9944 = DIRECTION ( 'NONE',  ( -1.000000000000000000, 0.0000000000000000000, 0.0000000000000000000 ) ) ;
#9945 = CARTESIAN_POINT ( 'NONE',  ( -0.3624999999999999300, -0.01499999999999997700, 0.06250000000000001400 ) ) ;
#9946 = ORIENTED_EDGE ( 'NONE', *, *, #8712, .T. ) ;
#9947 = ORIENTED_EDGE ( 'NONE', *, *, #1000, .T. ) ;
#9948 = DIRECTION ( 'NONE',  ( 0.0000000000000000000, 0.0000000000000000000, 1.000000000000000000 ) ) ;
#9949 = EDGE_LOOP ( 'NONE', ( #9561, #7385, #5871, #3710 ) ) ;
#9950 = ORIENTED_EDGE ( 'NONE', *, *, #4421, .T. ) ;
#9951 = VERTEX_POINT ( 'NONE', #8398 ) ;
#9952 = PLANE ( 'NONE',  #4935 ) ;
#9953 = FACE_OUTER_BOUND ( 'NONE', #7613, .T. ) ;
#9954 = CARTESIAN_POINT ( 'NONE',  ( 0.0000000000000000000, 0.09999999999999996400, -0.03749999999999999900 ) ) ;
#9955 = DIRECTION ( 'NONE',  ( -0.0000000000000000000, 0.0000000000000000000, 1.000000000000000000 ) ) ;
#9956 = EDGE_LOOP ( 'NONE', ( #10794, #8901, #10489, #1633 ) ) ;
#9957 = LINE ( 'NONE', #4668, #7488 ) ;
#9958 = DIRECTION ( 'NONE',  ( 0.0000000000000000000, 0.0000000000000000000, -1.000000000000000000 ) ) ;
#9959 = ORIENTED_EDGE ( 'NONE', *, *, #10675, .T. ) ;
#9960 = VERTEX_POINT ( 'NONE', #7555 ) ;
#9961 = EDGE_LOOP ( 'NONE', ( #138, #2967, #1206, #5603, #6090 ) ) ;
#9962 = AXIS2_PLACEMENT_3D ( 'NONE', #6465, #2110, #5590 ) ;
#9963 = VECTOR ( 'NONE', #550, 39.37007874015748100 ) ;
#9964 = VECTOR ( 'NONE', #972, 39.37007874015748100 ) ;
#9965 = PRODUCT ( 'TSS-110-01-G-D', 'TSS-110-01-G-D', '', ( #9328 ) ) ;
#9966 = CARTESIAN_POINT ( 'NONE',  ( -0.3624999999999999300, 0.3299999999999999600, 0.03749999999999999900 ) ) ;
#9967 = ADVANCED_FACE ( 'NONE', ( #10730 ), #457, .T. ) ;
#9968 = AXIS2_PLACEMENT_3D ( 'NONE', #9042, #8975, #1069 ) ;
#9969 = ORIENTED_EDGE ( 'NONE', *, *, #2326, .T. ) ;
#9970 = VERTEX_POINT ( 'NONE', #6826 ) ;
#9971 = FILL_AREA_STYLE_COLOUR ( '', #1270 ) ;
#9972 = SURFACE_SIDE_STYLE ('',( #8078 ) ) ;
#9973 = ORIENTED_EDGE ( 'NONE', *, *, #9858, .T. ) ;
#9974 = VECTOR ( 'NONE', #6799, 39.37007874015748100 ) ;
#9975 = ORIENTED_EDGE ( 'NONE', *, *, #4433, .T. ) ;
#9976 = DIRECTION ( 'NONE',  ( 0.0000000000000000000, -0.0000000000000000000, 1.000000000000000000 ) ) ;
#9977 = FACE_OUTER_BOUND ( 'NONE', #2193, .T. ) ;
#9978 = EDGE_CURVE ( 'NONE', #4864, #9913, #7157, .T. ) ;
#9979 = LINE ( 'NONE', #4620, #4181 ) ;
#9980 = CARTESIAN_POINT ( 'NONE',  ( 0.4374999999999997200, -0.1228282661284085800, -0.06250000000000001400 ) ) ;
#9981 = ADVANCED_FACE ( 'NONE', ( #358 ), #4103, .F. ) ;
#9982 = AXIS2_PLACEMENT_3D ( 'NONE', #5825, #4875, #4991 ) ;
#9983 = DIRECTION ( 'NONE',  ( 0.0000000000000000000, 0.0000000000000000000, 1.000000000000000000 ) ) ;
#9984 = ORIENTED_EDGE ( 'NONE', *, *, #5133, .T. ) ;
#9985 = FACE_OUTER_BOUND ( 'NONE', #11487, .T. ) ;
#9986 = VECTOR ( 'NONE', #11235, 39.37007874015748100 ) ;
#9987 = CARTESIAN_POINT ( 'NONE',  ( 0.2624999999999996800, -0.1228282661284085800, -0.03749999999999999900 ) ) ;
#9988 = EDGE_CURVE ( 'NONE', #2315, #5189, #1053, .T. ) ;
#9989 = CARTESIAN_POINT ( 'NONE',  ( -0.05000000000000025300, 0.3499999999999999800, -0.1674999999999999800 ) ) ;
#9990 = CARTESIAN_POINT ( 'NONE',  ( 0.4375000000000001100, 0.3128282661284084700, 0.03749999999999999900 ) ) ;
#9991 = DIRECTION ( 'NONE',  ( -0.0000000000000000000, 1.000000000000000000, -0.0000000000000000000 ) ) ;
#9992 = CARTESIAN_POINT ( 'NONE',  ( 0.03749999999999973500, 0.3299999999999999600, -0.03749999999999999900 ) ) ;
#9993 = DIRECTION ( 'NONE',  ( -0.3236155771181856200, -0.8891264907159877100, 0.3236155771181856200 ) ) ;
#9994 = DIRECTION ( 'NONE',  ( -1.000000000000000000, 0.0000000000000000000, 0.0000000000000000000 ) ) ;
#9995 = FACE_OUTER_BOUND ( 'NONE', #361, .T. ) ;
#9996 = EDGE_CURVE ( 'NONE', #247, #3128, #6607, .T. ) ;
#9997 = DIRECTION ( 'NONE',  ( 0.0000000000000000000, 0.0000000000000000000, 1.000000000000000000 ) ) ;
#9998 = ORIENTED_EDGE ( 'NONE', *, *, #5964, .F. ) ;
#9999 = AXIS2_PLACEMENT_3D ( 'NONE', #2505, #6127, #8673 ) ;
#10000 = ORIENTED_EDGE ( 'NONE', *, *, #8557, .T. ) ;
#10001 = DIRECTION ( 'NONE',  ( 0.0000000000000000000, 0.0000000000000000000, 1.000000000000000000 ) ) ;
#10002 = ORIENTED_EDGE ( 'NONE', *, *, #7058, .F. ) ;
#10003 = EDGE_LOOP ( 'NONE', ( #8732, #7939, #2882, #9292 ) ) ;
#10004 = EDGE_CURVE ( 'NONE', #9239, #8154, #8953, .T. ) ;
#10005 = CARTESIAN_POINT ( 'NONE',  ( -0.2625000000000002900, 0.3299999999999999600, -0.03749999999999999900 ) ) ;
#10006 = VECTOR ( 'NONE', #4768, 39.37007874015748100 ) ;
#10007 = CARTESIAN_POINT ( 'NONE',  ( 0.4375000000000001100, -4.268512490100411300E-018, 0.03749999999999999900 ) ) ;
#10008 = ORIENTED_EDGE ( 'NONE', *, *, #11476, .F. ) ;
#10009 = VECTOR ( 'NONE', #8919, 39.37007874015748100 ) ;
#10010 = EDGE_CURVE ( 'NONE', #9413, #11321, #4247, .T. ) ;
#10011 = MECHANICAL_DESIGN_GEOMETRIC_PRESENTATION_REPRESENTATION (  '', ( #4659 ), #9048 ) ;
#10012 = ORIENTED_EDGE ( 'NONE', *, *, #10816, .F. ) ;
#10013 = DIRECTION ( 'NONE',  ( 0.0000000000000000000, -0.3420201433256698200, -0.9396926207859079800 ) ) ;
#10014 = ORIENTED_EDGE ( 'NONE', *, *, #8241, .T. ) ;
#10015 = VECTOR ( 'NONE', #3777, 39.37007874015748100 ) ;
#10016 =( LENGTH_UNIT ( ) NAMED_UNIT ( * ) SI_UNIT ( $, .METRE. ) );
#10017 = DIRECTION ( 'NONE',  ( -1.000000000000000000, 0.0000000000000000000, -0.0000000000000000000 ) ) ;
#10018 = UNCERTAINTY_MEASURE_WITH_UNIT (LENGTH_MEASURE( 1.000000000000000100E-005 ), #6036, 'distance_accuracy_value', 'NONE');
#10019 = CARTESIAN_POINT ( 'NONE',  ( -0.2625000000000002900, 0.0000000000000000000, 0.0000000000000000000 ) ) ;
#10020 = DIRECTION ( 'NONE',  ( -1.000000000000000000, 0.0000000000000000000, -0.0000000000000000000 ) ) ;
#10021 = EDGE_CURVE ( 'NONE', #679, #7447, #10869, .T. ) ;
#10022 = PLANE ( 'NONE',  #8497 ) ;
#10023 = VECTOR ( 'NONE', #5965, 39.37007874015748100 ) ;
#10024 = LINE ( 'NONE', #11313, #5022 ) ;
#10025 = CARTESIAN_POINT ( 'NONE',  ( 0.4624999999999996900, 0.09999999999999996400, -0.03749999999999999900 ) ) ;
#10026 = FILL_AREA_STYLE ('',( #4602 ) ) ;
#10027 = CARTESIAN_POINT ( 'NONE',  ( -0.3374999999999999700, -0.01499999999999997700, 0.06250000000000001400 ) ) ;
#10029 = ADVANCED_FACE ( 'NONE', ( #6041 ), #1684, .F. ) ;
#10028 = VECTOR ( 'NONE', #11426, 39.37007874015748100 ) ;
#10030 = CARTESIAN_POINT ( 'NONE',  ( -0.4625000000000003000, -0.01499999999999997700, -0.03749999999999999900 ) ) ;
#10031 = VECTOR ( 'NONE', #6062, 39.37007874015748100 ) ;
#10032 = AXIS2_PLACEMENT_3D ( 'NONE', #889, #6094, #10535 ) ;
#10033 = DIRECTION ( 'NONE',  ( 1.000000000000000000, 0.0000000000000000000, 0.0000000000000000000 ) ) ;
#10034 = CARTESIAN_POINT ( 'NONE',  ( -0.3437500000000000000, -0.1400000000000000100, 0.05624999999999997400 ) ) ;
#10035 = DIRECTION ( 'NONE',  ( -3.278217592397116300E-015, -0.0000000000000000000, 1.000000000000000000 ) ) ;
#10036 = LINE ( 'NONE', #75, #5298 ) ;
#10037 = VECTOR ( 'NONE', #1454, 39.37007874015748100 ) ;
#10038 = ADVANCED_FACE ( 'NONE', ( #3678 ), #10327, .T. ) ;
#10039 = LINE ( 'NONE', #9987, #6869 ) ;
#10040 = LINE ( 'NONE', #5786, #2982 ) ;
#10041 = EDGE_CURVE ( 'NONE', #6696, #8404, #6892, .T. ) ;
#10042 = CARTESIAN_POINT ( 'NONE',  ( 0.2437500000000001100, -0.1400000000000000100, 0.03749999999999999900 ) ) ;
#10043 = PLANE ( 'NONE',  #10088 ) ;
#10044 = DIRECTION ( 'NONE',  ( -0.0000000000000000000, -0.0000000000000000000, 1.000000000000000000 ) ) ;
#10045 = CARTESIAN_POINT ( 'NONE',  ( 0.03750000000000007500, 0.3128282661284084700, 0.06250000000000001400 ) ) ;
#10046 = VECTOR ( 'NONE', #597, 39.37007874015748100 ) ;
#10047 = EDGE_CURVE ( 'NONE', #6558, #1500, #10471, .T. ) ;
#10048 = AXIS2_PLACEMENT_3D ( 'NONE', #1510, #7693, #6843 ) ;
#10049 = ORIENTED_EDGE ( 'NONE', *, *, #1988, .T. ) ;
#10050 = LINE ( 'NONE', #3637, #3669 ) ;
#10051 = ORIENTED_EDGE ( 'NONE', *, *, #9188, .T. ) ;
#10052 = ORIENTED_EDGE ( 'NONE', *, *, #7097, .T. ) ;
#10053 = ORIENTED_EDGE ( 'NONE', *, *, #6837, .F. ) ;
#10054 = DIRECTION ( 'NONE',  ( -1.000000000000000000, -0.0000000000000000000, -0.0000000000000000000 ) ) ;
#10055 = SURFACE_STYLE_FILL_AREA ( #1045 ) ;
#10056 = AXIS2_PLACEMENT_3D ( 'NONE', #7290, #6477, #9958 ) ;
#10057 = CARTESIAN_POINT ( 'NONE',  ( 0.06250000000000008300, 0.3128282661284084700, 0.06250000000000001400 ) ) ;
#10058 = FACE_OUTER_BOUND ( 'NONE', #6747, .T. ) ;
#10059 = VECTOR ( 'NONE', #4015, 39.37007874015748100 ) ;
#10060 = DIRECTION ( 'NONE',  ( -1.000000000000000000, 0.0000000000000000000, -0.0000000000000000000 ) ) ;
#10061 = ORIENTED_EDGE ( 'NONE', *, *, #1216, .F. ) ;
#10062 = LINE ( 'NONE', #1253, #5910 ) ;
#10063 = ORIENTED_EDGE ( 'NONE', *, *, #7048, .F. ) ;
#10064 = DIRECTION ( 'NONE',  ( 0.0000000000000000000, -1.000000000000000000, 0.0000000000000000000 ) ) ;
#10065 = ORIENTED_EDGE ( 'NONE', *, *, #6104, .F. ) ;
#10066 = EDGE_CURVE ( 'NONE', #816, #510, #8547, .T. ) ;
#10067 = VERTEX_POINT ( 'NONE', #8750 ) ;
#10068 = DIRECTION ( 'NONE',  ( -0.0000000000000000000, 0.0000000000000000000, 1.000000000000000000 ) ) ;
#10069 = PLANE ( 'NONE',  #2283 ) ;
#10070 = PLANE ( 'NONE',  #137 ) ;
#10071 = LINE ( 'NONE', #3647, #2186 ) ;
#10072 = CARTESIAN_POINT ( 'NONE',  ( 0.06249999999999974300, 0.3128282661284084700, -0.06250000000000001400 ) ) ;
#10073 = PLANE ( 'NONE',  #6288 ) ;
#10074 = ORIENTED_EDGE ( 'NONE', *, *, #532, .F. ) ;
#10075 = ORIENTED_EDGE ( 'NONE', *, *, #8263, .T. ) ;
#10076 = ORIENTED_EDGE ( 'NONE', *, *, #9996, .F. ) ;
#10077 = DIRECTION ( 'NONE',  ( -1.000000000000000000, 0.0000000000000000000, 0.0000000000000000000 ) ) ;
#10078 = EDGE_CURVE ( 'NONE', #3783, #7666, #1496, .T. ) ;
#10079 = VERTEX_POINT ( 'NONE', #5159 ) ;
#10080 = VERTEX_POINT ( 'NONE', #8661 ) ;
#10081 = ORIENTED_EDGE ( 'NONE', *, *, #6752, .F. ) ;
#10082 = CARTESIAN_POINT ( 'NONE',  ( -0.05624999999999991100, -0.1400000000000000100, 0.03749999999999999900 ) ) ;
#10083 = VECTOR ( 'NONE', #8749, 39.37007874015748100 ) ;
#10084 = CARTESIAN_POINT ( 'NONE',  ( -0.06249999999999995100, -0.1228282661284084400, 0.03749999999999999900 ) ) ;
#10085 = EDGE_LOOP ( 'NONE', ( #11155, #5783, #8266, #9672 ) ) ;
#10086 = EDGE_CURVE ( 'NONE', #6277, #9130, #4776, .T. ) ;
#10087 =( NAMED_UNIT ( * ) PLANE_ANGLE_UNIT ( ) SI_UNIT ( $, .RADIAN. ) );
#10088 = AXIS2_PLACEMENT_3D ( 'NONE', #10005, #8189, #3768 ) ;
#10089 = EDGE_LOOP ( 'NONE', ( #8753, #7898 ) ) ;
#10090 = DIRECTION ( 'NONE',  ( 0.0000000000000000000, -1.000000000000000000, 0.0000000000000000000 ) ) ;
#10091 = ORIENTED_EDGE ( 'NONE', *, *, #3164, .F. ) ;
#10092 = CARTESIAN_POINT ( 'NONE',  ( -0.3375000000000003000, 0.0000000000000000000, 0.0000000000000000000 ) ) ;
#10093 = ORIENTED_EDGE ( 'NONE', *, *, #1503, .F. ) ;
#10094 = VERTEX_POINT ( 'NONE', #11257 ) ;
#10095 = ORIENTED_EDGE ( 'NONE', *, *, #1304, .F. ) ;
#10096 = VECTOR ( 'NONE', #7668, 39.37007874015748100 ) ;
#10097 = ADVANCED_FACE ( 'NONE', ( #8815 ), #9525, .F. ) ;
#10098 = CARTESIAN_POINT ( 'NONE',  ( 0.06249999999999974300, 0.3128282661284084700, -0.03749999999999999900 ) ) ;
#10099 = CARTESIAN_POINT ( 'NONE',  ( -0.2374999999999999600, 0.09999999999999996400, 0.0000000000000000000 ) ) ;
#10100 = ORIENTED_EDGE ( 'NONE', *, *, #83, .F. ) ;
#10101 = DIRECTION ( 'NONE',  ( 1.000000000000000000, 0.0000000000000000000, 0.0000000000000000000 ) ) ;
#10102 = ORIENTED_EDGE ( 'NONE', *, *, #9719, .F. ) ;
#10103 = EDGE_LOOP ( 'NONE', ( #2458, #7244, #1046, #4918, #4689, #3171, #3966, #9545, #105, #9790, #9998 ) ) ;
#10104 = CARTESIAN_POINT ( 'NONE',  ( -0.2562500000000002600, 0.3299999999999999600, -0.05624999999999997400 ) ) ;
#10105 = ORIENTED_EDGE ( 'NONE', *, *, #3424, .F. ) ;
#10106 = ADVANCED_FACE ( 'NONE', ( #10608 ), #1536, .T. ) ;
#10107 = DIRECTION ( 'NONE',  ( 0.0000000000000000000, 0.0000000000000000000, -1.000000000000000000 ) ) ;
#10108 = FACE_OUTER_BOUND ( 'NONE', #1360, .T. ) ;
#10109 = CARTESIAN_POINT ( 'NONE',  ( 0.2375000000000000700, -0.01499999999999997700, 0.06250000000000001400 ) ) ;
#10110 = AXIS2_PLACEMENT_3D ( 'NONE', #2405, #11316, #8650 ) ;
#10111 = CARTESIAN_POINT ( 'NONE',  ( 0.03749999999999973500, 0.3299999999999999600, -0.06250000000000001400 ) ) ;
#10112 = ORIENTED_EDGE ( 'NONE', *, *, #280, .F. ) ;
#10113 = ORIENTED_EDGE ( 'NONE', *, *, #151, .T. ) ;
#10114 = VECTOR ( 'NONE', #8369, 39.37007874015748100 ) ;
#10115 = EDGE_CURVE ( 'NONE', #2192, #7315, #1891, .T. ) ;
#10116 = PLANE ( 'NONE',  #11481 ) ;
#10117 = CARTESIAN_POINT ( 'NONE',  ( 0.4437499999999997600, -0.1400000000000000100, -0.05624999999999997400 ) ) ;
#10118 = ORIENTED_EDGE ( 'NONE', *, *, #83, .T. ) ;
#10119 = LINE ( 'NONE', #1137, #2388 ) ;
#10120 = DIRECTION ( 'NONE',  ( 0.3236155771181856200, 0.8891264907159877100, 0.3236155771181856200 ) ) ;
#10121 = STYLED_ITEM ( 'NONE', ( #2846 ), #10236 ) ;
#10122 = EDGE_CURVE ( 'NONE', #3035, #6782, #6186, .T. ) ;
#10123 = ORIENTED_EDGE ( 'NONE', *, *, #6376, .T. ) ;
#10124 = PLANE ( 'NONE',  #8199 ) ;
#10125 = VECTOR ( 'NONE', #7416, 39.37007874015748100 ) ;
#10126 =( NAMED_UNIT ( * ) SI_UNIT ( $, .STERADIAN. ) SOLID_ANGLE_UNIT ( ) );
#10127 = DIRECTION ( 'NONE',  ( 0.0000000000000000000, 0.0000000000000000000, -1.000000000000000000 ) ) ;
#10128 = ORIENTED_EDGE ( 'NONE', *, *, #4773, .F. ) ;
#10129 = CARTESIAN_POINT ( 'NONE',  ( -0.1374999999999999600, 0.3128282661284084700, 0.03749999999999999900 ) ) ;
#10130 = DIRECTION ( 'NONE',  ( 0.0000000000000000000, 0.0000000000000000000, 1.000000000000000000 ) ) ;
#10131 = DIRECTION ( 'NONE',  ( -0.0000000000000000000, 1.000000000000000000, -0.0000000000000000000 ) ) ;
#10132 = LINE ( 'NONE', #9062, #7795 ) ;
#10133 = CARTESIAN_POINT ( 'NONE',  ( -0.4375000000000000000, 0.3299999999999999600, 0.05624999999999997400 ) ) ;
#10134 = EDGE_CURVE ( 'NONE', #7331, #8147, #5612, .T. ) ;
#10135 = VECTOR ( 'NONE', #1125, 39.37007874015748100 ) ;
#10136 = DIRECTION ( 'NONE',  ( -0.0000000000000000000, -0.0000000000000000000, 1.000000000000000000 ) ) ;
#10137 = AXIS2_PLACEMENT_3D ( 'NONE', #10216, #8485, #544 ) ;
#10138 = CARTESIAN_POINT ( 'NONE',  ( 0.2437500000000001100, 0.3299999999999999600, 0.05624999999999997400 ) ) ;
#10139 =( NAMED_UNIT ( * ) SI_UNIT ( $, .STERADIAN. ) SOLID_ANGLE_UNIT ( ) );
#10140 = DIRECTION ( 'NONE',  ( 0.0000000000000000000, 0.0000000000000000000, -1.000000000000000000 ) ) ;
#10141 = VECTOR ( 'NONE', #10131, 39.37007874015748100 ) ;
#10142 = DIRECTION ( 'NONE',  ( 0.0000000000000000000, -1.000000000000000000, 0.0000000000000000000 ) ) ;
#10143 = EDGE_CURVE ( 'NONE', #5978, #9912, #6317, .T. ) ;
#10144 = ADVANCED_FACE ( 'NONE', ( #7438 ), #8631, .F. ) ;
#10145 = ORIENTED_EDGE ( 'NONE', *, *, #2807, .T. ) ;
#10146 = CARTESIAN_POINT ( 'NONE',  ( -0.5150000000000004600, 0.0000000000000000000, 0.09999999999999809000 ) ) ;
#10147 = VECTOR ( 'NONE', #5853, 39.37007874015748100 ) ;
#10148 = CARTESIAN_POINT ( 'NONE',  ( 0.03749999999999973500, 0.3128282661284084700, -0.06250000000000001400 ) ) ;
#10149 = CARTESIAN_POINT ( 'NONE',  ( -0.03749999999999994300, -0.1228282661284085800, 0.06250000000000001400 ) ) ;
#10150 = EDGE_CURVE ( 'NONE', #4976, #6771, #3551, .T. ) ;
#10151 = ORIENTED_EDGE ( 'NONE', *, *, #1266, .F. ) ;
#10152 = PLANE ( 'NONE',  #2681 ) ;
#10153 = DIRECTION ( 'NONE',  ( -1.000000000000000000, 0.0000000000000000000, 0.0000000000000000000 ) ) ;
#10154 = DIRECTION ( 'NONE',  ( 0.0000000000000000000, -1.000000000000000000, 0.0000000000000000000 ) ) ;
#10155 = ADVANCED_FACE ( 'NONE', ( #10058 ), #729, .T. ) ;
#10156 = CARTESIAN_POINT ( 'NONE',  ( -0.3374999999999999700, -0.1228282661284085800, 0.03749999999999999900 ) ) ;
#10157 = EDGE_CURVE ( 'NONE', #7331, #6829, #9511, .T. ) ;
#10158 = PLANE ( 'NONE',  #1181 ) ;
#10159 = CARTESIAN_POINT ( 'NONE',  ( 0.2375000000000000700, 0.3128282661284084700, 0.06250000000000001400 ) ) ;
#10160 = FACE_OUTER_BOUND ( 'NONE', #4199, .T. ) ;
#10161 = ORIENTED_EDGE ( 'NONE', *, *, #8104, .T. ) ;
#10162 = DIRECTION ( 'NONE',  ( -0.9396926207859079800, -0.3420201433256698200, -0.0000000000000000000 ) ) ;
#10163 = FACE_OUTER_BOUND ( 'NONE', #1925, .T. ) ;
#10164 = LINE ( 'NONE', #6460, #3780 ) ;
#10165 = EDGE_CURVE ( 'NONE', #10860, #8862, #8395, .T. ) ;
#10166 = PLANE ( 'NONE',  #1402 ) ;
#10167 = FACE_BOUND ( 'NONE', #5902, .T. ) ;
#10168 = VECTOR ( 'NONE', #10491, 39.37007874015748100 ) ;
#10169 = DIRECTION ( 'NONE',  ( -0.0000000000000000000, 0.0000000000000000000, 1.000000000000000000 ) ) ;
#10170 =( NAMED_UNIT ( * ) PLANE_ANGLE_UNIT ( ) SI_UNIT ( $, .RADIAN. ) );
#10171 = VECTOR ( 'NONE', #5811, 39.37007874015748100 ) ;
#10172 = FACE_OUTER_BOUND ( 'NONE', #3017, .T. ) ;
#10173 = DIRECTION ( 'NONE',  ( 0.0000000000000000000, 0.0000000000000000000, -1.000000000000000000 ) ) ;
#10174 = AXIS2_PLACEMENT_3D ( 'NONE', #4479, #7125, #5390 ) ;
#10175 = LINE ( 'NONE', #7915, #892 ) ;
#10176 = LENGTH_MEASURE_WITH_UNIT ( LENGTH_MEASURE( 0.02539999999999999900 ), #9848 );
#10177 = ORIENTED_EDGE ( 'NONE', *, *, #11099, .T. ) ;
#10178 = DIRECTION ( 'NONE',  ( 0.9396926207859079800, -0.3420201433256698200, -0.0000000000000000000 ) ) ;
#10179 = VERTEX_POINT ( 'NONE', #1719 ) ;
#10180 = EDGE_LOOP ( 'NONE', ( #2031, #9530, #11079, #10691 ) ) ;
#10181 = CARTESIAN_POINT ( 'NONE',  ( 0.06250000000000008300, 0.3128282661284084700, 0.06250000000000001400 ) ) ;
#10182 = CARTESIAN_POINT ( 'NONE',  ( 0.1374999999999997100, -0.1228282661284085800, -0.06250000000000001400 ) ) ;
#10183 = DIRECTION ( 'NONE',  ( 0.0000000000000000000, 0.0000000000000000000, -1.000000000000000000 ) ) ;
#10184 = CARTESIAN_POINT ( 'NONE',  ( 0.1562499999999996700, -0.1400000000000000100, -0.04375000000000003900 ) ) ;
#10185 = VECTOR ( 'NONE', #9944, 39.37007874015748100 ) ;
#10186 = ORIENTED_EDGE ( 'NONE', *, *, #5607, .F. ) ;
#10187 = CARTESIAN_POINT ( 'NONE',  ( -0.05625000000000025100, 0.3299999999999999600, -0.05624999999999997400 ) ) ;
#10188 = VECTOR ( 'NONE', #6031, 39.37007874015748100 ) ;
#10189 = VECTOR ( 'NONE', #5994, 39.37007874015748100 ) ;
#10190 = CARTESIAN_POINT ( 'NONE',  ( -0.2625000000000002900, -0.1228282661284085800, -0.03749999999999999900 ) ) ;
#10191 = AXIS2_PLACEMENT_3D ( 'NONE', #5954, #8697, #3505 ) ;
#10192 = DIRECTION ( 'NONE',  ( 1.000000000000000000, 0.0000000000000000000, 0.0000000000000000000 ) ) ;
#10193 = VERTEX_POINT ( 'NONE', #6151 ) ;
#10194 = FACE_OUTER_BOUND ( 'NONE', #5409, .T. ) ;
#10195 = EDGE_LOOP ( 'NONE', ( #9018, #1277, #7059, #5859 ) ) ;
#10196 = EDGE_LOOP ( 'NONE', ( #7175, #6511, #3321, #2610 ) ) ;
#10197 = VERTEX_POINT ( 'NONE', #11445 ) ;
#10198 = ADVANCED_FACE ( 'NONE', ( #3002 ), #7009, .T. ) ;
#10199 = EDGE_CURVE ( 'NONE', #1073, #2636, #912, .T. ) ;
#10200 = VECTOR ( 'NONE', #5483, 39.37007874015748100 ) ;
#10201 = CARTESIAN_POINT ( 'NONE',  ( -0.04375000000000031600, -0.1400000000000000100, -0.05624999999999997400 ) ) ;
#10202 = AXIS2_PLACEMENT_3D ( 'NONE', #9214, #11098, #8295 ) ;
#10203 = VECTOR ( 'NONE', #4963, 39.37007874015748100 ) ;
#10204 = VERTEX_POINT ( 'NONE', #2596 ) ;
#10205 = DIRECTION ( 'NONE',  ( -0.0000000000000000000, 0.0000000000000000000, 1.000000000000000000 ) ) ;
#10206 = ORIENTED_EDGE ( 'NONE', *, *, #9573, .T. ) ;
#10207 = VECTOR ( 'NONE', #4938, 39.37007874015748100 ) ;
#10208 = CLOSED_SHELL ( 'NONE', ( #2841, #5719, #7603, #4416, #3079, #271, #2158, #567, #11144, #6684, #5915, #6934, #328, #10323 ) ) ;
#10209 = ORIENTED_EDGE ( 'NONE', *, *, #3520, .T. ) ;
#10210 = EDGE_CURVE ( 'NONE', #2550, #3885, #7705, .T. ) ;
#10211 = ADVANCED_FACE ( 'NONE', ( #9641 ), #3120, .T. ) ;
#10212 = LINE ( 'NONE', #8688, #4394 ) ;
#10213 = CARTESIAN_POINT ( 'NONE',  ( 0.3374999999999996900, -0.1228282661284085800, -0.03749999999999999900 ) ) ;
#10214 = CARTESIAN_POINT ( 'NONE',  ( 0.4374999999999997200, 0.0000000000000000000, 0.0000000000000000000 ) ) ;
#10215 = CARTESIAN_POINT ( 'NONE',  ( 0.2000000000000000100, 0.3299999999999999600, 0.0000000000000000000 ) ) ;
#10216 = CARTESIAN_POINT ( 'NONE',  ( -0.4625000000000003000, 0.3128282661284084700, -0.03749999999999999900 ) ) ;
#10217 = ORIENTED_EDGE ( 'NONE', *, *, #2090, .F. ) ;
#10218 = EDGE_CURVE ( 'NONE', #9239, #4864, #2164, .T. ) ;
#10219 = ORIENTED_EDGE ( 'NONE', *, *, #7122, .T. ) ;
#10220 = VERTEX_POINT ( 'NONE', #7169 ) ;
#10221 = ORIENTED_EDGE ( 'NONE', *, *, #11338, .T. ) ;
#10222 = EDGE_LOOP ( 'NONE', ( #4390, #2169, #11356, #9105 ) ) ;
#10223 = LINE ( 'NONE', #758, #7879 ) ;
#10224 = LINE ( 'NONE', #6379, #2064 ) ;
#10225 = CARTESIAN_POINT ( 'NONE',  ( -0.1375000000000003200, 0.3128282661284084700, -0.03749999999999999900 ) ) ;
#10226 = DIRECTION ( 'NONE',  ( 0.0000000000000000000, 0.0000000000000000000, 1.000000000000000000 ) ) ;
#10227 = EDGE_CURVE ( 'NONE', #10530, #8218, #6741, .T. ) ;
#10228 = CARTESIAN_POINT ( 'NONE',  ( -0.1000000000000000900, 0.3325000000000003000, 0.1325000000000000300 ) ) ;
#10229 = ORIENTED_EDGE ( 'NONE', *, *, #993, .F. ) ;
#10230 = ORIENTED_EDGE ( 'NONE', *, *, #8585, .F. ) ;
#10231 = CARTESIAN_POINT ( 'NONE',  ( -0.3401181760438383700, 0.3200216456890114800, 0.04011817604383839700 ) ) ;
#10232 = VERTEX_POINT ( 'NONE', #8376 ) ;
#10233 = VERTEX_POINT ( 'NONE', #7459 ) ;
#10234 = PLANE ( 'NONE',  #3798 ) ;
#10235 = ORIENTED_EDGE ( 'NONE', *, *, #9109, .T. ) ;
#10236 = MANIFOLD_SOLID_BREP ( 'Pin[2]', #5061 ) ;
#10237 = VECTOR ( 'NONE', #10136, 39.37007874015748100 ) ;
#10238 = CARTESIAN_POINT ( 'NONE',  ( -0.06249999999999995100, 0.09999999999999992200, 0.03749999999999999900 ) ) ;
#10239 = CARTESIAN_POINT ( 'NONE',  ( -0.3625000000000003200, -0.1400000000000000100, -0.04375000000000003900 ) ) ;
#10240 = VERTEX_POINT ( 'NONE', #1271 ) ;
#10241 = EDGE_CURVE ( 'NONE', #10346, #7621, #4371, .T. ) ;
#10242 = VECTOR ( 'NONE', #730, 39.37007874015748100 ) ;
#10243 = PLANE ( 'NONE',  #4953 ) ;
#10244 = CARTESIAN_POINT ( 'NONE',  ( -0.4375000000000000000, 0.3299999999999999600, 0.06250000000000001400 ) ) ;
#10245 = ORIENTED_EDGE ( 'NONE', *, *, #6593, .T. ) ;
#10246 = ORIENTED_EDGE ( 'NONE', *, *, #7883, .T. ) ;
#10247 = DIRECTION ( 'NONE',  ( 0.0000000000000000000, 0.0000000000000000000, -1.000000000000000000 ) ) ;
#10248 = ORIENTED_EDGE ( 'NONE', *, *, #7112, .F. ) ;
#10249 = LINE ( 'NONE', #737, #7761 ) ;
#10250 = EDGE_CURVE ( 'NONE', #8777, #9135, #9770, .T. ) ;
#10251 = DIRECTION ( 'NONE',  ( 0.3236155771181856200, 0.8891264907159877100, 0.3236155771181856200 ) ) ;
#10252 = LINE ( 'NONE', #9495, #1550 ) ;
#10253 = CARTESIAN_POINT ( 'NONE',  ( -0.3401181760438387000, -0.1300216456890116200, -0.05988182395616160200 ) ) ;
#10254 = PLANE ( 'NONE',  #7142 ) ;
#10255 = ORIENTED_EDGE ( 'NONE', *, *, #5893, .F. ) ;
#10256 = CARTESIAN_POINT ( 'NONE',  ( 0.3375000000000000800, -4.268512490100411300E-018, 0.06250000000000001400 ) ) ;
#10257 = ORIENTED_EDGE ( 'NONE', *, *, #5668, .T. ) ;
#10258 = AXIS2_PLACEMENT_3D ( 'NONE', #10279, #5948, #4244 ) ;
#10259 = FACE_OUTER_BOUND ( 'NONE', #6703, .T. ) ;
#10260 = CARTESIAN_POINT ( 'NONE',  ( -0.3624999999999999300, 0.3299999999999999600, 0.03749999999999999900 ) ) ;
#10261 = DIRECTION ( 'NONE',  ( 1.000000000000000000, 0.0000000000000000000, 0.0000000000000000000 ) ) ;
#10262 = ORIENTED_EDGE ( 'NONE', *, *, #10134, .F. ) ;
#10263 = DIRECTION ( 'NONE',  ( 0.0000000000000000000, 1.000000000000000000, 0.0000000000000000000 ) ) ;
#10264 = DIMENSIONAL_EXPONENTS ( 1.000000000000000000, 0.0000000000000000000, 0.0000000000000000000, 0.0000000000000000000, 0.0000000000000000000, 0.0000000000000000000, 0.0000000000000000000 ) ;
#10265 = DIRECTION ( 'NONE',  ( 1.000000000000000000, 0.0000000000000000000, 0.0000000000000000000 ) ) ;
#10266 = EDGE_CURVE ( 'NONE', #9096, #5636, #5040, .T. ) ;
#10267 = ORIENTED_EDGE ( 'NONE', *, *, #1968, .F. ) ;
#10268 = CARTESIAN_POINT ( 'NONE',  ( 0.1749999999999986000, -0.01749999999999742400, -0.2175000000000030800 ) ) ;
#10269 = PLANE ( 'NONE',  #6623 ) ;
#10270 = LINE ( 'NONE', #8209, #10803 ) ;
#10271 = CARTESIAN_POINT ( 'NONE',  ( 0.2437499999999996900, 0.3299999999999999600, -0.05624999999999997400 ) ) ;
#10272 = CARTESIAN_POINT ( 'NONE',  ( 0.2375000000000000700, 0.3128282661284084700, 0.06250000000000001400 ) ) ;
#10273 = VECTOR ( 'NONE', #2571, 39.37007874015748100 ) ;
#10274 = CARTESIAN_POINT ( 'NONE',  ( 0.3374999999999996900, 0.3299999999999999600, -0.03749999999999999900 ) ) ;
#10275 = AXIS2_PLACEMENT_3D ( 'NONE', #2683, #9843, #5281 ) ;
#10276 = ADVANCED_FACE ( 'NONE', ( #7422 ), #347, .T. ) ;
#10277 = EDGE_CURVE ( 'NONE', #4841, #2356, #5596, .T. ) ;
#10278 = DIRECTION ( 'NONE',  ( -1.000000000000000000, 0.0000000000000000000, -0.0000000000000000000 ) ) ;
#10279 = CARTESIAN_POINT ( 'NONE',  ( 0.2374999999999996600, -0.01499999999999997700, -0.06250000000000001400 ) ) ;
#10280 = VECTOR ( 'NONE', #1419, 39.37007874015748100 ) ;
#10281 = CARTESIAN_POINT ( 'NONE',  ( 0.2625000000000000700, 0.3128282661284084700, 0.06250000000000001400 ) ) ;
#10282 =( GEOMETRIC_REPRESENTATION_CONTEXT ( 3 ) GLOBAL_UNCERTAINTY_ASSIGNED_CONTEXT ( ( #11375 ) ) GLOBAL_UNIT_ASSIGNED_CONTEXT ( ( #6283, #1054, #8138 ) ) REPRESENTATION_CONTEXT ( 'NONE', 'WORKASPACE' ) );
#10283 = EDGE_LOOP ( 'NONE', ( #4301, #398, #9293, #7469 ) ) ;
#10284 = CARTESIAN_POINT ( 'NONE',  ( -0.5750000000000001800, 0.3499999999999999800, 0.1825000000000000000 ) ) ;
#10285 = ADVANCED_FACE ( 'NONE', ( #4765 ), #3924, .T. ) ;
#10286 = VERTEX_POINT ( 'NONE', #5700 ) ;
#10287 = PLANE ( 'NONE',  #2722 ) ;
#10288 = VERTEX_POINT ( 'NONE', #5658 ) ;
#10289 = FACE_OUTER_BOUND ( 'NONE', #9377, .T. ) ;
#10290 = EDGE_CURVE ( 'NONE', #6467, #8440, #8937, .T. ) ;
#10291 = DIRECTION ( 'NONE',  ( 0.0000000000000000000, 0.0000000000000000000, 1.000000000000000000 ) ) ;
#10292 = CARTESIAN_POINT ( 'NONE',  ( -0.5249999999999994700, 0.3325000000000001800, -0.1175000000000000500 ) ) ;
#10293 = ORIENTED_EDGE ( 'NONE', *, *, #2080, .F. ) ;
#10294 = VECTOR ( 'NONE', #11146, 39.37007874015748100 ) ;
#10295 = DIRECTION ( 'NONE',  ( -0.3236155771181856200, -0.8891264907159877100, 0.3236155771181856200 ) ) ;
#10296 = DIRECTION ( 'NONE',  ( -0.0000000000000000000, 0.0000000000000000000, 1.000000000000000000 ) ) ;
#10297 = DIRECTION ( 'NONE',  ( 0.3236155771181846200, -0.8891264907159883700, 0.3236155771181846200 ) ) ;
#10298 = EDGE_CURVE ( 'NONE', #10067, #3237, #5892, .T. ) ;
#10299 = VECTOR ( 'NONE', #2088, 39.37007874015748100 ) ;
#10300 = LINE ( 'NONE', #1074, #10829 ) ;
#10301 = ORIENTED_EDGE ( 'NONE', *, *, #1274, .T. ) ;
#10302 = CARTESIAN_POINT ( 'NONE',  ( 0.3562500000000000700, 0.3299999999999999600, 0.04375000000000003900 ) ) ;
#10303 = CARTESIAN_POINT ( 'NONE',  ( -0.4624999999999999700, 0.0000000000000000000, 0.0000000000000000000 ) ) ;
#10304 = EDGE_CURVE ( 'NONE', #4120, #7174, #1758, .T. ) ;
#10305 = DIRECTION ( 'NONE',  ( 0.0000000000000000000, -1.000000000000000000, 0.0000000000000000000 ) ) ;
#10306 = CARTESIAN_POINT ( 'NONE',  ( -0.3624999999999999300, 0.3128282661284084700, 0.06250000000000001400 ) ) ;
#10307 = LINE ( 'NONE', #2416, #10023 ) ;
#10308 = VECTOR ( 'NONE', #4518, 39.37007874015748100 ) ;
#10309 = DIRECTION ( 'NONE',  ( -0.0000000000000000000, 0.3420201433256686000, 0.9396926207859085400 ) ) ;
#10310 = LINE ( 'NONE', #7136, #9751 ) ;
#10311 = LINE ( 'NONE', #1436, #2974 ) ;
#10312 = CARTESIAN_POINT ( 'NONE',  ( -0.4624999999999999700, -0.1228282661284085800, 0.03749999999999999900 ) ) ;
#10313 = DIRECTION ( 'NONE',  ( 0.0000000000000000000, 0.0000000000000000000, 1.000000000000000000 ) ) ;
#10314 = CARTESIAN_POINT ( 'NONE',  ( -0.5249999999999995800, 0.2500000000000000000, 0.06500000000000003000 ) ) ;
#10315 = CARTESIAN_POINT ( 'NONE',  ( 0.1624999999999997000, 0.3299999999999999600, -0.03749999999999999900 ) ) ;
#10316 = DIRECTION ( 'NONE',  ( 0.0000000000000000000, -1.000000000000000000, 0.0000000000000000000 ) ) ;
#10317 = LINE ( 'NONE', #1613, #200 ) ;
#10318 = LINE ( 'NONE', #3371, #10168 ) ;
#10319 = FACE_OUTER_BOUND ( 'NONE', #1622, .T. ) ;
#10320 = DIRECTION ( 'NONE',  ( 0.3236155771181846200, 0.8891264907159883700, 0.3236155771181846200 ) ) ;
#10321 = FACE_OUTER_BOUND ( 'NONE', #423, .T. ) ;
#10322 = DIRECTION ( 'NONE',  ( 0.3236155771181846200, 0.8891264907159883700, 0.3236155771181846200 ) ) ;
#10323 = ADVANCED_FACE ( 'NONE', ( #2443 ), #9193, .T. ) ;
#10324 = CARTESIAN_POINT ( 'NONE',  ( -0.2401181760438387300, -0.1300216456890116200, -0.05988182395616160200 ) ) ;
#10325 = VECTOR ( 'NONE', #5108, 39.37007874015748100 ) ;
#10326 = LINE ( 'NONE', #5747, #7572 ) ;
#10327 = PLANE ( 'NONE',  #5194 ) ;
#10328 = ORIENTED_EDGE ( 'NONE', *, *, #10210, .T. ) ;
#10329 = LINE ( 'NONE', #2187, #5186 ) ;
#10330 = EDGE_CURVE ( 'NONE', #6810, #9448, #2306, .T. ) ;
#10331 = ORIENTED_EDGE ( 'NONE', *, *, #8355, .T. ) ;
#10332 = CARTESIAN_POINT ( 'NONE',  ( 0.4562499999999996600, 0.3299999999999999600, -0.06250000000000001400 ) ) ;
#10333 = ORIENTED_EDGE ( 'NONE', *, *, #7092, .F. ) ;
#10334 = ORIENTED_EDGE ( 'NONE', *, *, #288, .F. ) ;
#10335 = DIRECTION ( 'NONE',  ( -0.0000000000000000000, 1.000000000000000000, 0.0000000000000000000 ) ) ;
#10336 = LINE ( 'NONE', #7326, #6185 ) ;
#10337 = AXIS2_PLACEMENT_3D ( 'NONE', #2225, #7635, #11135 ) ;
#10338 = LINE ( 'NONE', #6743, #5052 ) ;
#10339 = VECTOR ( 'NONE', #1588, 39.37007874015748100 ) ;
#10340 = DIRECTION ( 'NONE',  ( 1.000000000000000000, 0.0000000000000000000, 0.0000000000000000000 ) ) ;
#10341 = ADVANCED_FACE ( 'NONE', ( #7016 ), #5569, .T. ) ;
#10342 = CARTESIAN_POINT ( 'NONE',  ( -0.06249999999999995100, -0.01499999999999997700, 0.03749999999999999900 ) ) ;
#10343 = ORIENTED_EDGE ( 'NONE', *, *, #10021, .F. ) ;
#10344 = LINE ( 'NONE', #3071, #1064 ) ;
#10345 = CARTESIAN_POINT ( 'NONE',  ( 0.2374999999999996600, 0.0000000000000000000, 0.0000000000000000000 ) ) ;
#10346 = VERTEX_POINT ( 'NONE', #400 ) ;
#10347 = DIRECTION ( 'NONE',  ( 1.000000000000000000, 0.0000000000000000000, 0.0000000000000000000 ) ) ;
#10348 = ORIENTED_EDGE ( 'NONE', *, *, #8136, .T. ) ;
#10349 = CARTESIAN_POINT ( 'NONE',  ( -0.1562499999999999400, -0.1400000000000000100, 0.03749999999999999900 ) ) ;
#10350 = VECTOR ( 'NONE', #836, 39.37007874015748100 ) ;
#10351 = DIRECTION ( 'NONE',  ( -1.000000000000000000, 0.0000000000000000000, 0.0000000000000000000 ) ) ;
#10352 = PRESENTATION_LAYER_ASSIGNMENT (  '', '', ( #2848 ) ) ;
#10353 = PLANE ( 'NONE',  #9855 ) ;
#10354 = ORIENTED_EDGE ( 'NONE', *, *, #5019, .F. ) ;
#10355 = DIRECTION ( 'NONE',  ( -1.000000000000000000, 0.0000000000000000000, 0.0000000000000000000 ) ) ;
#10356 = ORIENTED_EDGE ( 'NONE', *, *, #6227, .T. ) ;
#10357 = CARTESIAN_POINT ( 'NONE',  ( 0.2625000000000000700, 0.3128282661284084700, 0.03749999999999999900 ) ) ;
#10358 = ORIENTED_EDGE ( 'NONE', *, *, #2950, .F. ) ;
#10359 = ORIENTED_EDGE ( 'NONE', *, *, #7345, .F. ) ;
#10360 = ORIENTED_EDGE ( 'NONE', *, *, #2910, .T. ) ;
#10361 = VERTEX_POINT ( 'NONE', #282 ) ;
#10362 = VECTOR ( 'NONE', #5664, 39.37007874015748100 ) ;
#10363 = EDGE_CURVE ( 'NONE', #5188, #1632, #7145, .T. ) ;
#10364 = AXIS2_PLACEMENT_3D ( 'NONE', #4993, #2403, #3267 ) ;
#10365 = LINE ( 'NONE', #1831, #5344 ) ;
#10366 = ORIENTED_EDGE ( 'NONE', *, *, #4773, .T. ) ;
#10367 = CARTESIAN_POINT ( 'NONE',  ( -0.3624999999999999300, 0.3299999999999999600, 0.06250000000000001400 ) ) ;
#10368 = ORIENTED_EDGE ( 'NONE', *, *, #7418, .F. ) ;
#10369 = EDGE_LOOP ( 'NONE', ( #2612, #10301, #1077, #3093 ) ) ;
#10370 = EDGE_CURVE ( 'NONE', #7373, #8669, #4101, .T. ) ;
#10371 = VERTEX_POINT ( 'NONE', #8462 ) ;
#10372 = ORIENTED_EDGE ( 'NONE', *, *, #6119, .T. ) ;
#10373 = DIRECTION ( 'NONE',  ( 0.0000000000000000000, 0.0000000000000000000, -1.000000000000000000 ) ) ;
#10374 = ORIENTED_EDGE ( 'NONE', *, *, #10150, .T. ) ;
#10375 = LINE ( 'NONE', #9599, #11333 ) ;
#10376 = DIRECTION ( 'NONE',  ( 1.000000000000000000, 0.0000000000000000000, 0.0000000000000000000 ) ) ;
#10377 = ORIENTED_EDGE ( 'NONE', *, *, #2244, .F. ) ;
#10378 = LINE ( 'NONE', #10441, #8302 ) ;
#10379 = DIRECTION ( 'NONE',  ( 0.0000000000000000000, 0.0000000000000000000, 1.000000000000000000 ) ) ;
#10380 = CARTESIAN_POINT ( 'NONE',  ( 0.2374999999999996600, -0.01499999999999997700, -0.06250000000000001400 ) ) ;
#10381 = EDGE_CURVE ( 'NONE', #6327, #10639, #3805, .T. ) ;
#10382 = AXIS2_PLACEMENT_3D ( 'NONE', #4739, #10169, #9335 ) ;
#10383 = VERTEX_POINT ( 'NONE', #1303 ) ;
#10384 = VERTEX_POINT ( 'NONE', #9467 ) ;
#10385 = VERTEX_POINT ( 'NONE', #7688 ) ;
#10386 = ORIENTED_EDGE ( 'NONE', *, *, #8476, .T. ) ;
#10387 = VECTOR ( 'NONE', #7209, 39.37007874015748100 ) ;
#10388 = VECTOR ( 'NONE', #2861, 39.37007874015748100 ) ;
#10389 = SURFACE_SIDE_STYLE ('',( #6832 ) ) ;
#10390 = EDGE_CURVE ( 'NONE', #5501, #9728, #1483, .T. ) ;
#10391 = CARTESIAN_POINT ( 'NONE',  ( 0.03749999999999973500, -0.1400000000000000100, -0.04375000000000003900 ) ) ;
#10392 = CARTESIAN_POINT ( 'NONE',  ( -0.4625000000000003000, 0.3128282661284084700, -0.03749999999999999900 ) ) ;
#10393 = ADVANCED_FACE ( 'NONE', ( #11432 ), #8617, .F. ) ;
#10394 = PLANE ( 'NONE',  #147 ) ;
#10395 = ORIENTED_EDGE ( 'NONE', *, *, #8230, .T. ) ;
#10396 = CARTESIAN_POINT ( 'NONE',  ( -0.2374999999999999600, 0.3128282661284084700, 0.03749999999999999900 ) ) ;
#10397 = VERTEX_POINT ( 'NONE', #2355 ) ;
#10398 = ORIENTED_EDGE ( 'NONE', *, *, #10932, .F. ) ;
#10399 = VECTOR ( 'NONE', #9431, 39.37007874015748100 ) ;
#10400 = EDGE_CURVE ( 'NONE', #11320, #3783, #10595, .T. ) ;
#10401 = AXIS2_PLACEMENT_3D ( 'NONE', #6173, #48, #7081 ) ;
#10402 = DIRECTION ( 'NONE',  ( 0.3236155771181846200, 0.8891264907159883700, 0.3236155771181846200 ) ) ;
#10403 = ORIENTED_EDGE ( 'NONE', *, *, #4322, .F. ) ;
#10404 = VECTOR ( 'NONE', #1336, 39.37007874015748100 ) ;
#10405 = CARTESIAN_POINT ( 'NONE',  ( 0.5749999999999996200, 0.0000000000000000000, 0.1825000000000000000 ) ) ;
#10406 = LINE ( 'NONE', #3015, #7090 ) ;
#10407 = ORIENTED_EDGE ( 'NONE', *, *, #1141, .T. ) ;
#10408 = ADVANCED_FACE ( 'NONE', ( #1184 ), #517, .T. ) ;
#10409 = EDGE_CURVE ( 'NONE', #9388, #10361, #10856, .T. ) ;
#10410 = LINE ( 'NONE', #10396, #8334 ) ;
#10411 = DIRECTION ( 'NONE',  ( 1.000000000000000000, 0.0000000000000000000, 0.0000000000000000000 ) ) ;
#10412 = ORIENTED_EDGE ( 'NONE', *, *, #3547, .F. ) ;
#10413 = CARTESIAN_POINT ( 'NONE',  ( 0.3437500000000001100, 0.3299999999999999600, 0.05624999999999997400 ) ) ;
#10414 = DIRECTION ( 'NONE',  ( 0.0000000000000000000, -1.000000000000000000, 0.0000000000000000000 ) ) ;
#10415 = CARTESIAN_POINT ( 'NONE',  ( 0.3375000000000000800, 0.3299999999999999600, 0.04375000000000003900 ) ) ;
#10416 = AXIS2_PLACEMENT_3D ( 'NONE', #7131, #7022, #3458 ) ;
#10417 = CARTESIAN_POINT ( 'NONE',  ( 0.2625000000000000700, -0.01499999999999997700, 0.06250000000000001400 ) ) ;
#10418 = CARTESIAN_POINT ( 'NONE',  ( 0.4625000000000001300, -0.1228282661284085800, 0.03749999999999999900 ) ) ;
#10419 = VECTOR ( 'NONE', #8952, 39.37007874015748100 ) ;
#10420 = CARTESIAN_POINT ( 'NONE',  ( 0.4625000000000001300, -4.268512490100411300E-018, 0.06250000000000001400 ) ) ;
#10421 = VECTOR ( 'NONE', #7870, 39.37007874015748100 ) ;
#10422 = AXIS2_PLACEMENT_3D ( 'NONE', #6589, #3139, #8359 ) ;
#10423 = DIRECTION ( 'NONE',  ( -1.000000000000000000, 0.0000000000000000000, 0.0000000000000000000 ) ) ;
#10424 = VECTOR ( 'NONE', #3973, 39.37007874015748100 ) ;
#10425 = AXIS2_PLACEMENT_3D ( 'NONE', #5318, #6249, #934 ) ;
#10426 = ORIENTED_EDGE ( 'NONE', *, *, #6674, .T. ) ;
#10427 = LINE ( 'NONE', #3891, #5860 ) ;
#10428 = CARTESIAN_POINT ( 'NONE',  ( 0.0000000000000000000, 0.09999999999999996400, -0.03749999999999999900 ) ) ;
#10429 = AXIS2_PLACEMENT_3D ( 'NONE', #4714, #6359, #10789 ) ;
#10430 = CARTESIAN_POINT ( 'NONE',  ( -0.4625000000000003000, 0.3128282661284084700, -0.06250000000000001400 ) ) ;
#10431 = DIRECTION ( 'NONE',  ( -1.000000000000000000, 0.0000000000000000000, 0.0000000000000000000 ) ) ;
#10432 = ORIENTED_EDGE ( 'NONE', *, *, #7214, .T. ) ;
#10433 = AXIS2_PLACEMENT_3D ( 'NONE', #4045, #4908, #1432 ) ;
#10434 = VECTOR ( 'NONE', #1617, 39.37007874015748100 ) ;
#10435 = EDGE_CURVE ( 'NONE', #1308, #10798, #8247, .T. ) ;
#10436 = DIRECTION ( 'NONE',  ( 0.3236155771181856200, 0.8891264907159877100, 0.3236155771181856200 ) ) ;
#10437 = CARTESIAN_POINT ( 'NONE',  ( -0.1624999999999999800, 0.3299999999999999600, 0.03749999999999999900 ) ) ;
#10438 = EDGE_CURVE ( 'NONE', #2354, #9651, #901, .T. ) ;
#10439 = ORIENTED_EDGE ( 'NONE', *, *, #8802, .F. ) ;
#10440 = ADVANCED_FACE ( 'NONE', ( #10992 ), #10234, .T. ) ;
#10441 = CARTESIAN_POINT ( 'NONE',  ( 0.0000000000000000000, 0.09999999999999996400, 0.03749999999999999900 ) ) ;
#10442 = LINE ( 'NONE', #1178, #10299 ) ;
#10443 = FACE_BOUND ( 'NONE', #10089, .T. ) ;
#10444 = DIRECTION ( 'NONE',  ( 0.0000000000000000000, -1.000000000000000000, 0.0000000000000000000 ) ) ;
#10445 = CARTESIAN_POINT ( 'NONE',  ( 0.2374999999999996600, 0.3299999999999999600, -0.03749999999999999900 ) ) ;
#10446 = PLANE ( 'NONE',  #5891 ) ;
#10447 = EDGE_CURVE ( 'NONE', #8970, #4576, #4622, .T. ) ;
#10448 = LINE ( 'NONE', #458, #5430 ) ;
#10449 = LINE ( 'NONE', #7524, #8374 ) ;
#10450 = LINE ( 'NONE', #1209, #7138 ) ;
#10451 = LINE ( 'NONE', #409, #3257 ) ;
#10452 = CARTESIAN_POINT ( 'NONE',  ( 0.03750000000000007500, -0.01499999999999997700, 0.03749999999999999900 ) ) ;
#10453 = CARTESIAN_POINT ( 'NONE',  ( 0.05624999999999971000, 0.3299999999999999600, -0.04375000000000003900 ) ) ;
#10454 = ADVANCED_FACE ( 'NONE', ( #11422 ), #6719, .T. ) ;
#10455 = CARTESIAN_POINT ( 'NONE',  ( 0.4374999999999997200, -0.1228282661284085800, -0.06250000000000001400 ) ) ;
#10456 = EDGE_CURVE ( 'NONE', #8664, #7708, #3945, .T. ) ;
#10457 = DIRECTION ( 'NONE',  ( 0.3236155771181846200, 0.8891264907159883700, 0.3236155771181846200 ) ) ;
#10458 = AXIS2_PLACEMENT_3D ( 'NONE', #4418, #10567, #8910 ) ;
#10459 = DIRECTION ( 'NONE',  ( -0.0000000000000000000, 1.000000000000000000, -0.0000000000000000000 ) ) ;
#10460 = VECTOR ( 'NONE', #4460, 39.37007874015748100 ) ;
#10461 = VECTOR ( 'NONE', #7569, 39.37007874015748100 ) ;
#10462 = DIRECTION ( 'NONE',  ( -1.000000000000000000, 0.0000000000000000000, 0.0000000000000000000 ) ) ;
#10463 = ORIENTED_EDGE ( 'NONE', *, *, #6066, .F. ) ;
#10464 = VECTOR ( 'NONE', #3819, 39.37007874015748100 ) ;
#10465 = ORIENTED_EDGE ( 'NONE', *, *, #8050, .F. ) ;
#10466 = VERTEX_POINT ( 'NONE', #5824 ) ;
#10467 = EDGE_CURVE ( 'NONE', #140, #4902, #2012, .T. ) ;
#10468 = PLANE ( 'NONE',  #9009 ) ;
#10469 = CARTESIAN_POINT ( 'NONE',  ( -0.4625000000000003000, -4.268512490100411300E-018, -0.06250000000000001400 ) ) ;
#10470 = LINE ( 'NONE', #10647, #3409 ) ;
#10471 = LINE ( 'NONE', #9375, #9906 ) ;
#10472 = VECTOR ( 'NONE', #1566, 39.37007874015748100 ) ;
#10473 = AXIS2_PLACEMENT_3D ( 'NONE', #2255, #3028, #1251 ) ;
#10474 = DIRECTION ( 'NONE',  ( 0.0000000000000000000, -0.3420201433256698200, 0.9396926207859079800 ) ) ;
#10475 = ORIENTED_EDGE ( 'NONE', *, *, #8075, .T. ) ;
#10476 = LINE ( 'NONE', #4165, #8117 ) ;
#10477 = ORIENTED_EDGE ( 'NONE', *, *, #405, .F. ) ;
#10478 = ORIENTED_EDGE ( 'NONE', *, *, #9591, .T. ) ;
#10479 = ORIENTED_EDGE ( 'NONE', *, *, #8338, .T. ) ;
#10480 = CARTESIAN_POINT ( 'NONE',  ( 0.03749999999999973500, 0.3299999999999999600, -0.05624999999999997400 ) ) ;
#10481 = LINE ( 'NONE', #6803, #7296 ) ;
#10482 = CARTESIAN_POINT ( 'NONE',  ( -0.06250000000000029100, 0.0000000000000000000, 0.0000000000000000000 ) ) ;
#10483 = EDGE_CURVE ( 'NONE', #2591, #7467, #3401, .T. ) ;
#10484 = CARTESIAN_POINT ( 'NONE',  ( -0.2374999999999999600, 0.0000000000000000000, 0.0000000000000000000 ) ) ;
#10485 = DIRECTION ( 'NONE',  ( 0.0000000000000000000, 0.0000000000000000000, -1.000000000000000000 ) ) ;
#10486 = ORIENTED_EDGE ( 'NONE', *, *, #6179, .T. ) ;
#10487 = VERTEX_POINT ( 'NONE', #7570 ) ;
#10488 = ORIENTED_EDGE ( 'NONE', *, *, #6009, .T. ) ;
#10489 = ORIENTED_EDGE ( 'NONE', *, *, #1974, .F. ) ;
#10490 = VERTEX_POINT ( 'NONE', #9393 ) ;
#10491 = DIRECTION ( 'NONE',  ( 0.0000000000000000000, 0.0000000000000000000, -1.000000000000000000 ) ) ;
#10492 = AXIS2_PLACEMENT_3D ( 'NONE', #10215, #10064, #10972 ) ;
#10493 = EDGE_CURVE ( 'NONE', #8154, #7208, #9365, .T. ) ;
#10494 = LINE ( 'NONE', #1623, #5779 ) ;
#10495 = DIRECTION ( 'NONE',  ( 1.000000000000000000, 0.0000000000000000000, 0.0000000000000000000 ) ) ;
#10496 = DIRECTION ( 'NONE',  ( -0.0000000000000000000, 0.0000000000000000000, 1.000000000000000000 ) ) ;
#10497 = PLANE ( 'NONE',  #152 ) ;
#10498 = ORIENTED_EDGE ( 'NONE', *, *, #2229, .T. ) ;
#10499 = ORIENTED_EDGE ( 'NONE', *, *, #10409, .T. ) ;
#10500 = ORIENTED_EDGE ( 'NONE', *, *, #1000, .F. ) ;
#10501 = DIRECTION ( 'NONE',  ( 0.0000000000000000000, -0.0000000000000000000, 1.000000000000000000 ) ) ;
#10502 = ORIENTED_EDGE ( 'NONE', *, *, #8274, .T. ) ;
#10503 = ADVANCED_FACE ( 'NONE', ( #3525 ), #8791, .F. ) ;
#10504 = DIRECTION ( 'NONE',  ( -1.000000000000000000, 0.0000000000000000000, 0.0000000000000000000 ) ) ;
#10505 = ADVANCED_FACE ( 'NONE', ( #6165 ), #5981, .F. ) ;
#10506 = LINE ( 'NONE', #6859, #1668 ) ;
#10507 = PLANE ( 'NONE',  #4582 ) ;
#10508 = DIRECTION ( 'NONE',  ( -0.0000000000000000000, 1.000000000000000000, 0.0000000000000000000 ) ) ;
#10509 = DIRECTION ( 'NONE',  ( 0.9396926207859079800, -0.3420201433256698200, -0.0000000000000000000 ) ) ;
#10510 = CARTESIAN_POINT ( 'NONE',  ( 0.1375000000000000400, 0.3299999999999999600, 0.06250000000000001400 ) ) ;
#10511 = EDGE_CURVE ( 'NONE', #6796, #8131, #3663, .T. ) ;
#10512 = ORIENTED_EDGE ( 'NONE', *, *, #5505, .F. ) ;
#10513 = VERTEX_POINT ( 'NONE', #5139 ) ;
#10514 = VERTEX_POINT ( 'NONE', #4342 ) ;
#10515 = VECTOR ( 'NONE', #3870, 39.37007874015748100 ) ;
#10516 = ORIENTED_EDGE ( 'NONE', *, *, #7392, .T. ) ;
#10517 = DIRECTION ( 'NONE',  ( 0.9396926207859079800, -0.3420201433256698200, -0.0000000000000000000 ) ) ;
#10518 = VECTOR ( 'NONE', #1319, 39.37007874015748100 ) ;
#10519 = EDGE_CURVE ( 'NONE', #4118, #10204, #10175, .T. ) ;
#10520 = DIRECTION ( 'NONE',  ( 0.0000000000000000000, 4.097771990496394300E-016, -1.000000000000000000 ) ) ;
#10521 = ORIENTED_EDGE ( 'NONE', *, *, #11049, .F. ) ;
#10522 = ORIENTED_EDGE ( 'NONE', *, *, #5594, .T. ) ;
#10523 = CARTESIAN_POINT ( 'NONE',  ( -0.2374999999999999600, 0.3299999999999999600, 0.05624999999999997400 ) ) ;
#10524 = ORIENTED_EDGE ( 'NONE', *, *, #2651, .T. ) ;
#10525 = UNCERTAINTY_MEASURE_WITH_UNIT (LENGTH_MEASURE( 1.000000000000000100E-005 ), #2686, 'distance_accuracy_value', 'NONE');
#10526 = LINE ( 'NONE', #5244, #5660 ) ;
#10527 = ORIENTED_EDGE ( 'NONE', *, *, #6603, .F. ) ;
#10528 = EDGE_CURVE ( 'NONE', #3828, #9429, #10317, .T. ) ;
#10529 = VECTOR ( 'NONE', #2606, 39.37007874015748100 ) ;
#10530 = VERTEX_POINT ( 'NONE', #3459 ) ;
#10531 = VERTEX_POINT ( 'NONE', #4319 ) ;
#10532 = PLANE ( 'NONE',  #9797 ) ;
#10533 = VECTOR ( 'NONE', #6692, 39.37007874015748100 ) ;
#10534 = CARTESIAN_POINT ( 'NONE',  ( -0.2562500000000002600, -0.1400000000000000100, -0.04375000000000003900 ) ) ;
#10535 = DIRECTION ( 'NONE',  ( -1.000000000000000000, 0.0000000000000000000, 0.0000000000000000000 ) ) ;
#10536 = ORIENTED_EDGE ( 'NONE', *, *, #615, .T. ) ;
#10537 = CARTESIAN_POINT ( 'NONE',  ( -0.5249999999999994700, 0.3325000000000001800, -0.1175000000000000500 ) ) ;
#10538 = DIRECTION ( 'NONE',  ( -0.0000000000000000000, -1.000000000000000000, -0.0000000000000000000 ) ) ;
#10539 = DIRECTION ( 'NONE',  ( 0.3236155771181846200, -0.8891264907159883700, -0.3236155771181846200 ) ) ;
#10540 = DIRECTION ( 'NONE',  ( -0.0000000000000000000, 0.0000000000000000000, 1.000000000000000000 ) ) ;
#10541 = EDGE_CURVE ( 'NONE', #10722, #5084, #760, .T. ) ;
#10542 = VERTEX_POINT ( 'NONE', #2542 ) ;
#10543 = CARTESIAN_POINT ( 'NONE',  ( -0.5249999999999995800, 0.2500000000000000000, 0.06500000000000003000 ) ) ;
#10544 = AXIS2_PLACEMENT_3D ( 'NONE', #7042, #8801, #22 ) ;
#10545 = DIRECTION ( 'NONE',  ( -0.0000000000000000000, 0.0000000000000000000, 1.000000000000000000 ) ) ;
#10546 = LINE ( 'NONE', #9655, #2252 ) ;
#10547 = CARTESIAN_POINT ( 'NONE',  ( -0.3374999999999999700, 0.3128282661284084700, 0.06250000000000001400 ) ) ;
#10548 = PLANE ( 'NONE',  #3704 ) ;
#10549 = LINE ( 'NONE', #2828, #6395 ) ;
#10550 = VECTOR ( 'NONE', #7203, 39.37007874015748100 ) ;
#10551 = DIRECTION ( 'NONE',  ( -0.0000000000000000000, 1.000000000000000000, -0.0000000000000000000 ) ) ;
#10552 = DIRECTION ( 'NONE',  ( -0.0000000000000000000, 0.0000000000000000000, 1.000000000000000000 ) ) ;
#10553 = VERTEX_POINT ( 'NONE', #6990 ) ;
#10554 = FACE_OUTER_BOUND ( 'NONE', #8014, .T. ) ;
#10555 = DIRECTION ( 'NONE',  ( 0.0000000000000000000, 0.0000000000000000000, -1.000000000000000000 ) ) ;
#10556 = AXIS2_PLACEMENT_3D ( 'NONE', #4840, #5732, #439 ) ;
#10557 = ADVANCED_FACE ( 'NONE', ( #10718 ), #8643, .T. ) ;
#10558 =( NAMED_UNIT ( * ) SI_UNIT ( $, .STERADIAN. ) SOLID_ANGLE_UNIT ( ) );
#10559 = VERTEX_POINT ( 'NONE', #3492 ) ;
#10560 = VERTEX_POINT ( 'NONE', #9653 ) ;
#10561 = LINE ( 'NONE', #10099, #10424 ) ;
#10562 = VERTEX_POINT ( 'NONE', #1662 ) ;
#10563 = VECTOR ( 'NONE', #3921, 39.37007874015748100 ) ;
#10564 = AXIS2_PLACEMENT_3D ( 'NONE', #5542, #175, #8153 ) ;
#10565 = ADVANCED_FACE ( 'NONE', ( #478 ), #1700, .T. ) ;
#10566 = DIRECTION ( 'NONE',  ( 1.000000000000000000, 0.0000000000000000000, -0.0000000000000000000 ) ) ;
#10567 = DIRECTION ( 'NONE',  ( -0.9396926207859085400, 0.3420201433256686000, 0.0000000000000000000 ) ) ;
#10568 = CARTESIAN_POINT ( 'NONE',  ( -0.1401181760438387200, -0.1300216456890116200, -0.05988182395616160200 ) ) ;
#10569 = ORIENTED_EDGE ( 'NONE', *, *, #1283, .F. ) ;
#10570 = CARTESIAN_POINT ( 'NONE',  ( -0.4375000000000003300, 0.3299999999999999600, -0.03749999999999999900 ) ) ;
#10571 = VECTOR ( 'NONE', #10919, 39.37007874015748100 ) ;
#10572 = EDGE_CURVE ( 'NONE', #7976, #1308, #7838, .T. ) ;
#10573 = VECTOR ( 'NONE', #3706, 39.37007874015748100 ) ;
#10574 = CARTESIAN_POINT ( 'NONE',  ( -0.3598818239561618600, 0.3200216456890114800, -0.05988182395616160900 ) ) ;
#10575 = DIRECTION ( 'NONE',  ( 0.0000000000000000000, -0.0000000000000000000, -1.000000000000000000 ) ) ;
#10576 = ORIENTED_EDGE ( 'NONE', *, *, #6219, .T. ) ;
#10577 = DIRECTION ( 'NONE',  ( -1.000000000000000000, 0.0000000000000000000, -0.0000000000000000000 ) ) ;
#10578 = SURFACE_STYLE_USAGE ( .BOTH. , #7882 ) ;
#10579 = CARTESIAN_POINT ( 'NONE',  ( -0.1625000000000003100, 0.0000000000000000000, 0.0000000000000000000 ) ) ;
#10580 = CARTESIAN_POINT ( 'NONE',  ( -0.1375000000000003200, 0.0000000000000000000, -0.06250000000000001400 ) ) ;
#10581 = EDGE_CURVE ( 'NONE', #4542, #9932, #6440, .T. ) ;
#10582 = VECTOR ( 'NONE', #6751, 39.37007874015748100 ) ;
#10583 = LINE ( 'NONE', #7000, #6861 ) ;
#10584 = EDGE_CURVE ( 'NONE', #9850, #10756, #7007, .T. ) ;
#10585 = CARTESIAN_POINT ( 'NONE',  ( 0.2374999999999996600, -0.1228282661284084400, -0.06250000000000001400 ) ) ;
#10586 = PLANE ( 'NONE',  #3359 ) ;
#10587 = VECTOR ( 'NONE', #1810, 39.37007874015748100 ) ;
#10588 = VECTOR ( 'NONE', #8060, 39.37007874015748100 ) ;
#10589 = DIRECTION ( 'NONE',  ( -0.3236155771181856200, 0.8891264907159877100, 0.3236155771181856200 ) ) ;
#10590 = VECTOR ( 'NONE', #8272, 39.37007874015748100 ) ;
#10591 = DIRECTION ( 'NONE',  ( 0.0000000000000000000, 0.0000000000000000000, -1.000000000000000000 ) ) ;
#10592 = EDGE_CURVE ( 'NONE', #2843, #2315, #9631, .T. ) ;
#10593 = CARTESIAN_POINT ( 'NONE',  ( -0.2625000000000002900, -0.1228282661284084400, -0.06250000000000001400 ) ) ;
#10594 = LINE ( 'NONE', #266, #5305 ) ;
#10595 = LINE ( 'NONE', #4170, #11150 ) ;
#10596 = DIRECTION ( 'NONE',  ( 0.0000000000000000000, 0.0000000000000000000, -1.000000000000000000 ) ) ;
#10597 = LINE ( 'NONE', #5080, #4912 ) ;
#10598 = DIRECTION ( 'NONE',  ( -0.3236155771181856200, 0.8891264907159877100, 0.3236155771181856200 ) ) ;
#10599 = DIRECTION ( 'NONE',  ( -0.0000000000000000000, 1.000000000000000000, -0.0000000000000000000 ) ) ;
#10600 = EDGE_CURVE ( 'NONE', #8730, #4136, #9758, .T. ) ;
#10601 = ORIENTED_EDGE ( 'NONE', *, *, #10775, .F. ) ;
#10602 = EDGE_LOOP ( 'NONE', ( #2034, #2997, #10221, #5202 ) ) ;
#10603 = DIRECTION ( 'NONE',  ( 1.000000000000000000, 0.0000000000000000000, 0.0000000000000000000 ) ) ;
#10604 = ORIENTED_EDGE ( 'NONE', *, *, #10122, .T. ) ;
#10605 = ORIENTED_EDGE ( 'NONE', *, *, #7339, .T. ) ;
#10606 = VECTOR ( 'NONE', #4419, 39.37007874015748100 ) ;
#10607 = CARTESIAN_POINT ( 'NONE',  ( -0.3625000000000003200, 0.3299999999999999600, -0.03749999999999999900 ) ) ;
#10608 = FACE_OUTER_BOUND ( 'NONE', #4272, .T. ) ;
#10609 = ADVANCED_FACE ( 'NONE', ( #8520 ), #2613, .T. ) ;
#10610 = LINE ( 'NONE', #1471, #6187 ) ;
#10611 = DIRECTION ( 'NONE',  ( -0.0000000000000000000, 1.000000000000000000, 0.0000000000000000000 ) ) ;
#10612 = EDGE_CURVE ( 'NONE', #5647, #3336, #3796, .T. ) ;
#10613 = DIRECTION ( 'NONE',  ( 0.0000000000000000000, 0.0000000000000000000, 1.000000000000000000 ) ) ;
#10614 = ORIENTED_EDGE ( 'NONE', *, *, #8021, .F. ) ;
#10615 = VECTOR ( 'NONE', #8071, 39.37007874015748100 ) ;
#10616 = ORIENTED_EDGE ( 'NONE', *, *, #5989, .T. ) ;
#10617 = EDGE_LOOP ( 'NONE', ( #2512, #11065, #10624, #7188 ) ) ;
#10618 = ORIENTED_EDGE ( 'NONE', *, *, #8614, .T. ) ;
#10619 = DIRECTION ( 'NONE',  ( -0.0000000000000000000, 1.000000000000000000, -0.0000000000000000000 ) ) ;
#10620 = LINE ( 'NONE', #5865, #8555 ) ;
#10621 = ADVANCED_FACE ( 'NONE', ( #1328 ), #2720, .F. ) ;
#10622 = ORIENTED_EDGE ( 'NONE', *, *, #9243, .F. ) ;
#10623 = ORIENTED_EDGE ( 'NONE', *, *, #4497, .F. ) ;
#10624 = ORIENTED_EDGE ( 'NONE', *, *, #1103, .T. ) ;
#10625 = VERTEX_POINT ( 'NONE', #6278 ) ;
#10626 = ORIENTED_EDGE ( 'NONE', *, *, #811, .T. ) ;
#10627 = DIRECTION ( 'NONE',  ( 0.0000000000000000000, -0.0000000000000000000, 1.000000000000000000 ) ) ;
#10628 = ORIENTED_EDGE ( 'NONE', *, *, #7864, .T. ) ;
#10629 = DIRECTION ( 'NONE',  ( -0.0000000000000000000, 0.0000000000000000000, 1.000000000000000000 ) ) ;
#10630 = VECTOR ( 'NONE', #8107, 39.37007874015748100 ) ;
#10631 = LINE ( 'NONE', #2697, #3304 ) ;
#10632 = EDGE_CURVE ( 'NONE', #6898, #3192, #6731, .T. ) ;
#10633 = DIRECTION ( 'NONE',  ( -0.5773502691896264000, -0.5773502691896208500, 0.5773502691896298400 ) ) ;
#10634 = VERTEX_POINT ( 'NONE', #6164 ) ;
#10635 = ORIENTED_EDGE ( 'NONE', *, *, #11322, .F. ) ;
#10636 = ORIENTED_EDGE ( 'NONE', *, *, #2521, .F. ) ;
#10637 = EDGE_LOOP ( 'NONE', ( #11025, #39, #8132, #3144 ) ) ;
#10638 = ORIENTED_EDGE ( 'NONE', *, *, #10541, .F. ) ;
#10639 = VERTEX_POINT ( 'NONE', #856 ) ;
#10640 = VECTOR ( 'NONE', #537, 39.37007874015748100 ) ;
#10641 = EDGE_CURVE ( 'NONE', #5013, #7624, #6302, .T. ) ;
#10642 = CARTESIAN_POINT ( 'NONE',  ( 0.4624999999999996900, 0.3299999999999999600, -0.04375000000000003900 ) ) ;
#10643 = CARTESIAN_POINT ( 'NONE',  ( -0.4437500000000000300, -0.1400000000000000100, 0.05624999999999997400 ) ) ;
#10644 = ORIENTED_EDGE ( 'NONE', *, *, #4567, .F. ) ;
#10645 = VECTOR ( 'NONE', #9673, 39.37007874015748100 ) ;
#10646 = DIRECTION ( 'NONE',  ( -1.000000000000000000, 0.0000000000000000000, -0.0000000000000000000 ) ) ;
#10647 = CARTESIAN_POINT ( 'NONE',  ( 0.2375000000000000700, 0.3128282661284084700, 0.06250000000000001400 ) ) ;
#10648 = CARTESIAN_POINT ( 'NONE',  ( -0.2374999999999999600, -0.1228282661284085800, 0.06250000000000001400 ) ) ;
#10649 = EDGE_LOOP ( 'NONE', ( #1058, #8572, #11204, #7610 ) ) ;
#10650 = CARTESIAN_POINT ( 'NONE',  ( -0.2624999999999999600, 0.0000000000000000000, 0.0000000000000000000 ) ) ;
#10651 = AXIS2_PLACEMENT_3D ( 'NONE', #6257, #21, #3501 ) ;
#10652 = ORIENTED_EDGE ( 'NONE', *, *, #7281, .F. ) ;
#10653 = ORIENTED_EDGE ( 'NONE', *, *, #7993, .T. ) ;
#10654 = CARTESIAN_POINT ( 'NONE',  ( 0.03750000000000007500, -0.1228282661284085800, 0.03749999999999999900 ) ) ;
#10655 = ORIENTED_EDGE ( 'NONE', *, *, #8793, .T. ) ;
#10656 = PLANE ( 'NONE',  #9336 ) ;
#10657 = VECTOR ( 'NONE', #10598, 39.37007874015748100 ) ;
#10658 = CARTESIAN_POINT ( 'NONE',  ( 0.4562499999999996600, -0.1400000000000000100, -0.04375000000000003900 ) ) ;
#10659 = DIRECTION ( 'NONE',  ( 0.9396926207859079800, -0.3420201433256698200, -0.0000000000000000000 ) ) ;
#10660 = VECTOR ( 'NONE', #3823, 39.37007874015748100 ) ;
#10661 = EDGE_CURVE ( 'NONE', #8102, #6668, #10036, .T. ) ;
#10662 = AXIS2_PLACEMENT_3D ( 'NONE', #6650, #2958, #10033 ) ;
#10663 = EDGE_LOOP ( 'NONE', ( #2171, #5222, #6602, #8588 ) ) ;
#10664 = EDGE_LOOP ( 'NONE', ( #3975, #3326, #4175, #561 ) ) ;
#10665 = ORIENTED_EDGE ( 'NONE', *, *, #10775, .T. ) ;
#10666 = LINE ( 'NONE', #7293, #7911 ) ;
#10667 = VECTOR ( 'NONE', #2924, 39.37007874015748100 ) ;
#10668 = EDGE_CURVE ( 'NONE', #688, #5920, #8233, .T. ) ;
#10669 = CARTESIAN_POINT ( 'NONE',  ( 0.3625000000000001000, -0.1228282661284084400, 0.03749999999999999900 ) ) ;
#10670 = VECTOR ( 'NONE', #6411, 39.37007874015748100 ) ;
#10671 = ADVANCED_FACE ( 'NONE', ( #2297 ), #122, .F. ) ;
#10672 = EDGE_LOOP ( 'NONE', ( #363, #3159, #8808, #2264 ) ) ;
#10673 = CARTESIAN_POINT ( 'NONE',  ( -0.1624999999999999800, 0.09999999999999992200, 0.03749999999999999900 ) ) ;
#10674 = VECTOR ( 'NONE', #4644, 39.37007874015748100 ) ;
#10675 = EDGE_CURVE ( 'NONE', #4700, #5101, #5881, .T. ) ;
#10676 = MECHANICAL_DESIGN_GEOMETRIC_PRESENTATION_REPRESENTATION (  '', ( #6156 ), #2813 ) ;
#10677 = DIRECTION ( 'NONE',  ( -0.9396926207859085400, 0.3420201433256686000, 0.0000000000000000000 ) ) ;
#10678 = VECTOR ( 'NONE', #6463, 39.37007874015748100 ) ;
#10679 = DIRECTION ( 'NONE',  ( 1.000000000000000000, 0.0000000000000000000, 0.0000000000000000000 ) ) ;
#10680 = ADVANCED_FACE ( 'NONE', ( #1748 ), #10683, .T. ) ;
#10681 = CARTESIAN_POINT ( 'NONE',  ( -0.1437500000000000200, -0.1400000000000000100, 0.05624999999999997400 ) ) ;
#10682 = LINE ( 'NONE', #9638, #2259 ) ;
#10683 = PLANE ( 'NONE',  #1757 ) ;
#10684 = VECTOR ( 'NONE', #1766, 39.37007874015748100 ) ;
#10685 = DIRECTION ( 'NONE',  ( 0.3236155771181846200, 0.8891264907159883700, -0.3236155771181846200 ) ) ;
#10686 = DIRECTION ( 'NONE',  ( -1.000000000000000000, 0.0000000000000000000, -0.0000000000000000000 ) ) ;
#10687 = AXIS2_PLACEMENT_3D ( 'NONE', #5843, #7632, #2290 ) ;
#10688 = DIRECTION ( 'NONE',  ( 0.0000000000000000000, 0.0000000000000000000, -1.000000000000000000 ) ) ;
#10689 = CARTESIAN_POINT ( 'NONE',  ( -0.2375000000000002900, 0.0000000000000000000, -0.06250000000000001400 ) ) ;
#10690 = VECTOR ( 'NONE', #3810, 39.37007874015748100 ) ;
#10691 = ORIENTED_EDGE ( 'NONE', *, *, #572, .F. ) ;
#10692 = VECTOR ( 'NONE', #7141, 39.37007874015748100 ) ;
#10693 = DIMENSIONAL_EXPONENTS ( 1.000000000000000000, 0.0000000000000000000, 0.0000000000000000000, 0.0000000000000000000, 0.0000000000000000000, 0.0000000000000000000, 0.0000000000000000000 ) ;
#10694 = EDGE_CURVE ( 'NONE', #1237, #6696, #7411, .T. ) ;
#10695 = VERTEX_POINT ( 'NONE', #7132 ) ;
#10696 = LINE ( 'NONE', #11391, #2684 ) ;
#10697 = DIRECTION ( 'NONE',  ( -1.000000000000000000, 0.0000000000000000000, -0.0000000000000000000 ) ) ;
#10698 = EDGE_CURVE ( 'NONE', #2362, #390, #1614, .T. ) ;
#10699 = PLANE ( 'NONE',  #2857 ) ;
#10700 = DIRECTION ( 'NONE',  ( -5.691349986800549600E-017, -1.000000000000000000, 0.0000000000000000000 ) ) ;
#10701 = EDGE_LOOP ( 'NONE', ( #11182, #3811, #2020, #7891 ) ) ;
#10702 = VECTOR ( 'NONE', #4715, 39.37007874015748100 ) ;
#10703 = FACE_BOUND ( 'NONE', #1584, .T. ) ;
#10704 = DIRECTION ( 'NONE',  ( -0.0000000000000000000, 1.000000000000000000, -0.0000000000000000000 ) ) ;
#10705 = CARTESIAN_POINT ( 'NONE',  ( -0.2625000000000002900, -0.1228282661284085800, -0.06250000000000001400 ) ) ;
#10706 = DIRECTION ( 'NONE',  ( 0.3236155771181856200, 0.8891264907159877100, 0.3236155771181856200 ) ) ;
#10707 = FILL_AREA_STYLE ('',( #6276 ) ) ;
#10708 = FACE_OUTER_BOUND ( 'NONE', #3281, .T. ) ;
#10709 = EDGE_CURVE ( 'NONE', #6536, #3828, #5170, .T. ) ;
#10710 = AXIS2_PLACEMENT_3D ( 'NONE', #8517, #10261, #2338 ) ;
#10711 = CARTESIAN_POINT ( 'NONE',  ( 0.4374999999999997200, 0.3128282661284084700, -0.03749999999999999900 ) ) ;
#10713 = ADVANCED_FACE ( 'NONE', ( #7698 ), #2763, .F. ) ;
#10712 = LINE ( 'NONE', #3831, #895 ) ;
#10714 = LINE ( 'NONE', #7512, #7828 ) ;
#10715 = DIRECTION ( 'NONE',  ( 0.0000000000000000000, 0.0000000000000000000, 1.000000000000000000 ) ) ;
#10716 = DIRECTION ( 'NONE',  ( -1.000000000000000000, 0.0000000000000000000, -0.0000000000000000000 ) ) ;
#10717 = EDGE_CURVE ( 'NONE', #74, #10384, #7271, .T. ) ;
#10718 = FACE_OUTER_BOUND ( 'NONE', #10283, .T. ) ;
#10719 = ADVANCED_FACE ( 'NONE', ( #2977 ), #7103, .T. ) ;
#10720 = ORIENTED_EDGE ( 'NONE', *, *, #4232, .F. ) ;
#10721 = FACE_OUTER_BOUND ( 'NONE', #2453, .T. ) ;
#10722 = VERTEX_POINT ( 'NONE', #7978 ) ;
#10723 = ORIENTED_EDGE ( 'NONE', *, *, #7565, .T. ) ;
#10724 = EDGE_CURVE ( 'NONE', #11304, #5571, #7958, .T. ) ;
#10725 = DIRECTION ( 'NONE',  ( 0.0000000000000000000, 0.0000000000000000000, 1.000000000000000000 ) ) ;
#10726 = AXIS2_PLACEMENT_3D ( 'NONE', #289, #8221, #5539 ) ;
#10727 = CARTESIAN_POINT ( 'NONE',  ( -0.4624999999999999700, 0.3128282661284084700, 0.03749999999999999900 ) ) ;
#10728 = VECTOR ( 'NONE', #4378, 39.37007874015748100 ) ;
#10729 = PLANE ( 'NONE',  #7967 ) ;
#10730 = FACE_OUTER_BOUND ( 'NONE', #10637, .T. ) ;
#10731 = LINE ( 'NONE', #11370, #1345 ) ;
#10732 = CARTESIAN_POINT ( 'NONE',  ( 0.0000000000000000000, 0.0000000000000000000, 0.06250000000000001400 ) ) ;
#10733 = ORIENTED_EDGE ( 'NONE', *, *, #51, .F. ) ;
#10734 = LINE ( 'NONE', #4865, #8537 ) ;
#10735 = EDGE_CURVE ( 'NONE', #8811, #3504, #3390, .T. ) ;
#10736 = ORIENTED_EDGE ( 'NONE', *, *, #858, .T. ) ;
#10737 = VERTEX_POINT ( 'NONE', #2948 ) ;
#10738 = DIRECTION ( 'NONE',  ( 0.0000000000000000000, -0.0000000000000000000, -1.000000000000000000 ) ) ;
#10739 = ORIENTED_EDGE ( 'NONE', *, *, #29, .F. ) ;
#10740 = LINE ( 'NONE', #47, #3421 ) ;
#10741 = CARTESIAN_POINT ( 'NONE',  ( -0.5250000000000003600, 0.09999999999999996400, 0.1324999999999999500 ) ) ;
#10742 = CARTESIAN_POINT ( 'NONE',  ( 0.0000000000000000000, 0.09999999999999996400, -0.06250000000000001400 ) ) ;
#10743 = DIMENSIONAL_EXPONENTS ( 1.000000000000000000, 0.0000000000000000000, 0.0000000000000000000, 0.0000000000000000000, 0.0000000000000000000, 0.0000000000000000000, 0.0000000000000000000 ) ;
#10744 = EDGE_CURVE ( 'NONE', #7976, #1914, #8373, .T. ) ;
#10745 = CARTESIAN_POINT ( 'NONE',  ( -0.4375000000000000000, 0.3128282661284084700, 0.06250000000000001400 ) ) ;
#10746 = CLOSED_SHELL ( 'NONE', ( #3026, #7910, #6388, #102, #7789, #3646, #6619, #1148, #11434, #10341, #5015, #3376, #8932, #5024 ) ) ;
#10747 = ORIENTED_EDGE ( 'NONE', *, *, #7262, .T. ) ;
#10748 = ORIENTED_EDGE ( 'NONE', *, *, #6846, .F. ) ;
#10749 = ORIENTED_EDGE ( 'NONE', *, *, #4512, .T. ) ;
#10750 = CARTESIAN_POINT ( 'NONE',  ( 0.9000000000000001300, 0.3299999999999999600, 0.0000000000000000000 ) ) ;
#10751 = CLOSED_SHELL ( 'NONE', ( #2966, #2630, #11252, #9291, #5144, #10772, #7139, #2834, #7837, #8073, #9907, #992, #8312, #6633 ) ) ;
#10752 = PLANE ( 'NONE',  #10997 ) ;
#10753 = DIRECTION ( 'NONE',  ( -0.0000000000000000000, 1.000000000000000000, -0.0000000000000000000 ) ) ;
#10754 = LINE ( 'NONE', #4178, #7592 ) ;
#10755 = CARTESIAN_POINT ( 'NONE',  ( 0.4624999999999996900, 0.3128282661284084700, -0.06250000000000001400 ) ) ;
#10756 = VERTEX_POINT ( 'NONE', #8242 ) ;
#10757 = ORIENTED_EDGE ( 'NONE', *, *, #5154, .F. ) ;
#10758 = ORIENTED_EDGE ( 'NONE', *, *, #4548, .T. ) ;
#10759 = ORIENTED_EDGE ( 'NONE', *, *, #8380, .F. ) ;
#10760 = EDGE_LOOP ( 'NONE', ( #4277, #9557, #5474, #4162 ) ) ;
#10761 = AXIS2_PLACEMENT_3D ( 'NONE', #1738, #1819, #9701 ) ;
#10762 = VERTEX_POINT ( 'NONE', #7365 ) ;
#10763 = VECTOR ( 'NONE', #9301, 39.37007874015748100 ) ;
#10764 = CARTESIAN_POINT ( 'NONE',  ( 0.06249999999999974300, 0.3128282661284084700, -0.03749999999999999900 ) ) ;
#10765 = ORIENTED_EDGE ( 'NONE', *, *, #258, .T. ) ;
#10766 = DIRECTION ( 'NONE',  ( -0.0000000000000000000, 1.000000000000000000, -0.0000000000000000000 ) ) ;
#10767 = DIRECTION ( 'NONE',  ( 0.0000000000000000000, 0.0000000000000000000, 1.000000000000000000 ) ) ;
#10768 = ORIENTED_EDGE ( 'NONE', *, *, #6119, .F. ) ;
#10769 = EDGE_LOOP ( 'NONE', ( #5049, #10720, #3433, #8026 ) ) ;
#10770 = ORIENTED_EDGE ( 'NONE', *, *, #7269, .T. ) ;
#10771 = FACE_OUTER_BOUND ( 'NONE', #768, .T. ) ;
#10772 = ADVANCED_FACE ( 'NONE', ( #6294 ), #6471, .F. ) ;
#10773 = CARTESIAN_POINT ( 'NONE',  ( 0.2625000000000000700, -0.1400000000000000100, 0.04375000000000003900 ) ) ;
#10774 = ORIENTED_EDGE ( 'NONE', *, *, #8747, .F. ) ;
#10775 = EDGE_CURVE ( 'NONE', #1063, #8837, #4756, .T. ) ;
#10776 = DIRECTION ( 'NONE',  ( 1.000000000000000000, 0.0000000000000000000, 0.0000000000000000000 ) ) ;
#10777 = VERTEX_POINT ( 'NONE', #2068 ) ;
#10778 = ORIENTED_EDGE ( 'NONE', *, *, #9117, .F. ) ;
#10779 = DIRECTION ( 'NONE',  ( 0.3236155771181856200, 0.8891264907159877100, 0.3236155771181856200 ) ) ;
#10780 = ORIENTED_EDGE ( 'NONE', *, *, #6244, .F. ) ;
#10781 = ADVANCED_FACE ( 'NONE', ( #1315 ), #10022, .F. ) ;
#10782 = AXIS2_PLACEMENT_3D ( 'NONE', #5861, #9440, #1468 ) ;
#10783 = CARTESIAN_POINT ( 'NONE',  ( 0.06250000000000008300, -0.01499999999999997700, 0.06250000000000001400 ) ) ;
#10784 = LINE ( 'NONE', #5355, #7343 ) ;
#10785 = CARTESIAN_POINT ( 'NONE',  ( 0.1624999999999997000, -0.1228282661284084400, -0.06250000000000001400 ) ) ;
#10786 = EDGE_LOOP ( 'NONE', ( #10964, #10618, #10267, #2819 ) ) ;
#10787 = LINE ( 'NONE', #6873, #8173 ) ;
#10788 = PRESENTATION_LAYER_ASSIGNMENT (  '', '', ( #6672 ) ) ;
#10789 = DIRECTION ( 'NONE',  ( 0.0000000000000000000, -0.0000000000000000000, 1.000000000000000000 ) ) ;
#10790 = EDGE_CURVE ( 'NONE', #839, #1517, #4354, .T. ) ;
#10791 = DIRECTION ( 'NONE',  ( 0.0000000000000000000, 0.0000000000000000000, 1.000000000000000000 ) ) ;
#10792 = DIRECTION ( 'NONE',  ( -1.000000000000000000, 0.0000000000000000000, -0.0000000000000000000 ) ) ;
#10793 = ORIENTED_EDGE ( 'NONE', *, *, #10199, .F. ) ;
#10794 = ORIENTED_EDGE ( 'NONE', *, *, #1150, .T. ) ;
#10795 = CARTESIAN_POINT ( 'NONE',  ( 0.5249999999999996900, 0.3499999999999999800, -0.1825000000000000000 ) ) ;
#10796 = VECTOR ( 'NONE', #1396, 39.37007874015748100 ) ;
#10797 = CARTESIAN_POINT ( 'NONE',  ( -0.1375000000000003200, 0.3299999999999999600, -0.04375000000000003900 ) ) ;
#10798 = VERTEX_POINT ( 'NONE', #1047 ) ;
#10799 = EDGE_CURVE ( 'NONE', #6810, #6111, #6021, .T. ) ;
#10800 = LINE ( 'NONE', #9839, #9456 ) ;
#10801 = DIMENSIONAL_EXPONENTS ( 1.000000000000000000, 0.0000000000000000000, 0.0000000000000000000, 0.0000000000000000000, 0.0000000000000000000, 0.0000000000000000000, 0.0000000000000000000 ) ;
#10802 = ORIENTED_EDGE ( 'NONE', *, *, #3253, .T. ) ;
#10803 = VECTOR ( 'NONE', #10753, 39.37007874015748100 ) ;
#10804 = EDGE_CURVE ( 'NONE', #9569, #1663, #1025, .T. ) ;
#10805 = CARTESIAN_POINT ( 'NONE',  ( 0.06249999999999974300, -0.1228282661284085800, -0.03749999999999999900 ) ) ;
#10806 = VECTOR ( 'NONE', #4486, 39.37007874015748100 ) ;
#10807 =( NAMED_UNIT ( * ) SI_UNIT ( $, .STERADIAN. ) SOLID_ANGLE_UNIT ( ) );
#10808 = SURFACE_STYLE_USAGE ( .BOTH. , #9972 ) ;
#10809 = EDGE_CURVE ( 'NONE', #1646, #3683, #4488, .T. ) ;
#10810 = VECTOR ( 'NONE', #8796, 39.37007874015748100 ) ;
#10811 = DIRECTION ( 'NONE',  ( -0.0000000000000000000, 1.000000000000000000, 0.0000000000000000000 ) ) ;
#10812 = EDGE_LOOP ( 'NONE', ( #1010, #1104, #1060, #10235 ) ) ;
#10813 = CARTESIAN_POINT ( 'NONE',  ( -0.2374999999999999600, 0.3128282661284084700, 0.06250000000000001400 ) ) ;
#10814 = CARTESIAN_POINT ( 'NONE',  ( -0.2437500000000003300, -0.1400000000000000100, -0.03749999999999999900 ) ) ;
#10815 = CARTESIAN_POINT ( 'NONE',  ( -0.1562500000000002800, 0.3299999999999999600, -0.05624999999999997400 ) ) ;
#10816 = EDGE_CURVE ( 'NONE', #8862, #4107, #7547, .T. ) ;
#10817 = ORIENTED_EDGE ( 'NONE', *, *, #11353, .T. ) ;
#10818 = DIRECTION ( 'NONE',  ( 0.9396926207859085400, 0.3420201433256686000, 0.0000000000000000000 ) ) ;
#10819 = LINE ( 'NONE', #6961, #5415 ) ;
#10820 = DIRECTION ( 'NONE',  ( -0.0000000000000000000, 1.000000000000000000, -0.0000000000000000000 ) ) ;
#10821 = ADVANCED_FACE ( 'NONE', ( #2286, #11411, #6717, #5163, #9491, #2698, #2157, #6157, #2831, #10837, #57, #2005, #11281, #10167, #9622, #3654, #11128, #751, #8782, #3935, #8929 ), #163, .F. ) ;
#10822 = ORIENTED_EDGE ( 'NONE', *, *, #8810, .T. ) ;
#10823 = CARTESIAN_POINT ( 'NONE',  ( -0.05625000000000025100, 0.3299999999999999600, -0.04375000000000003900 ) ) ;
#10824 = VECTOR ( 'NONE', #7566, 39.37007874015748100 ) ;
#10825 = CARTESIAN_POINT ( 'NONE',  ( -0.2625000000000002900, -0.1228282661284085800, -0.06250000000000001400 ) ) ;
#10826 = PLANE ( 'NONE',  #3325 ) ;
#10827 = DIRECTION ( 'NONE',  ( 0.0000000000000000000, 0.0000000000000000000, -1.000000000000000000 ) ) ;
#10828 = ORIENTED_EDGE ( 'NONE', *, *, #2188, .T. ) ;
#10829 = VECTOR ( 'NONE', #8161, 39.37007874015748100 ) ;
#10830 = ADVANCED_FACE ( 'NONE', ( #468 ), #4566, .T. ) ;
#10831 = ORIENTED_EDGE ( 'NONE', *, *, #964, .T. ) ;
#10832 = EDGE_CURVE ( 'NONE', #10490, #7116, #8092, .T. ) ;
#10833 = CARTESIAN_POINT ( 'NONE',  ( -0.1374999999999999600, -0.1228282661284084400, 0.06250000000000001400 ) ) ;
#10834 = CARTESIAN_POINT ( 'NONE',  ( -0.2375000000000002900, 0.3299999999999999600, -0.06250000000000001400 ) ) ;
#10835 = CARTESIAN_POINT ( 'NONE',  ( 0.1624999999999997000, 0.3299999999999999600, -0.03749999999999999900 ) ) ;
#10836 = CARTESIAN_POINT ( 'NONE',  ( 0.2374999999999996600, -0.1228282661284085800, -0.06250000000000001400 ) ) ;
#10837 = FACE_BOUND ( 'NONE', #2462, .T. ) ;
#10838 = DIRECTION ( 'NONE',  ( 1.000000000000000000, 0.0000000000000000000, 0.0000000000000000000 ) ) ;
#10839 = AXIS2_PLACEMENT_3D ( 'NONE', #10111, #3187, #4784 ) ;
#10840 = FACE_OUTER_BOUND ( 'NONE', #9636, .T. ) ;
#10841 = EDGE_CURVE ( 'NONE', #8598, #11295, #3112, .T. ) ;
#10842 = LINE ( 'NONE', #5988, #4358 ) ;
#10843 = DIRECTION ( 'NONE',  ( 0.3236155771181856200, 0.8891264907159877100, 0.3236155771181856200 ) ) ;
#10844 = VECTOR ( 'NONE', #8682, 39.37007874015748100 ) ;
#10845 = FILL_AREA_STYLE ('',( #2061 ) ) ;
#10846 = VECTOR ( 'NONE', #6523, 39.37007874015748100 ) ;
#10847 = VECTOR ( 'NONE', #3527, 39.37007874015748100 ) ;
#10848 = VECTOR ( 'NONE', #5739, 39.37007874015748100 ) ;
#10849 = CARTESIAN_POINT ( 'NONE',  ( 0.4624999999999996900, -0.1228282661284085800, -0.03749999999999999900 ) ) ;
#10850 = DIRECTION ( 'NONE',  ( 0.0000000000000000000, 0.0000000000000000000, -1.000000000000000000 ) ) ;
#10851 = CARTESIAN_POINT ( 'NONE',  ( -0.3374999999999999700, 0.3128282661284084700, 0.03749999999999999900 ) ) ;
#10852 = EDGE_CURVE ( 'NONE', #4425, #6524, #4889, .T. ) ;
#10853 = FACE_OUTER_BOUND ( 'NONE', #11083, .T. ) ;
#10854 = DIRECTION ( 'NONE',  ( 1.000000000000000000, 0.0000000000000000000, -0.0000000000000000000 ) ) ;
#10855 = CARTESIAN_POINT ( 'NONE',  ( 0.3375000000000000800, 0.3299999999999999600, 0.03749999999999999900 ) ) ;
#10856 = LINE ( 'NONE', #555, #3539 ) ;
#10857 = VECTOR ( 'NONE', #10251, 39.37007874015748100 ) ;
#10858 = VERTEX_POINT ( 'NONE', #5522 ) ;
#10859 = ORIENTED_EDGE ( 'NONE', *, *, #7901, .F. ) ;
#10860 = VERTEX_POINT ( 'NONE', #8204 ) ;
#10861 = PLANE ( 'NONE',  #8894 ) ;
#10862 = EDGE_LOOP ( 'NONE', ( #9425, #7710, #3964, #6216 ) ) ;
#10863 = DIRECTION ( 'NONE',  ( 0.0000000000000000000, 0.0000000000000000000, 1.000000000000000000 ) ) ;
#10864 = CARTESIAN_POINT ( 'NONE',  ( -0.3375000000000003000, -0.1228282661284085800, -0.03749999999999999900 ) ) ;
#10865 = VERTEX_POINT ( 'NONE', #7327 ) ;
#10866 = EDGE_CURVE ( 'NONE', #1095, #672, #6866, .T. ) ;
#10867 = VECTOR ( 'NONE', #8833, 39.37007874015748100 ) ;
#10868 = DIRECTION ( 'NONE',  ( -1.000000000000000000, 0.0000000000000000000, 0.0000000000000000000 ) ) ;
#10869 = LINE ( 'NONE', #8447, #6462 ) ;
#10870 = FACE_OUTER_BOUND ( 'NONE', #9271, .T. ) ;
#10871 = ORIENTED_EDGE ( 'NONE', *, *, #3632, .T. ) ;
#10872 = DIRECTION ( 'NONE',  ( -0.9396926207859085400, 0.3420201433256686000, 0.0000000000000000000 ) ) ;
#10873 = EDGE_CURVE ( 'NONE', #1265, #10559, #1741, .T. ) ;
#10874 = VERTEX_POINT ( 'NONE', #1324 ) ;
#10875 = VECTOR ( 'NONE', #5468, 39.37007874015748100 ) ;
#10876 = ORIENTED_EDGE ( 'NONE', *, *, #394, .F. ) ;
#10877 = EDGE_LOOP ( 'NONE', ( #7453, #4931, #448, #1928 ) ) ;
#10878 = CARTESIAN_POINT ( 'NONE',  ( 0.03749999999999973500, 0.3128282661284084700, -0.06250000000000001400 ) ) ;
#10879 = ORIENTED_EDGE ( 'NONE', *, *, #2060, .F. ) ;
#10880 = AXIS2_PLACEMENT_3D ( 'NONE', #6927, #4388, #9766 ) ;
#10881 = PLANE ( 'NONE',  #8483 ) ;
#10882 = ADVANCED_FACE ( 'NONE', ( #7133 ), #5645, .T. ) ;
#10883 = VECTOR ( 'NONE', #10990, 39.37007874015748100 ) ;
#10884 = SURFACE_STYLE_USAGE ( .BOTH. , #2937 ) ;
#10885 = CARTESIAN_POINT ( 'NONE',  ( -0.3624999999999999300, 0.3128282661284084700, 0.03749999999999999900 ) ) ;
#10886 = ORIENTED_EDGE ( 'NONE', *, *, #11036, .T. ) ;
#10887 = VERTEX_POINT ( 'NONE', #9260 ) ;
#10888 = ORIENTED_EDGE ( 'NONE', *, *, #2434, .T. ) ;
#10889 = ORIENTED_EDGE ( 'NONE', *, *, #3253, .F. ) ;
#10890 = ORIENTED_EDGE ( 'NONE', *, *, #1228, .T. ) ;
#10891 = VERTEX_POINT ( 'NONE', #426 ) ;
#10892 = EDGE_LOOP ( 'NONE', ( #2489, #7445, #2340, #5447 ) ) ;
#10893 = DIRECTION ( 'NONE',  ( 1.000000000000000000, 0.0000000000000000000, 0.0000000000000000000 ) ) ;
#10894 = ADVANCED_FACE ( 'NONE', ( #10708 ), #5762, .F. ) ;
#10895 = DIRECTION ( 'NONE',  ( 0.9396926207859085400, 0.3420201433256686000, 0.0000000000000000000 ) ) ;
#10896 = FACE_OUTER_BOUND ( 'NONE', #6307, .T. ) ;
#10897 = CARTESIAN_POINT ( 'NONE',  ( 0.0000000000000000000, 0.09999999999999996400, -0.06250000000000001400 ) ) ;
#10898 = CARTESIAN_POINT ( 'NONE',  ( -0.05000000000000025300, 0.0000000000000000000, -0.1674999999999999800 ) ) ;
#10899 = VERTEX_POINT ( 'NONE', #7282 ) ;
#10900 = VERTEX_POINT ( 'NONE', #3145 ) ;
#10901 = VERTEX_POINT ( 'NONE', #2294 ) ;
#10902 = ORIENTED_EDGE ( 'NONE', *, *, #3514, .F. ) ;
#10903 = ORIENTED_EDGE ( 'NONE', *, *, #9923, .T. ) ;
#10904 = DIRECTION ( 'NONE',  ( 0.0000000000000000000, 0.0000000000000000000, -1.000000000000000000 ) ) ;
#10905 = ORIENTED_EDGE ( 'NONE', *, *, #2702, .F. ) ;
#10906 = LINE ( 'NONE', #7704, #4814 ) ;
#10907 = ORIENTED_EDGE ( 'NONE', *, *, #5077, .F. ) ;
#10908 = CARTESIAN_POINT ( 'NONE',  ( -0.2437500000000003300, -0.1400000000000000100, -0.04375000000000003900 ) ) ;
#10909 = EDGE_CURVE ( 'NONE', #3740, #10737, #5032, .T. ) ;
#10910 = CARTESIAN_POINT ( 'NONE',  ( 0.5249999999999998000, 0.3325000000000001800, 0.1324999999999999500 ) ) ;
#10911 = ORIENTED_EDGE ( 'NONE', *, *, #8433, .T. ) ;
#10912 = EDGE_LOOP ( 'NONE', ( #6611, #11030, #5489, #3969 ) ) ;
#10913 = ORIENTED_EDGE ( 'NONE', *, *, #2898, .F. ) ;
#10914 = DIRECTION ( 'NONE',  ( 0.0000000000000000000, -1.000000000000000000, 0.0000000000000000000 ) ) ;
#10915 = ORIENTED_EDGE ( 'NONE', *, *, #1844, .F. ) ;
#10916 = AXIS2_PLACEMENT_3D ( 'NONE', #1433, #11237, #1390 ) ;
#10917 = VECTOR ( 'NONE', #5103, 39.37007874015748100 ) ;
#10918 = EDGE_CURVE ( 'NONE', #5814, #11291, #6580, .T. ) ;
#10919 = DIRECTION ( 'NONE',  ( 1.000000000000000000, 0.0000000000000000000, 0.0000000000000000000 ) ) ;
#10920 = LINE ( 'NONE', #11449, #10242 ) ;
#10921 = FILL_AREA_STYLE_COLOUR ( '', #6631 ) ;
#10922 = AXIS2_PLACEMENT_3D ( 'NONE', #6695, #2320, #7735 ) ;
#10923 = EDGE_LOOP ( 'NONE', ( #7329, #1487, #2183, #211 ) ) ;
#10924 = ORIENTED_EDGE ( 'NONE', *, *, #3864, .F. ) ;
#10925 = DIRECTION ( 'NONE',  ( 1.000000000000000000, 0.0000000000000000000, 0.0000000000000000000 ) ) ;
#10926 = FILL_AREA_STYLE_COLOUR ( '', #1302 ) ;
#10927 = EDGE_LOOP ( 'NONE', ( #4503, #7577, #6218, #10665 ) ) ;
#10928 = LINE ( 'NONE', #989, #2233 ) ;
#10929 = ORIENTED_EDGE ( 'NONE', *, *, #10735, .T. ) ;
#10930 = CARTESIAN_POINT ( 'NONE',  ( 0.5249999999999995800, -2.388061258337336500E-017, 0.06499999999999991900 ) ) ;
#10931 = VECTOR ( 'NONE', #706, 39.37007874015748100 ) ;
#10932 = EDGE_CURVE ( 'NONE', #3299, #10193, #8651, .T. ) ;
#10933 = CARTESIAN_POINT ( 'NONE',  ( -0.3624999999999999300, 0.09999999999999996400, 0.0000000000000000000 ) ) ;
#10934 = CARTESIAN_POINT ( 'NONE',  ( -0.3374999999999999700, 0.3299999999999999600, 0.03749999999999999900 ) ) ;
#10935 = ORIENTED_EDGE ( 'NONE', *, *, #8557, .F. ) ;
#10936 = DIRECTION ( 'NONE',  ( -1.000000000000000000, 0.0000000000000000000, -0.0000000000000000000 ) ) ;
#10937 = LINE ( 'NONE', #5985, #8890 ) ;
#10938 = LINE ( 'NONE', #9736, #7357 ) ;
#10939 = CARTESIAN_POINT ( 'NONE',  ( -0.5250000000000002400, 0.0000000000000000000, -0.1825000000000000000 ) ) ;
#10940 = EDGE_CURVE ( 'NONE', #6348, #7597, #10448, .T. ) ;
#10941 = CARTESIAN_POINT ( 'NONE',  ( -0.1624999999999999800, -0.1228282661284085800, 0.06250000000000001400 ) ) ;
#10942 = ADVANCED_FACE ( 'NONE', ( #9887 ), #1371, .T. ) ;
#10943 = CARTESIAN_POINT ( 'NONE',  ( 0.0000000000000000000, 0.0000000000000000000, 0.06250000000000001400 ) ) ;
#10944 = DIRECTION ( 'NONE',  ( 0.0000000000000000000, 0.0000000000000000000, -1.000000000000000000 ) ) ;
#10945 = CARTESIAN_POINT ( 'NONE',  ( 0.3562500000000000700, 0.3299999999999999600, 0.05624999999999997400 ) ) ;
#10946 = LINE ( 'NONE', #10418, #1138 ) ;
#10947 = EDGE_CURVE ( 'NONE', #2261, #10531, #1595, .T. ) ;
#10948 = CARTESIAN_POINT ( 'NONE',  ( 0.1437500000000000700, 0.3299999999999999600, 0.05624999999999997400 ) ) ;
#10949 = AXIS2_PLACEMENT_3D ( 'NONE', #10705, #3522, #923 ) ;
#10950 = FACE_OUTER_BOUND ( 'NONE', #10769, .T. ) ;
#10951 = DIRECTION ( 'NONE',  ( 0.0000000000000000000, 1.000000000000000000, 0.0000000000000000000 ) ) ;
#10952 = ADVANCED_FACE ( 'NONE', ( #10160 ), #496, .T. ) ;
#10953 = DIRECTION ( 'NONE',  ( 1.000000000000000000, 0.0000000000000000000, 0.0000000000000000000 ) ) ;
#10954 = EDGE_CURVE ( 'NONE', #368, #6472, #3517, .T. ) ;
#10955 = DIRECTION ( 'NONE',  ( 1.000000000000000000, 0.0000000000000000000, 0.0000000000000000000 ) ) ;
#10956 = PLANE ( 'NONE',  #2985 ) ;
#10957 = LINE ( 'NONE', #481, #7667 ) ;
#10958 = VERTEX_POINT ( 'NONE', #2143 ) ;
#10959 = FACE_OUTER_BOUND ( 'NONE', #5717, .T. ) ;
#10960 = CARTESIAN_POINT ( 'NONE',  ( 0.0000000000000000000, 0.0000000000000000000, 0.0000000000000000000 ) ) ;
#10961 = CARTESIAN_POINT ( 'NONE',  ( 0.3625000000000001000, 0.3299999999999999600, 0.06250000000000001400 ) ) ;
#10962 = EDGE_CURVE ( 'NONE', #6097, #4559, #881, .T. ) ;
#10963 = CARTESIAN_POINT ( 'NONE',  ( -0.3375000000000003000, 0.3128282661284084700, -0.06250000000000001400 ) ) ;
#10964 = ORIENTED_EDGE ( 'NONE', *, *, #6236, .T. ) ;
#10965 = LINE ( 'NONE', #5580, #10690 ) ;
#10966 = DIRECTION ( 'NONE',  ( -0.0000000000000000000, 1.000000000000000000, 0.0000000000000000000 ) ) ;
#10967 = FILL_AREA_STYLE ('',( #5753 ) ) ;
#10968 = DIRECTION ( 'NONE',  ( 0.0000000000000000000, -0.0000000000000000000, 1.000000000000000000 ) ) ;
#10969 = AXIS2_PLACEMENT_3D ( 'NONE', #6831, #9310, #10265 ) ;
#10970 = EDGE_CURVE ( 'NONE', #4652, #9111, #3786, .T. ) ;
#10971 = CARTESIAN_POINT ( 'NONE',  ( 0.2375000000000000700, -0.1228282661284085800, 0.06250000000000001400 ) ) ;
#10972 = DIRECTION ( 'NONE',  ( 0.0000000000000000000, -0.0000000000000000000, -1.000000000000000000 ) ) ;
#10973 = LINE ( 'NONE', #3944, #3648 ) ;
#10974 = CARTESIAN_POINT ( 'NONE',  ( -0.3625000000000003200, 0.3128282661284084700, -0.06250000000000001400 ) ) ;
#10975 =( NAMED_UNIT ( * ) SI_UNIT ( $, .STERADIAN. ) SOLID_ANGLE_UNIT ( ) );
#10976 = FACE_OUTER_BOUND ( 'NONE', #8703, .T. ) ;
#10977 = DIRECTION ( 'NONE',  ( -1.000000000000000000, 0.0000000000000000000, 0.0000000000000000000 ) ) ;
#10978 = FACE_BOUND ( 'NONE', #5807, .T. ) ;
#10979 = PLANE ( 'NONE',  #6196 ) ;
#10980 = CARTESIAN_POINT ( 'NONE',  ( 0.4401181760438381300, 0.3200216456890114800, -0.05988182395616160900 ) ) ;
#10981 = VECTOR ( 'NONE', #1072, 39.37007874015748100 ) ;
#10982 = DIRECTION ( 'NONE',  ( -2.845674993400274400E-016, 1.000000000000000000, 0.0000000000000000000 ) ) ;
#10983 = LINE ( 'NONE', #6006, #8652 ) ;
#10984 = CARTESIAN_POINT ( 'NONE',  ( -0.3598818239561615300, 0.3200216456890114800, 0.04011817604383839700 ) ) ;
#10985 = SPHERICAL_SURFACE ( 'NONE', #8903, 0.01499999999999997700 ) ;
#10986 = VECTOR ( 'NONE', #10838, 39.37007874015748100 ) ;
#10987 = AXIS2_PLACEMENT_3D ( 'NONE', #6000, #7672, #2382 ) ;
#10988 = DIRECTION ( 'NONE',  ( 0.0000000000000000000, 0.0000000000000000000, 1.000000000000000000 ) ) ;
#10989 = DIRECTION ( 'NONE',  ( 0.0000000000000000000, 0.0000000000000000000, -1.000000000000000000 ) ) ;
#10990 = DIRECTION ( 'NONE',  ( -1.000000000000000000, -0.0000000000000000000, -0.0000000000000000000 ) ) ;
#10991 = AXIS2_PLACEMENT_3D ( 'NONE', #230, #6357, #9139 ) ;
#10992 = FACE_OUTER_BOUND ( 'NONE', #10923, .T. ) ;
#10993 = ADVANCED_FACE ( 'NONE', ( #8222 ), #8484, .T. ) ;
#10994 = EDGE_CURVE ( 'NONE', #5998, #2313, #1462, .T. ) ;
#10995 = LINE ( 'NONE', #10537, #6879 ) ;
#10996 = CARTESIAN_POINT ( 'NONE',  ( 0.2374999999999996600, -0.01499999999999997700, -0.03749999999999999900 ) ) ;
#10997 = AXIS2_PLACEMENT_3D ( 'NONE', #1050, #8175, #2871 ) ;
#10998 = EDGE_LOOP ( 'NONE', ( #9788, #10886, #7895, #1507 ) ) ;
#10999 = PRESENTATION_STYLE_ASSIGNMENT (( #1122 ) ) ;
#11000 = ORIENTED_EDGE ( 'NONE', *, *, #1439, .F. ) ;
#11001 = ORIENTED_EDGE ( 'NONE', *, *, #11456, .F. ) ;
#11002 = CARTESIAN_POINT ( 'NONE',  ( -0.06250000000000029100, 0.3299999999999999600, -0.03749999999999999900 ) ) ;
#11003 = LINE ( 'NONE', #7912, #8668 ) ;
#11004 = EDGE_CURVE ( 'NONE', #7046, #547, #10973, .T. ) ;
#11005 = DIRECTION ( 'NONE',  ( -0.9396926207859085400, 0.3420201433256686000, 0.0000000000000000000 ) ) ;
#11006 = ADVANCED_FACE ( 'NONE', ( #11270 ), #4191, .T. ) ;
#11007 =( LENGTH_UNIT ( ) NAMED_UNIT ( * ) SI_UNIT ( $, .METRE. ) );
#11008 = VECTOR ( 'NONE', #7751, 39.37007874015748100 ) ;
#11009 = CARTESIAN_POINT ( 'NONE',  ( -0.4437500000000003700, -0.1400000000000000100, -0.03749999999999999900 ) ) ;
#11010 = FACE_OUTER_BOUND ( 'NONE', #10180, .T. ) ;
#11011 = CARTESIAN_POINT ( 'NONE',  ( -0.4200000000000002100, 0.3499999999999999800, 0.3091190378969060900 ) ) ;
#11012 = DIRECTION ( 'NONE',  ( -1.000000000000000000, 0.0000000000000000000, 0.0000000000000000000 ) ) ;
#11013 = VERTEX_POINT ( 'NONE', #11095 ) ;
#11014 = EDGE_LOOP ( 'NONE', ( #2777, #3649, #8689, #3896 ) ) ;
#11015 = DIRECTION ( 'NONE',  ( -1.000000000000000000, 0.0000000000000000000, 0.0000000000000000000 ) ) ;
#11016 = ORIENTED_EDGE ( 'NONE', *, *, #880, .F. ) ;
#11017 = EDGE_CURVE ( 'NONE', #3298, #2514, #9881, .T. ) ;
#11018 = VERTEX_POINT ( 'NONE', #3251 ) ;
#11019 = CARTESIAN_POINT ( 'NONE',  ( 0.3625000000000001000, -4.268512490100411300E-018, 0.06250000000000001400 ) ) ;
#11020 = AXIS2_PLACEMENT_3D ( 'NONE', #10971, #1687, #10904 ) ;
#11021 = LINE ( 'NONE', #8033, #10200 ) ;
#11022 = CARTESIAN_POINT ( 'NONE',  ( -0.5250000000000003600, 0.3325000000000001800, 0.1324999999999999500 ) ) ;
#11023 = EDGE_LOOP ( 'NONE', ( #2488, #4438, #7470, #3437 ) ) ;
#11024 = ORIENTED_EDGE ( 'NONE', *, *, #4911, .F. ) ;
#11025 = ORIENTED_EDGE ( 'NONE', *, *, #5247, .T. ) ;
#11026 = EDGE_CURVE ( 'NONE', #5682, #5084, #3380, .T. ) ;
#11027 = ORIENTED_EDGE ( 'NONE', *, *, #3876, .F. ) ;
#11028 = ORIENTED_EDGE ( 'NONE', *, *, #1128, .T. ) ;
#11029 = CARTESIAN_POINT ( 'NONE',  ( 0.5249999999999996900, 0.3499999999999999800, -0.1825000000000000000 ) ) ;
#11030 = ORIENTED_EDGE ( 'NONE', *, *, #8197, .F. ) ;
#11031 =( GEOMETRIC_REPRESENTATION_CONTEXT ( 3 ) GLOBAL_UNCERTAINTY_ASSIGNED_CONTEXT ( ( #9876 ) ) GLOBAL_UNIT_ASSIGNED_CONTEXT ( ( #4236, #678, #3385 ) ) REPRESENTATION_CONTEXT ( 'NONE', 'WORKASPACE' ) );
#11032 = CARTESIAN_POINT ( 'NONE',  ( -0.4375000000000003300, -0.1228282661284084400, -0.03749999999999999900 ) ) ;
#11033 =( LENGTH_UNIT ( ) NAMED_UNIT ( * ) SI_UNIT ( $, .METRE. ) );
#11034 = LINE ( 'NONE', #4879, #8696 ) ;
#11035 = CARTESIAN_POINT ( 'NONE',  ( -0.3625000000000003200, 0.3128282661284084700, -0.03749999999999999900 ) ) ;
#11036 = EDGE_CURVE ( 'NONE', #8425, #7467, #7815, .T. ) ;
#11037 = CARTESIAN_POINT ( 'NONE',  ( 0.4624999999999996900, -0.01499999999999997700, -0.03749999999999999900 ) ) ;
#11038 = AXIS2_PLACEMENT_3D ( 'NONE', #10109, #3098, #4825 ) ;
#11039 = EDGE_LOOP ( 'NONE', ( #8996, #9506, #687, #9418 ) ) ;
#11040 = CARTESIAN_POINT ( 'NONE',  ( 0.5249999999999996900, 0.3499999999999999800, -0.1825000000000000000 ) ) ;
#11041 = ORIENTED_EDGE ( 'NONE', *, *, #7830, .F. ) ;
#11042 = CARTESIAN_POINT ( 'NONE',  ( -0.4562499999999999300, 0.3299999999999999600, 0.06250000000000001400 ) ) ;
#11043 = ORIENTED_EDGE ( 'NONE', *, *, #8605, .F. ) ;
#11044 = ORIENTED_EDGE ( 'NONE', *, *, #10668, .F. ) ;
#11045 = ORIENTED_EDGE ( 'NONE', *, *, #7309, .T. ) ;
#11046 = LINE ( 'NONE', #8512, #10640 ) ;
#11047 = ORIENTED_EDGE ( 'NONE', *, *, #3342, .T. ) ;
#11048 = LINE ( 'NONE', #846, #3589 ) ;
#11049 = EDGE_CURVE ( 'NONE', #10397, #4806, #1160, .T. ) ;
#11050 = CARTESIAN_POINT ( 'NONE',  ( -0.5249999999999995800, 0.2500000000000000000, -0.06499999999999996100 ) ) ;
#11051 = EDGE_LOOP ( 'NONE', ( #3542, #4173, #6785, #2217 ) ) ;
#11052 = ORIENTED_EDGE ( 'NONE', *, *, #9558, .F. ) ;
#11053 = ORIENTED_EDGE ( 'NONE', *, *, #7392, .F. ) ;
#11054 = ORIENTED_EDGE ( 'NONE', *, *, #2651, .F. ) ;
#11055 = DIRECTION ( 'NONE',  ( -0.0000000000000000000, 0.0000000000000000000, 1.000000000000000000 ) ) ;
#11056 = FACE_OUTER_BOUND ( 'NONE', #8751, .T. ) ;
#11057 = AXIS2_PLACEMENT_3D ( 'NONE', #6740, #2411, #6786 ) ;
#11058 = ORIENTED_EDGE ( 'NONE', *, *, #10363, .T. ) ;
#11059 = FACE_OUTER_BOUND ( 'NONE', #2247, .T. ) ;
#11060 = DIRECTION ( 'NONE',  ( 1.000000000000000000, -0.0000000000000000000, -0.0000000000000000000 ) ) ;
#11061 = DIRECTION ( 'NONE',  ( -0.0000000000000000000, 1.000000000000000000, -0.0000000000000000000 ) ) ;
#11062 = DIMENSIONAL_EXPONENTS ( 1.000000000000000000, 0.0000000000000000000, 0.0000000000000000000, 0.0000000000000000000, 0.0000000000000000000, 0.0000000000000000000, 0.0000000000000000000 ) ;
#11063 = EDGE_LOOP ( 'NONE', ( #10653, #6400, #8320, #181 ) ) ;
#11064 = EDGE_LOOP ( 'NONE', ( #499, #6406, #3513, #1689 ) ) ;
#11065 = ORIENTED_EDGE ( 'NONE', *, *, #8032, .F. ) ;
#11066 = VECTOR ( 'NONE', #10340, 39.37007874015748100 ) ;
#11067 = CARTESIAN_POINT ( 'NONE',  ( 0.3437499999999997200, 0.3299999999999999600, -0.04375000000000003900 ) ) ;
#11068 = EDGE_CURVE ( 'NONE', #11071, #7152, #5151, .T. ) ;
#11069 = DIRECTION ( 'NONE',  ( -0.5773502691896266200, -0.5773502691896206200, -0.5773502691896297300 ) ) ;
#11070 = CARTESIAN_POINT ( 'NONE',  ( 0.2375000000000000700, 0.3299999999999999600, 0.03749999999999999900 ) ) ;
#11071 = VERTEX_POINT ( 'NONE', #5010 ) ;
#11072 = VECTOR ( 'NONE', #9983, 39.37007874015748100 ) ;
#11073 = DIRECTION ( 'NONE',  ( -0.9396926207859079800, -0.3420201433256698200, -0.0000000000000000000 ) ) ;
#11074 = DIRECTION ( 'NONE',  ( 1.000000000000000000, 0.0000000000000000000, 0.0000000000000000000 ) ) ;
#11075 = LINE ( 'NONE', #9045, #3068 ) ;
#11076 = ADVANCED_FACE ( 'NONE', ( #7400 ), #11226, .T. ) ;
#11077 = EDGE_CURVE ( 'NONE', #6829, #5785, #5576, .T. ) ;
#11078 = CARTESIAN_POINT ( 'NONE',  ( -0.5150000000000004600, 0.0000000000000000000, 0.09999999999999809000 ) ) ;
#11079 = ORIENTED_EDGE ( 'NONE', *, *, #7565, .F. ) ;
#11080 = CARTESIAN_POINT ( 'NONE',  ( -0.4375000000000000000, -0.01499999999999997700, 0.03749999999999999900 ) ) ;
#11081 = FACE_OUTER_BOUND ( 'NONE', #6537, .T. ) ;
#11082 = DIRECTION ( 'NONE',  ( -0.3236155771181856200, 0.8891264907159877100, 0.3236155771181856200 ) ) ;
#11083 = EDGE_LOOP ( 'NONE', ( #8184, #9549, #10229, #10002 ) ) ;
#11084 = LINE ( 'NONE', #1709, #2789 ) ;
#11085 = DIRECTION ( 'NONE',  ( 0.0000000000000000000, 0.0000000000000000000, 1.000000000000000000 ) ) ;
#11086 = PLANE ( 'NONE',  #6210 ) ;
#11087 = FACE_OUTER_BOUND ( 'NONE', #7589, .T. ) ;
#11088 = DIRECTION ( 'NONE',  ( 0.3236155771181846200, 0.8891264907159883700, -0.3236155771181846200 ) ) ;
#11089 = EDGE_CURVE ( 'NONE', #2067, #1768, #6572, .T. ) ;
#11090 = LINE ( 'NONE', #853, #3909 ) ;
#11091 = CARTESIAN_POINT ( 'NONE',  ( 0.1437500000000000700, 0.3299999999999999600, 0.06250000000000001400 ) ) ;
#11092 = AXIS2_PLACEMENT_3D ( 'NONE', #832, #8062, #6252 ) ;
#11093 = CARTESIAN_POINT ( 'NONE',  ( -0.4800000000000002600, 0.3499999999999999800, 0.3091190378969060900 ) ) ;
#11094 = DIRECTION ( 'NONE',  ( 0.0000000000000000000, 0.0000000000000000000, -1.000000000000000000 ) ) ;
#11095 = CARTESIAN_POINT ( 'NONE',  ( -0.4624999999999999700, 0.3128282661284084700, 0.06250000000000001400 ) ) ;
#11096 = PLANE ( 'NONE',  #643 ) ;
#11097 = LINE ( 'NONE', #5161, #5545 ) ;
#11098 = DIRECTION ( 'NONE',  ( -0.0000000000000000000, 1.000000000000000000, 0.0000000000000000000 ) ) ;
#11099 = EDGE_CURVE ( 'NONE', #4690, #10371, #10307, .T. ) ;
#11100 = ORIENTED_EDGE ( 'NONE', *, *, #1428, .F. ) ;
#11101 = CARTESIAN_POINT ( 'NONE',  ( 0.4598818239561616700, -0.1300216456890116200, 0.04011817604383840400 ) ) ;
#11102 = VECTOR ( 'NONE', #10423, 39.37007874015748100 ) ;
#11103 = DIRECTION ( 'NONE',  ( 0.0000000000000000000, 0.3420201433256686000, -0.9396926207859085400 ) ) ;
#11104 = CARTESIAN_POINT ( 'NONE',  ( -0.4562500000000002700, -0.1400000000000000100, -0.06250000000000001400 ) ) ;
#11105 = DIRECTION ( 'NONE',  ( 0.0000000000000000000, 0.0000000000000000000, -1.000000000000000000 ) ) ;
#11106 = VERTEX_POINT ( 'NONE', #6864 ) ;
#11107 = EDGE_CURVE ( 'NONE', #2220, #2418, #5290, .T. ) ;
#11108 = ORIENTED_EDGE ( 'NONE', *, *, #2130, .T. ) ;
#11109 = CARTESIAN_POINT ( 'NONE',  ( -0.5749999999999996200, -2.388061258337336500E-017, 0.06499999999999991900 ) ) ;
#11110 = CARTESIAN_POINT ( 'NONE',  ( 0.06250000000000008300, -4.268512490100411300E-018, 0.06250000000000001400 ) ) ;
#11111 = AXIS2_PLACEMENT_3D ( 'NONE', #6254, #10686, #7410 ) ;
#11112 = LINE ( 'NONE', #3118, #7246 ) ;
#11113 = DIRECTION ( 'NONE',  ( 0.0000000000000000000, -0.0000000000000000000, 1.000000000000000000 ) ) ;
#11114 = DIRECTION ( 'NONE',  ( 0.0000000000000000000, 0.0000000000000000000, 1.000000000000000000 ) ) ;
#11115 = VECTOR ( 'NONE', #10305, 39.37007874015748100 ) ;
#11116 = CARTESIAN_POINT ( 'NONE',  ( 0.4437500000000001400, -0.1400000000000000100, 0.04375000000000003900 ) ) ;
#11117 = PLANE ( 'NONE',  #11165 ) ;
#11118 = CARTESIAN_POINT ( 'NONE',  ( -0.03749999999999994300, -0.1228282661284085800, 0.03749999999999999900 ) ) ;
#11119 = LINE ( 'NONE', #8713, #2552 ) ;
#11120 = DIRECTION ( 'NONE',  ( -1.000000000000000000, 0.0000000000000000000, 0.0000000000000000000 ) ) ;
#11122 = LINE ( 'NONE', #6538, #9883 ) ;
#11121 = DIMENSIONAL_EXPONENTS ( 1.000000000000000000, 0.0000000000000000000, 0.0000000000000000000, 0.0000000000000000000, 0.0000000000000000000, 0.0000000000000000000, 0.0000000000000000000 ) ;
#11123 = FACE_OUTER_BOUND ( 'NONE', #8013, .T. ) ;
#11124 = DIRECTION ( 'NONE',  ( 0.0000000000000000000, -1.000000000000000000, 0.0000000000000000000 ) ) ;
#11125 = ORIENTED_EDGE ( 'NONE', *, *, #5303, .F. ) ;
#11126 = EDGE_CURVE ( 'NONE', #3370, #8102, #2971, .T. ) ;
#11127 = CARTESIAN_POINT ( 'NONE',  ( -0.2624999999999999600, -0.1228282661284085800, 0.03749999999999999900 ) ) ;
#11128 = FACE_BOUND ( 'NONE', #7644, .T. ) ;
#11129 = DIRECTION ( 'NONE',  ( 0.0000000000000000000, -0.0000000000000000000, 1.000000000000000000 ) ) ;
#11130 = ADVANCED_FACE ( 'NONE', ( #49 ), #3221, .T. ) ;
#11131 = DIRECTION ( 'NONE',  ( 0.0000000000000000000, -1.000000000000000000, 0.0000000000000000000 ) ) ;
#11132 = VECTOR ( 'NONE', #8883, 39.37007874015748100 ) ;
#11133 = VECTOR ( 'NONE', #866, 39.37007874015748100 ) ;
#11134 = CARTESIAN_POINT ( 'NONE',  ( -0.05625000000000025100, -0.1400000000000000100, -0.05624999999999997400 ) ) ;
#11135 = DIRECTION ( 'NONE',  ( 1.000000000000000000, 0.0000000000000000000, 0.0000000000000000000 ) ) ;
#11136 = DIRECTION ( 'NONE',  ( 0.0000000000000000000, 0.0000000000000000000, -1.000000000000000000 ) ) ;
#11137 = CARTESIAN_POINT ( 'NONE',  ( 0.1625000000000000300, 0.09999999999999996400, 0.06250000000000001400 ) ) ;
#11138 = PLANE ( 'NONE',  #10782 ) ;
#11139 = VECTOR ( 'NONE', #11310, 39.37007874015748100 ) ;
#11140 = DIRECTION ( 'NONE',  ( 0.0000000000000000000, -1.000000000000000000, 0.0000000000000000000 ) ) ;
#11141 = FACE_OUTER_BOUND ( 'NONE', #4025, .T. ) ;
#11142 = VECTOR ( 'NONE', #1279, 39.37007874015748100 ) ;
#11143 = CARTESIAN_POINT ( 'NONE',  ( 0.03749999999999973500, 0.3299999999999999600, -0.06250000000000001400 ) ) ;
#11144 = ADVANCED_FACE ( 'NONE', ( #3099 ), #5880, .T. ) ;
#11145 = CARTESIAN_POINT ( 'NONE',  ( 0.3625000000000001000, 0.3299999999999999600, 0.06250000000000001400 ) ) ;
#11146 = DIRECTION ( 'NONE',  ( 0.0000000000000000000, -1.000000000000000000, 0.0000000000000000000 ) ) ;
#11147 = DIRECTION ( 'NONE',  ( -0.0000000000000000000, 0.0000000000000000000, 1.000000000000000000 ) ) ;
#11148 = PRESENTATION_STYLE_ASSIGNMENT (( #1323 ) ) ;
#11149 = DIRECTION ( 'NONE',  ( 0.0000000000000000000, 0.7071067811865530100, -0.7071067811865420200 ) ) ;
#11150 = VECTOR ( 'NONE', #3231, 39.37007874015748100 ) ;
#11151 = LINE ( 'NONE', #2976, #3962 ) ;
#11152 = DIRECTION ( 'NONE',  ( 0.0000000000000000000, 0.0000000000000000000, 1.000000000000000000 ) ) ;
#11153 = EDGE_LOOP ( 'NONE', ( #9910, #5336, #8847, #2627 ) ) ;
#11154 = LENGTH_MEASURE_WITH_UNIT ( LENGTH_MEASURE( 0.02539999999999999900 ), #5729 );
#11155 = ORIENTED_EDGE ( 'NONE', *, *, #10218, .T. ) ;
#11156 = CARTESIAN_POINT ( 'NONE',  ( -0.2401181760438383900, -0.1300216456890116200, 0.04011817604383840400 ) ) ;
#11157 = ORIENTED_EDGE ( 'NONE', *, *, #6682, .F. ) ;
#11158 = ORIENTED_EDGE ( 'NONE', *, *, #10709, .T. ) ;
#11159 = DIRECTION ( 'NONE',  ( 0.0000000000000000000, 0.0000000000000000000, 1.000000000000000000 ) ) ;
#11160 = ORIENTED_EDGE ( 'NONE', *, *, #6603, .T. ) ;
#11161 = CARTESIAN_POINT ( 'NONE',  ( -0.1401181760438387200, 0.3200216456890114800, -0.04011817604383839700 ) ) ;
#11162 = EDGE_CURVE ( 'NONE', #7733, #9970, #2690, .T. ) ;
#11163 = FACE_OUTER_BOUND ( 'NONE', #9708, .T. ) ;
#11164 = DIRECTION ( 'NONE',  ( -0.0000000000000000000, -1.000000000000000000, -0.0000000000000000000 ) ) ;
#11165 = AXIS2_PLACEMENT_3D ( 'NONE', #11035, #1470, #10313 ) ;
#11166 = PLANE ( 'NONE',  #5285 ) ;
#11167 = ORIENTED_EDGE ( 'NONE', *, *, #7158, .T. ) ;
#11168 = ORIENTED_EDGE ( 'NONE', *, *, #2439, .F. ) ;
#11169 = VERTEX_POINT ( 'NONE', #6978 ) ;
#11170 = ORIENTED_EDGE ( 'NONE', *, *, #10250, .F. ) ;
#11171 = ORIENTED_EDGE ( 'NONE', *, *, #948, .T. ) ;
#11172 = EDGE_CURVE ( 'NONE', #781, #8777, #6855, .T. ) ;
#11173 = CARTESIAN_POINT ( 'NONE',  ( 0.1624999999999997000, 0.3128282661284084700, -0.03749999999999999900 ) ) ;
#11174 = PLANE ( 'NONE',  #8698 ) ;
#11175 = FACE_OUTER_BOUND ( 'NONE', #10877, .T. ) ;
#11176 = CARTESIAN_POINT ( 'NONE',  ( -0.1437500000000003500, -0.1400000000000000100, -0.04375000000000003900 ) ) ;
#11177 = DIRECTION ( 'NONE',  ( -0.0000000000000000000, -1.000000000000000000, -0.0000000000000000000 ) ) ;
#11178 = ORIENTED_EDGE ( 'NONE', *, *, #7929, .T. ) ;
#11179 = VERTEX_POINT ( 'NONE', #810 ) ;
#11180 = EDGE_CURVE ( 'NONE', #8475, #3829, #4478, .T. ) ;
#11181 = EDGE_LOOP ( 'NONE', ( #4469, #1722, #9182, #6640 ) ) ;
#11182 = ORIENTED_EDGE ( 'NONE', *, *, #10581, .T. ) ;
#11183 = ORIENTED_EDGE ( 'NONE', *, *, #172, .T. ) ;
#11184 = VERTEX_POINT ( 'NONE', #2532 ) ;
#11185 = AXIS2_PLACEMENT_3D ( 'NONE', #6549, #10966, #7550 ) ;
#11186 = LINE ( 'NONE', #1022, #7055 ) ;
#11187 = VECTOR ( 'NONE', #7348, 39.37007874015748100 ) ;
#11188 = DIRECTION ( 'NONE',  ( 0.0000000000000000000, -1.000000000000000000, 0.0000000000000000000 ) ) ;
#11189 = DIRECTION ( 'NONE',  ( -0.0000000000000000000, 1.000000000000000000, -0.0000000000000000000 ) ) ;
#11190 = ORIENTED_EDGE ( 'NONE', *, *, #10004, .T. ) ;
#11191 =( NAMED_UNIT ( * ) PLANE_ANGLE_UNIT ( ) SI_UNIT ( $, .RADIAN. ) );
#11192 = EDGE_CURVE ( 'NONE', #6908, #4056, #11119, .T. ) ;
#11193 = ORIENTED_EDGE ( 'NONE', *, *, #7921, .T. ) ;
#11194 = ORIENTED_EDGE ( 'NONE', *, *, #3693, .T. ) ;
#11195 =( NAMED_UNIT ( * ) SI_UNIT ( $, .STERADIAN. ) SOLID_ANGLE_UNIT ( ) );
#11196 = ORIENTED_EDGE ( 'NONE', *, *, #8511, .F. ) ;
#11197 = ORIENTED_EDGE ( 'NONE', *, *, #11089, .T. ) ;
#11198 = CARTESIAN_POINT ( 'NONE',  ( -0.4625000000000003000, 0.3128282661284084700, -0.03749999999999999900 ) ) ;
#11199 = ORIENTED_EDGE ( 'NONE', *, *, #270, .T. ) ;
#11200 = ADVANCED_FACE ( 'NONE', ( #9342 ), #4367, .T. ) ;
#11201 = VECTOR ( 'NONE', #9168, 39.37007874015748100 ) ;
#11202 = CARTESIAN_POINT ( 'NONE',  ( -0.4624999999999999700, -0.01499999999999997700, 0.06250000000000001400 ) ) ;
#11203 = DIRECTION ( 'NONE',  ( 0.0000000000000000000, -0.0000000000000000000, 1.000000000000000000 ) ) ;
#11204 = ORIENTED_EDGE ( 'NONE', *, *, #2734, .F. ) ;
#11205 = EDGE_CURVE ( 'NONE', #2207, #6746, #8776, .T. ) ;
#11206 = FACE_OUTER_BOUND ( 'NONE', #2099, .T. ) ;
#11207 = DIRECTION ( 'NONE',  ( -1.000000000000000000, -0.0000000000000000000, -0.0000000000000000000 ) ) ;
#11208 = STYLED_ITEM ( 'NONE', ( #6548 ), #6840 ) ;
#11209 = CARTESIAN_POINT ( 'NONE',  ( -0.3375000000000003000, 0.3128282661284084700, -0.03749999999999999900 ) ) ;
#11210 = ORIENTED_EDGE ( 'NONE', *, *, #7979, .F. ) ;
#11211 = ORIENTED_EDGE ( 'NONE', *, *, #7755, .T. ) ;
#11212 = VERTEX_POINT ( 'NONE', #9607 ) ;
#11213 = ORIENTED_EDGE ( 'NONE', *, *, #10400, .T. ) ;
#11214 = FACE_OUTER_BOUND ( 'NONE', #2549, .T. ) ;
#11215 = ADVANCED_FACE ( 'NONE', ( #9049 ), #10446, .T. ) ;
#11216 = EDGE_CURVE ( 'NONE', #11220, #3181, #6412, .T. ) ;
#11217 = FACE_OUTER_BOUND ( 'NONE', #7455, .T. ) ;
#11218 = DIRECTION ( 'NONE',  ( 0.2873478855663455000, -0.9578262852211513200, 0.0000000000000000000 ) ) ;
#11219 = DIRECTION ( 'NONE',  ( -0.3236155771181856200, -0.8891264907159877100, 0.3236155771181856200 ) ) ;
#11220 = VERTEX_POINT ( 'NONE', #1753 ) ;
#11221 = ORIENTED_EDGE ( 'NONE', *, *, #3926, .F. ) ;
#11222 = CARTESIAN_POINT ( 'NONE',  ( 0.5249999999999996900, 0.3499999999999999800, -0.1825000000000000000 ) ) ;
#11223 = EDGE_LOOP ( 'NONE', ( #2167, #7598, #11044, #3844 ) ) ;
#11224 = STYLED_ITEM ( 'NONE', ( #9384 ), #9738 ) ;
#11225 = LINE ( 'NONE', #11104, #9963 ) ;
#11226 = PLANE ( 'NONE',  #4698 ) ;
#11227 = VERTEX_POINT ( 'NONE', #11378 ) ;
#11228 = VECTOR ( 'NONE', #6437, 39.37007874015748100 ) ;
#11229 = PLANE ( 'NONE',  #10969 ) ;
#11230 = MANIFOLD_SOLID_BREP ( 'Pin[7]', #1940 ) ;
#11231 = EDGE_CURVE ( 'NONE', #10899, #6898, #1995, .T. ) ;
#11232 = ORIENTED_EDGE ( 'NONE', *, *, #7993, .F. ) ;
#11233 = DIRECTION ( 'NONE',  ( 0.0000000000000000000, 0.0000000000000000000, 1.000000000000000000 ) ) ;
#11234 = LINE ( 'NONE', #9078, #5976 ) ;
#11235 = DIRECTION ( 'NONE',  ( 1.000000000000000000, 0.0000000000000000000, 0.0000000000000000000 ) ) ;
#11236 = DIRECTION ( 'NONE',  ( -0.0000000000000000000, 1.000000000000000000, 0.0000000000000000000 ) ) ;
#11237 = DIRECTION ( 'NONE',  ( 0.0000000000000000000, -0.3420201433256698200, -0.9396926207859079800 ) ) ;
#11238 = EDGE_CURVE ( 'NONE', #7720, #2490, #10920, .T. ) ;
#11239 = CARTESIAN_POINT ( 'NONE',  ( 0.4624999999999996900, -0.01499999999999997700, -0.03749999999999999900 ) ) ;
#11240 = CARTESIAN_POINT ( 'NONE',  ( 0.1624999999999997000, -0.1228282661284085800, -0.03749999999999999900 ) ) ;
#11241 = AXIS2_PLACEMENT_3D ( 'NONE', #6427, #4569, #5557 ) ;
#11242 = DIRECTION ( 'NONE',  ( -1.000000000000000000, 0.0000000000000000000, -0.0000000000000000000 ) ) ;
#11243 = DIRECTION ( 'NONE',  ( 0.0000000000000000000, 0.0000000000000000000, -1.000000000000000000 ) ) ;
#11244 = FACE_OUTER_BOUND ( 'NONE', #260, .T. ) ;
#11245 = DIRECTION ( 'NONE',  ( 0.0000000000000000000, 0.0000000000000000000, -1.000000000000000000 ) ) ;
#11246 = DIMENSIONAL_EXPONENTS ( 1.000000000000000000, 0.0000000000000000000, 0.0000000000000000000, 0.0000000000000000000, 0.0000000000000000000, 0.0000000000000000000, 0.0000000000000000000 ) ;
#11247 = ORIENTED_EDGE ( 'NONE', *, *, #144, .T. ) ;
#11248 = CARTESIAN_POINT ( 'NONE',  ( 0.5749999999999996200, 0.3499999999999999800, 0.1825000000000000000 ) ) ;
#11249 = LINE ( 'NONE', #8385, #7804 ) ;
#11250 = EDGE_CURVE ( 'NONE', #11184, #919, #7475, .T. ) ;
#11251 = CARTESIAN_POINT ( 'NONE',  ( 0.1562500000000000000, -0.1400000000000000100, 0.05624999999999997400 ) ) ;
#11252 = ADVANCED_FACE ( 'NONE', ( #5238 ), #4406, .T. ) ;
#11253 = CARTESIAN_POINT ( 'NONE',  ( -0.05000000000000025300, 0.3499999999999999800, -0.1825000000000000000 ) ) ;
#11254 = VERTEX_POINT ( 'NONE', #2639 ) ;
#11255 = LINE ( 'NONE', #5772, #10147 ) ;
#11256 = DIRECTION ( 'NONE',  ( 0.9396926207859079800, -0.3420201433256698200, -0.0000000000000000000 ) ) ;
#11257 = CARTESIAN_POINT ( 'NONE',  ( 0.03750000000000007500, 0.09999999999999992200, 0.06250000000000001400 ) ) ;
#11258 = DIRECTION ( 'NONE',  ( 1.000000000000000000, 0.0000000000000000000, 0.0000000000000000000 ) ) ;
#11259 = PLANE ( 'NONE',  #11323 ) ;
#11260 = ORIENTED_EDGE ( 'NONE', *, *, #6179, .F. ) ;
#11261 = ORIENTED_EDGE ( 'NONE', *, *, #802, .T. ) ;
#11262 = EDGE_CURVE ( 'NONE', #117, #7888, #8287, .T. ) ;
#11263 = VECTOR ( 'NONE', #560, 39.37007874015748100 ) ;
#11264 = CARTESIAN_POINT ( 'NONE',  ( 0.2562499999999996400, 0.3299999999999999600, -0.05624999999999997400 ) ) ;
#11265 = CARTESIAN_POINT ( 'NONE',  ( 0.7999999999999997100, 0.3299999999999999600, -0.1000000000000000100 ) ) ;
#11266 = DIRECTION ( 'NONE',  ( 0.3236155771181856200, 0.8891264907159877100, 0.3236155771181856200 ) ) ;
#11267 = EDGE_CURVE ( 'NONE', #6191, #3181, #2859, .T. ) ;
#11268 = DIRECTION ( 'NONE',  ( 1.280553747030123100E-016, -1.000000000000000000, 0.0000000000000000000 ) ) ;
#11269 = AXIS2_PLACEMENT_3D ( 'NONE', #2476, #3323, #9505 ) ;
#11270 = FACE_OUTER_BOUND ( 'NONE', #3605, .T. ) ;
#11271 = VECTOR ( 'NONE', #5284, 39.37007874015748100 ) ;
#11272 = DIRECTION ( 'NONE',  ( -2.845674993400274400E-016, 1.000000000000000000, 0.0000000000000000000 ) ) ;
#11273 = LINE ( 'NONE', #894, #1743 ) ;
#11274 = FACE_OUTER_BOUND ( 'NONE', #1946, .T. ) ;
#11275 = DIRECTION ( 'NONE',  ( -0.3236155771181856200, -0.8891264907159877100, 0.3236155771181856200 ) ) ;
#11276 = PLANE ( 'NONE',  #7492 ) ;
#11277 = PLANE ( 'NONE',  #2655 ) ;
#11278 = CARTESIAN_POINT ( 'NONE',  ( -0.1374999999999999600, -4.268512490100411300E-018, 0.06250000000000001400 ) ) ;
#11279 = PLANE ( 'NONE',  #5955 ) ;
#11280 = CARTESIAN_POINT ( 'NONE',  ( 0.4374999999999997200, 0.09999999999999992200, -0.03749999999999999900 ) ) ;
#11281 = FACE_BOUND ( 'NONE', #351, .T. ) ;
#11282 = LINE ( 'NONE', #165, #5734 ) ;
#11283 = FACE_OUTER_BOUND ( 'NONE', #4423, .T. ) ;
#11284 = AXIS2_PLACEMENT_3D ( 'NONE', #996, #7957, #3653 ) ;
#11285 = DIRECTION ( 'NONE',  ( 0.0000000000000000000, -1.000000000000000000, -4.097771990496395300E-016 ) ) ;
#11286 = VECTOR ( 'NONE', #10914, 39.37007874015748100 ) ;
#11287 = DIRECTION ( 'NONE',  ( -0.0000000000000000000, -0.0000000000000000000, 1.000000000000000000 ) ) ;
#11288 = VERTEX_POINT ( 'NONE', #4511 ) ;
#11289 = LINE ( 'NONE', #10813, #8944 ) ;
#11290 = EDGE_CURVE ( 'NONE', #10958, #10891, #900, .T. ) ;
#11291 = VERTEX_POINT ( 'NONE', #30 ) ;
#11292 = DIRECTION ( 'NONE',  ( -0.0000000000000000000, 1.000000000000000000, -0.0000000000000000000 ) ) ;
#11293 = ORIENTED_EDGE ( 'NONE', *, *, #11089, .F. ) ;
#11294 = DIRECTION ( 'NONE',  ( 0.0000000000000000000, 0.0000000000000000000, -1.000000000000000000 ) ) ;
#11295 = VERTEX_POINT ( 'NONE', #4477 ) ;
#11296 = DIMENSIONAL_EXPONENTS ( 1.000000000000000000, 0.0000000000000000000, 0.0000000000000000000, 0.0000000000000000000, 0.0000000000000000000, 0.0000000000000000000, 0.0000000000000000000 ) ;
#11297 = CARTESIAN_POINT ( 'NONE',  ( -0.3401181760438387000, 0.3200216456890114800, -0.04011817604383839700 ) ) ;
#11298 = LINE ( 'NONE', #10391, #6459 ) ;
#11299 =( GEOMETRIC_REPRESENTATION_CONTEXT ( 3 ) GLOBAL_UNCERTAINTY_ASSIGNED_CONTEXT ( ( #8474 ) ) GLOBAL_UNIT_ASSIGNED_CONTEXT ( ( #7363, #6552, #2946 ) ) REPRESENTATION_CONTEXT ( 'NONE', 'WORKASPACE' ) );
#11300 = VECTOR ( 'NONE', #1486, 39.37007874015748100 ) ;
#11301 = EDGE_CURVE ( 'NONE', #7865, #4559, #6195, .T. ) ;
#11302 = LINE ( 'NONE', #5840, #10857 ) ;
#11303 = PLANE ( 'NONE',  #8452 ) ;
#11304 = VERTEX_POINT ( 'NONE', #1942 ) ;
#11305 = FACE_OUTER_BOUND ( 'NONE', #11023, .T. ) ;
#11306 = SURFACE_SIDE_STYLE ('',( #9602 ) ) ;
#11307 = ORIENTED_EDGE ( 'NONE', *, *, #9787, .F. ) ;
#11308 = ORIENTED_EDGE ( 'NONE', *, *, #2582, .F. ) ;
#11309 = EDGE_LOOP ( 'NONE', ( #5208, #3273, #8997, #7 ) ) ;
#11310 = DIRECTION ( 'NONE',  ( 0.0000000000000000000, 0.0000000000000000000, -1.000000000000000000 ) ) ;
#11311 = ADVANCED_FACE ( 'NONE', ( #5610 ), #9784, .T. ) ;
#11312 = LINE ( 'NONE', #435, #655 ) ;
#11313 = CARTESIAN_POINT ( 'NONE',  ( 0.1374999999999997100, 0.3128282661284084700, -0.03749999999999999900 ) ) ;
#11314 = CARTESIAN_POINT ( 'NONE',  ( 0.1374999999999997100, 0.3299999999999999600, -0.03749999999999999900 ) ) ;
#11315 = VERTEX_POINT ( 'NONE', #3601 ) ;
#11316 = DIRECTION ( 'NONE',  ( 1.000000000000000000, 0.0000000000000000000, 0.0000000000000000000 ) ) ;
#11317 = ORIENTED_EDGE ( 'NONE', *, *, #5697, .F. ) ;
#11318 = DIRECTION ( 'NONE',  ( 0.0000000000000000000, -0.3420201433256698200, 0.9396926207859079800 ) ) ;
#11319 = ORIENTED_EDGE ( 'NONE', *, *, #2359, .T. ) ;
#11320 = VERTEX_POINT ( 'NONE', #8935 ) ;
#11321 = VERTEX_POINT ( 'NONE', #7268 ) ;
#11322 = EDGE_CURVE ( 'NONE', #2598, #9221, #9076, .T. ) ;
#11323 = AXIS2_PLACEMENT_3D ( 'NONE', #4158, #7596, #3188 ) ;
#11324 = VECTOR ( 'NONE', #2518, 39.37007874015748100 ) ;
#11325 = ADVANCED_FACE ( 'NONE', ( #5322 ), #3553, .F. ) ;
#11326 = CARTESIAN_POINT ( 'NONE',  ( -0.03750000000000028300, -0.1228282661284085800, -0.03749999999999999900 ) ) ;
#11327 = ORIENTED_EDGE ( 'NONE', *, *, #4190, .T. ) ;
#11328 = EDGE_CURVE ( 'NONE', #7617, #5472, #1604, .T. ) ;
#11329 = ORIENTED_EDGE ( 'NONE', *, *, #7802, .T. ) ;
#11330 = CARTESIAN_POINT ( 'NONE',  ( -0.03749999999999994300, 0.0000000000000000000, 0.0000000000000000000 ) ) ;
#11331 = EDGE_LOOP ( 'NONE', ( #5279, #5487, #2892, #8119 ) ) ;
#11332 = DIRECTION ( 'NONE',  ( 0.0000000000000000000, 0.0000000000000000000, -1.000000000000000000 ) ) ;
#11333 = VECTOR ( 'NONE', #8778, 39.37007874015748100 ) ;
#11334 = CARTESIAN_POINT ( 'NONE',  ( -0.2437499999999999900, -0.1400000000000000100, 0.06250000000000001400 ) ) ;
#11335 = EDGE_LOOP ( 'NONE', ( #11483, #3439, #5047, #4398 ) ) ;
#11336 = LINE ( 'NONE', #7924, #10645 ) ;
#11337 =( LENGTH_UNIT ( ) NAMED_UNIT ( * ) SI_UNIT ( $, .METRE. ) );
#11338 = EDGE_CURVE ( 'NONE', #8219, #959, #7686, .T. ) ;
#11339 = AXIS2_PLACEMENT_3D ( 'NONE', #1180, #2046, #9926 ) ;
#11340 = VERTEX_POINT ( 'NONE', #10673 ) ;
#11341 = ORIENTED_EDGE ( 'NONE', *, *, #6853, .T. ) ;
#11342 = DIRECTION ( 'NONE',  ( -0.0000000000000000000, -0.0000000000000000000, 1.000000000000000000 ) ) ;
#11343 = VERTEX_POINT ( 'NONE', #8008 ) ;
#11344 = ORIENTED_EDGE ( 'NONE', *, *, #5923, .F. ) ;
#11345 = ORIENTED_EDGE ( 'NONE', *, *, #5862, .F. ) ;
#11346 = FACE_OUTER_BOUND ( 'NONE', #2855, .T. ) ;
#11347 = CARTESIAN_POINT ( 'NONE',  ( 0.3598818239561616900, -0.1300216456890116200, 0.04011817604383840400 ) ) ;
#11348 = CARTESIAN_POINT ( 'NONE',  ( -0.04374999999999997600, -0.1400000000000000100, 0.05624999999999997400 ) ) ;
#11349 = CARTESIAN_POINT ( 'NONE',  ( -0.4624999999999999700, -0.1400000000000000100, 0.05624999999999997400 ) ) ;
#11350 = EDGE_LOOP ( 'NONE', ( #6478, #1797 ) ) ;
#11351 = PRESENTATION_STYLE_ASSIGNMENT (( #7437 ) ) ;
#11352 =( CONVERSION_BASED_UNIT ( 'INCH', #1718 ) LENGTH_UNIT ( ) NAMED_UNIT ( #9576 ) );
#11353 = EDGE_CURVE ( 'NONE', #696, #5813, #1016, .T. ) ;
#11354 = PLANE ( 'NONE',  #4831 ) ;
#11355 = CARTESIAN_POINT ( 'NONE',  ( -0.06249999999999995100, -0.01499999999999997700, 0.06250000000000001400 ) ) ;
#11356 = ORIENTED_EDGE ( 'NONE', *, *, #5923, .T. ) ;
#11357 = EDGE_LOOP ( 'NONE', ( #1894, #2719, #4396, #7579 ) ) ;
#11358 = ORIENTED_EDGE ( 'NONE', *, *, #7122, .F. ) ;
#11359 = FACE_OUTER_BOUND ( 'NONE', #11331, .T. ) ;
#11360 = EDGE_CURVE ( 'NONE', #4726, #1790, #4386, .T. ) ;
#11361 = CARTESIAN_POINT ( 'NONE',  ( -0.2624999999999999600, 0.3128282661284084700, 0.03749999999999999900 ) ) ;
#11362 = AXIS2_PLACEMENT_3D ( 'NONE', #4834, #1298, #1169 ) ;
#11363 = DIRECTION ( 'NONE',  ( 0.0000000000000000000, 0.0000000000000000000, 1.000000000000000000 ) ) ;
#11364 = ORIENTED_EDGE ( 'NONE', *, *, #7921, .F. ) ;
#11365 = LINE ( 'NONE', #7832, #6947 ) ;
#11366 = DIRECTION ( 'NONE',  ( 0.3236155771181846200, 0.8891264907159883700, 0.3236155771181846200 ) ) ;
#11367 = LINE ( 'NONE', #5506, #8327 ) ;
#11368 = ORIENTED_EDGE ( 'NONE', *, *, #8820, .F. ) ;
#11369 = FACE_OUTER_BOUND ( 'NONE', #3974, .T. ) ;
#11370 = CARTESIAN_POINT ( 'NONE',  ( -0.3624999999999999300, -0.01499999999999997700, 0.03749999999999999900 ) ) ;
#11371 = ORIENTED_EDGE ( 'NONE', *, *, #5291, .T. ) ;
#11372 = LINE ( 'NONE', #3137, #3352 ) ;
#11373 = ADVANCED_FACE ( 'NONE', ( #4509 ), #5455, .T. ) ;
#11374 = DIRECTION ( 'NONE',  ( 0.0000000000000000000, 0.0000000000000000000, 1.000000000000000000 ) ) ;
#11375 = UNCERTAINTY_MEASURE_WITH_UNIT (LENGTH_MEASURE( 1.000000000000000100E-005 ), #6283, 'distance_accuracy_value', 'NONE');
#11376 = ADVANCED_FACE ( 'NONE', ( #7559 ), #10699, .T. ) ;
#11377 = ORIENTED_EDGE ( 'NONE', *, *, #9741, .F. ) ;
#11378 = CARTESIAN_POINT ( 'NONE',  ( -0.05624999999999991100, 0.3299999999999999600, 0.05624999999999997400 ) ) ;
#11379 = CARTESIAN_POINT ( 'NONE',  ( -0.1375000000000003200, 0.3128282661284084700, -0.06250000000000001400 ) ) ;
#11380 = FACE_OUTER_BOUND ( 'NONE', #5212, .T. ) ;
#11381 = CARTESIAN_POINT ( 'NONE',  ( 0.4624999999999996900, 0.3299999999999999600, -0.03749999999999999900 ) ) ;
#11382 = FACE_OUTER_BOUND ( 'NONE', #8982, .T. ) ;
#11383 = CARTESIAN_POINT ( 'NONE',  ( 0.2375000000000000700, -0.1228282661284085800, 0.03749999999999999900 ) ) ;
#11384 = DIRECTION ( 'NONE',  ( 0.0000000000000000000, 0.0000000000000000000, -1.000000000000000000 ) ) ;
#11385 = ADVANCED_FACE ( 'NONE', ( #11059 ), #9864, .T. ) ;
#11386 = DIRECTION ( 'NONE',  ( 1.000000000000000000, 0.0000000000000000000, 0.0000000000000000000 ) ) ;
#11387 = LINE ( 'NONE', #11379, #10550 ) ;
#11388 = ORIENTED_EDGE ( 'NONE', *, *, #10947, .T. ) ;
#11389 = EDGE_CURVE ( 'NONE', #9514, #7341, #2839, .T. ) ;
#11390 = VECTOR ( 'NONE', #4989, 39.37007874015748100 ) ;
#11391 = CARTESIAN_POINT ( 'NONE',  ( -0.2624999999999999600, 0.09999999999999996400, 0.0000000000000000000 ) ) ;
#11392 = AXIS2_PLACEMENT_3D ( 'NONE', #5944, #9473, #9361 ) ;
#11393 = DIRECTION ( 'NONE',  ( -0.0000000000000000000, 0.0000000000000000000, 1.000000000000000000 ) ) ;
#11394 = ORIENTED_EDGE ( 'NONE', *, *, #1512, .T. ) ;
#11395 = PRESENTATION_LAYER_ASSIGNMENT (  '', '', ( #4852 ) ) ;
#11396 = VECTOR ( 'NONE', #6845, 39.37007874015748100 ) ;
#11397 = EDGE_CURVE ( 'NONE', #10634, #8219, #4922, .T. ) ;
#11398 = ORIENTED_EDGE ( 'NONE', *, *, #10047, .F. ) ;
#11399 = CARTESIAN_POINT ( 'NONE',  ( 0.04011817604383816100, 0.3200216456890114800, -0.05988182395616160900 ) ) ;
#11400 = COLOUR_RGB ( '',1.000000000000000000, 0.8117647058823529400, 0.5019607843137254800 ) ;
#11401 = EDGE_CURVE ( 'NONE', #2077, #1073, #2652, .T. ) ;
#11402 = ORIENTED_EDGE ( 'NONE', *, *, #1317, .F. ) ;
#11403 = AXIS2_PLACEMENT_3D ( 'NONE', #2062, #2791, #3711 ) ;
#11404 = DIRECTION ( 'NONE',  ( -1.000000000000000000, 0.0000000000000000000, -0.0000000000000000000 ) ) ;
#11405 = VECTOR ( 'NONE', #10001, 39.37007874015748100 ) ;
#11406 = LINE ( 'NONE', #2054, #3105 ) ;
#11407 = ORIENTED_EDGE ( 'NONE', *, *, #8489, .F. ) ;
#11408 = DIRECTION ( 'NONE',  ( 0.3236155771181846200, -0.8891264907159883700, 0.3236155771181846200 ) ) ;
#11409 = DIRECTION ( 'NONE',  ( 0.0000000000000000000, 0.0000000000000000000, 1.000000000000000000 ) ) ;
#11410 = EDGE_CURVE ( 'NONE', #390, #4205, #10406, .T. ) ;
#11411 = FACE_BOUND ( 'NONE', #2483, .T. ) ;
#11412 = CARTESIAN_POINT ( 'NONE',  ( 0.0000000000000000000, 0.09999999999999996400, -0.06250000000000001400 ) ) ;
#11413 = LINE ( 'NONE', #3603, #9623 ) ;
#11414 = LINE ( 'NONE', #6167, #6860 ) ;
#11415 = LINE ( 'NONE', #4965, #2428 ) ;
#11416 = CARTESIAN_POINT ( 'NONE',  ( -0.5249999999999995800, -2.388061258337336500E-017, 0.06499999999999991900 ) ) ;
#11417 = CARTESIAN_POINT ( 'NONE',  ( 0.2374999999999996600, 0.09999999999999992200, -0.06250000000000001400 ) ) ;
#11418 = EDGE_CURVE ( 'NONE', #3607, #4374, #11075, .T. ) ;
#11419 = DIRECTION ( 'NONE',  ( 0.0000000000000000000, 0.0000000000000000000, 1.000000000000000000 ) ) ;
#11420 = CARTESIAN_POINT ( 'NONE',  ( -0.3374999999999999700, 0.09999999999999996400, 0.0000000000000000000 ) ) ;
#11421 = CARTESIAN_POINT ( 'NONE',  ( -0.1624999999999999800, 0.3128282661284084700, 0.03749999999999999900 ) ) ;
#11422 = FACE_OUTER_BOUND ( 'NONE', #1205, .T. ) ;
#11423 = ADVANCED_FACE ( 'NONE', ( #7780 ), #5626, .F. ) ;
#11424 = VECTOR ( 'NONE', #6272, 39.37007874015748100 ) ;
#11425 = EDGE_LOOP ( 'NONE', ( #7012, #9706, #11053, #9265 ) ) ;
#11426 = DIRECTION ( 'NONE',  ( 0.0000000000000000000, 0.0000000000000000000, 1.000000000000000000 ) ) ;
#11427 = EDGE_CURVE ( 'NONE', #8131, #5189, #9979, .T. ) ;
#11428 = CARTESIAN_POINT ( 'NONE',  ( 0.2624999999999996800, 0.3128282661284084700, -0.06250000000000001400 ) ) ;
#11429 = CARTESIAN_POINT ( 'NONE',  ( -0.2562499999999999200, -0.1400000000000000100, 0.03749999999999999900 ) ) ;
#11430 = LINE ( 'NONE', #4779, #8243 ) ;
#11431 = MANIFOLD_SOLID_BREP ( 'Pin[18]', #10751 ) ;
#11432 = FACE_OUTER_BOUND ( 'NONE', #1090, .T. ) ;
#11433 = LINE ( 'NONE', #1481, #6608 ) ;
#11434 = ADVANCED_FACE ( 'NONE', ( #7358 ), #1242, .T. ) ;
#11435 = ORIENTED_EDGE ( 'NONE', *, *, #1702, .T. ) ;
#11436 = LINE ( 'NONE', #2641, #2030 ) ;
#11437 = ORIENTED_EDGE ( 'NONE', *, *, #10866, .F. ) ;
#11438 = EDGE_LOOP ( 'NONE', ( #7585, #583, #262, #5515 ) ) ;
#11439 = VERTEX_POINT ( 'NONE', #2897 ) ;
#11440 = ORIENTED_EDGE ( 'NONE', *, *, #6561, .T. ) ;
#11441 = CLOSED_SHELL ( 'NONE', ( #4733, #11130, #1329, #9747, #8235, #6858, #7147, #5416, #1343, #3599, #4235, #4312, #7045, #4009 ) ) ;
#11442 =( CONVERSION_BASED_UNIT ( 'INCH', #1534 ) LENGTH_UNIT ( ) NAMED_UNIT ( #11121 ) );
#11443 = DIRECTION ( 'NONE',  ( -1.000000000000000000, 0.0000000000000000000, -0.0000000000000000000 ) ) ;
#11444 = FACE_OUTER_BOUND ( 'NONE', #9368, .T. ) ;
#11445 = CARTESIAN_POINT ( 'NONE',  ( -0.3375000000000003000, -0.1228282661284084400, -0.06250000000000001400 ) ) ;
#11446 = VECTOR ( 'NONE', #7233, 39.37007874015748100 ) ;
#11447 = LENGTH_MEASURE_WITH_UNIT ( LENGTH_MEASURE( 0.02539999999999999900 ), #4132 );
#11448 = EDGE_CURVE ( 'NONE', #11491, #3493, #6673, .T. ) ;
#11449 = CARTESIAN_POINT ( 'NONE',  ( -0.04011817604383870200, 0.3200216456890114800, -0.05988182395616160900 ) ) ;
#11450 = VERTEX_POINT ( 'NONE', #1186 ) ;
#11451 = VECTOR ( 'NONE', #10444, 39.37007874015748100 ) ;
#11452 = ORIENTED_EDGE ( 'NONE', *, *, #6871, .T. ) ;
#11453 = ORIENTED_EDGE ( 'NONE', *, *, #9319, .T. ) ;
#11454 = CARTESIAN_POINT ( 'NONE',  ( 0.3375000000000000800, -0.1228282661284084400, 0.03749999999999999900 ) ) ;
#11455 = AXIS2_PLACEMENT_3D ( 'NONE', #2386, #10379, #7638 ) ;
#11456 = EDGE_CURVE ( 'NONE', #3035, #6348, #11367, .T. ) ;
#11457 = VECTOR ( 'NONE', #11159, 39.37007874015748100 ) ;
#11458 = CARTESIAN_POINT ( 'NONE',  ( -0.1624999999999999800, -0.1400000000000000100, 0.05624999999999997400 ) ) ;
#11459 = CARTESIAN_POINT ( 'NONE',  ( 0.3375000000000000800, -0.1228282661284085800, 0.06250000000000001400 ) ) ;
#11460 = CARTESIAN_POINT ( 'NONE',  ( 0.06249999999999974300, -0.1228282661284085800, -0.06250000000000001400 ) ) ;
#11461 = ORIENTED_EDGE ( 'NONE', *, *, #4911, .T. ) ;
#11462 = DIRECTION ( 'NONE',  ( 0.3236155771181846200, 0.8891264907159883700, -0.3236155771181846200 ) ) ;
#11463 = EDGE_LOOP ( 'NONE', ( #7990, #1811, #9050, #2947 ) ) ;
#11464 = ORIENTED_EDGE ( 'NONE', *, *, #5748, .T. ) ;
#11465 = EDGE_LOOP ( 'NONE', ( #253, #7760, #2955, #7773 ) ) ;
#11466 = ORIENTED_EDGE ( 'NONE', *, *, #6143, .F. ) ;
#11467 = CARTESIAN_POINT ( 'NONE',  ( -0.3374999999999999700, -0.1400000000000000100, 0.04375000000000003900 ) ) ;
#11468 = EDGE_LOOP ( 'NONE', ( #11194, #7303, #3049, #4329 ) ) ;
#11469 = FACE_OUTER_BOUND ( 'NONE', #7590, .T. ) ;
#11470 = AXIS2_PLACEMENT_3D ( 'NONE', #9129, #3816, #4705 ) ;
#11471 = DIRECTION ( 'NONE',  ( 0.0000000000000000000, -0.3420201433256698200, -0.9396926207859079800 ) ) ;
#11472 = LINE ( 'NONE', #3856, #8007 ) ;
#11473 = DIRECTION ( 'NONE',  ( 1.000000000000000000, 0.0000000000000000000, 0.0000000000000000000 ) ) ;
#11474 = DIRECTION ( 'NONE',  ( -1.000000000000000000, 0.0000000000000000000, -0.0000000000000000000 ) ) ;
#11475 = EDGE_LOOP ( 'NONE', ( #7680, #7769, #9681, #11043 ) ) ;
#11476 = EDGE_CURVE ( 'NONE', #10233, #3740, #1832, .T. ) ;
#11477 = ORIENTED_EDGE ( 'NONE', *, *, #7214, .F. ) ;
#11478 = ORIENTED_EDGE ( 'NONE', *, *, #280, .T. ) ;
#11479 = ORIENTED_EDGE ( 'NONE', *, *, #203, .F. ) ;
#11480 = ORIENTED_EDGE ( 'NONE', *, *, #11410, .T. ) ;
#11481 = AXIS2_PLACEMENT_3D ( 'NONE', #5693, #4686, #9186 ) ;
#11482 = VECTOR ( 'NONE', #5751, 39.37007874015748100 ) ;
#11483 = ORIENTED_EDGE ( 'NONE', *, *, #8802, .T. ) ;
#11484 = VECTOR ( 'NONE', #3400, 39.37007874015748100 ) ;
#11485 = EDGE_CURVE ( 'NONE', #5122, #5745, #6250, .T. ) ;
#11486 = DIRECTION ( 'NONE',  ( 0.0000000000000000000, 0.3420201433256686000, -0.9396926207859085400 ) ) ;
#11487 = EDGE_LOOP ( 'NONE', ( #5348, #5657, #4262, #1896 ) ) ;
#11488 = CARTESIAN_POINT ( 'NONE',  ( 0.1401181760438381100, 0.3200216456890114800, -0.05988182395616160900 ) ) ;
#11489 = EDGE_LOOP ( 'NONE', ( #2380, #9899, #6617, #3404 ) ) ;
#11490 = EDGE_LOOP ( 'NONE', ( #7587, #1233, #9097, #10913 ) ) ;
#11491 = VERTEX_POINT ( 'NONE', #10098 ) ;
ENDSEC;
END-ISO-10303-21;
